id,subject,chapter,group,case_stem,question,option_a,option_b,option_c,option_d,option_e,correct_answer,explanation
noi-benh-ly-duong-mat-mcq-001,noi,Bệnh lý đường mật,Tiêu hoá,,"Bệnh nhân nữ 52 tuổi, nhân viên văn phòng, thể trạng béo (BMI 29 kg/m²), vào viện cấp cứu vì đau bụng dữ dội. Bệnh khởi phát đột ngột cách đây 8 giờ sau một bữa ăn tối thịnh soạn nhiều dầu mỡ, với cơn đau quặn dữ dội ở vùng hạ sườn phải, lan lên vai phải và ra sau lưng. Cơn đau liên tục, không có tư thế giảm đau, kèm theo buồn nôn và nôn ra dịch thức ăn. Bệnh nhân có sốt 38.5°C, không vàng da. Tiền sử có sỏi túi mật nhỏ được phát hiện tình cờ qua siêu âm cách đây 2 năm nhưng không điều trị gì. Khám toàn thân bệnh nhân tỉnh, vẻ mặt đau đớn, sinh hiệu: mạch 105 lần/phút, huyết áp 130/80 mmHg, nhịp thở 22 lần/phút, nhiệt độ 38.6°C, SpO₂ 98% khí trời. Bụng chướng nhẹ, ấn có phản ứng thành bụng và co cứng ở vùng hạ sườn phải, nghiệm pháp Murphy dương tính rõ. Gan không to, không có dấu hiệu suy gan mạn. Cận lâm sàng ghi nhận: Bạch cầu 15.5 G/L (neutrophil 85%); CRP 120 mg/L; Amylase máu 150 U/L; Bilirubin toàn phần 18 µmol/L; AST 45 U/L, ALT 50 U/L. Siêu âm bụng cấp cứu cho thấy túi mật căng to, kích thước 10x5 cm, thành dày 6 mm, có hình ảnh ""hai lớp"", có nhiều sỏi nhỏ bên trong và một viên sỏi kẹt ở vùng cổ túi mật, ấn đầu dò vào vị trí túi mật bệnh nhân rất đau (dấu hiệu Murphy siêu âm dương tính).

Chẩn đoán nào là phù hợp nhất với bệnh nhân này?",Viêm túi mật cấp do sỏi.,Viêm tụy cấp do sỏi.,Thủng ổ loét dạ dày.,Cơn đau quặn gan đơn thuần.,,a,"Bệnh cảnh lâm sàng (cơn đau quặn mật điển hình, sốt) và khám thực thể (dấu hiệu Murphy dương tính, co cứng HSP) cùng với các bằng chứng trên xét nghiệm (hội chứng nhiễm trùng) và siêu âm (túi mật căng, thành dày, sỏi kẹt cổ) là rất điển hình cho Viêm túi mật cấp do sỏi."
noi-benh-ly-duong-mat-mcq-002,noi,Bệnh lý đường mật,Tiêu hoá,,"Bệnh nhân nữ 52 tuổi, nhân viên văn phòng, thể trạng béo (BMI 29 kg/m²), vào viện cấp cứu vì đau bụng dữ dội. Bệnh khởi phát đột ngột cách đây 8 giờ sau một bữa ăn tối thịnh soạn nhiều dầu mỡ, với cơn đau quặn dữ dội ở vùng hạ sườn phải, lan lên vai phải và ra sau lưng. Cơn đau liên tục, không có tư thế giảm đau, kèm theo buồn nôn và nôn ra dịch thức ăn. Bệnh nhân có sốt 38.5°C, không vàng da. Tiền sử có sỏi túi mật nhỏ được phát hiện tình cờ qua siêu âm cách đây 2 năm nhưng không điều trị gì. Khám toàn thân bệnh nhân tỉnh, vẻ mặt đau đớn, sinh hiệu: mạch 105 lần/phút, huyết áp 130/80 mmHg, nhịp thở 22 lần/phút, nhiệt độ 38.6°C, SpO₂ 98% khí trời. Bụng chướng nhẹ, ấn có phản ứng thành bụng và co cứng ở vùng hạ sườn phải, nghiệm pháp Murphy dương tính rõ. Gan không to, không có dấu hiệu suy gan mạn. Cận lâm sàng ghi nhận: Bạch cầu 15.5 G/L (neutrophil 85%); CRP 120 mg/L; Amylase máu 150 U/L; Bilirubin toàn phần 18 µmol/L; AST 45 U/L, ALT 50 U/L. Siêu âm bụng cấp cứu cho thấy túi mật căng to, kích thước 10x5 cm, thành dày 6 mm, có hình ảnh ""hai lớp"", có nhiều sỏi nhỏ bên trong và một viên sỏi kẹt ở vùng cổ túi mật, ấn đầu dò vào vị trí túi mật bệnh nhân rất đau (dấu hiệu Murphy siêu âm dương tính).

Cơ chế bệnh sinh chính gây ra viêm túi mật cấp trong trường hợp này là gì?",Nhiễm trùng huyết dẫn đến hình thành áp xe trong túi mật.,"Sự tắc nghẽn của ống túi mật do sỏi, dẫn đến ứ đọng dịch mật, tăng áp lực trong túi mật và gây ra một chuỗi phản ứng viêm hóa học và bội nhiễm vi khuẩn.",Do thiếu máu cục bộ thành túi mật nguyên phát.,Do trào ngược dịch tụy vào trong lòng túi mật.,,b,"Đây là cơ chế cốt lõi. Sự tắc nghẽn ống túi mật là sự kiện khởi đầu. Dịch mật bị ứ lại làm tăng áp lực, gây tổn thương niêm mạc. Các chất như lysolecithin (do phospholipase từ niêm mạc bị tổn thương hoạt hóa) và prostaglandin được giải phóng, gây ra một phản ứng viêm hóa học. Tình trạng căng giãn và viêm làm giảm tưới máu thành túi mật, và cuối cùng là sự bội nhiễm của vi khuẩn từ đường ruột, dẫn đến viêm mủ."
noi-benh-ly-duong-mat-mcq-003,noi,Bệnh lý đường mật,Tiêu hoá,,"Bệnh nhân nữ 52 tuổi, nhân viên văn phòng, thể trạng béo (BMI 29 kg/m²), vào viện cấp cứu vì đau bụng dữ dội. Bệnh khởi phát đột ngột cách đây 8 giờ sau một bữa ăn tối thịnh soạn nhiều dầu mỡ, với cơn đau quặn dữ dội ở vùng hạ sườn phải, lan lên vai phải và ra sau lưng. Cơn đau liên tục, không có tư thế giảm đau, kèm theo buồn nôn và nôn ra dịch thức ăn. Bệnh nhân có sốt 38.5°C, không vàng da. Tiền sử có sỏi túi mật nhỏ được phát hiện tình cờ qua siêu âm cách đây 2 năm nhưng không điều trị gì. Khám toàn thân bệnh nhân tỉnh, vẻ mặt đau đớn, sinh hiệu: mạch 105 lần/phút, huyết áp 130/80 mmHg, nhịp thở 22 lần/phút, nhiệt độ 38.6°C, SpO₂ 98% khí trời. Bụng chướng nhẹ, ấn có phản ứng thành bụng và co cứng ở vùng hạ sườn phải, nghiệm pháp Murphy dương tính rõ. Gan không to, không có dấu hiệu suy gan mạn. Cận lâm sàng ghi nhận: Bạch cầu 15.5 G/L (neutrophil 85%); CRP 120 mg/L; Amylase máu 150 U/L; Bilirubin toàn phần 18 µmol/L; AST 45 U/L, ALT 50 U/L. Siêu âm bụng cấp cứu cho thấy túi mật căng to, kích thước 10x5 cm, thành dày 6 mm, có hình ảnh ""hai lớp"", có nhiều sỏi nhỏ bên trong và một viên sỏi kẹt ở vùng cổ túi mật, ấn đầu dò vào vị trí túi mật bệnh nhân rất đau (dấu hiệu Murphy siêu âm dương tính).

Theo Hướng dẫn Tokyo 2018, chẩn đoán xác định Viêm túi mật cấp cần những yếu tố nào?",Chỉ cần có hình ảnh sỏi túi mật trên siêu âm.,"Cần có ít nhất một dấu hiệu viêm tại chỗ, một dấu hiệu viêm toàn thân và một bằng chứng hình ảnh học đặc hiệu.","Chỉ cần có dấu hiệu viêm tại chỗ (Murphy, đau hạ sườn phải).","Chỉ cần có dấu hiệu viêm toàn thân (sốt, tăng CRP, tăng bạch cầu).",,b,"Hướng dẫn Tokyo 2018 yêu cầu để chẩn đoán xác định cần có 1 tiêu chuẩn trong mỗi nhóm: A (Dấu hiệu viêm tại chỗ: Murphy, đau/khối HSP); B (Dấu hiệu viêm toàn thân: sốt, tăng bạch cầu, tăng CRP); và C (Bằng chứng hình ảnh học đặc trưng cho viêm túi mật cấp). Bệnh nhân này thỏa mãn cả 3 nhóm."
noi-benh-ly-duong-mat-mcq-004,noi,Bệnh lý đường mật,Tiêu hoá,,"Bệnh nhân nữ 52 tuổi, nhân viên văn phòng, thể trạng béo (BMI 29 kg/m²), vào viện cấp cứu vì đau bụng dữ dội. Bệnh khởi phát đột ngột cách đây 8 giờ sau một bữa ăn tối thịnh soạn nhiều dầu mỡ, với cơn đau quặn dữ dội ở vùng hạ sườn phải, lan lên vai phải và ra sau lưng. Cơn đau liên tục, không có tư thế giảm đau, kèm theo buồn nôn và nôn ra dịch thức ăn. Bệnh nhân có sốt 38.5°C, không vàng da. Tiền sử có sỏi túi mật nhỏ được phát hiện tình cờ qua siêu âm cách đây 2 năm nhưng không điều trị gì. Khám toàn thân bệnh nhân tỉnh, vẻ mặt đau đớn, sinh hiệu: mạch 105 lần/phút, huyết áp 130/80 mmHg, nhịp thở 22 lần/phút, nhiệt độ 38.6°C, SpO₂ 98% khí trời. Bụng chướng nhẹ, ấn có phản ứng thành bụng và co cứng ở vùng hạ sườn phải, nghiệm pháp Murphy dương tính rõ. Gan không to, không có dấu hiệu suy gan mạn. Cận lâm sàng ghi nhận: Bạch cầu 15.5 G/L (neutrophil 85%); CRP 120 mg/L; Amylase máu 150 U/L; Bilirubin toàn phần 18 µmol/L; AST 45 U/L, ALT 50 U/L. Siêu âm bụng cấp cứu cho thấy túi mật căng to, kích thước 10x5 cm, thành dày 6 mm, có hình ảnh ""hai lớp"", có nhiều sỏi nhỏ bên trong và một viên sỏi kẹt ở vùng cổ túi mật, ấn đầu dò vào vị trí túi mật bệnh nhân rất đau (dấu hiệu Murphy siêu âm dương tính).

Biến chứng tại chỗ nguy hiểm nhất của viêm túi mật cấp nếu không được điều trị kịp thời là gì?",Viêm phúc mạc mật do hoại tử và thủng túi mật.,Viêm đường mật cấp.,Viêm tụy cấp.,Tắc ruột do sỏi mật.,,a,"Nếu tình trạng viêm và thiếu máu tiếp diễn, thành túi mật có thể bị hoại tử và thủng. Thủng túi mật sẽ làm dịch mật nhiễm khuẩn tràn vào ổ bụng, gây ra viêm phúc mạc mật, một biến chứng ngoại khoa nặng nề có thể dẫn đến sốc nhiễm khuẩn và tử vong."
noi-benh-ly-duong-mat-mcq-005,noi,Bệnh lý đường mật,Tiêu hoá,,"Bệnh nhân nữ 52 tuổi, nhân viên văn phòng, thể trạng béo (BMI 29 kg/m²), vào viện cấp cứu vì đau bụng dữ dội. Bệnh khởi phát đột ngột cách đây 8 giờ sau một bữa ăn tối thịnh soạn nhiều dầu mỡ, với cơn đau quặn dữ dội ở vùng hạ sườn phải, lan lên vai phải và ra sau lưng. Cơn đau liên tục, không có tư thế giảm đau, kèm theo buồn nôn và nôn ra dịch thức ăn. Bệnh nhân có sốt 38.5°C, không vàng da. Tiền sử có sỏi túi mật nhỏ được phát hiện tình cờ qua siêu âm cách đây 2 năm nhưng không điều trị gì. Khám toàn thân bệnh nhân tỉnh, vẻ mặt đau đớn, sinh hiệu: mạch 105 lần/phút, huyết áp 130/80 mmHg, nhịp thở 22 lần/phút, nhiệt độ 38.6°C, SpO₂ 98% khí trời. Bụng chướng nhẹ, ấn có phản ứng thành bụng và co cứng ở vùng hạ sườn phải, nghiệm pháp Murphy dương tính rõ. Gan không to, không có dấu hiệu suy gan mạn. Cận lâm sàng ghi nhận: Bạch cầu 15.5 G/L (neutrophil 85%); CRP 120 mg/L; Amylase máu 150 U/L; Bilirubin toàn phần 18 µmol/L; AST 45 U/L, ALT 50 U/L. Siêu âm bụng cấp cứu cho thấy túi mật căng to, kích thước 10x5 cm, thành dày 6 mm, có hình ảnh ""hai lớp"", có nhiều sỏi nhỏ bên trong và một viên sỏi kẹt ở vùng cổ túi mật, ấn đầu dò vào vị trí túi mật bệnh nhân rất đau (dấu hiệu Murphy siêu âm dương tính).

Hướng xử trí nào được xem là điều trị tiêu chuẩn và triệt để cho bệnh nhân này?",Dùng kháng sinh và thuốc tan sỏi mật.,"Bắt đầu kháng sinh, điều trị hỗ trợ và tiến hành phẫu thuật cắt túi mật nội soi sớm (trong vòng 72 giờ).","Chỉ cần dùng thuốc giảm đau, giảm co thắt.",Dẫn lưu túi mật qua da.,,b,"Điều trị chuẩn cho viêm túi mật cấp do sỏi là phẫu thuật cắt bỏ túi mật. Phẫu thuật nội soi sớm (trong vòng 72 giờ từ khi khởi phát triệu chứng) được ưu tiên vì giúp giải quyết triệt để nguyên nhân, rút ngắn thời gian nằm viện và giảm biến chứng so với phẫu thuật trì hoãn. Kháng sinh và điều trị hỗ trợ đóng vai trò quan trọng trong việc ổn định bệnh nhân trước và sau mổ."
noi-benh-ly-duong-mat-mcq-006,noi,Bệnh lý đường mật,Tiêu hoá,,"Bệnh nhân nữ 72 tuổi, tiền sử sỏi túi mật nhiều năm, vào viện vì sốt cao và vàng da. Khoảng 3 ngày nay, bệnh nhân đột ngột lên cơn đau quặn bụng vùng hạ sườn phải, sau đó xuất hiện sốt cao 39-40°C, rét run cầm cập nhiều cơn trong ngày. Kèm theo đó, bệnh nhân thấy vàng da, vàng mắt tăng nhanh, nước tiểu sẫm màu. Bệnh nhân không có thay đổi ý thức hay tụt huyết áp. Tiền sử không uống rượu. Khám lúc vào viện: bệnh nhân tỉnh táo, tiếp xúc tốt, da và củng mạc mắt vàng đậm. Sinh hiệu: mạch 110 lần/phút, huyết áp 120/70 mmHg, nhiệt độ 39.5°C. Bụng mềm, ấn đau tức vùng hạ sườn phải và thượng vị, gan không to, túi mật không sờ thấy. Khám các cơ quan khác chưa phát hiện bất thường. Cận lâm sàng: Bạch cầu 18.0 G/L (neutrophil 88%); CRP 280 mg/L; Bilirubin toàn phần 105 µmol/L (chủ yếu là bilirubin trực tiếp); AST 220 U/L, ALT 250 U/L; Phosphatase kiềm (ALP) 750 U/L, GGT 800 U/L. Siêu âm bụng cho thấy túi mật có vài viên sỏi, đường mật trong gan và ống mật chủ giãn to (đường kính OMC 1.2 cm), đoạn cuối ống mật chủ có sỏi cản âm kích thước 8 mm.

Tình trạng của bệnh nhân được chẩn đoán là gì?",Viêm túi mật cấp.,Viêm gan cấp do virus.,Ung thư đầu tụy.,Viêm đường mật cấp do sỏi ống mật chủ.,,d,"Bệnh cảnh lâm sàng (sốt rét run, đau bụng, vàng da) cùng với xét nghiệm (hội chứng nhiễm trùng, ứ mật) và hình ảnh học (giãn đường mật, sỏi OMC) là cực kỳ điển hình cho Viêm đường mật cấp do sỏi ống mật chủ."
noi-benh-ly-duong-mat-mcq-007,noi,Bệnh lý đường mật,Tiêu hoá,,"Bệnh nhân nữ 72 tuổi, tiền sử sỏi túi mật nhiều năm, vào viện vì sốt cao và vàng da. Khoảng 3 ngày nay, bệnh nhân đột ngột lên cơn đau quặn bụng vùng hạ sườn phải, sau đó xuất hiện sốt cao 39-40°C, rét run cầm cập nhiều cơn trong ngày. Kèm theo đó, bệnh nhân thấy vàng da, vàng mắt tăng nhanh, nước tiểu sẫm màu. Bệnh nhân không có thay đổi ý thức hay tụt huyết áp. Tiền sử không uống rượu. Khám lúc vào viện: bệnh nhân tỉnh táo, tiếp xúc tốt, da và củng mạc mắt vàng đậm. Sinh hiệu: mạch 110 lần/phút, huyết áp 120/70 mmHg, nhiệt độ 39.5°C. Bụng mềm, ấn đau tức vùng hạ sườn phải và thượng vị, gan không to, túi mật không sờ thấy. Khám các cơ quan khác chưa phát hiện bất thường. Cận lâm sàng: Bạch cầu 18.0 G/L (neutrophil 88%); CRP 280 mg/L; Bilirubin toàn phần 105 µmol/L (chủ yếu là bilirubin trực tiếp); AST 220 U/L, ALT 250 U/L; Phosphatase kiềm (ALP) 750 U/L, GGT 800 U/L. Siêu âm bụng cho thấy túi mật có vài viên sỏi, đường mật trong gan và ống mật chủ giãn to (đường kính OMC 1.2 cm), đoạn cuối ống mật chủ có sỏi cản âm kích thước 8 mm.

Tam chứng lâm sàng kinh điển mà bệnh nhân này biểu hiện được gọi là gì?",Tam chứng Charcot.,Tam chứng Beck.,Tam chứng Virchow.,Tam chứng Cushing.,,a,"Tam chứng Charcot, bao gồm sốt (thường kèm rét run), đau hạ sườn phải và vàng da, là bộ ba triệu chứng kinh điển của viêm đường mật cấp. Nó xuất hiện ở khoảng 50-70% bệnh nhân."
noi-benh-ly-duong-mat-mcq-008,noi,Bệnh lý đường mật,Tiêu hoá,,"Bệnh nhân nữ 72 tuổi, tiền sử sỏi túi mật nhiều năm, vào viện vì sốt cao và vàng da. Khoảng 3 ngày nay, bệnh nhân đột ngột lên cơn đau quặn bụng vùng hạ sườn phải, sau đó xuất hiện sốt cao 39-40°C, rét run cầm cập nhiều cơn trong ngày. Kèm theo đó, bệnh nhân thấy vàng da, vàng mắt tăng nhanh, nước tiểu sẫm màu. Bệnh nhân không có thay đổi ý thức hay tụt huyết áp. Tiền sử không uống rượu. Khám lúc vào viện: bệnh nhân tỉnh táo, tiếp xúc tốt, da và củng mạc mắt vàng đậm. Sinh hiệu: mạch 110 lần/phút, huyết áp 120/70 mmHg, nhiệt độ 39.5°C. Bụng mềm, ấn đau tức vùng hạ sườn phải và thượng vị, gan không to, túi mật không sờ thấy. Khám các cơ quan khác chưa phát hiện bất thường. Cận lâm sàng: Bạch cầu 18.0 G/L (neutrophil 88%); CRP 280 mg/L; Bilirubin toàn phần 105 µmol/L (chủ yếu là bilirubin trực tiếp); AST 220 U/L, ALT 250 U/L; Phosphatase kiềm (ALP) 750 U/L, GGT 800 U/L. Siêu âm bụng cho thấy túi mật có vài viên sỏi, đường mật trong gan và ống mật chủ giãn to (đường kính OMC 1.2 cm), đoạn cuối ống mật chủ có sỏi cản âm kích thước 8 mm.

Cơ chế chính gây ra viêm đường mật cấp là gì?",Sự kết hợp giữa tắc nghẽn đường mật và nhiễm khuẩn dịch mật.,Do trào ngược dịch vị vào đường mật.,Do virus CMV hoặc EBV gây viêm.,Phản ứng viêm tự miễn của các tế bào đường mật.,,a,"Hai yếu tố cốt lõi trong cơ chế bệnh sinh của viêm đường mật cấp là tắc nghẽn và nhiễm khuẩn. Sự tắc nghẽn (thường do sỏi) làm ứ trệ dịch mật, tăng áp lực trong đường mật. Điều này tạo môi trường thuận lợi cho vi khuẩn (thường từ tá tràng đi ngược lên) phát triển và xâm nhập vào máu qua các xoang gan, gây ra nhiễm trùng huyết và các biểu hiện toàn thân."
noi-benh-ly-duong-mat-mcq-009,noi,Bệnh lý đường mật,Tiêu hoá,,"Bệnh nhân nữ 72 tuổi, tiền sử sỏi túi mật nhiều năm, vào viện vì sốt cao và vàng da. Khoảng 3 ngày nay, bệnh nhân đột ngột lên cơn đau quặn bụng vùng hạ sườn phải, sau đó xuất hiện sốt cao 39-40°C, rét run cầm cập nhiều cơn trong ngày. Kèm theo đó, bệnh nhân thấy vàng da, vàng mắt tăng nhanh, nước tiểu sẫm màu. Bệnh nhân không có thay đổi ý thức hay tụt huyết áp. Tiền sử không uống rượu. Khám lúc vào viện: bệnh nhân tỉnh táo, tiếp xúc tốt, da và củng mạc mắt vàng đậm. Sinh hiệu: mạch 110 lần/phút, huyết áp 120/70 mmHg, nhiệt độ 39.5°C. Bụng mềm, ấn đau tức vùng hạ sườn phải và thượng vị, gan không to, túi mật không sờ thấy. Khám các cơ quan khác chưa phát hiện bất thường. Cận lâm sàng: Bạch cầu 18.0 G/L (neutrophil 88%); CRP 280 mg/L; Bilirubin toàn phần 105 µmol/L (chủ yếu là bilirubin trực tiếp); AST 220 U/L, ALT 250 U/L; Phosphatase kiềm (ALP) 750 U/L, GGT 800 U/L. Siêu âm bụng cho thấy túi mật có vài viên sỏi, đường mật trong gan và ống mật chủ giãn to (đường kính OMC 1.2 cm), đoạn cuối ống mật chủ có sỏi cản âm kích thước 8 mm.

Can thiệp nào là cấp thiết và quan trọng nhất để giải quyết triệt để tình trạng của bệnh nhân?",Dẫn lưu đường mật qua da.,Nội soi mật tụy ngược dòng (ERCP) để lấy sỏi và dẫn lưu đường mật.,Phẫu thuật cắt túi mật.,Dùng kháng sinh phổ rộng đơn thuần.,,b,"Điều trị viêm đường mật cấp bao gồm ba trụ cột: hồi sức, kháng sinh và dẫn lưu đường mật. Trong đó, dẫn lưu đường mật để giải quyết tình trạng tắc nghẽn là quan trọng nhất. ERCP với thủ thuật cắt cơ vòng và lấy sỏi là phương pháp được lựa chọn hàng đầu vì tính hiệu quả và ít xâm lấn, giúp giải quyết cả nguyên nhân và hậu quả."
noi-benh-ly-duong-mat-mcq-010,noi,Bệnh lý đường mật,Tiêu hoá,,"Bệnh nhân nữ 72 tuổi, tiền sử sỏi túi mật nhiều năm, vào viện vì sốt cao và vàng da. Khoảng 3 ngày nay, bệnh nhân đột ngột lên cơn đau quặn bụng vùng hạ sườn phải, sau đó xuất hiện sốt cao 39-40°C, rét run cầm cập nhiều cơn trong ngày. Kèm theo đó, bệnh nhân thấy vàng da, vàng mắt tăng nhanh, nước tiểu sẫm màu. Bệnh nhân không có thay đổi ý thức hay tụt huyết áp. Tiền sử không uống rượu. Khám lúc vào viện: bệnh nhân tỉnh táo, tiếp xúc tốt, da và củng mạc mắt vàng đậm. Sinh hiệu: mạch 110 lần/phút, huyết áp 120/70 mmHg, nhiệt độ 39.5°C. Bụng mềm, ấn đau tức vùng hạ sườn phải và thượng vị, gan không to, túi mật không sờ thấy. Khám các cơ quan khác chưa phát hiện bất thường. Cận lâm sàng: Bạch cầu 18.0 G/L (neutrophil 88%); CRP 280 mg/L; Bilirubin toàn phần 105 µmol/L (chủ yếu là bilirubin trực tiếp); AST 220 U/L, ALT 250 U/L; Phosphatase kiềm (ALP) 750 U/L, GGT 800 U/L. Siêu âm bụng cho thấy túi mật có vài viên sỏi, đường mật trong gan và ống mật chủ giãn to (đường kính OMC 1.2 cm), đoạn cuối ống mật chủ có sỏi cản âm kích thước 8 mm.

Nếu bệnh nhân này có thêm rối loạn ý thức và tụt huyết áp, tình trạng đó sẽ được gọi là gì?",Sốc nhiễm khuẩn.,Hội chứng gan thận.,Ngũ chứng Reynolds.,Bệnh não gan.,,c,"Ngũ chứng Reynolds bao gồm tam chứng Charcot cộng thêm hai dấu hiệu của sốc nhiễm khuẩn là thay đổi ý thức (lơ mơ, lú lẫn) và tụt huyết áp. Đây là biểu hiện của thể bệnh viêm đường mật cấp rất nặng, có tỷ lệ tử vong cao và đòi hỏi phải can thiệp dẫn lưu đường mật khẩn cấp."
noi-benh-ly-duong-mat-mcq-011,noi,Bệnh lý đường mật,Tiêu hoá,,"Bệnh nhân nữ 50 tuổi, đến khám vì mệt mỏi và ngứa da. Khoảng 1 năm nay, bệnh nhân thường xuyên cảm thấy mệt mỏi không tương xứng với gắng sức, kèm theo ngứa lan tỏa toàn thân, ngứa nhiều về đêm và không giảm với các thuốc kháng histamin thông thường. Gần đây, bệnh nhân thấy da sạm đi và có các u vàng (xanthomas) ở mí mắt và khuỷu tay. Bệnh nhân không uống rượu, không có tiền sử viêm gan virus hay bệnh lý đường mật khác. Khám lâm sàng thấy da sạm màu, có nhiều vết xước do gãi, vàng mắt nhẹ, có các u vàng ở mi mắt và các nếp gấp lòng bàn tay. Gan to 3 cm dưới sườn, chắc, lách không to. Cận lâm sàng: AST 110 U/L, ALT 125 U/L, Bilirubin toàn phần 40 µmol/L. Đặc biệt, Phosphatase kiềm (ALP) tăng rất cao 1300 U/L và GGT cũng tăng cao 1050 U/L. Xét nghiệm HBsAg, anti-HCV âm tính. Xét nghiệm miễn dịch có kháng thể kháng ty thể (AMA) type M2 dương tính mạnh ở hiệu giá 1:1280.

Chẩn đoán nào là phù hợp nhất với bệnh nhân này?",Viêm đường mật xơ hóa nguyên phát (PSC).,Xơ gan ứ mật nguyên phát (Primary Biliary Cholangitis - PBC).,Tắc mật do sỏi.,Viêm gan tự miễn.,,b,"Bệnh cảnh một phụ nữ trung niên có triệu chứng ứ mật mạn tính (mệt mỏi, ngứa, u vàng), xét nghiệm có tình trạng ứ mật rất rõ rệt (ALP, GGT tăng rất cao) và đặc biệt là sự hiện diện của kháng thể AMA ở hiệu giá cao là cực kỳ điển hình cho viêm đường mật nguyên phát."
noi-benh-ly-duong-mat-mcq-012,noi,Bệnh lý đường mật,Tiêu hoá,,"Bệnh nhân nữ 50 tuổi, đến khám vì mệt mỏi và ngứa da. Khoảng 1 năm nay, bệnh nhân thường xuyên cảm thấy mệt mỏi không tương xứng với gắng sức, kèm theo ngứa lan tỏa toàn thân, ngứa nhiều về đêm và không giảm với các thuốc kháng histamin thông thường. Gần đây, bệnh nhân thấy da sạm đi và có các u vàng (xanthomas) ở mí mắt và khuỷu tay. Bệnh nhân không uống rượu, không có tiền sử viêm gan virus hay bệnh lý đường mật khác. Khám lâm sàng thấy da sạm màu, có nhiều vết xước do gãi, vàng mắt nhẹ, có các u vàng ở mi mắt và các nếp gấp lòng bàn tay. Gan to 3 cm dưới sườn, chắc, lách không to. Cận lâm sàng: AST 110 U/L, ALT 125 U/L, Bilirubin toàn phần 40 µmol/L. Đặc biệt, Phosphatase kiềm (ALP) tăng rất cao 1300 U/L và GGT cũng tăng cao 1050 U/L. Xét nghiệm HBsAg, anti-HCV âm tính. Xét nghiệm miễn dịch có kháng thể kháng ty thể (AMA) type M2 dương tính mạnh ở hiệu giá 1:1280.

Cơ chế bệnh sinh của bệnh lý này là gì?",Sự xơ hóa và chít hẹp lan tỏa của các đường mật lớn trong và ngoài gan.,Do sự tấn công của tế bào T tự phản ứng vào các tế bào biểu mô của các đường mật nhỏ trong gan.,Do nhiễm một loại ký sinh trùng đường mật.,Sự lắng đọng đồng trong gan gây tổn thương tế bào gan.,,b,"PBC là một bệnh tự miễn, đặc trưng bởi tình trạng viêm mạn tính và phá hủy dần các đường mật nhỏ (ống mật gian tiểu thùy) bên trong gan. Sự phá hủy này được cho là qua trung gian tế bào T. Hậu quả là dịch mật bị ứ lại trong gan, gây tổn thương tế bào gan, viêm, và cuối cùng là xơ hóa lan tỏa."
noi-benh-ly-duong-mat-mcq-013,noi,Bệnh lý đường mật,Tiêu hoá,,"Bệnh nhân nữ 50 tuổi, đến khám vì mệt mỏi và ngứa da. Khoảng 1 năm nay, bệnh nhân thường xuyên cảm thấy mệt mỏi không tương xứng với gắng sức, kèm theo ngứa lan tỏa toàn thân, ngứa nhiều về đêm và không giảm với các thuốc kháng histamin thông thường. Gần đây, bệnh nhân thấy da sạm đi và có các u vàng (xanthomas) ở mí mắt và khuỷu tay. Bệnh nhân không uống rượu, không có tiền sử viêm gan virus hay bệnh lý đường mật khác. Khám lâm sàng thấy da sạm màu, có nhiều vết xước do gãi, vàng mắt nhẹ, có các u vàng ở mi mắt và các nếp gấp lòng bàn tay. Gan to 3 cm dưới sườn, chắc, lách không to. Cận lâm sàng: AST 110 U/L, ALT 125 U/L, Bilirubin toàn phần 40 µmol/L. Đặc biệt, Phosphatase kiềm (ALP) tăng rất cao 1300 U/L và GGT cũng tăng cao 1050 U/L. Xét nghiệm HBsAg, anti-HCV âm tính. Xét nghiệm miễn dịch có kháng thể kháng ty thể (AMA) type M2 dương tính mạnh ở hiệu giá 1:1280.

Kháng thể nào được xem là dấu ấn huyết thanh đặc trưng nhất (độ đặc hiệu >95%) cho bệnh xơ gan ứ mật nguyên phát?",Kháng thể kháng ty thể (AMA).,Kháng thể kháng cơ trơn (ASMA).,Kháng thể kháng p-ANCA.,Kháng thể kháng nhân (ANA).,,a,"Kháng thể kháng ty thể (AMA), đặc biệt là kháng thể kháng lại phức hợp E2 của pyruvate dehydrogenase (AMA- M2), có độ nhạy và độ đặc hiệu rất cao cho chẩn đoán PBC. Sự hiện diện của nó là một trong ba tiêu chuẩn chẩn đoán chính của bệnh (cùng với bằng chứng ứ mật và/hoặc mô bệnh học phù hợp)."
noi-benh-ly-duong-mat-mcq-014,noi,Bệnh lý đường mật,Tiêu hoá,,"Bệnh nhân nữ 50 tuổi, đến khám vì mệt mỏi và ngứa da. Khoảng 1 năm nay, bệnh nhân thường xuyên cảm thấy mệt mỏi không tương xứng với gắng sức, kèm theo ngứa lan tỏa toàn thân, ngứa nhiều về đêm và không giảm với các thuốc kháng histamin thông thường. Gần đây, bệnh nhân thấy da sạm đi và có các u vàng (xanthomas) ở mí mắt và khuỷu tay. Bệnh nhân không uống rượu, không có tiền sử viêm gan virus hay bệnh lý đường mật khác. Khám lâm sàng thấy da sạm màu, có nhiều vết xước do gãi, vàng mắt nhẹ, có các u vàng ở mi mắt và các nếp gấp lòng bàn tay. Gan to 3 cm dưới sườn, chắc, lách không to. Cận lâm sàng: AST 110 U/L, ALT 125 U/L, Bilirubin toàn phần 40 µmol/L. Đặc biệt, Phosphatase kiềm (ALP) tăng rất cao 1300 U/L và GGT cũng tăng cao 1050 U/L. Xét nghiệm HBsAg, anti-HCV âm tính. Xét nghiệm miễn dịch có kháng thể kháng ty thể (AMA) type M2 dương tính mạnh ở hiệu giá 1:1280.

Thuốc nào là lựa chọn điều trị đầu tay đã được chứng minh làm chậm tiến triển của bệnh, cải thiện sinh hóa và tiên lượng?",Ursodeoxycholic acid (UDCA).,Cholestyramine.,Prednisolone.,Azathioprine.,,a,"Ursodeoxycholic acid (UDCA) là một loại acid mật thứ cấp, ưa nước. Nó là liệu pháp nền tảng cho PBC, giúp làm loãng các acid mật độc, bảo vệ tế bào đường mật, cải thiện dòng chảy của mật và có tác dụng điều hòa miễn dịch. Điều trị sớm và đầy đủ bằng UDCA có thể làm chậm đáng kể sự tiến triển đến xơ gan."
noi-benh-ly-duong-mat-mcq-015,noi,Bệnh lý đường mật,Tiêu hoá,,"Bệnh nhân nữ 50 tuổi, đến khám vì mệt mỏi và ngứa da. Khoảng 1 năm nay, bệnh nhân thường xuyên cảm thấy mệt mỏi không tương xứng với gắng sức, kèm theo ngứa lan tỏa toàn thân, ngứa nhiều về đêm và không giảm với các thuốc kháng histamin thông thường. Gần đây, bệnh nhân thấy da sạm đi và có các u vàng (xanthomas) ở mí mắt và khuỷu tay. Bệnh nhân không uống rượu, không có tiền sử viêm gan virus hay bệnh lý đường mật khác. Khám lâm sàng thấy da sạm màu, có nhiều vết xước do gãi, vàng mắt nhẹ, có các u vàng ở mi mắt và các nếp gấp lòng bàn tay. Gan to 3 cm dưới sườn, chắc, lách không to. Cận lâm sàng: AST 110 U/L, ALT 125 U/L, Bilirubin toàn phần 40 µmol/L. Đặc biệt, Phosphatase kiềm (ALP) tăng rất cao 1300 U/L và GGT cũng tăng cao 1050 U/L. Xét nghiệm HBsAg, anti-HCV âm tính. Xét nghiệm miễn dịch có kháng thể kháng ty thể (AMA) type M2 dương tính mạnh ở hiệu giá 1:1280.

Triệu chứng ngứa dữ dội ở bệnh nhân này chủ yếu là do sự tích tụ của chất gì trong máu và da?",Bilirubin.,Các acid mật.,Histamin.,Ure.,,b,"Mặc dù cơ chế chưa được hiểu đầy đủ, triệu chứng ngứa trong các bệnh lý ứ mật được cho là có liên quan mật thiết đến sự gia tăng nồng độ acid mật trong tuần hoàn. Các acid mật này lắng đọng trong da và kích thích các đầu dây thần kinh cảm giác, gây ra cảm giác ngứa dữ dội và khó chữa."
noi-benh-ly-duong-mat-mcq-016,noi,Bệnh lý đường mật,Tiêu hoá,,"Bệnh nhân nam 35 tuổi, có tiền sử bệnh Viêm loét đại trực tràng chảy máu (Ulcerative Colitis) 5 năm, đến khám vì mệt mỏi và vàng da nhẹ. Bệnh nhân không đau bụng, không sốt, nhưng cảm thấy mệt mỏi và thỉnh thoảng bị ngứa da. Bệnh viêm ruột của bệnh nhân đang ở giai đoạn ổn định. Khám lâm sàng thấy vàng da, vàng mắt nhẹ, không có các dấu hiệu của xơ gan mất bù. Cận lâm sàng cho thấy một tình trạng ứ mật: Bilirubin toàn phần 50 µmol/L; Phosphatase kiềm (ALP) 800 U/L; GGT 900 U/L. Men gan AST, ALT chỉ tăng nhẹ. Xét nghiệm AMA âm tính, nhưng p-ANCA dương tính. Bệnh nhân được chỉ định chụp cộng hưởng từ đường mật (MRCP). Kết quả MRCP cho thấy hình ảnh các đoạn hẹp và giãn xen kẽ nhau của đường mật trong và ngoài gan, tạo thành hình ảnh ""chuỗi hạt"" (beads on a string).

Chẩn đoán bệnh lý đường mật nào là phù hợp nhất với bệnh nhân này?",Viêm đường mật xơ hóa nguyên phát (Primary Sclerosing Cholangitis - PSC).,Sỏi ống mật chủ.,Ung thư đường mật.,Xơ gan ứ mật nguyên phát (PBC).,,a,"Bệnh cảnh một bệnh nhân nam trẻ, có bệnh viêm ruột, biểu hiện ứ mật mạn tính, AMA âm tính và đặc biệt là hình ảnh ""chuỗi hạt"" trên MRCP là kinh điển cho Viêm đường mật xơ hóa nguyên phát (PSC)."
noi-benh-ly-duong-mat-mcq-017,noi,Bệnh lý đường mật,Tiêu hoá,,"Bệnh nhân nam 35 tuổi, có tiền sử bệnh Viêm loét đại trực tràng chảy máu (Ulcerative Colitis) 5 năm, đến khám vì mệt mỏi và vàng da nhẹ. Bệnh nhân không đau bụng, không sốt, nhưng cảm thấy mệt mỏi và thỉnh thoảng bị ngứa da. Bệnh viêm ruột của bệnh nhân đang ở giai đoạn ổn định. Khám lâm sàng thấy vàng da, vàng mắt nhẹ, không có các dấu hiệu của xơ gan mất bù. Cận lâm sàng cho thấy một tình trạng ứ mật: Bilirubin toàn phần 50 µmol/L; Phosphatase kiềm (ALP) 800 U/L; GGT 900 U/L. Men gan AST, ALT chỉ tăng nhẹ. Xét nghiệm AMA âm tính, nhưng p-ANCA dương tính. Bệnh nhân được chỉ định chụp cộng hưởng từ đường mật (MRCP). Kết quả MRCP cho thấy hình ảnh các đoạn hẹp và giãn xen kẽ nhau của đường mật trong và ngoài gan, tạo thành hình ảnh ""chuỗi hạt"" (beads on a string).

Mối liên quan giữa bệnh lý này và Viêm loét đại trực tràng chảy máu là gì?",Không có mối liên quan.,Viêm loét đại tràng là hậu quả của PSC.,"Có một mối liên quan rất chặt chẽ; khoảng 70-80% bệnh nhân PSC có bệnh viêm ruột (IBD) đi kèm, chủ yếu là viêm loét đại tràng.",PSC là một biến chứng của thuốc điều trị viêm loét đại tràng.,,c,"Mối liên quan giữa PSC và IBD là một trong những đặc điểm nổi bật nhất của bệnh. Mặc dù cơ chế chưa được hiểu rõ, người ta cho rằng có thể có sự tham gia của các yếu tố di truyền chung và sự rối loạn của ""trục ruột-gan"", trong đó các sản phẩm của vi khuẩn hoặc các tế bào miễn dịch từ ruột bị viêm có thể di chuyển đến gan và gây ra phản ứng viêm ở đường mật."
noi-benh-ly-duong-mat-mcq-018,noi,Bệnh lý đường mật,Tiêu hoá,,"Bệnh nhân nam 35 tuổi, có tiền sử bệnh Viêm loét đại trực tràng chảy máu (Ulcerative Colitis) 5 năm, đến khám vì mệt mỏi và vàng da nhẹ. Bệnh nhân không đau bụng, không sốt, nhưng cảm thấy mệt mỏi và thỉnh thoảng bị ngứa da. Bệnh viêm ruột của bệnh nhân đang ở giai đoạn ổn định. Khám lâm sàng thấy vàng da, vàng mắt nhẹ, không có các dấu hiệu của xơ gan mất bù. Cận lâm sàng cho thấy một tình trạng ứ mật: Bilirubin toàn phần 50 µmol/L; Phosphatase kiềm (ALP) 800 U/L; GGT 900 U/L. Men gan AST, ALT chỉ tăng nhẹ. Xét nghiệm AMA âm tính, nhưng p-ANCA dương tính. Bệnh nhân được chỉ định chụp cộng hưởng từ đường mật (MRCP). Kết quả MRCP cho thấy hình ảnh các đoạn hẹp và giãn xen kẽ nhau của đường mật trong và ngoài gan, tạo thành hình ảnh ""chuỗi hạt"" (beads on a string).

Cơ chế bệnh sinh của PSC là gì?",Do nhiễm trùng mạn tính của đường mật.,Do lắng đọng các tinh thể cholesterol.,Do thiếu máu cục bộ của đường mật.,"Là một bệnh lý viêm xơ, tiến triển, đặc trưng bởi sự viêm và xơ hóa lan tỏa của cây đường mật, dẫn đến hẹp và tắc nghẽn. Cơ chế chính xác chưa rõ nhưng có sự tham gia của yếu tố di truyền và miễn dịch.",,d,"PSC là một bệnh lý viêm và xơ hóa không rõ nguyên nhân. Quá trình viêm mạn tính dẫn đến sự hình thành các vòng xơ xung quanh các ống mật, gây ra các đoạn hẹp. Các đoạn nằm giữa các chỗ hẹp sẽ giãn ra, tạo nên hình ảnh đặc trưng trên chẩn đoán hình ảnh. Bệnh tiến triển không ngừng đến xơ gan và suy gan."
noi-benh-ly-duong-mat-mcq-019,noi,Bệnh lý đường mật,Tiêu hoá,,"Bệnh nhân nam 35 tuổi, có tiền sử bệnh Viêm loét đại trực tràng chảy máu (Ulcerative Colitis) 5 năm, đến khám vì mệt mỏi và vàng da nhẹ. Bệnh nhân không đau bụng, không sốt, nhưng cảm thấy mệt mỏi và thỉnh thoảng bị ngứa da. Bệnh viêm ruột của bệnh nhân đang ở giai đoạn ổn định. Khám lâm sàng thấy vàng da, vàng mắt nhẹ, không có các dấu hiệu của xơ gan mất bù. Cận lâm sàng cho thấy một tình trạng ứ mật: Bilirubin toàn phần 50 µmol/L; Phosphatase kiềm (ALP) 800 U/L; GGT 900 U/L. Men gan AST, ALT chỉ tăng nhẹ. Xét nghiệm AMA âm tính, nhưng p-ANCA dương tính. Bệnh nhân được chỉ định chụp cộng hưởng từ đường mật (MRCP). Kết quả MRCP cho thấy hình ảnh các đoạn hẹp và giãn xen kẽ nhau của đường mật trong và ngoài gan, tạo thành hình ảnh ""chuỗi hạt"" (beads on a string).

Biến chứng ác tính nào là nguy hiểm nhất mà bệnh nhân PSC có nguy cơ cao mắc phải?",Ung thư đại tràng.,Ung thư đường mật (Cholangiocarcinoma).,Ung thư gan (HCC).,Ung thư tụy.,,b,Bệnh nhân PSC có nguy cơ mắc ung thư đường mật cao hơn rất nhiều (10-20% trong đời) so với dân số chung. Đây là một biến chứng đáng sợ và khó chẩn đoán sớm. Nguy cơ ung thư đại tràng cũng tăng ở những bệnh nhân PSC có kèm viêm loét đại tràng.
noi-benh-ly-duong-mat-mcq-020,noi,Bệnh lý đường mật,Tiêu hoá,,"Bệnh nhân nam 35 tuổi, có tiền sử bệnh Viêm loét đại trực tràng chảy máu (Ulcerative Colitis) 5 năm, đến khám vì mệt mỏi và vàng da nhẹ. Bệnh nhân không đau bụng, không sốt, nhưng cảm thấy mệt mỏi và thỉnh thoảng bị ngứa da. Bệnh viêm ruột của bệnh nhân đang ở giai đoạn ổn định. Khám lâm sàng thấy vàng da, vàng mắt nhẹ, không có các dấu hiệu của xơ gan mất bù. Cận lâm sàng cho thấy một tình trạng ứ mật: Bilirubin toàn phần 50 µmol/L; Phosphatase kiềm (ALP) 800 U/L; GGT 900 U/L. Men gan AST, ALT chỉ tăng nhẹ. Xét nghiệm AMA âm tính, nhưng p-ANCA dương tính. Bệnh nhân được chỉ định chụp cộng hưởng từ đường mật (MRCP). Kết quả MRCP cho thấy hình ảnh các đoạn hẹp và giãn xen kẽ nhau của đường mật trong và ngoài gan, tạo thành hình ảnh ""chuỗi hạt"" (beads on a string).

Hướng xử trí nào sau đây là phù hợp nhất cho bệnh nhân PSC?",Dùng kháng sinh dự phòng kéo dài.,Phẫu thuật bắc cầu nối mật-ruột.,"Theo dõi định kỳ, can thiệp nội soi (nong chỗ hẹp, đặt stent) khi cần, và cuối cùng là ghép gan khi có bệnh gan giai đoạn cuối.",Điều trị bằng corticoid liều cao.,,c,"Không giống như PBC, hiện chưa có loại thuốc nào (kể cả UDCA) được chứng minh là có hiệu quả rõ rệt trong việc làm thay đổi diễn tiến của PSC. Do đó, việc quản lý bệnh tập trung vào theo dõi các biến chứng (ứ mật, nhiễm trùng, thiếu vitamin, ung thư), can thiệp qua ERCP để giải quyết các chỗ hẹp ưu thế gây triệu chứng, và cuối cùng, ghép gan là phương pháp điều trị duy nhất khi bệnh tiến triển đến giai đoạn cuối."
noi-benh-ly-duong-mat-mcq-021,noi,Bệnh lý đường mật,Tiêu hoá,,"Bệnh nhân nam 70 tuổi, gầy sút, có tiền sử hút thuốc lá nhiều năm, đến khám vì vàng da ngày càng tăng và ngứa toàn thân. Bệnh khởi phát từ từ khoảng 2 tháng nay, bệnh nhân không đau bụng, không sốt. Bệnh nhân thấy nước tiểu sẫm màu như nước vối, phân bạc màu như phân cò, sút 10 kg. Khám lâm sàng: bệnh nhân tỉnh, thể trạng suy kiệt, vàng da củng mạc đậm màu. Bụng mềm, không chướng, sờ thấy túi mật căng to, không đau ở dưới bờ sườn phải (dấu hiệu Courvoisier-Terrier dương tính). Gan không to. Cận lâm sàng: Bilirubin toàn phần 350 µmol/L (chủ yếu là trực tiếp); ALP và GGT tăng rất cao. Men gan AST, ALT chỉ tăng nhẹ. Xét nghiệm chất chỉ điểm khối u CA 19-9 tăng rất cao > 1000 U/mL. Chụp CT scan bụng có cản quang cho thấy toàn bộ đường mật trong và ngoài gan giãn to, túi mật căng; tại vùng đầu tụy có một khối u giảm tỷ trọng, bờ không đều, kích thước 3 cm, gây tắc nghẽn đoạn cuối ống mật chủ, không thấy sỏi. Khối u xâm lấn tĩnh mạch mạc treo tràng trên.

Dựa trên bệnh cảnh lâm sàng và hình ảnh học, nguyên nhân gây vàng da tắc mật ở bệnh nhân này là gì?",Ung thư đầu tụy.,Sỏi kẹt đoạn cuối ống mật chủ.,Viêm tụy mạn gây xơ hóa đầu tụy.,Ung thư bóng Vater.,,a,"Bệnh cảnh vàng da tắc mật không đau, diễn tiến từ từ, kèm sụt cân và dấu hiệu Courvoisier ở một người lớn tuổi là rất điển hình cho một khối u ác tính ở vùng quanh bóng Vater, trong đó phổ biến nhất là ung thư đầu tụy."
noi-benh-ly-duong-mat-mcq-022,noi,Bệnh lý đường mật,Tiêu hoá,,"Bệnh nhân nam 70 tuổi, gầy sút, có tiền sử hút thuốc lá nhiều năm, đến khám vì vàng da ngày càng tăng và ngứa toàn thân. Bệnh khởi phát từ từ khoảng 2 tháng nay, bệnh nhân không đau bụng, không sốt. Bệnh nhân thấy nước tiểu sẫm màu như nước vối, phân bạc màu như phân cò, sút 10 kg. Khám lâm sàng: bệnh nhân tỉnh, thể trạng suy kiệt, vàng da củng mạc đậm màu. Bụng mềm, không chướng, sờ thấy túi mật căng to, không đau ở dưới bờ sườn phải (dấu hiệu Courvoisier-Terrier dương tính). Gan không to. Cận lâm sàng: Bilirubin toàn phần 350 µmol/L (chủ yếu là trực tiếp); ALP và GGT tăng rất cao. Men gan AST, ALT chỉ tăng nhẹ. Xét nghiệm chất chỉ điểm khối u CA 19-9 tăng rất cao > 1000 U/mL. Chụp CT scan bụng có cản quang cho thấy toàn bộ đường mật trong và ngoài gan giãn to, túi mật căng; tại vùng đầu tụy có một khối u giảm tỷ trọng, bờ không đều, kích thước 3 cm, gây tắc nghẽn đoạn cuối ống mật chủ, không thấy sỏi. Khối u xâm lấn tĩnh mạch mạc treo tràng trên.

Cơ chế gây ra dấu hiệu Courvoisier-Terrier là gì?",Do teo túi mật bẩm sinh.,Sự tắc nghẽn từ từ do khối u ác tính cho phép túi mật có thành bình thường giãn dần ra do ứ đọng dịch mật.,"Sỏi gây viêm và xơ hóa thành túi mật, khiến túi mật không thể giãn ra được.",Do nhiễm trùng cấp tính làm túi mật căng to.,,b,"Đây là cơ sở của dấu hiệu Courvoisier. Khi tắc mật do sỏi, thường đã có quá trình viêm mạn tính trước đó làm thành túi mật dày và xơ, không thể giãn to. Ngược lại, khối u gây tắc nghẽn từ từ, áp lực tăng dần, cho phép túi mật có thành bình thường giãn ra như một quả bóng chứa đầy dịch mật trong."
noi-benh-ly-duong-mat-mcq-023,noi,Bệnh lý đường mật,Tiêu hoá,,"Bệnh nhân nam 70 tuổi, gầy sút, có tiền sử hút thuốc lá nhiều năm, đến khám vì vàng da ngày càng tăng và ngứa toàn thân. Bệnh khởi phát từ từ khoảng 2 tháng nay, bệnh nhân không đau bụng, không sốt. Bệnh nhân thấy nước tiểu sẫm màu như nước vối, phân bạc màu như phân cò, sút 10 kg. Khám lâm sàng: bệnh nhân tỉnh, thể trạng suy kiệt, vàng da củng mạc đậm màu. Bụng mềm, không chướng, sờ thấy túi mật căng to, không đau ở dưới bờ sườn phải (dấu hiệu Courvoisier-Terrier dương tính). Gan không to. Cận lâm sàng: Bilirubin toàn phần 350 µmol/L (chủ yếu là trực tiếp); ALP và GGT tăng rất cao. Men gan AST, ALT chỉ tăng nhẹ. Xét nghiệm chất chỉ điểm khối u CA 19-9 tăng rất cao > 1000 U/mL. Chụp CT scan bụng có cản quang cho thấy toàn bộ đường mật trong và ngoài gan giãn to, túi mật căng; tại vùng đầu tụy có một khối u giảm tỷ trọng, bờ không đều, kích thước 3 cm, gây tắc nghẽn đoạn cuối ống mật chủ, không thấy sỏi. Khối u xâm lấn tĩnh mạch mạc treo tràng trên.

Tình trạng phân bạc màu và nước tiểu sẫm màu phản ánh điều gì?",Suy chức năng tế bào gan.,Nhiễm độc thuốc.,"Tắc nghẽn hoàn toàn đường mật: không có sắc tố mật (stercobilin) xuống ruột để làm phân có màu nâu, và bilirubin trực tiếp bị ứ lại trong máu được thải qua nước tiểu.",Tán huyết cấp.,,c,"Bilirubin liên hợp (trực tiếp) sau khi được gan bài tiết vào mật sẽ xuống ruột, được vi khuẩn chuyển hóa thành stercobilinogen và stercobilin, chất tạo ra màu nâu của phân. Khi đường mật bị tắc hoàn toàn, không có bilirubin xuống ruột, phân sẽ mất màu (bạc màu). Đồng thời, bilirubin liên hợp ứ lại trong máu sẽ được lọc qua thận, làm cho nước tiểu có màu rất sẫm."
noi-benh-ly-duong-mat-mcq-024,noi,Bệnh lý đường mật,Tiêu hoá,,"Bệnh nhân nam 70 tuổi, gầy sút, có tiền sử hút thuốc lá nhiều năm, đến khám vì vàng da ngày càng tăng và ngứa toàn thân. Bệnh khởi phát từ từ khoảng 2 tháng nay, bệnh nhân không đau bụng, không sốt. Bệnh nhân thấy nước tiểu sẫm màu như nước vối, phân bạc màu như phân cò, sút 10 kg. Khám lâm sàng: bệnh nhân tỉnh, thể trạng suy kiệt, vàng da củng mạc đậm màu. Bụng mềm, không chướng, sờ thấy túi mật căng to, không đau ở dưới bờ sườn phải (dấu hiệu Courvoisier-Terrier dương tính). Gan không to. Cận lâm sàng: Bilirubin toàn phần 350 µmol/L (chủ yếu là trực tiếp); ALP và GGT tăng rất cao. Men gan AST, ALT chỉ tăng nhẹ. Xét nghiệm chất chỉ điểm khối u CA 19-9 tăng rất cao > 1000 U/mL. Chụp CT scan bụng có cản quang cho thấy toàn bộ đường mật trong và ngoài gan giãn to, túi mật căng; tại vùng đầu tụy có một khối u giảm tỷ trọng, bờ không đều, kích thước 3 cm, gây tắc nghẽn đoạn cuối ống mật chủ, không thấy sỏi. Khối u xâm lấn tĩnh mạch mạc treo tràng trên.

CA 19-9 là một chất chỉ điểm hữu ích cho loại ung thư nào sau đây?",Ung thư đại tràng.,"Ung thư của hệ thống tụy-mật (tụy, đường mật).",Ung thư gan (HCC).,Ung thư tiền liệt tuyến.,,b,"Carbohydrate antigen 19-9 (CA 19-9) là một chất chỉ điểm khối u quan trọng. Mặc dù không đủ đặc hiệu để chẩn đoán sàng lọc, nhưng khi tăng rất cao ở một bệnh nhân có triệu chứng nghi ngờ, nó là một công cụ hữu ích để hỗ trợ chẩn đoán và sau đó là theo dõi đáp ứng điều trị, phát hiện tái phát của ung thư tụy và ung thư đường mật."
noi-benh-ly-duong-mat-mcq-025,noi,Bệnh lý đường mật,Tiêu hoá,,"Bệnh nhân nam 70 tuổi, gầy sút, có tiền sử hút thuốc lá nhiều năm, đến khám vì vàng da ngày càng tăng và ngứa toàn thân. Bệnh khởi phát từ từ khoảng 2 tháng nay, bệnh nhân không đau bụng, không sốt. Bệnh nhân thấy nước tiểu sẫm màu như nước vối, phân bạc màu như phân cò, sút 10 kg. Khám lâm sàng: bệnh nhân tỉnh, thể trạng suy kiệt, vàng da củng mạc đậm màu. Bụng mềm, không chướng, sờ thấy túi mật căng to, không đau ở dưới bờ sườn phải (dấu hiệu Courvoisier-Terrier dương tính). Gan không to. Cận lâm sàng: Bilirubin toàn phần 350 µmol/L (chủ yếu là trực tiếp); ALP và GGT tăng rất cao. Men gan AST, ALT chỉ tăng nhẹ. Xét nghiệm chất chỉ điểm khối u CA 19-9 tăng rất cao > 1000 U/mL. Chụp CT scan bụng có cản quang cho thấy toàn bộ đường mật trong và ngoài gan giãn to, túi mật căng; tại vùng đầu tụy có một khối u giảm tỷ trọng, bờ không đều, kích thước 3 cm, gây tắc nghẽn đoạn cuối ống mật chủ, không thấy sỏi. Khối u xâm lấn tĩnh mạch mạc treo tràng trên.

Sự xâm lấn của khối u vào tĩnh mạch mạc treo tràng trên có ý nghĩa gì về mặt tiên lượng và điều trị?",Không có ý nghĩa gì đặc biệt.,Cho thấy khối u không còn khả năng cắt bỏ và bệnh ở giai đoạn tiến triển tại chỗ.,Là một yếu tố tiên lượng tốt.,Là chỉ định cho hóa trị tân bổ trợ trước mổ.,,b,"Phẫu thuật cắt khối tá tụy (phẫu thuật Whipple) là phương pháp điều trị triệt để duy nhất cho ung thư đầu tụy. Tuy nhiên, phẫu thuật này chỉ có thể thực hiện được khi khối u chưa xâm lấn vào các cấu trúc mạch máu lớn quan trọng như động mạch và tĩnh mạch mạc treo tràng trên. Sự xâm lấn mạch máu là một tiêu chuẩn cho thấy khối u đã ở giai đoạn không thể cắt bỏ (unresectable) và bệnh nhân chỉ còn lựa chọn điều trị toàn thân hoặc chăm sóc giảm nhẹ."
noi-benh-ly-duong-mat-mcq-026,noi,Bệnh lý đường mật,Tiêu hoá,,"Bệnh nhân nữ 65 tuổi, có tiền sử sỏi túi mật, được phẫu thuật cắt túi mật nội soi cách đây 2 năm. Sau mổ, bệnh nhân hết hoàn toàn triệu chứng. Tuy nhiên, khoảng 6 tháng nay, bệnh nhân lại xuất hiện các cơn đau quặn ở hạ sườn phải, tính chất tương tự như cơn đau sỏi mật trước đây, cơn đau thường xuất hiện sau bữa ăn, kéo dài khoảng 1-2 giờ rồi tự hết. Bệnh nhân không sốt, không vàng da. Khám lâm sàng và siêu âm bụng không phát hiện bất thường. Xét nghiệm chức năng gan và men tụy trong cơn đau cho thấy AST, ALT và lipase tăng nhẹ thoáng qua, sau cơn đau lại trở về bình thường. Bệnh nhân được chỉ định đo áp lực cơ vòng Oddi (sphincter of Oddi manometry).

Tình trạng của bệnh nhân được gọi là gì?",Loét dạ dày-tá tràng.,Viêm tụy mạn.,Sót sỏi ống mật chủ.,Hội chứng sau cắt túi mật (Post-cholecystectomy syndrome).,,d,Hội chứng sau cắt túi mật là một thuật ngữ dùng để chỉ sự xuất hiện hoặc tồn tại dai dẳng các triệu chứng (thường là đau) sau khi đã phẫu thuật cắt túi mật. Nó bao gồm nhiều nguyên nhân khác nhau.
noi-benh-ly-duong-mat-mcq-027,noi,Bệnh lý đường mật,Tiêu hoá,,"Bệnh nhân nữ 65 tuổi, có tiền sử sỏi túi mật, được phẫu thuật cắt túi mật nội soi cách đây 2 năm. Sau mổ, bệnh nhân hết hoàn toàn triệu chứng. Tuy nhiên, khoảng 6 tháng nay, bệnh nhân lại xuất hiện các cơn đau quặn ở hạ sườn phải, tính chất tương tự như cơn đau sỏi mật trước đây, cơn đau thường xuất hiện sau bữa ăn, kéo dài khoảng 1-2 giờ rồi tự hết. Bệnh nhân không sốt, không vàng da. Khám lâm sàng và siêu âm bụng không phát hiện bất thường. Xét nghiệm chức năng gan và men tụy trong cơn đau cho thấy AST, ALT và lipase tăng nhẹ thoáng qua, sau cơn đau lại trở về bình thường. Bệnh nhân được chỉ định đo áp lực cơ vòng Oddi (sphincter of Oddi manometry).

Dựa trên các triệu chứng, nguyên nhân có khả năng nhất gây ra hội chứng sau cắt túi mật ở bệnh nhân này là gì?",Viêm dạ dày do trào ngược dịch mật.,Dính sau mổ.,Sót kẹp phẫu thuật.,Rối loạn chức năng cơ vòng Oddi (Sphincter of Oddi Dysfunction - SOD).,,d,"Bệnh cảnh đau kiểu đường mật tái phát, có kèm theo sự tăng men gan-tụy thoáng qua mà không tìm thấy các bất thường cấu trúc (như sỏi sót) là rất gợi ý đến một rối loạn chức năng, trong đó Rối loạn chức năng cơ vòng Oddi là nguyên nhân hàng đầu."
noi-benh-ly-duong-mat-mcq-028,noi,Bệnh lý đường mật,Tiêu hoá,,"Bệnh nhân nữ 65 tuổi, có tiền sử sỏi túi mật, được phẫu thuật cắt túi mật nội soi cách đây 2 năm. Sau mổ, bệnh nhân hết hoàn toàn triệu chứng. Tuy nhiên, khoảng 6 tháng nay, bệnh nhân lại xuất hiện các cơn đau quặn ở hạ sườn phải, tính chất tương tự như cơn đau sỏi mật trước đây, cơn đau thường xuất hiện sau bữa ăn, kéo dài khoảng 1-2 giờ rồi tự hết. Bệnh nhân không sốt, không vàng da. Khám lâm sàng và siêu âm bụng không phát hiện bất thường. Xét nghiệm chức năng gan và men tụy trong cơn đau cho thấy AST, ALT và lipase tăng nhẹ thoáng qua, sau cơn đau lại trở về bình thường. Bệnh nhân được chỉ định đo áp lực cơ vòng Oddi (sphincter of Oddi manometry).

Cơ chế gây ra các triệu chứng trong Rối loạn chức năng cơ vòng Oddi là gì?",Tăng tiết acid dạ dày.,Sự hình thành sỏi mới trong ống mật chủ.,"Sự co thắt bất thường hoặc hẹp thực thể của cơ vòng Oddi, gây cản trở dòng chảy của dịch mật và/hoặc dịch tụy.",Tăng áp lực tĩnh mạch cửa.,,c,"Cơ vòng Oddi là một van cơ trơn phức tạp ở ngã ba đường mật-tụy-tá tràng, có vai trò điều hòa dòng chảy của dịch mật và dịch tụy. Trong SOD, cơ vòng này có thể bị co thắt quá mức (rối loạn vận động) hoặc bị hẹp do xơ hóa, làm tăng áp lực trong đường mật và/hoặc ống tụy, gây ra cơn đau và các thay đổi sinh hóa tương tự như khi có tắc nghẽn cơ học do sỏi."
noi-benh-ly-duong-mat-mcq-029,noi,Bệnh lý đường mật,Tiêu hoá,,"Bệnh nhân nữ 65 tuổi, có tiền sử sỏi túi mật, được phẫu thuật cắt túi mật nội soi cách đây 2 năm. Sau mổ, bệnh nhân hết hoàn toàn triệu chứng. Tuy nhiên, khoảng 6 tháng nay, bệnh nhân lại xuất hiện các cơn đau quặn ở hạ sườn phải, tính chất tương tự như cơn đau sỏi mật trước đây, cơn đau thường xuất hiện sau bữa ăn, kéo dài khoảng 1-2 giờ rồi tự hết. Bệnh nhân không sốt, không vàng da. Khám lâm sàng và siêu âm bụng không phát hiện bất thường. Xét nghiệm chức năng gan và men tụy trong cơn đau cho thấy AST, ALT và lipase tăng nhẹ thoáng qua, sau cơn đau lại trở về bình thường. Bệnh nhân được chỉ định đo áp lực cơ vòng Oddi (sphincter of Oddi manometry).

Thăm dò cận lâm sàng nào được coi là ""tiêu chuẩn vàng"" để chẩn đoán Rối loạn chức năng cơ vòng Oddi?",Xạ hình gan mật HIDA scan.,Chụp cộng hưởng từ đường mật (MRCP).,Siêu âm bụng.,Nội soi mật tụy ngược dòng (ERCP) và đo áp lực cơ vòng Oddi.,,d,"Đo áp lực cơ vòng Oddi (SOM) là phương pháp duy nhất có thể đánh giá trực tiếp chức năng co bóp của cơ vòng. Thủ thuật này được thực hiện trong quá trình ERCP, một ống thông nhỏ có gắn cảm biến áp lực được đưa qua cơ vòng để ghi lại áp suất. Tăng áp suất nền của cơ vòng là tiêu chuẩn chẩn đoán. Tuy nhiên, đây là một thủ thuật xâm lấn và có nguy cơ gây viêm tụy cấp."
noi-benh-ly-duong-mat-mcq-030,noi,Bệnh lý đường mật,Tiêu hoá,,"Bệnh nhân nữ 65 tuổi, có tiền sử sỏi túi mật, được phẫu thuật cắt túi mật nội soi cách đây 2 năm. Sau mổ, bệnh nhân hết hoàn toàn triệu chứng. Tuy nhiên, khoảng 6 tháng nay, bệnh nhân lại xuất hiện các cơn đau quặn ở hạ sườn phải, tính chất tương tự như cơn đau sỏi mật trước đây, cơn đau thường xuất hiện sau bữa ăn, kéo dài khoảng 1-2 giờ rồi tự hết. Bệnh nhân không sốt, không vàng da. Khám lâm sàng và siêu âm bụng không phát hiện bất thường. Xét nghiệm chức năng gan và men tụy trong cơn đau cho thấy AST, ALT và lipase tăng nhẹ thoáng qua, sau cơn đau lại trở về bình thường. Bệnh nhân được chỉ định đo áp lực cơ vòng Oddi (sphincter of Oddi manometry).

Phương pháp điều trị nào là hiệu quả nhất cho bệnh nhân SOD có bằng chứng tắc nghẽn khách quan?",Cắt cơ vòng qua nội soi (Endoscopic sphincterotomy).,Phẫu thuật lại.,Dùng thuốc giảm đau nhóm opioid.,Dùng thuốc giảm co thắt.,,a,"Đối với những bệnh nhân được chẩn đoán xác định là SOD, đặc biệt là type I và II (có bằng chứng khách quan như giãn đường mật hoặc tăng men), phương pháp điều trị hiệu quả nhất là cắt cơ vòng qua nội soi. Thủ thuật này dùng dao điện để cắt cơ vòng, loại bỏ sự tắc nghẽn chức năng và cho phép dịch mật, dịch tụy chảy xuống tá tràng một cách tự do."
noi-benh-ly-duong-mat-mcq-031,noi,Bệnh lý đường mật,Tiêu hoá,,"Bệnh nhân nam 65 tuổi, tiền sử đái tháo đường type 2, bệnh mạch vành, đang nằm tại khoa Hồi sức tích cực (ICU) ngày thứ 10 vì viêm phổi nặng phải thở máy. Vài ngày nay, bệnh nhân xuất hiện sốt cao trở lại, bạch cầu tăng, và có tăng nhẹ men gan, bilirubin. Bệnh nhân đang được nuôi dưỡng hoàn toàn qua đường tĩnh mạch. Khám bụng khó đánh giá do bệnh nhân an thần, nhưng có vẻ ấn vùng hạ sườn phải bệnh nhân nhăn mặt. Siêu âm tại giường cho thấy túi mật căng to, không có sỏi, thành túi mật dày 8 mm, có dịch quanh túi mật, dấu hiệu Murphy siêu âm không thực hiện được do bệnh nhân không hợp tác.

Tình trạng này của bệnh nhân được gọi là gì?",Rối loạn vận động túi mật.,Viêm đường mật cấp.,Viêm túi mật cấp không do sỏi (Acalculous cholecystitis).,Viêm túi mật cấp do sỏi.,,c,"Bệnh cảnh một bệnh nhân đang trong tình trạng bệnh nặng, có biểu hiện nhiễm trùng mới và hình ảnh viêm túi mật trên siêu âm nhưng không có sỏi là rất điển hình cho viêm túi mật cấp không do sỏi."
noi-benh-ly-duong-mat-mcq-032,noi,Bệnh lý đường mật,Tiêu hoá,,"Bệnh nhân nam 65 tuổi, tiền sử đái tháo đường type 2, bệnh mạch vành, đang nằm tại khoa Hồi sức tích cực (ICU) ngày thứ 10 vì viêm phổi nặng phải thở máy. Vài ngày nay, bệnh nhân xuất hiện sốt cao trở lại, bạch cầu tăng, và có tăng nhẹ men gan, bilirubin. Bệnh nhân đang được nuôi dưỡng hoàn toàn qua đường tĩnh mạch. Khám bụng khó đánh giá do bệnh nhân an thần, nhưng có vẻ ấn vùng hạ sườn phải bệnh nhân nhăn mặt. Siêu âm tại giường cho thấy túi mật căng to, không có sỏi, thành túi mật dày 8 mm, có dịch quanh túi mật, dấu hiệu Murphy siêu âm không thực hiện được do bệnh nhân không hợp tác.

Cơ chế bệnh sinh của viêm túi mật cấp không do sỏi là gì?",Do phản ứng tự miễn.,Do vi khuẩn từ đường ruột di chuyển ngược dòng.,Do một tình trạng ứ trệ dịch mật và thiếu máu cục bộ thành túi mật ở những bệnh nhân có bệnh nền nặng.,Do sỏi bùn mật gây tắc nghẽn.,,c,"Ở những bệnh nhân nặng, tình trạng mất nước, sốc, giảm tưới máu tạng... có thể dẫn đến thiếu máu cục bộ thành túi mật. Đồng thời, việc nhịn ăn, nuôi dưỡng tĩnh mạch, dùng opioid... làm cho túi mật không co bóp, gây ứ đọng dịch mật (mật trở nên cô đặc và có tính ăn mòn). Sự kết hợp giữa ứ mật và thiếu máu sẽ khởi động quá trình viêm, tương tự như trong viêm túi mật do sỏi."
noi-benh-ly-duong-mat-mcq-033,noi,Bệnh lý đường mật,Tiêu hoá,,"Bệnh nhân nam 65 tuổi, tiền sử đái tháo đường type 2, bệnh mạch vành, đang nằm tại khoa Hồi sức tích cực (ICU) ngày thứ 10 vì viêm phổi nặng phải thở máy. Vài ngày nay, bệnh nhân xuất hiện sốt cao trở lại, bạch cầu tăng, và có tăng nhẹ men gan, bilirubin. Bệnh nhân đang được nuôi dưỡng hoàn toàn qua đường tĩnh mạch. Khám bụng khó đánh giá do bệnh nhân an thần, nhưng có vẻ ấn vùng hạ sườn phải bệnh nhân nhăn mặt. Siêu âm tại giường cho thấy túi mật căng to, không có sỏi, thành túi mật dày 8 mm, có dịch quanh túi mật, dấu hiệu Murphy siêu âm không thực hiện được do bệnh nhân không hợp tác.

Yếu tố nguy cơ nào sau đây là quan trọng nhất đối với việc phát triển bệnh lý này?",Uống rượu.,"Tình trạng bệnh nặng, chấn thương, bỏng, đại phẫu, nuôi dưỡng tĩnh mạch kéo dài.",Chế độ ăn nhiều mỡ.,Giới tính nữ.,,b,"Bệnh lý này hầu như chỉ xảy ra ở những bệnh nhân có bệnh nền rất nặng, như bệnh nhân ICU, sau đại phẫu, chấn thương nặng, bỏng nặng, hoặc suy kiệt... Đây là những yếu tố nguy cơ chính."
noi-benh-ly-duong-mat-mcq-034,noi,Bệnh lý đường mật,Tiêu hoá,,"Bệnh nhân nam 65 tuổi, tiền sử đái tháo đường type 2, bệnh mạch vành, đang nằm tại khoa Hồi sức tích cực (ICU) ngày thứ 10 vì viêm phổi nặng phải thở máy. Vài ngày nay, bệnh nhân xuất hiện sốt cao trở lại, bạch cầu tăng, và có tăng nhẹ men gan, bilirubin. Bệnh nhân đang được nuôi dưỡng hoàn toàn qua đường tĩnh mạch. Khám bụng khó đánh giá do bệnh nhân an thần, nhưng có vẻ ấn vùng hạ sườn phải bệnh nhân nhăn mặt. Siêu âm tại giường cho thấy túi mật căng to, không có sỏi, thành túi mật dày 8 mm, có dịch quanh túi mật, dấu hiệu Murphy siêu âm không thực hiện được do bệnh nhân không hợp tác.

So với viêm túi mật do sỏi, tiên lượng của viêm túi mật không do sỏi thường như thế nào?",Luôn diễn tiến thành mạn tính.,Tốt hơn vì không có sỏi.,"Xấu hơn nhiều, với tỷ lệ biến chứng (hoại tử, thủng) và tử vong cao hơn.",Tương tự nhau.,,c,"Viêm túi mật không do sỏi có diễn biến nhanh và nặng nề hơn nhiều. Do tình trạng thiếu máu cục bộ và bệnh nền nặng, nguy cơ hoại tử, thủng túi mật và sốc nhiễm khuẩn cao hơn đáng kể. Tỷ lệ tử vong có thể lên đến 30-50%."
noi-benh-ly-duong-mat-mcq-035,noi,Bệnh lý đường mật,Tiêu hoá,,"Bệnh nhân nam 65 tuổi, tiền sử đái tháo đường type 2, bệnh mạch vành, đang nằm tại khoa Hồi sức tích cực (ICU) ngày thứ 10 vì viêm phổi nặng phải thở máy. Vài ngày nay, bệnh nhân xuất hiện sốt cao trở lại, bạch cầu tăng, và có tăng nhẹ men gan, bilirubin. Bệnh nhân đang được nuôi dưỡng hoàn toàn qua đường tĩnh mạch. Khám bụng khó đánh giá do bệnh nhân an thần, nhưng có vẻ ấn vùng hạ sườn phải bệnh nhân nhăn mặt. Siêu âm tại giường cho thấy túi mật căng to, không có sỏi, thành túi mật dày 8 mm, có dịch quanh túi mật, dấu hiệu Murphy siêu âm không thực hiện được do bệnh nhân không hợp tác.

Phương pháp điều trị nào thường được ưu tiên lựa chọn cho những bệnh nhân nặng, không đủ sức khỏe để phẫu thuật?",Nội soi mật tụy ngược dòng (ERCP) đặt stent túi mật.,Dẫn lưu túi mật qua da dưới hướng dẫn của siêu âm (Percutaneous cholecystostomy).,Chờ đợi và theo dõi.,Chỉ dùng kháng sinh.,,b,"Do bệnh nhân thường quá yếu để chịu đựng một cuộc phẫu thuật lớn, phương pháp ""bắc cầu"" được lựa chọn là dẫn lưu túi mật qua da. Một ống thông nhỏ được đưa qua da vào trong lòng túi mật dưới hướng dẫn của siêu âm để dẫn lưu mủ và dịch mật bị nhiễm trùng ra ngoài. Thủ thuật này giúp kiểm soát nhanh chóng nguồn nhiễm trùng và cải thiện tình trạng bệnh nhân. Phẫu thuật cắt túi mật sẽ được xem xét sau khi bệnh nhân hồi phục."
noi-benh-ly-duong-mat-mcq-036,noi,Bệnh lý đường mật,Tiêu hoá,,"Bệnh nhân nữ 75 tuổi, tiền sử sỏi túi mật lâu năm. Bệnh nhân vào viện vì vàng da và nôn ói. Khoảng 1 tuần nay, bệnh nhân có các cơn đau quặn ở hạ sườn phải, sau đó xuất hiện vàng da tăng dần. Bệnh nhân không sốt. Siêu âm và CT scan cho thấy túi mật teo nhỏ, có một viên sỏi lớn kẹt ở túi Hartmann (phễu túi mật), gây chèn ép từ bên ngoài vào ống gan chung, làm giãn đường mật trong gan phía trên chỗ chèn ép, trong khi ống mật chủ đoạn dưới lại không giãn. Túi mật và ống gan chung bị viêm và dính vào nhau.

Tình trạng này được mô tả theo tên riêng là hội chứng gì?",Hội chứng Budd-Chiari.,Hội chứng Mirizzi.,Hội chứng Boerhaave.,Hội chứng Dumping.,,b,"Hội chứng Mirizzi là một biến chứng hiếm gặp của sỏi túi mật, được định nghĩa là sự chèn ép vào đường mật ngoài gan bởi một viên sỏi bị kẹt ở ống túi mật hoặc cổ túi mật."
noi-benh-ly-duong-mat-mcq-037,noi,Bệnh lý đường mật,Tiêu hoá,,"Bệnh nhân nữ 75 tuổi, tiền sử sỏi túi mật lâu năm. Bệnh nhân vào viện vì vàng da và nôn ói. Khoảng 1 tuần nay, bệnh nhân có các cơn đau quặn ở hạ sườn phải, sau đó xuất hiện vàng da tăng dần. Bệnh nhân không sốt. Siêu âm và CT scan cho thấy túi mật teo nhỏ, có một viên sỏi lớn kẹt ở túi Hartmann (phễu túi mật), gây chèn ép từ bên ngoài vào ống gan chung, làm giãn đường mật trong gan phía trên chỗ chèn ép, trong khi ống mật chủ đoạn dưới lại không giãn. Túi mật và ống gan chung bị viêm và dính vào nhau.

Cơ chế gây vàng da trong hội chứng Mirizzi là gì?",Do viêm và chèn ép từ bên ngoài của một viên sỏi kẹt ở ống túi mật hoặc cổ túi mật lên ống gan chung.,Do xơ gan gây suy giảm chức năng gan.,Do sỏi từ túi mật rơi xuống và làm tắc ống mật chủ.,Do khối u đầu tụy chèn ép.,,a,"Viên sỏi bị kẹt, cùng với phản ứng viêm mạn tính xung quanh, sẽ tạo ra một hiệu ứng khối chèn ép từ bên ngoài vào ống gan chung, gây hẹp lòng và tắc nghẽn, dẫn đến ứ mật và vàng da."
noi-benh-ly-duong-mat-mcq-038,noi,Bệnh lý đường mật,Tiêu hoá,,"Bệnh nhân nữ 75 tuổi, tiền sử sỏi túi mật lâu năm. Bệnh nhân vào viện vì vàng da và nôn ói. Khoảng 1 tuần nay, bệnh nhân có các cơn đau quặn ở hạ sườn phải, sau đó xuất hiện vàng da tăng dần. Bệnh nhân không sốt. Siêu âm và CT scan cho thấy túi mật teo nhỏ, có một viên sỏi lớn kẹt ở túi Hartmann (phễu túi mật), gây chèn ép từ bên ngoài vào ống gan chung, làm giãn đường mật trong gan phía trên chỗ chèn ép, trong khi ống mật chủ đoạn dưới lại không giãn. Túi mật và ống gan chung bị viêm và dính vào nhau.

Tùy thuộc vào mức độ ăn mòn của viên sỏi vào thành ống gan chung, hội chứng Mirizzi có thể được phân thành nhiều type khác nhau. Biến chứng nặng nhất có thể xảy ra là gì?",Ung thư hóa.,Hình thành một đường rò túi mật-ống gan chung (cholecysto-choledochal fistula).,Viêm tụy cấp.,Hình thành một đường rò túi mật-tá tràng.,,b,"Quá trình viêm và tì đè mạn tính của viên sỏi có thể làm hoại tử và ăn mòn thành của túi mật và ống gan chung, vốn đang bị dính chặt vào nhau. Điều này có thể tạo ra một lỗ thông bất thường (đường rò) giữa hai cấu trúc này, làm cho việc phẫu thuật trở nên cực kỳ phức tạp."
noi-benh-ly-duong-mat-mcq-039,noi,Bệnh lý đường mật,Tiêu hoá,,"Bệnh nhân nữ 75 tuổi, tiền sử sỏi túi mật lâu năm. Bệnh nhân vào viện vì vàng da và nôn ói. Khoảng 1 tuần nay, bệnh nhân có các cơn đau quặn ở hạ sườn phải, sau đó xuất hiện vàng da tăng dần. Bệnh nhân không sốt. Siêu âm và CT scan cho thấy túi mật teo nhỏ, có một viên sỏi lớn kẹt ở túi Hartmann (phễu túi mật), gây chèn ép từ bên ngoài vào ống gan chung, làm giãn đường mật trong gan phía trên chỗ chèn ép, trong khi ống mật chủ đoạn dưới lại không giãn. Túi mật và ống gan chung bị viêm và dính vào nhau.

Thăm dò hình ảnh nào có giá trị cao nhất trong việc chẩn đoán và đánh giá chính xác giải phẫu của tổn thương trước mổ?",Siêu âm bụng.,Chụp cắt lớp vi tính (CT scan).,Chụp cộng hưởng từ đường mật (MRCP) hoặc ERCP.,Chụp X-quang bụng.,,c,"MRCP và ERCP là hai phương pháp tốt nhất. MRCP là phương pháp không xâm lấn, cho phép dựng lại hình ảnh cây đường mật và xác định chính xác vị trí chèn ép, mức độ giãn đường mật và sự hiện diện của đường rò. ERCP, mặc dù xâm lấn, cũng cho phép chụp hình đường mật và có thể can thiệp đặt stent giải áp trước mổ."
noi-benh-ly-duong-mat-mcq-040,noi,Bệnh lý đường mật,Tiêu hoá,,"Bệnh nhân nữ 75 tuổi, tiền sử sỏi túi mật lâu năm. Bệnh nhân vào viện vì vàng da và nôn ói. Khoảng 1 tuần nay, bệnh nhân có các cơn đau quặn ở hạ sườn phải, sau đó xuất hiện vàng da tăng dần. Bệnh nhân không sốt. Siêu âm và CT scan cho thấy túi mật teo nhỏ, có một viên sỏi lớn kẹt ở túi Hartmann (phễu túi mật), gây chèn ép từ bên ngoài vào ống gan chung, làm giãn đường mật trong gan phía trên chỗ chèn ép, trong khi ống mật chủ đoạn dưới lại không giãn. Túi mật và ống gan chung bị viêm và dính vào nhau.

Tại sao phẫu thuật trong hội chứng Mirizzi lại là một thách thức và có nguy cơ biến chứng cao?",Vì bệnh nhân thường quá già yếu.,Vì nguy cơ chảy máu cao.,"Vì tình trạng viêm dính nghiêm trọng ở vùng tam giác Calot làm cho việc nhận diện các cấu trúc giải phẫu (ống túi mật, ống gan chung, động mạch túi mật) trở nên rất khó khăn, tăng nguy cơ làm tổn thương đường mật.",Vì thường có di căn.,,c,"Vùng tam giác Calot (vùng mổ chính trong cắt túi mật) bị biến dạng hoàn toàn do quá trình viêm dính mạn tính. Các cấu trúc giải phẫu thông thường bị dính chặt vào nhau và khó nhận diện. Phẫu thuật viên có nguy cơ rất cao cắt nhầm vào ống gan chung thay vì ống túi mật, gây ra tổn thương đường mật, một biến chứng ngoại khoa rất nặng nề."
noi-benh-ly-duong-mat-mcq-041,noi,Bệnh lý đường mật,Tiêu hoá,,"Bệnh nhân nam 65 tuổi, tiền sử hút thuốc lá, đến khám vì vàng da và sụt cân. Bệnh nhân có biểu hiện vàng da tắc mật không đau, tiến triển từ từ trong 3 tháng. Chụp MRI bụng phát hiện một khối u ở vị trí ngã ba ống gan phải và trái, gây giãn đường mật trong gan cả hai thùy, trong khi phần đường mật và túi mật phía dưới bình thường. Gan không xơ, không có khối u nào khác. Xét nghiệm CA 19-9 tăng cao.

Chẩn đoán có khả năng nhất là gì?",Ung thư đầu tụy.,Sỏi kẹt ở ngã ba đường mật.,Ung thư đường mật trong gan.,Ung thư đường mật vùng rốn gan (U Klatskin).,,d,"Bệnh cảnh vàng da tắc mật với hình ảnh giãn đường mật chỉ ở trong gan mà không giãn ở phía dưới, có khối u ở vùng hợp lưu ống gan, là hình ảnh kinh điển của Ung thư đường mật vùng rốn gan, hay còn gọi là u Klatskin."
noi-benh-ly-duong-mat-mcq-042,noi,Bệnh lý đường mật,Tiêu hoá,,"Bệnh nhân nam 65 tuổi, tiền sử hút thuốc lá, đến khám vì vàng da và sụt cân. Bệnh nhân có biểu hiện vàng da tắc mật không đau, tiến triển từ từ trong 3 tháng. Chụp MRI bụng phát hiện một khối u ở vị trí ngã ba ống gan phải và trái, gây giãn đường mật trong gan cả hai thùy, trong khi phần đường mật và túi mật phía dưới bình thường. Gan không xơ, không có khối u nào khác. Xét nghiệm CA 19-9 tăng cao.

U Klatskin được định nghĩa là khối u xuất phát từ đâu?",Từ túi mật.,Từ chỗ hợp lưu của ống gan phải và ống gan trái.,Từ đoạn cuối ống mật chủ.,Từ bóng Vater.,,b,U Klatskin là một loại ung thư biểu mô tuyến của đường mật (cholangiocarcinoma) phát sinh tại vị trí hợp lưu của ống gan phải và trái để tạo thành ống gan chung. Đây là vị trí phổ biến nhất của ung thư đường mật ngoài gan.
noi-benh-ly-duong-mat-mcq-043,noi,Bệnh lý đường mật,Tiêu hoá,,"Bệnh nhân nam 65 tuổi, tiền sử hút thuốc lá, đến khám vì vàng da và sụt cân. Bệnh nhân có biểu hiện vàng da tắc mật không đau, tiến triển từ từ trong 3 tháng. Chụp MRI bụng phát hiện một khối u ở vị trí ngã ba ống gan phải và trái, gây giãn đường mật trong gan cả hai thùy, trong khi phần đường mật và túi mật phía dưới bình thường. Gan không xơ, không có khối u nào khác. Xét nghiệm CA 19-9 tăng cao.

Hệ thống phân loại nào thường được sử dụng để đánh giá mức độ lan rộng của u Klatskin tại rốn gan, giúp định hướng khả năng phẫu thuật?",Phân loại BCLC.,Phân loại Child-Pugh.,Phân loại TNM.,Phân loại Bismuth-Corlette.,,d,"Phân loại Bismuth-Corlette dựa trên mức độ lan rộng của khối u dọc theo các ống gan. Type I (khối u ở ống gan chung), Type II (ở ngã ba), Type III (lan vào ống gan phải hoặc trái), Type IV (lan vào cả hai ống gan). Phân loại này rất quan trọng để đánh giá khả năng cắt bỏ và lên kế hoạch phẫu thuật."
noi-benh-ly-duong-mat-mcq-044,noi,Bệnh lý đường mật,Tiêu hoá,,"Bệnh nhân nam 65 tuổi, tiền sử hút thuốc lá, đến khám vì vàng da và sụt cân. Bệnh nhân có biểu hiện vàng da tắc mật không đau, tiến triển từ từ trong 3 tháng. Chụp MRI bụng phát hiện một khối u ở vị trí ngã ba ống gan phải và trái, gây giãn đường mật trong gan cả hai thùy, trong khi phần đường mật và túi mật phía dưới bình thường. Gan không xơ, không có khối u nào khác. Xét nghiệm CA 19-9 tăng cao.

Phương pháp điều trị nào là duy nhất có khả năng chữa khỏi bệnh cho bệnh nhân u Klatskin?",Đặt stent đường mật qua nội soi.,Xạ trị.,"Phẫu thuật cắt bỏ triệt để khối u, thường bao gồm cắt bỏ đường mật ngã ba và cắt một phần gan.",Hóa trị toàn thân.,,c,"Phẫu thuật là nền tảng điều trị. Do vị trí phức tạp, phẫu thuật thường rất lớn, bao gồm cắt bỏ toàn bộ đường mật ngoài gan, túi mật, nạo hạch vùng, và thường phải cắt một phần lớn của gan (gan phải hoặc gan trái) để đảm bảo lấy hết khối u với diện cắt an toàn. Ghép gan cũng là một lựa chọn trong một số trường hợp được chọn lọc."
noi-benh-ly-duong-mat-mcq-045,noi,Bệnh lý đường mật,Tiêu hoá,,"Bệnh nhân nam 65 tuổi, tiền sử hút thuốc lá, đến khám vì vàng da và sụt cân. Bệnh nhân có biểu hiện vàng da tắc mật không đau, tiến triển từ từ trong 3 tháng. Chụp MRI bụng phát hiện một khối u ở vị trí ngã ba ống gan phải và trái, gây giãn đường mật trong gan cả hai thùy, trong khi phần đường mật và túi mật phía dưới bình thường. Gan không xơ, không có khối u nào khác. Xét nghiệm CA 19-9 tăng cao.

Tại sao vàng da thường là triệu chứng xuất hiện sớm của u Klatskin?",Vì khối u thường di căn đến gan rất sớm.,"Vì vị trí ở ngã ba đường mật là một ""nút cổ chai"", chỉ cần một khối u nhỏ cũng có thể gây tắc nghẽn và ứ mật ở cả hai thùy gan.",Vì khối u sản xuất ra một lượng lớn bilirubin.,Vì khối u gây tan máu.,,b,"Ngã ba đường mật là vị trí hợp lưu của tất cả dịch mật từ gan đổ xuống. Do đó, một khối u dù nhỏ phát triển ở đây cũng sẽ nhanh chóng gây tắc nghẽn dòng chảy của toàn bộ gan, dẫn đến ứ mật và vàng da sớm, thường là trước khi khối u kịp phát triển lớn hay di căn xa."
noi-benh-ly-duong-mat-mcq-046,noi,Bệnh lý đường mật,Tiêu hoá,,"Bệnh nhân nữ 80 tuổi, tiền sử đái tháo đường, tăng huyết áp, đến khám vì đau bụng mơ hồ và sụt cân. Bệnh nhân có sỏi túi mật nhiều năm nhưng không có triệu chứng. Siêu âm bụng kiểm tra định kỳ phát hiện thành túi mật dày lên không đều, mất cấu trúc lớp và có một khối sùi xâm lấn vào nhu mô gan kế cận. Chụp CT scan xác nhận hình ảnh khối u lớn xuất phát từ túi mật, xâm lấn gan và có nhiều hạch di căn ở rốn gan.

Chẩn đoán có khả năng nhất là gì?",Ung thư túi mật.,Di căn gan từ một nguồn khác.,Polyp túi mật.,Viêm túi mật mạn tính.,,a,"Hình ảnh một khối u phát triển từ thành túi mật, xâm lấn các cấu trúc xung quanh ở một bệnh nhân lớn tuổi có tiền sử sỏi mật là rất điển hình cho ung thư túi mật ở giai đoạn tiến triển."
noi-benh-ly-duong-mat-mcq-047,noi,Bệnh lý đường mật,Tiêu hoá,,"Bệnh nhân nữ 80 tuổi, tiền sử đái tháo đường, tăng huyết áp, đến khám vì đau bụng mơ hồ và sụt cân. Bệnh nhân có sỏi túi mật nhiều năm nhưng không có triệu chứng. Siêu âm bụng kiểm tra định kỳ phát hiện thành túi mật dày lên không đều, mất cấu trúc lớp và có một khối sùi xâm lấn vào nhu mô gan kế cận. Chụp CT scan xác nhận hình ảnh khối u lớn xuất phát từ túi mật, xâm lấn gan và có nhiều hạch di căn ở rốn gan.

Yếu tố nguy cơ quan trọng và phổ biến nhất của ung thư túi mật là gì?",Hút thuốc lá.,Sỏi túi mật mạn tính.,Uống rượu.,Béo phì.,,b,"Sỏi túi mật mạn tính là yếu tố nguy cơ chính, hiện diện ở 70- 90% các trường hợp ung thư túi mật. Mặc dù vậy, cần lưu ý là chỉ một tỷ lệ rất nhỏ những người có sỏi mật sẽ phát triển thành ung thư."
noi-benh-ly-duong-mat-mcq-048,noi,Bệnh lý đường mật,Tiêu hoá,,"Bệnh nhân nữ 80 tuổi, tiền sử đái tháo đường, tăng huyết áp, đến khám vì đau bụng mơ hồ và sụt cân. Bệnh nhân có sỏi túi mật nhiều năm nhưng không có triệu chứng. Siêu âm bụng kiểm tra định kỳ phát hiện thành túi mật dày lên không đều, mất cấu trúc lớp và có một khối sùi xâm lấn vào nhu mô gan kế cận. Chụp CT scan xác nhận hình ảnh khối u lớn xuất phát từ túi mật, xâm lấn gan và có nhiều hạch di căn ở rốn gan.

Cơ chế nào được cho là liên quan đến việc sỏi mật gây ung thư túi mật?","Sỏi gây tắc nghẽn ống túi mật, làm ứ đọng dịch mật độc.",Sỏi làm tăng áp lực trong túi mật.,"Tình trạng viêm mạn tính của thành túi mật do sự kích thích cơ học của sỏi, dẫn đến loạn sản và biến đổi ác tính.",Sỏi chứa các chất gây ung thư.,,c,"Giả thuyết được chấp nhận rộng rãi nhất là ""viêm-ung thư"". Sự hiện diện lâu dài của sỏi gây kích thích cơ học, dẫn đến tình trạng viêm mạn tính của thành túi mật. Chu kỳ tổn thương và sửa chữa tế bào liên tục này làm tăng nguy cơ phát sinh các đột biến gen và cuối cùng dẫn đến sự phát triển của ung thư."
noi-benh-ly-duong-mat-mcq-049,noi,Bệnh lý đường mật,Tiêu hoá,,"Bệnh nhân nữ 80 tuổi, tiền sử đái tháo đường, tăng huyết áp, đến khám vì đau bụng mơ hồ và sụt cân. Bệnh nhân có sỏi túi mật nhiều năm nhưng không có triệu chứng. Siêu âm bụng kiểm tra định kỳ phát hiện thành túi mật dày lên không đều, mất cấu trúc lớp và có một khối sùi xâm lấn vào nhu mô gan kế cận. Chụp CT scan xác nhận hình ảnh khối u lớn xuất phát từ túi mật, xâm lấn gan và có nhiều hạch di căn ở rốn gan.

Tại sao ung thư túi mật thường được chẩn đoán ở giai đoạn muộn và có tiên lượng xấu?","Vì các triệu chứng ban đầu thường mơ hồ, không đặc hiệu và giống với các bệnh lý lành tính của sỏi mật, hoặc bệnh nhân hoàn toàn không có triệu chứng.",Vì không có chất chỉ điểm khối u nào cho bệnh này.,Vì nó không đáp ứng với hóa trị.,Vì nó phát triển rất chậm.,,a,"Ung thư túi mật thường không gây ra triệu chứng đặc hiệu ở giai đoạn sớm. Khi các triệu chứng xuất hiện (đau, vàng da, sờ thấy khối), thường là lúc khối u đã phát triển lớn, xâm lấn vào gan hoặc các cơ quan lân cận và đã di căn, khiến cho việc điều trị triệt để (phẫu thuật) không còn khả thi."
noi-benh-ly-duong-mat-mcq-050,noi,Bệnh lý đường mật,Tiêu hoá,,"Bệnh nhân nữ 80 tuổi, tiền sử đái tháo đường, tăng huyết áp, đến khám vì đau bụng mơ hồ và sụt cân. Bệnh nhân có sỏi túi mật nhiều năm nhưng không có triệu chứng. Siêu âm bụng kiểm tra định kỳ phát hiện thành túi mật dày lên không đều, mất cấu trúc lớp và có một khối sùi xâm lấn vào nhu mô gan kế cận. Chụp CT scan xác nhận hình ảnh khối u lớn xuất phát từ túi mật, xâm lấn gan và có nhiều hạch di căn ở rốn gan.

Một tình trạng hiếm gặp nhưng là một yếu tố nguy cơ rất cao của ung thư túi mật là gì?",Bất sản túi mật.,Túi mật đôi.,Túi mật sứ (Porcelain gallbladder).,Túi mật gập góc.,,c,"Túi mật sứ là tình trạng thành túi mật bị vôi hóa lan tỏa, thường là hậu quả của viêm mạn tính mức độ nặng. Nó được xem là một tổn thương tiền ung thư với nguy cơ phát triển ung thư túi mật rất cao, và thường là một chỉ định để phẫu thuật cắt túi mật dự phòng."
noi-benh-ly-duong-mat-mcq-051,noi,Bệnh lý đường mật,Tiêu hoá,,"Bệnh nhân nữ 45 tuổi, nhân viên văn phòng, vào viện vì đau hạ sườn phải khởi phát sau bữa ăn thịnh soạn 12 giờ trước. Cơn đau liên tục, lan ra vai phải, không tư thế giảm đau. Bệnh nhân có buồn nôn nhưng không nôn. Tiền sử béo phì (BMI 29 kg/m²), chưa ghi nhận tiền sử bệnh lý nội ngoại khoa khác. Khám lâm sàng: ý thức tỉnh, mạch 100 lần/phút, huyết áp 120/70 mmHg, nhiệt độ 38,5°C, nhịp thở 20 lần/phút, SpO₂ 98%. Khám bụng có ấn đau vùng hạ sườn phải, nghiệm pháp Murphy dương tính, không sờ thấy khối tụt, gõ đục vùng thấp âm tính. Cận lâm sàng: Bạch cầu 14,5 G/L (neutrophil 80%), AST 35 U/L, ALT 40 U/L, Bilirubin toàn phần 18 μmol/L, Amylase máu 45 U/L.

Định hướng chẩn đoán phù hợp nhất trên bệnh nhân này là gì?",Viêm đường mật cấp.,Thủng ổ loét dạ dày.,Viêm tụy cấp.,Viêm túi mật cấp.,,d,"Bệnh cảnh điển hình của viêm túi mật cấp với đau hạ sườn phải, sốt, Murphy dương tính và bạch cầu tăng. Bilirubin và men gan bình thường giúp loại trừ viêm đường mật cấp, amylase bình thường loại trừ viêm tụy cấp."
noi-benh-ly-duong-mat-mcq-052,noi,Bệnh lý đường mật,Tiêu hoá,,"Bệnh nhân nữ 45 tuổi, nhân viên văn phòng, vào viện vì đau hạ sườn phải khởi phát sau bữa ăn thịnh soạn 12 giờ trước. Cơn đau liên tục, lan ra vai phải, không tư thế giảm đau. Bệnh nhân có buồn nôn nhưng không nôn. Tiền sử béo phì (BMI 29 kg/m²), chưa ghi nhận tiền sử bệnh lý nội ngoại khoa khác. Khám lâm sàng: ý thức tỉnh, mạch 100 lần/phút, huyết áp 120/70 mmHg, nhiệt độ 38,5°C, nhịp thở 20 lần/phút, SpO₂ 98%. Khám bụng có ấn đau vùng hạ sườn phải, nghiệm pháp Murphy dương tính, không sờ thấy khối tụt, gõ đục vùng thấp âm tính. Cận lâm sàng: Bạch cầu 14,5 G/L (neutrophil 80%), AST 35 U/L, ALT 40 U/L, Bilirubin toàn phần 18 μmol/L, Amylase máu 45 U/L.

Cơ chế bệnh sinh chính dẫn đến tình trạng hiện tại của bệnh nhân là gì?",Tắc nghẽn ống cổ túi mật.,Trào ngược dịch tụy vào đường mật.,Giảm co bóp cơ vòng Oddi.,Tắc nghẽn ống mật chủ.,,a,"Viêm túi mật cấp do sỏi chủ yếu khởi phát do sự tắc nghẽn cơ học tại ống cổ túi mật, dẫn đến ứ đọng dịch mật, tăng áp lực trong lòng túi mật và gây viêm thứ phát. Tắc ống mật chủ thường gây vàng da và viêm đường mật."
noi-benh-ly-duong-mat-mcq-053,noi,Bệnh lý đường mật,Tiêu hoá,,"Bệnh nhân nữ 45 tuổi, nhân viên văn phòng, vào viện vì đau hạ sườn phải khởi phát sau bữa ăn thịnh soạn 12 giờ trước. Cơn đau liên tục, lan ra vai phải, không tư thế giảm đau. Bệnh nhân có buồn nôn nhưng không nôn. Tiền sử béo phì (BMI 29 kg/m²), chưa ghi nhận tiền sử bệnh lý nội ngoại khoa khác. Khám lâm sàng: ý thức tỉnh, mạch 100 lần/phút, huyết áp 120/70 mmHg, nhiệt độ 38,5°C, nhịp thở 20 lần/phút, SpO₂ 98%. Khám bụng có ấn đau vùng hạ sườn phải, nghiệm pháp Murphy dương tính, không sờ thấy khối tụt, gõ đục vùng thấp âm tính. Cận lâm sàng: Bạch cầu 14,5 G/L (neutrophil 80%), AST 35 U/L, ALT 40 U/L, Bilirubin toàn phần 18 μmol/L, Amylase máu 45 U/L.

Chỉ định cận lâm sàng nào là ưu tiên bước đầu để xác định chẩn đoán?",Chụp cắt lớp vi tính ổ bụng.,Chụp cộng hưởng từ đường mật.,Siêu âm nội soi đường tiêu hóa.,Siêu âm ổ bụng qua thành bụng.,,d,"Siêu âm ổ bụng là tiêu chuẩn vàng bước đầu (độ nhạy và độ đặc hiệu cao, rẻ tiền, sẵn có) để chẩn đoán viêm túi mật cấp, giúp phát hiện sỏi, thành túi mật dày và dịch quanh túi mật."
noi-benh-ly-duong-mat-mcq-054,noi,Bệnh lý đường mật,Tiêu hoá,,"Bệnh nhân nữ 45 tuổi, nhân viên văn phòng, vào viện vì đau hạ sườn phải khởi phát sau bữa ăn thịnh soạn 12 giờ trước. Cơn đau liên tục, lan ra vai phải, không tư thế giảm đau. Bệnh nhân có buồn nôn nhưng không nôn. Tiền sử béo phì (BMI 29 kg/m²), chưa ghi nhận tiền sử bệnh lý nội ngoại khoa khác. Khám lâm sàng: ý thức tỉnh, mạch 100 lần/phút, huyết áp 120/70 mmHg, nhiệt độ 38,5°C, nhịp thở 20 lần/phút, SpO₂ 98%. Khám bụng có ấn đau vùng hạ sườn phải, nghiệm pháp Murphy dương tính, không sờ thấy khối tụt, gõ đục vùng thấp âm tính. Cận lâm sàng: Bạch cầu 14,5 G/L (neutrophil 80%), AST 35 U/L, ALT 40 U/L, Bilirubin toàn phần 18 μmol/L, Amylase máu 45 U/L.

Lựa chọn xử trí ban đầu phù hợp nhất cho bệnh nhân này là gì?",Kháng sinh tĩnh mạch và cắt túi mật.,Nội soi mật tụy ngược dòng cấp cứu.,Tán sỏi đường mật xuyên gan qua da.,Điều trị nội khoa bảo tồn đơn thuần.,,a,"Viêm túi mật cấp có chỉ định điều trị nội khoa ban đầu (nhịn ăn, truyền dịch, kháng sinh) kết hợp can thiệp ngoại khoa (cắt túi mật nội soi sớm) là tiêu chuẩn chăm sóc hiện hành để giảm tỷ lệ tái phát và biến chứng."
noi-benh-ly-duong-mat-mcq-055,noi,Bệnh lý đường mật,Tiêu hoá,,"Bệnh nhân nữ 45 tuổi, nhân viên văn phòng, vào viện vì đau hạ sườn phải khởi phát sau bữa ăn thịnh soạn 12 giờ trước. Cơn đau liên tục, lan ra vai phải, không tư thế giảm đau. Bệnh nhân có buồn nôn nhưng không nôn. Tiền sử béo phì (BMI 29 kg/m²), chưa ghi nhận tiền sử bệnh lý nội ngoại khoa khác. Khám lâm sàng: ý thức tỉnh, mạch 100 lần/phút, huyết áp 120/70 mmHg, nhiệt độ 38,5°C, nhịp thở 20 lần/phút, SpO₂ 98%. Khám bụng có ấn đau vùng hạ sườn phải, nghiệm pháp Murphy dương tính, không sờ thấy khối tụt, gõ đục vùng thấp âm tính. Cận lâm sàng: Bạch cầu 14,5 G/L (neutrophil 80%), AST 35 U/L, ALT 40 U/L, Bilirubin toàn phần 18 μmol/L, Amylase máu 45 U/L.

Biến chứng nào sau đây KHÔNG ĐÚNG đối với bệnh lý hiện tại của bệnh nhân?",Rò túi mật - ruột.,Viêm phúc mạc mật.,Xơ gan ứ mật tiên phát.,Áp xe quanh túi mật.,,c,"Xơ gan ứ mật tiên phát (PBC) là một bệnh lý tự miễn mạn tính gây phá hủy các ống mật nhỏ trong gan, hoàn toàn không phải là biến chứng của viêm túi mật cấp. Các phương án khác đều là biến chứng cơ học/nhiễm trùng thực tế. Nguồn tham khảo: Tokyo Guidelines 2018 (TG18)."
noi-benh-ly-duong-mat-mcq-056,noi,Bệnh lý đường mật,Tiêu hoá,,"Bệnh nhân nam 65 tuổi, thợ xây, vào viện vì đau quặn vùng thượng vị và hạ sườn phải ngày thứ 3, kèm rét run. Sáng nay bệnh nhân xuất hiện lơ mơ, người nhà đưa vào cấp cứu. Tiền sử sỏi túi mật phát hiện 2 năm trước chưa can thiệp. Khám lâm sàng: bệnh nhân lơ mơ (GCS 12 điểm), củng mạc mắt vàng sậm, niêm mạc nhợt nhạt. Mạch 125 lần/phút, huyết áp 85/50 mmHg, nhiệt độ 39,2°C, nhịp thở 24 lần/phút. Khám bụng: bụng chướng nhẹ, ấn đau nửa bụng trên, phản ứng thành bụng âm tính. Cận lâm sàng: Bạch cầu 22 G/L, AST 150 U/L, ALT 165 U/L, Bilirubin toàn phần 120 μmol/L (trực tiếp 95 μmol/L), CRP 150 mg/L.

Chẩn đoán lâm sàng phù hợp nhất đối với tình trạng của bệnh nhân là gì?",Suy gan cấp do viêm gan virus.,Sốc giảm thể tích do xuất huyết tiêu hóa.,Sốc nhiễm khuẩn do viêm đường mật cấp.,Viêm tụy cấp hoại tử thể nặng.,,c,"Bệnh nhân có ngũ chứng Reynolds (đau hạ sườn phải, sốt rét run, vàng da, tụt huyết áp, rối loạn ý thức), là biểu hiện kinh điển của viêm đường mật cấp nhiễm độc (sốc nhiễm khuẩn đường mật)."
noi-benh-ly-duong-mat-mcq-057,noi,Bệnh lý đường mật,Tiêu hoá,,"Bệnh nhân nam 65 tuổi, thợ xây, vào viện vì đau quặn vùng thượng vị và hạ sườn phải ngày thứ 3, kèm rét run. Sáng nay bệnh nhân xuất hiện lơ mơ, người nhà đưa vào cấp cứu. Tiền sử sỏi túi mật phát hiện 2 năm trước chưa can thiệp. Khám lâm sàng: bệnh nhân lơ mơ (GCS 12 điểm), củng mạc mắt vàng sậm, niêm mạc nhợt nhạt. Mạch 125 lần/phút, huyết áp 85/50 mmHg, nhiệt độ 39,2°C, nhịp thở 24 lần/phút. Khám bụng: bụng chướng nhẹ, ấn đau nửa bụng trên, phản ứng thành bụng âm tính. Cận lâm sàng: Bạch cầu 22 G/L, AST 150 U/L, ALT 165 U/L, Bilirubin toàn phần 120 μmol/L (trực tiếp 95 μmol/L), CRP 150 mg/L.

Nhóm tiêu chí nào được sử dụng trong chẩn đoán viêm đường mật cấp theo Tokyo Guidelines?","Thiếu máu, giảm tiểu cầu và tăng áp lực tĩnh mạch cửa.","Dấu hiệu viêm toàn thân, bằng chứng ứ mật và hình ảnh bất thường đường mật.","Đau hạ vị, tiểu máu và giãn hệ thống đài bể thận.","Tăng men tụy, đau lan sau lưng và hình ảnh hoại tử tụy.",,b,"Tokyo Guidelines dựa trên ba nhóm: viêm toàn thân, ứ mật và hình ảnh học cho thấy giãn hoặc nguyên nhân tắc nghẽn đường mật. Tăng men tụy không phải tiêu chí cốt lõi của viêm đường mật cấp."
noi-benh-ly-duong-mat-mcq-058,noi,Bệnh lý đường mật,Tiêu hoá,,"Bệnh nhân nam 65 tuổi, thợ xây, vào viện vì đau quặn vùng thượng vị và hạ sườn phải ngày thứ 3, kèm rét run. Sáng nay bệnh nhân xuất hiện lơ mơ, người nhà đưa vào cấp cứu. Tiền sử sỏi túi mật phát hiện 2 năm trước chưa can thiệp. Khám lâm sàng: bệnh nhân lơ mơ (GCS 12 điểm), củng mạc mắt vàng sậm, niêm mạc nhợt nhạt. Mạch 125 lần/phút, huyết áp 85/50 mmHg, nhiệt độ 39,2°C, nhịp thở 24 lần/phút. Khám bụng: bụng chướng nhẹ, ấn đau nửa bụng trên, phản ứng thành bụng âm tính. Cận lâm sàng: Bạch cầu 22 G/L, AST 150 U/L, ALT 165 U/L, Bilirubin toàn phần 120 μmol/L (trực tiếp 95 μmol/L), CRP 150 mg/L.

Bước xử trí nào có tính quyết định sinh mạng bệnh nhân sau khi hồi sức dịch?",Mở bụng thám sát và rửa ổ bụng.,Đặt ống thông dạ dày và nhịn ăn.,Cắt bỏ túi mật nội soi chương trình.,Dẫn lưu đường mật giải áp cấp cứu.,,d,"Bệnh nhân đang có viêm đường mật cấp mức độ nặng (độ III theo TG18) kèm sốc nhiễm khuẩn. Song song với hồi sức huyết động và kháng sinh phổ rộng, dẫn lưu đường mật cấp cứu (qua ERCP hoặc PTBD) là bắt buộc để giải áp vi khuẩn và mủ."
noi-benh-ly-duong-mat-mcq-059,noi,Bệnh lý đường mật,Tiêu hoá,,"Bệnh nhân nam 65 tuổi, thợ xây, vào viện vì đau quặn vùng thượng vị và hạ sườn phải ngày thứ 3, kèm rét run. Sáng nay bệnh nhân xuất hiện lơ mơ, người nhà đưa vào cấp cứu. Tiền sử sỏi túi mật phát hiện 2 năm trước chưa can thiệp. Khám lâm sàng: bệnh nhân lơ mơ (GCS 12 điểm), củng mạc mắt vàng sậm, niêm mạc nhợt nhạt. Mạch 125 lần/phút, huyết áp 85/50 mmHg, nhiệt độ 39,2°C, nhịp thở 24 lần/phút. Khám bụng: bụng chướng nhẹ, ấn đau nửa bụng trên, phản ứng thành bụng âm tính. Cận lâm sàng: Bạch cầu 22 G/L, AST 150 U/L, ALT 165 U/L, Bilirubin toàn phần 120 μmol/L (trực tiếp 95 μmol/L), CRP 150 mg/L.

Cơ chế chính gây tụt huyết áp và lơ mơ trên bệnh nhân này là gì?",Mất dịch vào khoang thứ ba ổ bụng.,Tắc nghẽn tĩnh mạch cửa do huyết khối.,Tràn dịch màng phổi hai bên lượng nhiều.,Giãn mạch toàn thân do độc tố vi khuẩn.,,d,"Viêm đường mật mủ gây vỡ hàng rào máu mật, vi khuẩn Gram âm xâm nhập vào hệ tuần hoàn giải phóng nội độc tố (endotoxin), gây hội chứng đáp ứng viêm hệ thống, giãn mạch toàn thân và sốc nhiễm khuẩn."
noi-benh-ly-duong-mat-mcq-060,noi,Bệnh lý đường mật,Tiêu hoá,,"Bệnh nhân nam 65 tuổi, thợ xây, vào viện vì đau quặn vùng thượng vị và hạ sườn phải ngày thứ 3, kèm rét run. Sáng nay bệnh nhân xuất hiện lơ mơ, người nhà đưa vào cấp cứu. Tiền sử sỏi túi mật phát hiện 2 năm trước chưa can thiệp. Khám lâm sàng: bệnh nhân lơ mơ (GCS 12 điểm), củng mạc mắt vàng sậm, niêm mạc nhợt nhạt. Mạch 125 lần/phút, huyết áp 85/50 mmHg, nhiệt độ 39,2°C, nhịp thở 24 lần/phút. Khám bụng: bụng chướng nhẹ, ấn đau nửa bụng trên, phản ứng thành bụng âm tính. Cận lâm sàng: Bạch cầu 22 G/L, AST 150 U/L, ALT 165 U/L, Bilirubin toàn phần 120 μmol/L (trực tiếp 95 μmol/L), CRP 150 mg/L.

Diễn biến cận lâm sàng nào ít phù hợp nhất nếu bệnh nhân không được can thiệp kịp thời?",Tăng creatinin máu thanh thải.,Giảm tiểu cầu máu ngoại vi.,Tăng bilirubin gián tiếp ưu thế.,Tăng lactate máu tĩnh mạch.,,c,"Viêm đường mật gây tắc nghẽn đường mật sau gan, do đó làm tăng bilirubin trực tiếp (liên hợp) ưu thế. Tăng bilirubin gián tiếp ưu thế thường gặp trong tan máu hoặc hội chứng Gilbert, không phù hợp với bệnh cảnh tắc mật cơ học. Nguồn tham khảo: Tokyo Guidelines 2018 (TG18)."
noi-benh-ly-duong-mat-mcq-061,noi,Bệnh lý đường mật,Tiêu hoá,,"Bệnh nhân nữ 50 tuổi, béo phì, vào viện vì đau thượng vị dữ dội đột ngột, lan ra sau lưng, buồn nôn và nôn ra dịch dạ dày. Bệnh khởi phát sau khi ăn đồ chiên xào 6 giờ. Khám: mạch 110 lần/phút, huyết áp 130/80 mmHg, nhiệt độ 37,5°C. Củng mạc mắt vàng nhẹ. Bụng chướng nhẹ, ấn đau nhiều vùng thượng vị, không có mảng bầm tím quanh rốn. Cận lâm sàng: AST 450 U/L, ALT 510 U/L, Bilirubin toàn phần 60 μmol/L, Bilirubin trực tiếp 45 μmol/L, Lipase 3500 U/L (bình thường < 60 U/L), Triglyceride máu 1,5 mmol/L, Canxi máu 2,2 mmol/L. Siêu âm bụng thấy túi mật có nhiều sỏi nhỏ, ống mật chủ đường kính 9 mm, tụy phù nề.

Chẩn đoán sơ bộ hợp lý nhất trên bệnh nhân này là gì?",Thủng dạ dày tá tràng bít tắc.,Nhồi máu mạc treo ruột cấp tính.,Viêm gan cấp do virus hoặc thuốc.,Viêm tụy cấp nghi do sỏi mật.,,d,"Bệnh cảnh đau thượng vị lan sau lưng, nôn, kèm Lipase tăng gấp >50 lần bình thường chẩn đoán xác định viêm tụy cấp. Bilirubin tăng và sỏi túi mật trên siêu âm hướng tới nguyên nhân do sỏi mật."
noi-benh-ly-duong-mat-mcq-062,noi,Bệnh lý đường mật,Tiêu hoá,,"Bệnh nhân nữ 50 tuổi, béo phì, vào viện vì đau thượng vị dữ dội đột ngột, lan ra sau lưng, buồn nôn và nôn ra dịch dạ dày. Bệnh khởi phát sau khi ăn đồ chiên xào 6 giờ. Khám: mạch 110 lần/phút, huyết áp 130/80 mmHg, nhiệt độ 37,5°C. Củng mạc mắt vàng nhẹ. Bụng chướng nhẹ, ấn đau nhiều vùng thượng vị, không có mảng bầm tím quanh rốn. Cận lâm sàng: AST 450 U/L, ALT 510 U/L, Bilirubin toàn phần 60 μmol/L, Bilirubin trực tiếp 45 μmol/L, Lipase 3500 U/L (bình thường < 60 U/L), Triglyceride máu 1,5 mmol/L, Canxi máu 2,2 mmol/L. Siêu âm bụng thấy túi mật có nhiều sỏi nhỏ, ống mật chủ đường kính 9 mm, tụy phù nề.

Đặc điểm cận lâm sàng nào ủng hộ nguyên nhân cơ học gây ra bệnh cảnh trên?",Triglyceride máu ở mức bình thường.,Canxi máu nằm trong giới hạn chuẩn.,Lipase máu tăng rất cao.,Men gan tăng thoáng qua rất cao.,,d,"Trong viêm tụy cấp do sỏi mật, sự tắc nghẽn tạm thời ở ống mật chủ/bóng Vater thường gây ra tình trạng tăng men gan (AST, ALT) rất cao nhưng thoáng qua trong 24-48 giờ đầu, đây là dấu hiệu sinh hóa gợi ý nguyên nhân sỏi mật mạnh nhất."
noi-benh-ly-duong-mat-mcq-063,noi,Bệnh lý đường mật,Tiêu hoá,,"Bệnh nhân nữ 50 tuổi, béo phì, vào viện vì đau thượng vị dữ dội đột ngột, lan ra sau lưng, buồn nôn và nôn ra dịch dạ dày. Bệnh khởi phát sau khi ăn đồ chiên xào 6 giờ. Khám: mạch 110 lần/phút, huyết áp 130/80 mmHg, nhiệt độ 37,5°C. Củng mạc mắt vàng nhẹ. Bụng chướng nhẹ, ấn đau nhiều vùng thượng vị, không có mảng bầm tím quanh rốn. Cận lâm sàng: AST 450 U/L, ALT 510 U/L, Bilirubin toàn phần 60 μmol/L, Bilirubin trực tiếp 45 μmol/L, Lipase 3500 U/L (bình thường < 60 U/L), Triglyceride máu 1,5 mmol/L, Canxi máu 2,2 mmol/L. Siêu âm bụng thấy túi mật có nhiều sỏi nhỏ, ống mật chủ đường kính 9 mm, tụy phù nề.

Thăm dò hình ảnh nào phù hợp nhất để xác định tổn thương nếu siêu âm không rõ ràng?",Chụp cắt lớp vi tính sọ não.,Chụp cộng hưởng từ đường mật.,Chụp X-quang bụng đứng không chuẩn bị.,Chụp xạ hình chức năng gan mật.,,b,"Khi siêu âm qua thành bụng không phát hiện rõ sỏi ống mật chủ do vướng hơi ở ruột, Chụp cộng hưởng từ đường mật (MRCP) hoặc Siêu âm nội soi (EUS) là phương pháp tối ưu, không xâm lấn để khảo sát sỏi ống mật chủ."
noi-benh-ly-duong-mat-mcq-064,noi,Bệnh lý đường mật,Tiêu hoá,,"Bệnh nhân nữ 50 tuổi, béo phì, vào viện vì đau thượng vị dữ dội đột ngột, lan ra sau lưng, buồn nôn và nôn ra dịch dạ dày. Bệnh khởi phát sau khi ăn đồ chiên xào 6 giờ. Khám: mạch 110 lần/phút, huyết áp 130/80 mmHg, nhiệt độ 37,5°C. Củng mạc mắt vàng nhẹ. Bụng chướng nhẹ, ấn đau nhiều vùng thượng vị, không có mảng bầm tím quanh rốn. Cận lâm sàng: AST 450 U/L, ALT 510 U/L, Bilirubin toàn phần 60 μmol/L, Bilirubin trực tiếp 45 μmol/L, Lipase 3500 U/L (bình thường < 60 U/L), Triglyceride máu 1,5 mmol/L, Canxi máu 2,2 mmol/L. Siêu âm bụng thấy túi mật có nhiều sỏi nhỏ, ống mật chủ đường kính 9 mm, tụy phù nề.

Chiến lược can thiệp lâu dài nào giúp giảm tỷ lệ tái phát tình trạng này?",Dùng thuốc giảm mỡ máu nhóm statin.,Đặt stent đường mật vĩnh viễn.,Phẫu thuật cắt túi mật nội soi.,Uống acid ursodeoxycholic suốt đời.,,c,"Đối với viêm tụy cấp do sỏi mật dạng nhẹ, phẫu thuật cắt túi mật nội soi nên được thực hiện trong cùng đợt nằm viện (hoặc sớm sau khi ổn định) để ngăn ngừa sỏi tiếp tục rơi xuống gây tái phát viêm tụy."
noi-benh-ly-duong-mat-mcq-065,noi,Bệnh lý đường mật,Tiêu hoá,,"Bệnh nhân nữ 50 tuổi, béo phì, vào viện vì đau thượng vị dữ dội đột ngột, lan ra sau lưng, buồn nôn và nôn ra dịch dạ dày. Bệnh khởi phát sau khi ăn đồ chiên xào 6 giờ. Khám: mạch 110 lần/phút, huyết áp 130/80 mmHg, nhiệt độ 37,5°C. Củng mạc mắt vàng nhẹ. Bụng chướng nhẹ, ấn đau nhiều vùng thượng vị, không có mảng bầm tím quanh rốn. Cận lâm sàng: AST 450 U/L, ALT 510 U/L, Bilirubin toàn phần 60 μmol/L, Bilirubin trực tiếp 45 μmol/L, Lipase 3500 U/L (bình thường < 60 U/L), Triglyceride máu 1,5 mmol/L, Canxi máu 2,2 mmol/L. Siêu âm bụng thấy túi mật có nhiều sỏi nhỏ, ống mật chủ đường kính 9 mm, tụy phù nề.

Cơ chế sinh lý bệnh chính giải thích tình trạng men tụy tăng cao ở bệnh nhân này là gì?",Tắc nghẽn bóng Vater làm tăng áp lực ống tụy.,Thiếu máu cục bộ vùng đuôi và thân tụy.,Độc tố trực tiếp phá hủy nang tuyến tụy.,Tự miễn dịch kháng lại tế bào đảo tụy.,,a,"Sỏi mật rớt xuống kẹt tại bóng Vater gây cản trở dòng chảy chung của dịch mật và dịch tụy. Áp lực ống tụy tăng cao dẫn đến ứ đọng, kích hoạt sớm các men tụy ngay trong nhu mô tụy (đặc biệt là trypsinogen thành trypsin), gây ra quá trình tự tiêu hóa tuyến tụy. Nguồn tham khảo: Phác đồ điều trị Viêm tụy cấp cấp tính (ACG/AGA)."
noi-benh-ly-duong-mat-mcq-066,noi,Bệnh lý đường mật,Tiêu hoá,,"Bệnh nhân nữ 55 tuổi, tiền sử đái tháo đường type 2 đang dùng metformin, vào khám vì ngứa toàn thân dữ dội kéo dài 6 tháng nay, ngứa nhiều về đêm, kèm mệt mỏi. Khám lâm sàng không có vàng da rõ, có các mảng u vàng (xanthelasma) quanh mi mắt, gan lách không to. Cận lâm sàng: AST 45 U/L, ALT 50 U/L, Phosphatase kiềm (ALP) 580 U/L (bình thường < 120 U/L), GGT 400 U/L, Bilirubin toàn phần 20 μmol/L. Siêu âm ổ bụng: đường mật trong và ngoài gan không giãn, nhu mô gan đồng âm. Kháng thể kháng ty thể (AMA) dương tính hiệu giá cao 1:320.

Định hướng chẩn đoán chính xác nhất cho bệnh nhân này là gì?",Ung thư biểu mô đường mật.,Xơ gan ứ mật tiên phát.,Viêm gan tự miễn type 1.,Viêm đường mật xơ hóa tiên phát.,,b,"Bệnh cảnh phụ nữ trung niên, ngứa dữ dội, u vàng, ALP tăng cao, hình ảnh đường mật bình thường và đặc biệt là kháng thể AMA dương tính hiệu giá cao là tiêu chuẩn chẩn đoán Xơ gan ứ mật tiên phát (Primary Biliary Cholangitis - PBC)."
noi-benh-ly-duong-mat-mcq-067,noi,Bệnh lý đường mật,Tiêu hoá,,"Bệnh nhân nữ 55 tuổi, tiền sử đái tháo đường type 2 đang dùng metformin, vào khám vì ngứa toàn thân dữ dội kéo dài 6 tháng nay, ngứa nhiều về đêm, kèm mệt mỏi. Khám lâm sàng không có vàng da rõ, có các mảng u vàng (xanthelasma) quanh mi mắt, gan lách không to. Cận lâm sàng: AST 45 U/L, ALT 50 U/L, Phosphatase kiềm (ALP) 580 U/L (bình thường < 120 U/L), GGT 400 U/L, Bilirubin toàn phần 20 μmol/L. Siêu âm ổ bụng: đường mật trong và ngoài gan không giãn, nhu mô gan đồng âm. Kháng thể kháng ty thể (AMA) dương tính hiệu giá cao 1:320.

Cơ chế bệnh sinh cốt lõi của bệnh lý này là gì?",Lắng đọng sắt quá mức tại tế bào nhu mô gan.,Xơ hóa hẹp lan tỏa các ống mật lớn ngoài gan.,Tắc nghẽn cơ học do u chèn ép từ rốn gan.,Phá hủy tự miễn các ống mật nhỏ gian tiểu thùy.,,d,"PBC là bệnh lý tự miễn qua trung gian tế bào T, tấn công và phá hủy từ từ các biểu mô ống mật nhỏ gian tiểu thùy trong gan, dẫn đến ứ mật mạn tính, tiến triển xơ gan. Khác với PSC gây tổn thương cả ống mật lớn ngoài gan."
noi-benh-ly-duong-mat-mcq-068,noi,Bệnh lý đường mật,Tiêu hoá,,"Bệnh nhân nữ 55 tuổi, tiền sử đái tháo đường type 2 đang dùng metformin, vào khám vì ngứa toàn thân dữ dội kéo dài 6 tháng nay, ngứa nhiều về đêm, kèm mệt mỏi. Khám lâm sàng không có vàng da rõ, có các mảng u vàng (xanthelasma) quanh mi mắt, gan lách không to. Cận lâm sàng: AST 45 U/L, ALT 50 U/L, Phosphatase kiềm (ALP) 580 U/L (bình thường < 120 U/L), GGT 400 U/L, Bilirubin toàn phần 20 μmol/L. Siêu âm ổ bụng: đường mật trong và ngoài gan không giãn, nhu mô gan đồng âm. Kháng thể kháng ty thể (AMA) dương tính hiệu giá cao 1:320.

Thăm dò nào thường được sử dụng để đánh giá giai đoạn xơ hóa của bệnh nhân này mà không cần xâm lấn?",Sinh thiết gan qua tĩnh mạch cảnh.,Chụp cắt lớp phóng xạ positron.,Chụp mật tụy ngược dòng qua nội soi.,Siêu âm đàn hồi mô gan.,,d,"Siêu âm đàn hồi mô (Fibroscan) là phương pháp không xâm lấn, đo độ cứng của gan, được sử dụng rộng rãi để đánh giá và theo dõi giai đoạn xơ hóa gan trong các bệnh lý gan mạn tính bao gồm PBC."
noi-benh-ly-duong-mat-mcq-069,noi,Bệnh lý đường mật,Tiêu hoá,,"Bệnh nhân nữ 55 tuổi, tiền sử đái tháo đường type 2 đang dùng metformin, vào khám vì ngứa toàn thân dữ dội kéo dài 6 tháng nay, ngứa nhiều về đêm, kèm mệt mỏi. Khám lâm sàng không có vàng da rõ, có các mảng u vàng (xanthelasma) quanh mi mắt, gan lách không to. Cận lâm sàng: AST 45 U/L, ALT 50 U/L, Phosphatase kiềm (ALP) 580 U/L (bình thường < 120 U/L), GGT 400 U/L, Bilirubin toàn phần 20 μmol/L. Siêu âm ổ bụng: đường mật trong và ngoài gan không giãn, nhu mô gan đồng âm. Kháng thể kháng ty thể (AMA) dương tính hiệu giá cao 1:320.

Điều trị nội khoa đặc hiệu đầu tay nhằm làm chậm tiến triển bệnh là gì?",Acid ursodeoxycholic liều tiêu chuẩn.,Thuốc ức chế miễn dịch Azathioprine.,Kháng sinh đường ruột Rifaximin.,Corticosteroid toàn thân liều cao.,,a,"Acid ursodeoxycholic (UDCA) là liệu pháp đầu tay và cơ bản nhất cho PBC, giúp cải thiện sinh hóa gan, làm chậm quá trình mô học và kéo dài thời gian sống còn không cần ghép gan."
noi-benh-ly-duong-mat-mcq-070,noi,Bệnh lý đường mật,Tiêu hoá,,"Bệnh nhân nữ 55 tuổi, tiền sử đái tháo đường type 2 đang dùng metformin, vào khám vì ngứa toàn thân dữ dội kéo dài 6 tháng nay, ngứa nhiều về đêm, kèm mệt mỏi. Khám lâm sàng không có vàng da rõ, có các mảng u vàng (xanthelasma) quanh mi mắt, gan lách không to. Cận lâm sàng: AST 45 U/L, ALT 50 U/L, Phosphatase kiềm (ALP) 580 U/L (bình thường < 120 U/L), GGT 400 U/L, Bilirubin toàn phần 20 μmol/L. Siêu âm ổ bụng: đường mật trong và ngoài gan không giãn, nhu mô gan đồng âm. Kháng thể kháng ty thể (AMA) dương tính hiệu giá cao 1:320.

Bệnh nhân này có nguy cơ cao gặp phải biến chứng mạn tính nào sau đây do tình trạng ứ mật kéo dài?",Suy thận cấp chức năng.,Bệnh cơ tim giãn nở.,Rối loạn đông máu do thiếu vitamin C.,Loãng xương và gãy xương.,,d,"Tình trạng ứ mật mạn tính trong PBC làm giảm hấp thu các vitamin tan trong dầu (A, D, E, K). Thiếu hụt vitamin D mạn tính kết hợp với rối loạn chuyển hóa xương ở bệnh gan dẫn đến nguy cơ cao bị loãng xương (osteoporosis). Nguồn tham khảo: Phác đồ AASLD/EASL về chẩn đoán và quản lý PBC."
noi-benh-ly-duong-mat-mcq-071,noi,Bệnh lý đường mật,Tiêu hoá,,"Bệnh nhân nam 35 tuổi, tiền sử viêm loét đại trực tràng chảy máu (UC) 5 năm đang điều trị duy trì bằng Mesalamine. Gần đây bệnh nhân thấy mệt mỏi, sụt 3 kg, ngứa rải rác và vàng da nhẹ. Khám có củng mạc mắt vàng, gan mép sườn. Xét nghiệm: AST 60 U/L, ALT 75 U/L, ALP 650 U/L, GGT 520 U/L, Bilirubin toàn phần 45 μmol/L. Kháng thể kháng nhân (ANA) và p-ANCA dương tính, AMA âm tính. Chụp cộng hưởng từ đường mật (MRCP) cho thấy hình ảnh hẹp và giãn xen kẽ (hình chuỗi hạt) ở cả đường mật trong và ngoài gan.

Chẩn đoán xác định phù hợp nhất với lâm sàng và hình ảnh học là gì?",Viêm đường mật xơ hóa tiên phát.,Sỏi bùn đường mật trong gan lan tỏa.,Xơ gan ứ mật tiên phát giai đoạn muộn.,Viêm gan virus B mạn tính tiến triển.,,a,"Bệnh nhân nam trẻ tuổi có tiền sử Viêm loét đại tràng (UC), hội chứng ứ mật (ALP, GGT tăng) và hình ảnh MRCP kinh điển hẹp/giãn xen kẽ đường mật trong/ngoài gan là tiêu chuẩn vàng của Viêm đường mật xơ hóa tiên phát (PSC)."
noi-benh-ly-duong-mat-mcq-072,noi,Bệnh lý đường mật,Tiêu hoá,,"Bệnh nhân nam 35 tuổi, tiền sử viêm loét đại trực tràng chảy máu (UC) 5 năm đang điều trị duy trì bằng Mesalamine. Gần đây bệnh nhân thấy mệt mỏi, sụt 3 kg, ngứa rải rác và vàng da nhẹ. Khám có củng mạc mắt vàng, gan mép sườn. Xét nghiệm: AST 60 U/L, ALT 75 U/L, ALP 650 U/L, GGT 520 U/L, Bilirubin toàn phần 45 μmol/L. Kháng thể kháng nhân (ANA) và p-ANCA dương tính, AMA âm tính. Chụp cộng hưởng từ đường mật (MRCP) cho thấy hình ảnh hẹp và giãn xen kẽ (hình chuỗi hạt) ở cả đường mật trong và ngoài gan.

Đặc điểm sinh lý bệnh nào dẫn đến hình ảnh ""chuỗi hạt"" trên MRCP?",Sự lắng đọng phức hợp miễn dịch tại tiểu cầu thận.,Viêm mủ cấp tính gây hoại tử niêm mạc ống mật.,Viêm và xơ hóa đồng tâm làm hẹp đa ổ đường mật.,Tăng sinh ác tính tế bào biểu mô đường mật.,,c,"Đặc trưng bệnh sinh của PSC là tình trạng viêm mạn tính và xơ hóa đồng tâm (hình củ hành trên giải phẫu bệnh) quanh các ống mật, gây ra các chít hẹp đa ổ đan xen với các đoạn giãn trên hình ảnh học tạo thành ""chuỗi hạt""."
noi-benh-ly-duong-mat-mcq-073,noi,Bệnh lý đường mật,Tiêu hoá,,"Bệnh nhân nam 35 tuổi, tiền sử viêm loét đại trực tràng chảy máu (UC) 5 năm đang điều trị duy trì bằng Mesalamine. Gần đây bệnh nhân thấy mệt mỏi, sụt 3 kg, ngứa rải rác và vàng da nhẹ. Khám có củng mạc mắt vàng, gan mép sườn. Xét nghiệm: AST 60 U/L, ALT 75 U/L, ALP 650 U/L, GGT 520 U/L, Bilirubin toàn phần 45 μmol/L. Kháng thể kháng nhân (ANA) và p-ANCA dương tính, AMA âm tính. Chụp cộng hưởng từ đường mật (MRCP) cho thấy hình ảnh hẹp và giãn xen kẽ (hình chuỗi hạt) ở cả đường mật trong và ngoài gan.

Bước quản lý nào là bắt buộc để tầm soát biến chứng ở bệnh nhân này?",Siêu âm tim định kỳ đánh giá chức năng tâm thất.,Đo phế dung ký đánh giá chức năng hô hấp hàng năm.,Nội soi đường mật hoặc MRCP định kỳ tầm soát ung thư.,Nội soi dạ dày tầm soát tĩnh mạch trướng mỗi 6 tháng.,,c,Bệnh nhân PSC có nguy cơ rất cao phát triển ung thư đường mật (Cholangiocarcinoma). Tầm soát thường quy bằng hình ảnh học (MRCP/Siêu âm) kết hợp với xét nghiệm CA 19-9 định kỳ là bắt buộc theo hướng dẫn.
noi-benh-ly-duong-mat-mcq-074,noi,Bệnh lý đường mật,Tiêu hoá,,"Bệnh nhân nam 35 tuổi, tiền sử viêm loét đại trực tràng chảy máu (UC) 5 năm đang điều trị duy trì bằng Mesalamine. Gần đây bệnh nhân thấy mệt mỏi, sụt 3 kg, ngứa rải rác và vàng da nhẹ. Khám có củng mạc mắt vàng, gan mép sườn. Xét nghiệm: AST 60 U/L, ALT 75 U/L, ALP 650 U/L, GGT 520 U/L, Bilirubin toàn phần 45 μmol/L. Kháng thể kháng nhân (ANA) và p-ANCA dương tính, AMA âm tính. Chụp cộng hưởng từ đường mật (MRCP) cho thấy hình ảnh hẹp và giãn xen kẽ (hình chuỗi hạt) ở cả đường mật trong và ngoài gan.

Trong trường hợp bệnh nhân có biểu hiện tắc mật cấp tính với một vị trí hẹp trội trên hình ảnh học, can thiệp nào là ưu tiên?",Cắt bỏ toàn bộ đại trực tràng dự phòng.,Điều trị nội khoa với liều cao Corticosteroid.,Phẫu thuật nối ống mật chủ - hổng tràng.,Đặt stent đường mật qua ERCP giải áp.,,d,"Trong quá trình diễn tiến của PSC, bệnh nhân thường xuất hiện các ""chỗ hẹp trội"" (dominant strictures) gây tắc mật cấp hoặc viêm đường mật cấp. Can thiệp ERCP nong chỗ hẹp hoặc đặt stent là ưu tiên để giải áp cơ học."
noi-benh-ly-duong-mat-mcq-075,noi,Bệnh lý đường mật,Tiêu hoá,,"Bệnh nhân nam 35 tuổi, tiền sử viêm loét đại trực tràng chảy máu (UC) 5 năm đang điều trị duy trì bằng Mesalamine. Gần đây bệnh nhân thấy mệt mỏi, sụt 3 kg, ngứa rải rác và vàng da nhẹ. Khám có củng mạc mắt vàng, gan mép sườn. Xét nghiệm: AST 60 U/L, ALT 75 U/L, ALP 650 U/L, GGT 520 U/L, Bilirubin toàn phần 45 μmol/L. Kháng thể kháng nhân (ANA) và p-ANCA dương tính, AMA âm tính. Chụp cộng hưởng từ đường mật (MRCP) cho thấy hình ảnh hẹp và giãn xen kẽ (hình chuỗi hạt) ở cả đường mật trong và ngoài gan.

Bệnh nhân này có nguy cơ diễn tiến thành loại ung thư nào cao nhất?",Ung thư biểu mô đường mật cholangiocarcinoma.,Ung thư biểu mô tế bào gan nguyên phát.,Ung thư biểu mô tế bào vảy thực quản.,Ung thư tuyến tụy ngoại tiết hoại tử.,,a,Ung thư biểu mô đường mật (Cholangiocarcinoma - CCA) là biến chứng ác tính đáng sợ nhất và là nguyên nhân tử vong hàng đầu ở bệnh nhân PSC (nguy cơ trọn đời khoảng 10-20%). Nguồn tham khảo: Phác đồ AASLD/EASL về quản lý PSC.
noi-benh-ly-duong-mat-mcq-076,noi,Bệnh lý đường mật,Tiêu hoá,,"Bệnh nhân nam 72 tuổi, đang điều trị tại khoa Hồi sức tích cực ngày thứ 10 vì sốc nhiễm khuẩn do viêm phổi thở máy. Bệnh nhân vẫn đang duy trì vận mạch liều thấp và nuôi dưỡng tĩnh mạch hoàn toàn. Hôm nay bệnh nhân xuất hiện sốt lại 39°C, bụng chướng nhẹ, ấn có phản ứng đau vùng hạ sườn phải. Cận lâm sàng: Bạch cầu tăng vọt từ 10 G/L lên 25 G/L, Bilirubin và men gan tăng nhẹ. Siêu âm ổ bụng tại giường thấy túi mật căng to, thành dày 5 mm, có dịch lớp mỏng quanh túi mật, không thấy sỏi trong túi mật và đường mật.

Chẩn đoán cấp cứu có khả năng nhất giải thích tình trạng hiện tại là gì?",Áp xe gan đa ổ do vi khuẩn kỵ khí.,Viêm ruột hoại tử do Clostridium difficile.,Viêm túi mật cấp không do sỏi.,Nhồi máu lách cấp tính do huyết khối.,,c,"Bệnh cảnh bệnh nhân nặng đang nằm ICU dài ngày, sốt lại, ấn đau hạ sườn phải, siêu âm thấy thành túi mật dày, có dịch quanh túi mật nhưng không có sỏi là bệnh cảnh điển hình của Viêm túi mật cấp không do sỏi (Acalculous cholecystitis)."
noi-benh-ly-duong-mat-mcq-077,noi,Bệnh lý đường mật,Tiêu hoá,,"Bệnh nhân nam 72 tuổi, đang điều trị tại khoa Hồi sức tích cực ngày thứ 10 vì sốc nhiễm khuẩn do viêm phổi thở máy. Bệnh nhân vẫn đang duy trì vận mạch liều thấp và nuôi dưỡng tĩnh mạch hoàn toàn. Hôm nay bệnh nhân xuất hiện sốt lại 39°C, bụng chướng nhẹ, ấn có phản ứng đau vùng hạ sườn phải. Cận lâm sàng: Bạch cầu tăng vọt từ 10 G/L lên 25 G/L, Bilirubin và men gan tăng nhẹ. Siêu âm ổ bụng tại giường thấy túi mật căng to, thành dày 5 mm, có dịch lớp mỏng quanh túi mật, không thấy sỏi trong túi mật và đường mật.

Cơ chế bệnh sinh chính của tình trạng này ở bệnh nhân hồi sức là gì?",Phản ứng dị ứng muộn với kháng sinh phổ rộng.,Di chuyển của sỏi sắc tố từ đường mật chính.,Suy giảm miễn dịch tế bào do sử dụng corticoid.,Giảm tưới máu cục bộ và ứ trệ dịch mật mạn.,,d,"Cơ chế chính là do sốc/tụt huyết áp gây thiếu máu cục bộ vách túi mật, kết hợp với tình trạng nhịn ăn kéo dài, dùng thuốc an thần/giảm đau làm giảm co bóp túi mật, dẫn đến ứ trệ dịch mật và hoại tử thành túi mật."
noi-benh-ly-duong-mat-mcq-078,noi,Bệnh lý đường mật,Tiêu hoá,,"Bệnh nhân nam 72 tuổi, đang điều trị tại khoa Hồi sức tích cực ngày thứ 10 vì sốc nhiễm khuẩn do viêm phổi thở máy. Bệnh nhân vẫn đang duy trì vận mạch liều thấp và nuôi dưỡng tĩnh mạch hoàn toàn. Hôm nay bệnh nhân xuất hiện sốt lại 39°C, bụng chướng nhẹ, ấn có phản ứng đau vùng hạ sườn phải. Cận lâm sàng: Bạch cầu tăng vọt từ 10 G/L lên 25 G/L, Bilirubin và men gan tăng nhẹ. Siêu âm ổ bụng tại giường thấy túi mật căng to, thành dày 5 mm, có dịch lớp mỏng quanh túi mật, không thấy sỏi trong túi mật và đường mật.

Thăm dò hình ảnh nào có giá trị thay thế cao nhất nếu siêu âm không kết luận được?",Chụp cộng hưởng từ đường mật MRCP.,Nội soi đại tràng toàn bộ thám sát ống tiêu hóa.,Chụp cắt lớp vi tính ổ bụng có tiêm thuốc cản quang.,Chụp X-quang bụng không chuẩn bị tư thế đứng.,,c,"Mặc dù siêu âm là lựa chọn đầu tay, CT scan ổ bụng có cản quang có độ nhạy và độ đặc hiệu rất cao để chẩn đoán viêm túi mật cấp không do sỏi, đồng thời giúp phát hiện các biến chứng hoại tử, thủng túi mật ở bệnh nhân ICU."
noi-benh-ly-duong-mat-mcq-079,noi,Bệnh lý đường mật,Tiêu hoá,,"Bệnh nhân nam 72 tuổi, đang điều trị tại khoa Hồi sức tích cực ngày thứ 10 vì sốc nhiễm khuẩn do viêm phổi thở máy. Bệnh nhân vẫn đang duy trì vận mạch liều thấp và nuôi dưỡng tĩnh mạch hoàn toàn. Hôm nay bệnh nhân xuất hiện sốt lại 39°C, bụng chướng nhẹ, ấn có phản ứng đau vùng hạ sườn phải. Cận lâm sàng: Bạch cầu tăng vọt từ 10 G/L lên 25 G/L, Bilirubin và men gan tăng nhẹ. Siêu âm ổ bụng tại giường thấy túi mật căng to, thành dày 5 mm, có dịch lớp mỏng quanh túi mật, không thấy sỏi trong túi mật và đường mật.

Xử trí can thiệp nào là phù hợp nhất cho bệnh nhân này xét trên tình trạng toàn thân?",Dẫn lưu túi mật xuyên gan qua da.,Nội soi mật tụy ngược dòng cắt cơ vòng.,Theo dõi bảo tồn và chờ chức năng gan hồi phục.,Phẫu thuật mổ hở cắt túi mật cấp cứu.,,a,"Bệnh nhân đang ở tình trạng rất nặng (thở máy, dùng vận mạch), nguy cơ phẫu thuật là cực kỳ cao. Dẫn lưu túi mật xuyên gan qua da (PTGBD) dưới hướng dẫn siêu âm là lựa chọn tối ưu để giải áp và kiểm soát ổ nhiễm trùng."
noi-benh-ly-duong-mat-mcq-080,noi,Bệnh lý đường mật,Tiêu hoá,,"Bệnh nhân nam 72 tuổi, đang điều trị tại khoa Hồi sức tích cực ngày thứ 10 vì sốc nhiễm khuẩn do viêm phổi thở máy. Bệnh nhân vẫn đang duy trì vận mạch liều thấp và nuôi dưỡng tĩnh mạch hoàn toàn. Hôm nay bệnh nhân xuất hiện sốt lại 39°C, bụng chướng nhẹ, ấn có phản ứng đau vùng hạ sườn phải. Cận lâm sàng: Bạch cầu tăng vọt từ 10 G/L lên 25 G/L, Bilirubin và men gan tăng nhẹ. Siêu âm ổ bụng tại giường thấy túi mật căng to, thành dày 5 mm, có dịch lớp mỏng quanh túi mật, không thấy sỏi trong túi mật và đường mật.

Yếu tố nào sau đây đóng vai trò nguy cơ chính dẫn đến bệnh lý này ở bệnh nhân trên?",Tuổi cao trên 70 tuổi.,Nuôi dưỡng tĩnh mạch hoàn toàn kéo dài.,Bệnh lý đái tháo đường type 2 đi kèm.,Tiền sử hút thuốc lá nhiều năm.,,b,"Nuôi dưỡng tĩnh mạch hoàn toàn (TPN) kéo dài làm mất kích thích bình thường của thức ăn lên ruột (thiếu tiết cholecystokinin), dẫn đến giảm co bóp, ứ đọng dịch mật và tạo bùn mật, là yếu tố nguy cơ kinh điển của viêm túi mật không sỏi. Nguồn tham khảo: Phác đồ ngoại khoa cấp cứu về Viêm túi mật cấp."
noi-benh-ly-duong-mat-mcq-081,noi,Bệnh lý đường mật,Tiêu hoá,,"Bệnh nhân nam 68 tuổi, sụt 6 kg trong 2 tháng, vào khám vì vàng da sậm toàn thân tăng dần, không kèm đau bụng hay sốt. Bệnh nhân có đi tiêu phân nhạt màu và tiểu sậm màu. Khám thấy thể trạng gầy, vàng mắt vàng da rõ, gan to dưới sườn 2 cm nhưng túi mật không sờ đụng (dấu hiệu Courvoisier âm tính). Xét nghiệm: Bilirubin toàn phần 280 μmol/L, Bilirubin trực tiếp 240 μmol/L, ALP 800 U/L. Siêu âm ổ bụng thấy giãn lớn toàn bộ hệ thống đường mật trong gan hai bên, nhưng đường mật ngoài gan (ống mật chủ) và túi mật hoàn toàn xẹp, không thấy sỏi.

Vị trí giải phẫu có khả năng tắc nghẽn nhất dẫn đến triệu chứng của bệnh nhân là gì?",Ngã ba ống gan phải và trái.,Đoạn cuối ống mật chủ.,Ống cổ túi mật đoạn chèn ép.,Bóng Vater tá tràng.,,a,"Siêu âm cho thấy đường mật trong gan giãn nhưng ống mật chủ xẹp, chứng tỏ vị trí tắc nghẽn nằm ở đoạn cao, ngay tại ngã ba ống gan phải và trái (rốn gan). Nếu tắc ở đoạn thấp (bóng Vater), cả túi mật và ống mật chủ đều sẽ giãn to."
noi-benh-ly-duong-mat-mcq-082,noi,Bệnh lý đường mật,Tiêu hoá,,"Bệnh nhân nam 68 tuổi, sụt 6 kg trong 2 tháng, vào khám vì vàng da sậm toàn thân tăng dần, không kèm đau bụng hay sốt. Bệnh nhân có đi tiêu phân nhạt màu và tiểu sậm màu. Khám thấy thể trạng gầy, vàng mắt vàng da rõ, gan to dưới sườn 2 cm nhưng túi mật không sờ đụng (dấu hiệu Courvoisier âm tính). Xét nghiệm: Bilirubin toàn phần 280 μmol/L, Bilirubin trực tiếp 240 μmol/L, ALP 800 U/L. Siêu âm ổ bụng thấy giãn lớn toàn bộ hệ thống đường mật trong gan hai bên, nhưng đường mật ngoài gan (ống mật chủ) và túi mật hoàn toàn xẹp, không thấy sỏi.

Chẩn đoán ác tính nào phù hợp nhất với vị trí tắc nghẽn mô tả ở trên?",U đầu tụy chèn ép đường mật.,Khối u Klatskin vùng rốn gan.,Ung thư biểu mô tế bào gan nguyên phát.,U đoạn xa ống mật chủ.,,b,"Khối u đường mật xuất phát từ ngã ba ống gan chung (phân chia gan phải và trái) được gọi là u Klatskin (Cholangiocarcinoma vùng rốn gan). Triệu chứng kinh điển là vàng da không đau, đường mật trong gan giãn và túi mật xẹp."
noi-benh-ly-duong-mat-mcq-083,noi,Bệnh lý đường mật,Tiêu hoá,,"Bệnh nhân nam 68 tuổi, sụt 6 kg trong 2 tháng, vào khám vì vàng da sậm toàn thân tăng dần, không kèm đau bụng hay sốt. Bệnh nhân có đi tiêu phân nhạt màu và tiểu sậm màu. Khám thấy thể trạng gầy, vàng mắt vàng da rõ, gan to dưới sườn 2 cm nhưng túi mật không sờ đụng (dấu hiệu Courvoisier âm tính). Xét nghiệm: Bilirubin toàn phần 280 μmol/L, Bilirubin trực tiếp 240 μmol/L, ALP 800 U/L. Siêu âm ổ bụng thấy giãn lớn toàn bộ hệ thống đường mật trong gan hai bên, nhưng đường mật ngoài gan (ống mật chủ) và túi mật hoàn toàn xẹp, không thấy sỏi.

Chất chỉ điểm khối u nào có giá trị hỗ trợ chẩn đoán và theo dõi bệnh lý này?",Kháng nguyên tuyến tiền liệt (PSA).,Kháng nguyên ung thư CA 19-9.,Kháng nguyên ung thư CA 125.,Alpha-fetoprotein (AFP).,,b,"CA 19-9 là tumor marker thường được sử dụng nhất trong ung thư đường mật và ung thư tụy, giúp hỗ trợ chẩn đoán, đánh giá đáp ứng điều trị và theo dõi tái phát."
noi-benh-ly-duong-mat-mcq-084,noi,Bệnh lý đường mật,Tiêu hoá,,"Bệnh nhân nam 68 tuổi, sụt 6 kg trong 2 tháng, vào khám vì vàng da sậm toàn thân tăng dần, không kèm đau bụng hay sốt. Bệnh nhân có đi tiêu phân nhạt màu và tiểu sậm màu. Khám thấy thể trạng gầy, vàng mắt vàng da rõ, gan to dưới sườn 2 cm nhưng túi mật không sờ đụng (dấu hiệu Courvoisier âm tính). Xét nghiệm: Bilirubin toàn phần 280 μmol/L, Bilirubin trực tiếp 240 μmol/L, ALP 800 U/L. Siêu âm ổ bụng thấy giãn lớn toàn bộ hệ thống đường mật trong gan hai bên, nhưng đường mật ngoài gan (ống mật chủ) và túi mật hoàn toàn xẹp, không thấy sỏi.

Đặc điểm cận lâm sàng nào chứng minh tình trạng tắc mật hoàn toàn sau gan?",Hồng cầu lưới ngoại vi tăng sinh mạnh.,Tăng nồng độ Urobilinogen trong nước tiểu.,Phân có màu nhạt như đất sét trắng.,Men gan AST và ALT tăng cực kỳ cao.,,c,"Tắc mật hoàn toàn ngăn dịch mật chảy xuống tá tràng, do đó phân không có stercobilinogen tạo màu vàng tự nhiên, dẫn đến triệu chứng đi tiêu phân nhạt màu (phân trắng bệch hoặc màu đất sét)."
noi-benh-ly-duong-mat-mcq-085,noi,Bệnh lý đường mật,Tiêu hoá,,"Bệnh nhân nam 68 tuổi, sụt 6 kg trong 2 tháng, vào khám vì vàng da sậm toàn thân tăng dần, không kèm đau bụng hay sốt. Bệnh nhân có đi tiêu phân nhạt màu và tiểu sậm màu. Khám thấy thể trạng gầy, vàng mắt vàng da rõ, gan to dưới sườn 2 cm nhưng túi mật không sờ đụng (dấu hiệu Courvoisier âm tính). Xét nghiệm: Bilirubin toàn phần 280 μmol/L, Bilirubin trực tiếp 240 μmol/L, ALP 800 U/L. Siêu âm ổ bụng thấy giãn lớn toàn bộ hệ thống đường mật trong gan hai bên, nhưng đường mật ngoài gan (ống mật chủ) và túi mật hoàn toàn xẹp, không thấy sỏi.

Mục tiêu điều trị giảm nhẹ (palliative) ưu tiên nếu khối u không thể phẫu thuật cắt bỏ là gì?",Chiếu xạ định vị thân toàn vùng rốn gan.,Hóa trị liệu toàn thân bằng phác đồ FOLFIRINOX.,Phẫu thuật cắt tá tụy bảo tồn môn vị (Whipple).,Đặt stent đường mật qua da hoặc nội soi giải áp.,,d,"Ở bệnh nhân ung thư đường mật giai đoạn muộn không còn khả năng phẫu thuật (unresectable), điều trị giảm nhẹ bằng cách đặt stent đường mật (qua ERCP hoặc PTBD) là biện pháp cốt lõi để giảm vàng da, giảm ngứa và ngăn ngừa viêm đường mật nhiễm trùng. Nguồn tham khảo: Phác đồ chẩn đoán và điều trị Cholangiocarcinoma (NCCN)."
noi-benh-ly-duong-mat-mcq-086,noi,Bệnh lý đường mật,Tiêu hoá,,"Bệnh nhân nữ 48 tuổi, đã biết sỏi túi mật nhiều năm không điều trị, vào viện vì đau dữ dội hạ sườn phải, sốt 38,5°C và vàng da nhẹ khởi phát 2 ngày nay. Khám: mạch 90 lần/phút, ấn đau hạ sườn phải. Xét nghiệm: Bilirubin toàn phần 65 μmol/L, Bilirubin trực tiếp 45 μmol/L, AST 80 U/L, ALP 250 U/L. Siêu âm ổ bụng thấy túi mật căng, có một viên sỏi lớn kích thước 2,5 cm nằm kẹt ở vùng phễu túi mật. Ống mật chủ không có sỏi, kích thước bình thường, nhưng ống gan chung phía trên vị trí sỏi kẹt bị giãn nhẹ.

Hội chứng lâm sàng nào giải thích tình trạng vàng da do sỏi túi mật ở bệnh nhân này?",Hội chứng Budd-Chiari tĩnh mạch gan.,Hội chứng Mallory-Weiss chảy máu.,Hội chứng Bouveret nghẽn tá tràng.,Hội chứng Mirizzi chèn ép cơ học.,,d,"Hội chứng Mirizzi là biến chứng hiếm gặp của sỏi mật, trong đó viên sỏi lớn kẹt ở cổ túi mật hoặc ống cổ túi mật gây chèn ép cơ học từ bên ngoài vào ống gan chung, dẫn đến tắc mật (vàng da) dù sỏi không nằm trong ống mật chính."
noi-benh-ly-duong-mat-mcq-087,noi,Bệnh lý đường mật,Tiêu hoá,,"Bệnh nhân nữ 48 tuổi, đã biết sỏi túi mật nhiều năm không điều trị, vào viện vì đau dữ dội hạ sườn phải, sốt 38,5°C và vàng da nhẹ khởi phát 2 ngày nay. Khám: mạch 90 lần/phút, ấn đau hạ sườn phải. Xét nghiệm: Bilirubin toàn phần 65 μmol/L, Bilirubin trực tiếp 45 μmol/L, AST 80 U/L, ALP 250 U/L. Siêu âm ổ bụng thấy túi mật căng, có một viên sỏi lớn kích thước 2,5 cm nằm kẹt ở vùng phễu túi mật. Ống mật chủ không có sỏi, kích thước bình thường, nhưng ống gan chung phía trên vị trí sỏi kẹt bị giãn nhẹ.

Cơ chế bệnh sinh gây hẹp đường mật trong tình trạng này là gì?",Viêm và chèn ép cơ học từ sỏi nằm ở cổ túi mật.,Xơ hóa hẹp lan tỏa toàn bộ hệ thống đường mật.,Sỏi rớt từ túi mật xuống kẹt tại cơ vòng Oddi.,Tổ chức u tân sinh từ túi mật xâm lấn đường mật.,,a,"Viên sỏi nằm lâu ngày ở cổ túi mật gây viêm mạn tính xung quanh, tổ chức viêm phù nề và chính kích thước viên sỏi sẽ đè đẩy, chèn ép trực tiếp vào ống gan chung chạy sát bên cạnh, gây tắc nghẽn cơ học."
noi-benh-ly-duong-mat-mcq-088,noi,Bệnh lý đường mật,Tiêu hoá,,"Bệnh nhân nữ 48 tuổi, đã biết sỏi túi mật nhiều năm không điều trị, vào viện vì đau dữ dội hạ sườn phải, sốt 38,5°C và vàng da nhẹ khởi phát 2 ngày nay. Khám: mạch 90 lần/phút, ấn đau hạ sườn phải. Xét nghiệm: Bilirubin toàn phần 65 μmol/L, Bilirubin trực tiếp 45 μmol/L, AST 80 U/L, ALP 250 U/L. Siêu âm ổ bụng thấy túi mật căng, có một viên sỏi lớn kích thước 2,5 cm nằm kẹt ở vùng phễu túi mật. Ống mật chủ không có sỏi, kích thước bình thường, nhưng ống gan chung phía trên vị trí sỏi kẹt bị giãn nhẹ.

Thăm dò hình ảnh trước mổ nào rất quan trọng để tránh biến chứng tổn thương đường mật khi phẫu thuật?",Chụp động mạch mạc treo tràng trên.,Đo áp lực tĩnh mạch gan qua đường tĩnh mạch.,Xạ hình chức năng thận bằng hạt nhân.,Chụp cộng hưởng từ đường mật MRCP.,,d,"Chụp MRCP hoặc ERCP trước mổ là bắt buộc để lập bản đồ giải phẫu đường mật, xác định chính xác mức độ chèn ép hoặc sự hiện diện của đường rò túi mật - đường mật, giúp bác sĩ ngoại khoa tránh cắt nhầm vào ống mật chính."
noi-benh-ly-duong-mat-mcq-089,noi,Bệnh lý đường mật,Tiêu hoá,,"Bệnh nhân nữ 48 tuổi, đã biết sỏi túi mật nhiều năm không điều trị, vào viện vì đau dữ dội hạ sườn phải, sốt 38,5°C và vàng da nhẹ khởi phát 2 ngày nay. Khám: mạch 90 lần/phút, ấn đau hạ sườn phải. Xét nghiệm: Bilirubin toàn phần 65 μmol/L, Bilirubin trực tiếp 45 μmol/L, AST 80 U/L, ALP 250 U/L. Siêu âm ổ bụng thấy túi mật căng, có một viên sỏi lớn kích thước 2,5 cm nằm kẹt ở vùng phễu túi mật. Ống mật chủ không có sỏi, kích thước bình thường, nhưng ống gan chung phía trên vị trí sỏi kẹt bị giãn nhẹ.

Phẫu thuật điều trị hội chứng này đòi hỏi yếu tố kỹ thuật nào đặc biệt so với cắt túi mật thông thường?",Phải cắt bỏ thùy gan phải vùng giường túi mật.,Phải nạo vét hạch bạch huyết toàn bộ rốn gan.,Phải phục hồi thành ống mật chủ bị rò hoặc khuyết.,Phải luôn tiến hành cắt lách kèm theo.,,c,"Tùy thuộc vào type của hội chứng Mirizzi (đặc biệt khi có rò túi mật - đường mật), chỉ cắt túi mật là không đủ hoặc nguy hiểm. Phẫu thuật viên thường phải dùng phần vách túi mật còn lại để vá phục hồi khuyết hổng của ống mật hoặc nối mật ruột."
noi-benh-ly-duong-mat-mcq-090,noi,Bệnh lý đường mật,Tiêu hoá,,"Bệnh nhân nữ 48 tuổi, đã biết sỏi túi mật nhiều năm không điều trị, vào viện vì đau dữ dội hạ sườn phải, sốt 38,5°C và vàng da nhẹ khởi phát 2 ngày nay. Khám: mạch 90 lần/phút, ấn đau hạ sườn phải. Xét nghiệm: Bilirubin toàn phần 65 μmol/L, Bilirubin trực tiếp 45 μmol/L, AST 80 U/L, ALP 250 U/L. Siêu âm ổ bụng thấy túi mật căng, có một viên sỏi lớn kích thước 2,5 cm nằm kẹt ở vùng phễu túi mật. Ống mật chủ không có sỏi, kích thước bình thường, nhưng ống gan chung phía trên vị trí sỏi kẹt bị giãn nhẹ.

Biến chứng giải phẫu nào thường hiện diện trong quá trình diễn tiến lâu dài của hội chứng này?",Đường rò túi mật - ống gan chung.,Thủng vỡ cơ hoành gây tràn dịch màng phổi.,Đường rò túi mật - tá tràng gây tắc ruột.,Khối phình động mạch gan đoạn gần.,,a,"Diễn tiến viêm hoại tử mạn tính do áp lực viên sỏi sẽ phá hủy lớp vách ngăn cách, tạo thành đường rò trực tiếp giữa túi mật và ống gan chung (cholecystobiliary fistula) hoặc ống mật chủ, làm phức tạp cuộc phẫu thuật. Nguồn tham khảo: Phác đồ bệnh lý ngoại khoa đường mật."
noi-benh-ly-duong-mat-mcq-091,noi,Bệnh lý đường mật,Tiêu hoá,,"Bệnh nhân nữ 42 tuổi, đến phòng khám ngoại tiêu hóa vì nhiều lần xuất hiện cơn đau quặn vùng hạ sườn phải, lan ra vai phải. Cơn đau thường xuất hiện khoảng 30-60 phút sau khi ăn bữa ăn nhiều mỡ, kéo dài 1-2 tiếng rồi tự hết. Bệnh nhân hoàn toàn không sốt, không vàng da. Giữa các cơn đau, bệnh nhân sinh hoạt bình thường. Khám lâm sàng hiện tại bụng mềm, không ấn đau. Xét nghiệm công thức máu, bilirubin, AST, ALT đều trong giới hạn bình thường. Siêu âm ổ bụng thấy túi mật kích thước bình thường, thành mỏng 2 mm, bên trong có vài sỏi di động kích thước 5-10 mm, ống mật chủ 4 mm.

Chẩn đoán lâm sàng phù hợp nhất cho bệnh nhân này là gì?",Viêm túi mật mạn tính.,Viêm dạ dày cấp tính.,Viêm đường mật cấp nhẹ.,Cơn đau quặn mật do sỏi.,,d,"Triệu chứng đau quặn hạ sườn phải sau ăn nhiều mỡ, tự hết sau vài giờ, không có biểu hiện viêm (không sốt, thành túi mật mỏng) hay ứ mật là đặc trưng kinh điển của ""Cơn đau quặn mật"" (Biliary colic) do sỏi túi mật có triệu chứng."
noi-benh-ly-duong-mat-mcq-092,noi,Bệnh lý đường mật,Tiêu hoá,,"Bệnh nhân nữ 42 tuổi, đến phòng khám ngoại tiêu hóa vì nhiều lần xuất hiện cơn đau quặn vùng hạ sườn phải, lan ra vai phải. Cơn đau thường xuất hiện khoảng 30-60 phút sau khi ăn bữa ăn nhiều mỡ, kéo dài 1-2 tiếng rồi tự hết. Bệnh nhân hoàn toàn không sốt, không vàng da. Giữa các cơn đau, bệnh nhân sinh hoạt bình thường. Khám lâm sàng hiện tại bụng mềm, không ấn đau. Xét nghiệm công thức máu, bilirubin, AST, ALT đều trong giới hạn bình thường. Siêu âm ổ bụng thấy túi mật kích thước bình thường, thành mỏng 2 mm, bên trong có vài sỏi di động kích thước 5-10 mm, ống mật chủ 4 mm.

Cơ chế sinh lý gây ra cơn đau sau bữa ăn nhiều chất béo là do sự bài tiết hormone nào?",Secretin từ ruột non.,Insulin từ tuyến tụy.,Gastrin từ dạ dày.,Cholecystokinin từ tá tràng.,,d,Bữa ăn chứa nhiều mỡ và protein khi xuống tá tràng sẽ kích thích tế bào biểu mô ruột tiết ra hormone Cholecystokinin (CCK). CCK đi vào máu kích thích túi mật co bóp tống mật xuống ruột để tiêu hóa mỡ.
noi-benh-ly-duong-mat-mcq-093,noi,Bệnh lý đường mật,Tiêu hoá,,"Bệnh nhân nữ 42 tuổi, đến phòng khám ngoại tiêu hóa vì nhiều lần xuất hiện cơn đau quặn vùng hạ sườn phải, lan ra vai phải. Cơn đau thường xuất hiện khoảng 30-60 phút sau khi ăn bữa ăn nhiều mỡ, kéo dài 1-2 tiếng rồi tự hết. Bệnh nhân hoàn toàn không sốt, không vàng da. Giữa các cơn đau, bệnh nhân sinh hoạt bình thường. Khám lâm sàng hiện tại bụng mềm, không ấn đau. Xét nghiệm công thức máu, bilirubin, AST, ALT đều trong giới hạn bình thường. Siêu âm ổ bụng thấy túi mật kích thước bình thường, thành mỏng 2 mm, bên trong có vài sỏi di động kích thước 5-10 mm, ống mật chủ 4 mm.

Sinh lý bệnh của cơn đau ở bệnh nhân này chủ yếu do hiện tượng gì?",Thiếu máu cục bộ hoại tử thành túi mật.,Viêm nhiễm vi khuẩn sinh mủ trong dịch mật.,Túi mật co bóp chống lại ống cổ bị sỏi bít tắc tạm thời.,Sỏi làm xước niêm mạc tạo ổ loét chảy máu.,,c,"Khi túi mật co bóp do CCK, viên sỏi lọt vào và làm bít tắc tạm thời ống cổ túi mật. Túi mật phải co bóp mạnh hơn để tống mật qua chỗ hẹp, làm tăng áp lực đột ngột trong túi mật gây đau. Khi viên sỏi rơi trở lại lòng túi mật, cơn đau chấm dứt."
noi-benh-ly-duong-mat-mcq-094,noi,Bệnh lý đường mật,Tiêu hoá,,"Bệnh nhân nữ 42 tuổi, đến phòng khám ngoại tiêu hóa vì nhiều lần xuất hiện cơn đau quặn vùng hạ sườn phải, lan ra vai phải. Cơn đau thường xuất hiện khoảng 30-60 phút sau khi ăn bữa ăn nhiều mỡ, kéo dài 1-2 tiếng rồi tự hết. Bệnh nhân hoàn toàn không sốt, không vàng da. Giữa các cơn đau, bệnh nhân sinh hoạt bình thường. Khám lâm sàng hiện tại bụng mềm, không ấn đau. Xét nghiệm công thức máu, bilirubin, AST, ALT đều trong giới hạn bình thường. Siêu âm ổ bụng thấy túi mật kích thước bình thường, thành mỏng 2 mm, bên trong có vài sỏi di động kích thước 5-10 mm, ống mật chủ 4 mm.

Chỉ định can thiệp tốt nhất để giải quyết dứt điểm triệu chứng cho bệnh nhân này là gì?",Phẫu thuật cắt túi mật nội soi chương trình.,Nội soi mật tụy ngược dòng lấy sỏi túi mật.,Dùng thuốc tán sỏi acid ursodeoxycholic kéo dài.,Tán sỏi túi mật ngoài cơ thể bằng sóng siêu âm.,,a,Sỏi túi mật có triệu chứng (đã gây ra cơn đau quặn mật) là chỉ định kinh điển của phẫu thuật cắt túi mật nội soi chương trình để giải quyết nguyên nhân và phòng ngừa biến chứng nặng. Các phương pháp tán sỏi/tan sỏi hiệu quả kém và dễ tái phát.
noi-benh-ly-duong-mat-mcq-095,noi,Bệnh lý đường mật,Tiêu hoá,,"Bệnh nhân nữ 42 tuổi, đến phòng khám ngoại tiêu hóa vì nhiều lần xuất hiện cơn đau quặn vùng hạ sườn phải, lan ra vai phải. Cơn đau thường xuất hiện khoảng 30-60 phút sau khi ăn bữa ăn nhiều mỡ, kéo dài 1-2 tiếng rồi tự hết. Bệnh nhân hoàn toàn không sốt, không vàng da. Giữa các cơn đau, bệnh nhân sinh hoạt bình thường. Khám lâm sàng hiện tại bụng mềm, không ấn đau. Xét nghiệm công thức máu, bilirubin, AST, ALT đều trong giới hạn bình thường. Siêu âm ổ bụng thấy túi mật kích thước bình thường, thành mỏng 2 mm, bên trong có vài sỏi di động kích thước 5-10 mm, ống mật chủ 4 mm.

Nếu bệnh nhân từ chối phẫu thuật, nguy cơ diễn tiến y khoa nào là phổ biến nhất?",Ung thư biểu mô tế bào gan nguyên phát.,Loãng xương do rối loạn hấp thu canxi.,Tăng áp lực tĩnh mạch cửa gây xơ gan.,Viêm túi mật cấp hoặc viêm tụy cấp do sỏi.,,d,"Sỏi túi mật có triệu chứng nếu không được phẫu thuật cắt bỏ sẽ có nguy cơ cao diễn tiến thành các biến chứng cấp tính cơ học như viêm túi mật cấp (sỏi kẹt cổ túi mật không rớt lại), viêm đường mật hoặc viêm tụy cấp (sỏi rớt xuống ống mật chủ). Nguồn tham khảo: Hướng dẫn EASL về quản lý sỏi mật."
noi-benh-ly-duong-mat-mcq-096,noi,Bệnh lý đường mật,Tiêu hoá,,"Bệnh nhân nam 28 tuổi, tiền sử hoàn toàn khỏe mạnh, đột ngột kêu la đau đớn vùng thượng vị dữ dội, đau từng cơn trồi sụt, bệnh nhân phải chổng mông (tư thế gối - ngực) hoặc ôm bụng lăn lộn trên giường để đỡ đau. Khám không có phản ứng thành bụng rõ rệt, không sốt, vàng mắt rất nhẹ. Cận lâm sàng: Bạch cầu 11 G/L, Eosinophil tăng cao 15%, AST 50 U/L, ALT 45 U/L, Bilirubin trực tiếp 35 μmol/L. Siêu âm ổ bụng: túi mật không sỏi, ống mật chủ giãn nhẹ 8 mm, bên trong ống mật chủ có hình ảnh cấu trúc tăng âm dạng dải ống song song (hình đường ray), di động.

Định hướng chẩn đoán chính xác nhất đối với biểu hiện lâm sàng và hình ảnh học này là gì?",Sỏi bùn ống mật chủ.,Nang ống mật chủ bẩm sinh.,Viêm tụy cấp thể phù nề.,Giun chui đường mật.,,d,"Bệnh cảnh đau bụng dữ dội cơn quặn, tư thế giảm đau đặc biệt (chổng mông), Eosinophil tăng, và dấu hiệu siêu âm kinh điển ""hình đường ray song song di động"" trong ống mật chủ là chẩn đoán xác định của bệnh lý Giun chui đường mật."
noi-benh-ly-duong-mat-mcq-097,noi,Bệnh lý đường mật,Tiêu hoá,,"Bệnh nhân nam 28 tuổi, tiền sử hoàn toàn khỏe mạnh, đột ngột kêu la đau đớn vùng thượng vị dữ dội, đau từng cơn trồi sụt, bệnh nhân phải chổng mông (tư thế gối - ngực) hoặc ôm bụng lăn lộn trên giường để đỡ đau. Khám không có phản ứng thành bụng rõ rệt, không sốt, vàng mắt rất nhẹ. Cận lâm sàng: Bạch cầu 11 G/L, Eosinophil tăng cao 15%, AST 50 U/L, ALT 45 U/L, Bilirubin trực tiếp 35 μmol/L. Siêu âm ổ bụng: túi mật không sỏi, ống mật chủ giãn nhẹ 8 mm, bên trong ống mật chủ có hình ảnh cấu trúc tăng âm dạng dải ống song song (hình đường ray), di động.

Tư thế giảm đau đặc trưng (gối - ngực) của bệnh nhân phản ánh cơ chế nào?",Giảm sự căng kéo chèn ép cơ học ở vùng rốn gan.,Làm chùng khối cơ thẳng bụng đang co cứng.,Giảm áp lực trong ổ bụng lên rễ thần kinh mạc treo.,Ngăn cản sự co bóp của cơ hoành đè lên gan.,,a,"Khi giun chui qua bóng Vater vào đường mật gây co thắt mạnh cơ vòng. Tư thế chổng mông (gối - ngực) giúp nới lỏng góc tá tràng - đường mật, giảm bớt sự chèn ép cơ học và áp lực tại vùng rốn gan, từ đó giảm đau một phần."
noi-benh-ly-duong-mat-mcq-098,noi,Bệnh lý đường mật,Tiêu hoá,,"Bệnh nhân nam 28 tuổi, tiền sử hoàn toàn khỏe mạnh, đột ngột kêu la đau đớn vùng thượng vị dữ dội, đau từng cơn trồi sụt, bệnh nhân phải chổng mông (tư thế gối - ngực) hoặc ôm bụng lăn lộn trên giường để đỡ đau. Khám không có phản ứng thành bụng rõ rệt, không sốt, vàng mắt rất nhẹ. Cận lâm sàng: Bạch cầu 11 G/L, Eosinophil tăng cao 15%, AST 50 U/L, ALT 45 U/L, Bilirubin trực tiếp 35 μmol/L. Siêu âm ổ bụng: túi mật không sỏi, ống mật chủ giãn nhẹ 8 mm, bên trong ống mật chủ có hình ảnh cấu trúc tăng âm dạng dải ống song song (hình đường ray), di động.

Cơ chế chính dẫn đến tình trạng này là sự di chuyển lạc chỗ của loại ký sinh trùng nào?",Giun đũa trưởng thành từ ruột non chui ngược lên.,Sán lá gan nhỏ nằm thường trú tại đường mật.,Sán lá gan lớn từ nhu mô gan xuyên ra ngoài.,Giun móc đâm xuyên niêm mạc ruột vào máu.,,a,"Nguyên nhân gây giun chui đường mật chủ yếu là do Giun đũa (Ascaris lumbricoides) trưởng thành sống ở ruột non non lạc chỗ, chui ngược dòng qua nhú Vater lên ống mật chủ (hoặc ống tụy) khi môi trường ruột thay đổi."
noi-benh-ly-duong-mat-mcq-099,noi,Bệnh lý đường mật,Tiêu hoá,,"Bệnh nhân nam 28 tuổi, tiền sử hoàn toàn khỏe mạnh, đột ngột kêu la đau đớn vùng thượng vị dữ dội, đau từng cơn trồi sụt, bệnh nhân phải chổng mông (tư thế gối - ngực) hoặc ôm bụng lăn lộn trên giường để đỡ đau. Khám không có phản ứng thành bụng rõ rệt, không sốt, vàng mắt rất nhẹ. Cận lâm sàng: Bạch cầu 11 G/L, Eosinophil tăng cao 15%, AST 50 U/L, ALT 45 U/L, Bilirubin trực tiếp 35 μmol/L. Siêu âm ổ bụng: túi mật không sỏi, ống mật chủ giãn nhẹ 8 mm, bên trong ống mật chủ có hình ảnh cấu trúc tăng âm dạng dải ống song song (hình đường ray), di động.

Lựa chọn điều trị nội khoa ưu tiên trong giai đoạn cấp cứu khi giun vừa mới chui lên là gì?",Phẫu thuật mở ống mật chủ cấp cứu lấy giun.,Dùng thuốc tẩy giun ngay lập tức đường uống.,Thuốc giãn cơ trơn chống co thắt và giảm đau.,Kháng sinh liều cao diệt khuẩn phổ rộng.,,c,"Xử trí ban đầu quan trọng nhất là dùng thuốc chống co thắt cơ trơn (VD: Alverine, Drotaverine) và giảm đau tĩnh mạch. Việc này vừa làm giảm triệu chứng, vừa làm cơ vòng Oddi giãn ra, tạo cơ hội cho giun sống tự bò xuống lại tá tràng. Thuốc tẩy giun chỉ dùng sau khi đau đã giảm để tránh giun chết kẹt lại."
noi-benh-ly-duong-mat-mcq-100,noi,Bệnh lý đường mật,Tiêu hoá,,"Bệnh nhân nam 28 tuổi, tiền sử hoàn toàn khỏe mạnh, đột ngột kêu la đau đớn vùng thượng vị dữ dội, đau từng cơn trồi sụt, bệnh nhân phải chổng mông (tư thế gối - ngực) hoặc ôm bụng lăn lộn trên giường để đỡ đau. Khám không có phản ứng thành bụng rõ rệt, không sốt, vàng mắt rất nhẹ. Cận lâm sàng: Bạch cầu 11 G/L, Eosinophil tăng cao 15%, AST 50 U/L, ALT 45 U/L, Bilirubin trực tiếp 35 μmol/L. Siêu âm ổ bụng: túi mật không sỏi, ống mật chủ giãn nhẹ 8 mm, bên trong ống mật chủ có hình ảnh cấu trúc tăng âm dạng dải ống song song (hình đường ray), di động.

Diễn biến nào dưới đây là biến chứng mạn tính thường gặp nếu tình trạng này lặp lại nhiều lần hoặc xác giun không tiêu được?",Loét hoại tử thủng tá tràng.,Hình thành sỏi sắc tố đường mật.,Xơ gan cổ trướng giai đoạn cuối.,Suy thận mạn tính do độc tố.,,b,Xác giun hoặc trứng giun sót lại trong đường mật sẽ trở thành dị vật làm nòng cốt (nidus). Sự kết tủa của canxi bilirubinate quanh xác giun sẽ dẫn đến hình thành sỏi sắc tố mật (đặc trưng của sỏi đường mật tiên phát ở các nước nhiệt đới). Nguồn tham khảo: Phác đồ bệnh học Nội khoa cơ sở.
noi-benh-ly-duong-mat-case-1-1,noi,Bệnh lý đường mật,Tiêu hoá,"Bệnh nhân nữ 52 tuổi, nhân viên văn phòng, thể trạng béo (BMI 29 kg/m²), vào viện cấp cứu vì đau bụng dữ dội. Bệnh khởi phát đột ngột cách đây 8 giờ sau một bữa ăn tối thịnh soạn nhiều dầu mỡ, với cơn đau quặn dữ dội ở vùng hạ sườn phải, lan lên vai phải và ra sau lưng. Cơn đau liên tục, không có tư thế giảm đau, kèm theo buồn nôn và nôn ra dịch thức ăn. Bệnh nhân có sốt 38.5°C, không vàng da. Tiền sử có sỏi túi mật nhỏ được phát hiện tình cờ qua siêu âm cách đây 2 năm nhưng không điều trị gì. Khám toàn thân bệnh nhân tỉnh, vẻ mặt đau đớn, sinh hiệu: mạch 105 lần/phút, huyết áp 130/80 mmHg, nhịp thở 22 lần/phút, nhiệt độ 38.6°C, SpO₂ 98% khí trời. Bụng chướng nhẹ, ấn có phản ứng thành bụng và co cứng ở vùng hạ sườn phải, nghiệm pháp Murphy dương tính rõ. Gan không to, không có dấu hiệu suy gan mạn. Cận lâm sàng ghi nhận: Bạch cầu 15.5 G/L (neutrophil 85%); CRP 120 mg/L; Amylase máu 150 U/L; Bilirubin toàn phần 18 µmol/L; AST 45 U/L, ALT 50 U/L. Siêu âm bụng cấp cứu cho thấy túi mật căng to, kích thước 10x5 cm, thành dày 6 mm, có hình ảnh ""hai lớp"", có nhiều sỏi nhỏ bên trong và một viên sỏi kẹt ở vùng cổ túi mật, ấn đầu dò vào vị trí túi mật bệnh nhân rất đau (dấu hiệu Murphy siêu âm dương tính).",Chẩn đoán nào là phù hợp nhất với bệnh nhân này?,Viêm túi mật cấp do sỏi.,Viêm tụy cấp do sỏi.,Thủng ổ loét dạ dày.,Cơn đau quặn gan đơn thuần.,,a,"Bệnh cảnh lâm sàng (cơn đau quặn mật điển hình, sốt) và khám thực thể (dấu hiệu Murphy dương tính, co cứng HSP) cùng với các bằng chứng trên xét nghiệm (hội chứng nhiễm trùng) và siêu âm (túi mật căng, thành dày, sỏi kẹt cổ) là rất điển hình cho Viêm túi mật cấp do sỏi."
noi-benh-ly-duong-mat-case-1-2,noi,Bệnh lý đường mật,Tiêu hoá,"Bệnh nhân nữ 52 tuổi, nhân viên văn phòng, thể trạng béo (BMI 29 kg/m²), vào viện cấp cứu vì đau bụng dữ dội. Bệnh khởi phát đột ngột cách đây 8 giờ sau một bữa ăn tối thịnh soạn nhiều dầu mỡ, với cơn đau quặn dữ dội ở vùng hạ sườn phải, lan lên vai phải và ra sau lưng. Cơn đau liên tục, không có tư thế giảm đau, kèm theo buồn nôn và nôn ra dịch thức ăn. Bệnh nhân có sốt 38.5°C, không vàng da. Tiền sử có sỏi túi mật nhỏ được phát hiện tình cờ qua siêu âm cách đây 2 năm nhưng không điều trị gì. Khám toàn thân bệnh nhân tỉnh, vẻ mặt đau đớn, sinh hiệu: mạch 105 lần/phút, huyết áp 130/80 mmHg, nhịp thở 22 lần/phút, nhiệt độ 38.6°C, SpO₂ 98% khí trời. Bụng chướng nhẹ, ấn có phản ứng thành bụng và co cứng ở vùng hạ sườn phải, nghiệm pháp Murphy dương tính rõ. Gan không to, không có dấu hiệu suy gan mạn. Cận lâm sàng ghi nhận: Bạch cầu 15.5 G/L (neutrophil 85%); CRP 120 mg/L; Amylase máu 150 U/L; Bilirubin toàn phần 18 µmol/L; AST 45 U/L, ALT 50 U/L. Siêu âm bụng cấp cứu cho thấy túi mật căng to, kích thước 10x5 cm, thành dày 6 mm, có hình ảnh ""hai lớp"", có nhiều sỏi nhỏ bên trong và một viên sỏi kẹt ở vùng cổ túi mật, ấn đầu dò vào vị trí túi mật bệnh nhân rất đau (dấu hiệu Murphy siêu âm dương tính).",Cơ chế bệnh sinh chính gây ra viêm túi mật cấp trong trường hợp này là gì?,Nhiễm trùng huyết dẫn đến hình thành áp xe trong túi mật.,"Sự tắc nghẽn của ống túi mật do sỏi, dẫn đến ứ đọng dịch mật, tăng áp lực trong túi mật và gây ra một chuỗi phản ứng viêm hóa học và bội nhiễm vi khuẩn.",Do thiếu máu cục bộ thành túi mật nguyên phát.,Do trào ngược dịch tụy vào trong lòng túi mật.,,b,"Đây là cơ chế cốt lõi. Sự tắc nghẽn ống túi mật là sự kiện khởi đầu. Dịch mật bị ứ lại làm tăng áp lực, gây tổn thương niêm mạc. Các chất như lysolecithin (do phospholipase từ niêm mạc bị tổn thương hoạt hóa) và prostaglandin được giải phóng, gây ra một phản ứng viêm hóa học. Tình trạng căng giãn và viêm làm giảm tưới máu thành túi mật, và cuối cùng là sự bội nhiễm của vi khuẩn từ đường ruột, dẫn đến viêm mủ."
noi-benh-ly-duong-mat-case-1-3,noi,Bệnh lý đường mật,Tiêu hoá,"Bệnh nhân nữ 52 tuổi, nhân viên văn phòng, thể trạng béo (BMI 29 kg/m²), vào viện cấp cứu vì đau bụng dữ dội. Bệnh khởi phát đột ngột cách đây 8 giờ sau một bữa ăn tối thịnh soạn nhiều dầu mỡ, với cơn đau quặn dữ dội ở vùng hạ sườn phải, lan lên vai phải và ra sau lưng. Cơn đau liên tục, không có tư thế giảm đau, kèm theo buồn nôn và nôn ra dịch thức ăn. Bệnh nhân có sốt 38.5°C, không vàng da. Tiền sử có sỏi túi mật nhỏ được phát hiện tình cờ qua siêu âm cách đây 2 năm nhưng không điều trị gì. Khám toàn thân bệnh nhân tỉnh, vẻ mặt đau đớn, sinh hiệu: mạch 105 lần/phút, huyết áp 130/80 mmHg, nhịp thở 22 lần/phút, nhiệt độ 38.6°C, SpO₂ 98% khí trời. Bụng chướng nhẹ, ấn có phản ứng thành bụng và co cứng ở vùng hạ sườn phải, nghiệm pháp Murphy dương tính rõ. Gan không to, không có dấu hiệu suy gan mạn. Cận lâm sàng ghi nhận: Bạch cầu 15.5 G/L (neutrophil 85%); CRP 120 mg/L; Amylase máu 150 U/L; Bilirubin toàn phần 18 µmol/L; AST 45 U/L, ALT 50 U/L. Siêu âm bụng cấp cứu cho thấy túi mật căng to, kích thước 10x5 cm, thành dày 6 mm, có hình ảnh ""hai lớp"", có nhiều sỏi nhỏ bên trong và một viên sỏi kẹt ở vùng cổ túi mật, ấn đầu dò vào vị trí túi mật bệnh nhân rất đau (dấu hiệu Murphy siêu âm dương tính).","Theo Hướng dẫn Tokyo 2018, chẩn đoán xác định Viêm túi mật cấp cần những yếu tố nào?",Chỉ cần có hình ảnh sỏi túi mật trên siêu âm.,"Cần có ít nhất một dấu hiệu viêm tại chỗ, một dấu hiệu viêm toàn thân và một bằng chứng hình ảnh học đặc hiệu.","Chỉ cần có dấu hiệu viêm tại chỗ (Murphy, đau hạ sườn phải).","Chỉ cần có dấu hiệu viêm toàn thân (sốt, tăng CRP, tăng bạch cầu).",,b,"Hướng dẫn Tokyo 2018 yêu cầu để chẩn đoán xác định cần có 1 tiêu chuẩn trong mỗi nhóm: A (Dấu hiệu viêm tại chỗ: Murphy, đau/khối HSP); B (Dấu hiệu viêm toàn thân: sốt, tăng bạch cầu, tăng CRP); và C (Bằng chứng hình ảnh học đặc trưng cho viêm túi mật cấp). Bệnh nhân này thỏa mãn cả 3 nhóm."
noi-benh-ly-duong-mat-case-1-4,noi,Bệnh lý đường mật,Tiêu hoá,"Bệnh nhân nữ 52 tuổi, nhân viên văn phòng, thể trạng béo (BMI 29 kg/m²), vào viện cấp cứu vì đau bụng dữ dội. Bệnh khởi phát đột ngột cách đây 8 giờ sau một bữa ăn tối thịnh soạn nhiều dầu mỡ, với cơn đau quặn dữ dội ở vùng hạ sườn phải, lan lên vai phải và ra sau lưng. Cơn đau liên tục, không có tư thế giảm đau, kèm theo buồn nôn và nôn ra dịch thức ăn. Bệnh nhân có sốt 38.5°C, không vàng da. Tiền sử có sỏi túi mật nhỏ được phát hiện tình cờ qua siêu âm cách đây 2 năm nhưng không điều trị gì. Khám toàn thân bệnh nhân tỉnh, vẻ mặt đau đớn, sinh hiệu: mạch 105 lần/phút, huyết áp 130/80 mmHg, nhịp thở 22 lần/phút, nhiệt độ 38.6°C, SpO₂ 98% khí trời. Bụng chướng nhẹ, ấn có phản ứng thành bụng và co cứng ở vùng hạ sườn phải, nghiệm pháp Murphy dương tính rõ. Gan không to, không có dấu hiệu suy gan mạn. Cận lâm sàng ghi nhận: Bạch cầu 15.5 G/L (neutrophil 85%); CRP 120 mg/L; Amylase máu 150 U/L; Bilirubin toàn phần 18 µmol/L; AST 45 U/L, ALT 50 U/L. Siêu âm bụng cấp cứu cho thấy túi mật căng to, kích thước 10x5 cm, thành dày 6 mm, có hình ảnh ""hai lớp"", có nhiều sỏi nhỏ bên trong và một viên sỏi kẹt ở vùng cổ túi mật, ấn đầu dò vào vị trí túi mật bệnh nhân rất đau (dấu hiệu Murphy siêu âm dương tính).",Biến chứng tại chỗ nguy hiểm nhất của viêm túi mật cấp nếu không được điều trị kịp thời là gì?,Viêm phúc mạc mật do hoại tử và thủng túi mật.,Viêm đường mật cấp.,Viêm tụy cấp.,Tắc ruột do sỏi mật.,,a,"Nếu tình trạng viêm và thiếu máu tiếp diễn, thành túi mật có thể bị hoại tử và thủng. Thủng túi mật sẽ làm dịch mật nhiễm khuẩn tràn vào ổ bụng, gây ra viêm phúc mạc mật, một biến chứng ngoại khoa nặng nề có thể dẫn đến sốc nhiễm khuẩn và tử vong."
noi-benh-ly-duong-mat-case-1-5,noi,Bệnh lý đường mật,Tiêu hoá,"Bệnh nhân nữ 52 tuổi, nhân viên văn phòng, thể trạng béo (BMI 29 kg/m²), vào viện cấp cứu vì đau bụng dữ dội. Bệnh khởi phát đột ngột cách đây 8 giờ sau một bữa ăn tối thịnh soạn nhiều dầu mỡ, với cơn đau quặn dữ dội ở vùng hạ sườn phải, lan lên vai phải và ra sau lưng. Cơn đau liên tục, không có tư thế giảm đau, kèm theo buồn nôn và nôn ra dịch thức ăn. Bệnh nhân có sốt 38.5°C, không vàng da. Tiền sử có sỏi túi mật nhỏ được phát hiện tình cờ qua siêu âm cách đây 2 năm nhưng không điều trị gì. Khám toàn thân bệnh nhân tỉnh, vẻ mặt đau đớn, sinh hiệu: mạch 105 lần/phút, huyết áp 130/80 mmHg, nhịp thở 22 lần/phút, nhiệt độ 38.6°C, SpO₂ 98% khí trời. Bụng chướng nhẹ, ấn có phản ứng thành bụng và co cứng ở vùng hạ sườn phải, nghiệm pháp Murphy dương tính rõ. Gan không to, không có dấu hiệu suy gan mạn. Cận lâm sàng ghi nhận: Bạch cầu 15.5 G/L (neutrophil 85%); CRP 120 mg/L; Amylase máu 150 U/L; Bilirubin toàn phần 18 µmol/L; AST 45 U/L, ALT 50 U/L. Siêu âm bụng cấp cứu cho thấy túi mật căng to, kích thước 10x5 cm, thành dày 6 mm, có hình ảnh ""hai lớp"", có nhiều sỏi nhỏ bên trong và một viên sỏi kẹt ở vùng cổ túi mật, ấn đầu dò vào vị trí túi mật bệnh nhân rất đau (dấu hiệu Murphy siêu âm dương tính).",Hướng xử trí nào được xem là điều trị tiêu chuẩn và triệt để cho bệnh nhân này?,Dùng kháng sinh và thuốc tan sỏi mật.,"Bắt đầu kháng sinh, điều trị hỗ trợ và tiến hành phẫu thuật cắt túi mật nội soi sớm (trong vòng 72 giờ).","Chỉ cần dùng thuốc giảm đau, giảm co thắt.",Dẫn lưu túi mật qua da.,,b,"Điều trị chuẩn cho viêm túi mật cấp do sỏi là phẫu thuật cắt bỏ túi mật. Phẫu thuật nội soi sớm (trong vòng 72 giờ từ khi khởi phát triệu chứng) được ưu tiên vì giúp giải quyết triệt để nguyên nhân, rút ngắn thời gian nằm viện và giảm biến chứng so với phẫu thuật trì hoãn. Kháng sinh và điều trị hỗ trợ đóng vai trò quan trọng trong việc ổn định bệnh nhân trước và sau mổ."
noi-benh-ly-duong-mat-case-2-1,noi,Bệnh lý đường mật,Tiêu hoá,"Bệnh nhân nữ 72 tuổi, tiền sử sỏi túi mật nhiều năm, vào viện vì sốt cao và vàng da. Khoảng 3 ngày nay, bệnh nhân đột ngột lên cơn đau quặn bụng vùng hạ sườn phải, sau đó xuất hiện sốt cao 39-40°C, rét run cầm cập nhiều cơn trong ngày. Kèm theo đó, bệnh nhân thấy vàng da, vàng mắt tăng nhanh, nước tiểu sẫm màu. Bệnh nhân không có thay đổi ý thức hay tụt huyết áp. Tiền sử không uống rượu. Khám lúc vào viện: bệnh nhân tỉnh táo, tiếp xúc tốt, da và củng mạc mắt vàng đậm. Sinh hiệu: mạch 110 lần/phút, huyết áp 120/70 mmHg, nhiệt độ 39.5°C. Bụng mềm, ấn đau tức vùng hạ sườn phải và thượng vị, gan không to, túi mật không sờ thấy. Khám các cơ quan khác chưa phát hiện bất thường. Cận lâm sàng: Bạch cầu 18.0 G/L (neutrophil 88%); CRP 280 mg/L; Bilirubin toàn phần 105 µmol/L (chủ yếu là bilirubin trực tiếp); AST 220 U/L, ALT 250 U/L; Phosphatase kiềm (ALP) 750 U/L, GGT 800 U/L. Siêu âm bụng cho thấy túi mật có vài viên sỏi, đường mật trong gan và ống mật chủ giãn to (đường kính OMC 1.2 cm), đoạn cuối ống mật chủ có sỏi cản âm kích thước 8 mm.",Tình trạng của bệnh nhân được chẩn đoán là gì?,Viêm túi mật cấp.,Viêm gan cấp do virus.,Ung thư đầu tụy.,Viêm đường mật cấp do sỏi ống mật chủ.,,d,"Bệnh cảnh lâm sàng (sốt rét run, đau bụng, vàng da) cùng với xét nghiệm (hội chứng nhiễm trùng, ứ mật) và hình ảnh học (giãn đường mật, sỏi OMC) là cực kỳ điển hình cho Viêm đường mật cấp do sỏi ống mật chủ."
noi-benh-ly-duong-mat-case-2-2,noi,Bệnh lý đường mật,Tiêu hoá,"Bệnh nhân nữ 72 tuổi, tiền sử sỏi túi mật nhiều năm, vào viện vì sốt cao và vàng da. Khoảng 3 ngày nay, bệnh nhân đột ngột lên cơn đau quặn bụng vùng hạ sườn phải, sau đó xuất hiện sốt cao 39-40°C, rét run cầm cập nhiều cơn trong ngày. Kèm theo đó, bệnh nhân thấy vàng da, vàng mắt tăng nhanh, nước tiểu sẫm màu. Bệnh nhân không có thay đổi ý thức hay tụt huyết áp. Tiền sử không uống rượu. Khám lúc vào viện: bệnh nhân tỉnh táo, tiếp xúc tốt, da và củng mạc mắt vàng đậm. Sinh hiệu: mạch 110 lần/phút, huyết áp 120/70 mmHg, nhiệt độ 39.5°C. Bụng mềm, ấn đau tức vùng hạ sườn phải và thượng vị, gan không to, túi mật không sờ thấy. Khám các cơ quan khác chưa phát hiện bất thường. Cận lâm sàng: Bạch cầu 18.0 G/L (neutrophil 88%); CRP 280 mg/L; Bilirubin toàn phần 105 µmol/L (chủ yếu là bilirubin trực tiếp); AST 220 U/L, ALT 250 U/L; Phosphatase kiềm (ALP) 750 U/L, GGT 800 U/L. Siêu âm bụng cho thấy túi mật có vài viên sỏi, đường mật trong gan và ống mật chủ giãn to (đường kính OMC 1.2 cm), đoạn cuối ống mật chủ có sỏi cản âm kích thước 8 mm.",Tam chứng lâm sàng kinh điển mà bệnh nhân này biểu hiện được gọi là gì?,Tam chứng Charcot.,Tam chứng Beck.,Tam chứng Virchow.,Tam chứng Cushing.,,a,"Tam chứng Charcot, bao gồm sốt (thường kèm rét run), đau hạ sườn phải và vàng da, là bộ ba triệu chứng kinh điển của viêm đường mật cấp. Nó xuất hiện ở khoảng 50-70% bệnh nhân."
noi-benh-ly-duong-mat-case-2-3,noi,Bệnh lý đường mật,Tiêu hoá,"Bệnh nhân nữ 72 tuổi, tiền sử sỏi túi mật nhiều năm, vào viện vì sốt cao và vàng da. Khoảng 3 ngày nay, bệnh nhân đột ngột lên cơn đau quặn bụng vùng hạ sườn phải, sau đó xuất hiện sốt cao 39-40°C, rét run cầm cập nhiều cơn trong ngày. Kèm theo đó, bệnh nhân thấy vàng da, vàng mắt tăng nhanh, nước tiểu sẫm màu. Bệnh nhân không có thay đổi ý thức hay tụt huyết áp. Tiền sử không uống rượu. Khám lúc vào viện: bệnh nhân tỉnh táo, tiếp xúc tốt, da và củng mạc mắt vàng đậm. Sinh hiệu: mạch 110 lần/phút, huyết áp 120/70 mmHg, nhiệt độ 39.5°C. Bụng mềm, ấn đau tức vùng hạ sườn phải và thượng vị, gan không to, túi mật không sờ thấy. Khám các cơ quan khác chưa phát hiện bất thường. Cận lâm sàng: Bạch cầu 18.0 G/L (neutrophil 88%); CRP 280 mg/L; Bilirubin toàn phần 105 µmol/L (chủ yếu là bilirubin trực tiếp); AST 220 U/L, ALT 250 U/L; Phosphatase kiềm (ALP) 750 U/L, GGT 800 U/L. Siêu âm bụng cho thấy túi mật có vài viên sỏi, đường mật trong gan và ống mật chủ giãn to (đường kính OMC 1.2 cm), đoạn cuối ống mật chủ có sỏi cản âm kích thước 8 mm.",Cơ chế chính gây ra viêm đường mật cấp là gì?,Sự kết hợp giữa tắc nghẽn đường mật và nhiễm khuẩn dịch mật. https://onedrive.live.com/personal/2672550e42ddc7d4/_layouts/15/D,Do trào ngược dịch vị vào đường mật.,Do virus CMV hoặc EBV gây viêm.,Phản ứng viêm tự miễn của các tế bào đường mật.,,a,"Hai yếu tố cốt lõi trong cơ chế bệnh sinh của viêm đường mật cấp là tắc nghẽn và nhiễm khuẩn. Sự tắc nghẽn (thường do sỏi) làm ứ trệ dịch mật, tăng áp lực trong đường mật. Điều này tạo môi trường thuận lợi cho vi khuẩn (thường từ tá tràng đi c.aspx?sourcedoc={186352b6-90cf-40c9-ba19-ae84e248ef20}&action=vie… 1/12 ngược lên) phát triển và xâm nhập vào máu qua các xoang gan, gây ra nhiễm trùng huyết và các biểu hiện toàn thân."
noi-benh-ly-duong-mat-case-2-4,noi,Bệnh lý đường mật,Tiêu hoá,"Bệnh nhân nữ 72 tuổi, tiền sử sỏi túi mật nhiều năm, vào viện vì sốt cao và vàng da. Khoảng 3 ngày nay, bệnh nhân đột ngột lên cơn đau quặn bụng vùng hạ sườn phải, sau đó xuất hiện sốt cao 39-40°C, rét run cầm cập nhiều cơn trong ngày. Kèm theo đó, bệnh nhân thấy vàng da, vàng mắt tăng nhanh, nước tiểu sẫm màu. Bệnh nhân không có thay đổi ý thức hay tụt huyết áp. Tiền sử không uống rượu. Khám lúc vào viện: bệnh nhân tỉnh táo, tiếp xúc tốt, da và củng mạc mắt vàng đậm. Sinh hiệu: mạch 110 lần/phút, huyết áp 120/70 mmHg, nhiệt độ 39.5°C. Bụng mềm, ấn đau tức vùng hạ sườn phải và thượng vị, gan không to, túi mật không sờ thấy. Khám các cơ quan khác chưa phát hiện bất thường. Cận lâm sàng: Bạch cầu 18.0 G/L (neutrophil 88%); CRP 280 mg/L; Bilirubin toàn phần 105 µmol/L (chủ yếu là bilirubin trực tiếp); AST 220 U/L, ALT 250 U/L; Phosphatase kiềm (ALP) 750 U/L, GGT 800 U/L. Siêu âm bụng cho thấy túi mật có vài viên sỏi, đường mật trong gan và ống mật chủ giãn to (đường kính OMC 1.2 cm), đoạn cuối ống mật chủ có sỏi cản âm kích thước 8 mm.",Can thiệp nào là cấp thiết và quan trọng nhất để giải quyết triệt để tình trạng của bệnh nhân?,Dẫn lưu đường mật qua da.,Nội soi mật tụy ngược dòng (ERCP) để lấy sỏi và dẫn lưu đường mật.,Phẫu thuật cắt túi mật.,Dùng kháng sinh phổ rộng đơn thuần.,,b,"Điều trị viêm đường mật cấp bao gồm ba trụ cột: hồi sức, kháng sinh và dẫn lưu đường mật. Trong đó, dẫn lưu đường mật để giải quyết tình trạng tắc nghẽn là quan trọng nhất. ERCP với thủ thuật cắt cơ vòng và lấy sỏi là phương pháp được lựa chọn hàng đầu vì tính hiệu quả và ít xâm lấn, giúp giải quyết cả nguyên nhân và hậu quả."
noi-benh-ly-duong-mat-case-2-5,noi,Bệnh lý đường mật,Tiêu hoá,"Bệnh nhân nữ 72 tuổi, tiền sử sỏi túi mật nhiều năm, vào viện vì sốt cao và vàng da. Khoảng 3 ngày nay, bệnh nhân đột ngột lên cơn đau quặn bụng vùng hạ sườn phải, sau đó xuất hiện sốt cao 39-40°C, rét run cầm cập nhiều cơn trong ngày. Kèm theo đó, bệnh nhân thấy vàng da, vàng mắt tăng nhanh, nước tiểu sẫm màu. Bệnh nhân không có thay đổi ý thức hay tụt huyết áp. Tiền sử không uống rượu. Khám lúc vào viện: bệnh nhân tỉnh táo, tiếp xúc tốt, da và củng mạc mắt vàng đậm. Sinh hiệu: mạch 110 lần/phút, huyết áp 120/70 mmHg, nhiệt độ 39.5°C. Bụng mềm, ấn đau tức vùng hạ sườn phải và thượng vị, gan không to, túi mật không sờ thấy. Khám các cơ quan khác chưa phát hiện bất thường. Cận lâm sàng: Bạch cầu 18.0 G/L (neutrophil 88%); CRP 280 mg/L; Bilirubin toàn phần 105 µmol/L (chủ yếu là bilirubin trực tiếp); AST 220 U/L, ALT 250 U/L; Phosphatase kiềm (ALP) 750 U/L, GGT 800 U/L. Siêu âm bụng cho thấy túi mật có vài viên sỏi, đường mật trong gan và ống mật chủ giãn to (đường kính OMC 1.2 cm), đoạn cuối ống mật chủ có sỏi cản âm kích thước 8 mm.","Nếu bệnh nhân này có thêm rối loạn ý thức và tụt huyết áp, tình trạng đó sẽ được gọi là gì?",Sốc nhiễm khuẩn.,Hội chứng gan thận.,Ngũ chứng Reynolds.,Bệnh não gan.,,c,"Ngũ chứng Reynolds bao gồm tam chứng Charcot cộng thêm hai dấu hiệu của sốc nhiễm khuẩn là thay đổi ý thức (lơ mơ, lú lẫn) và tụt huyết áp. Đây là biểu hiện của thể bệnh viêm đường mật cấp rất nặng, có tỷ lệ tử vong cao và đòi hỏi phải can thiệp dẫn lưu đường mật khẩn cấp."
noi-benh-ly-duong-mat-case-3-1,noi,Bệnh lý đường mật,Tiêu hoá,"Bệnh nhân nữ 50 tuổi, đến khám vì mệt mỏi và ngứa da. Khoảng 1 năm nay, bệnh nhân thường xuyên cảm thấy mệt mỏi không tương xứng với gắng sức, kèm theo ngứa lan tỏa toàn thân, ngứa nhiều về đêm và không giảm với các thuốc kháng histamin thông thường. Gần đây, bệnh nhân thấy da sạm đi và có các u vàng (xanthomas) ở mí mắt và khuỷu tay. Bệnh nhân không uống rượu, không có tiền sử viêm gan virus hay bệnh lý đường mật khác. Khám lâm sàng thấy da sạm màu, có nhiều vết xước do gãi, vàng mắt nhẹ, có các u vàng ở mi mắt và các nếp gấp lòng bàn tay. Gan to 3 cm dưới sườn, chắc, lách không to. Cận lâm sàng: AST 110 U/L, ALT 125 U/L, Bilirubin toàn phần 40 µmol/L. Đặc biệt, Phosphatase kiềm (ALP) tăng rất cao 1300 U/L và GGT cũng tăng cao 1050 U/L. Xét nghiệm HBsAg, anti-HCV âm tính. Xét nghiệm miễn dịch có kháng thể kháng ty thể (AMA) type M2 dương tính mạnh ở hiệu giá 1:1280.",Chẩn đoán nào là phù hợp nhất với bệnh nhân này?,Viêm đường mật xơ hóa nguyên phát (PSC).,Xơ gan ứ mật nguyên phát (Primary Biliary Cholangitis - PBC).,Tắc mật do sỏi.,Viêm gan tự miễn.,,b,"Bệnh cảnh một phụ nữ trung niên có triệu chứng ứ mật mạn tính (mệt mỏi, ngứa, u vàng), xét nghiệm có tình trạng ứ mật rất rõ rệt (ALP, GGT tăng rất cao) và đặc biệt là sự hiện diện của kháng thể AMA ở hiệu giá cao là cực kỳ điển hình cho viêm đường mật nguyên phát."
noi-benh-ly-duong-mat-case-3-2,noi,Bệnh lý đường mật,Tiêu hoá,"Bệnh nhân nữ 50 tuổi, đến khám vì mệt mỏi và ngứa da. Khoảng 1 năm nay, bệnh nhân thường xuyên cảm thấy mệt mỏi không tương xứng với gắng sức, kèm theo ngứa lan tỏa toàn thân, ngứa nhiều về đêm và không giảm với các thuốc kháng histamin thông thường. Gần đây, bệnh nhân thấy da sạm đi và có các u vàng (xanthomas) ở mí mắt và khuỷu tay. Bệnh nhân không uống rượu, không có tiền sử viêm gan virus hay bệnh lý đường mật khác. Khám lâm sàng thấy da sạm màu, có nhiều vết xước do gãi, vàng mắt nhẹ, có các u vàng ở mi mắt và các nếp gấp lòng bàn tay. Gan to 3 cm dưới sườn, chắc, lách không to. Cận lâm sàng: AST 110 U/L, ALT 125 U/L, Bilirubin toàn phần 40 µmol/L. Đặc biệt, Phosphatase kiềm (ALP) tăng rất cao 1300 U/L và GGT cũng tăng cao 1050 U/L. Xét nghiệm HBsAg, anti-HCV âm tính. Xét nghiệm miễn dịch có kháng thể kháng ty thể (AMA) type M2 dương tính mạnh ở hiệu giá 1:1280.",Cơ chế bệnh sinh của bệnh lý này là gì?,Sự xơ hóa và chít hẹp lan tỏa của các đường mật lớn trong và ngoài gan.,Do sự tấn công của tế bào T tự phản ứng vào các tế bào biểu mô của các đường mật nhỏ trong gan.,Do nhiễm một loại ký sinh trùng đường mật.,Sự lắng đọng đồng trong gan gây tổn thương tế bào gan.,,b,"PBC là một bệnh tự miễn, đặc trưng bởi tình trạng viêm mạn tính và phá hủy dần các đường mật nhỏ (ống mật gian tiểu thùy) bên trong gan. Sự phá hủy này được cho là qua trung gian tế bào T. Hậu quả là dịch mật bị ứ lại trong gan, gây tổn thương tế bào gan, viêm, và cuối cùng là xơ hóa lan tỏa."
noi-benh-ly-duong-mat-case-3-3,noi,Bệnh lý đường mật,Tiêu hoá,"Bệnh nhân nữ 50 tuổi, đến khám vì mệt mỏi và ngứa da. Khoảng 1 năm nay, bệnh nhân thường xuyên cảm thấy mệt mỏi không tương xứng với gắng sức, kèm theo ngứa lan tỏa toàn thân, ngứa nhiều về đêm và không giảm với các thuốc kháng histamin thông thường. Gần đây, bệnh nhân thấy da sạm đi và có các u vàng (xanthomas) ở mí mắt và khuỷu tay. Bệnh nhân không uống rượu, không có tiền sử viêm gan virus hay bệnh lý đường mật khác. Khám lâm sàng thấy da sạm màu, có nhiều vết xước do gãi, vàng mắt nhẹ, có các u vàng ở mi mắt và các nếp gấp lòng bàn tay. Gan to 3 cm dưới sườn, chắc, lách không to. Cận lâm sàng: AST 110 U/L, ALT 125 U/L, Bilirubin toàn phần 40 µmol/L. Đặc biệt, Phosphatase kiềm (ALP) tăng rất cao 1300 U/L và GGT cũng tăng cao 1050 U/L. Xét nghiệm HBsAg, anti-HCV âm tính. Xét nghiệm miễn dịch có kháng thể kháng ty thể (AMA) type M2 dương tính mạnh ở hiệu giá 1:1280.",Kháng thể nào được xem là dấu ấn huyết thanh đặc trưng nhất (độ đặc hiệu >95%) cho bệnh xơ gan ứ mật nguyên phát?,Kháng thể kháng ty thể (AMA).,Kháng thể kháng cơ trơn (ASMA).,Kháng thể kháng p-ANCA.,Kháng thể kháng nhân (ANA).,,a,"Kháng thể kháng ty thể (AMA), đặc biệt là kháng thể kháng lại phức hợp E2 của pyruvate dehydrogenase (AMA- M2), có độ nhạy và độ đặc hiệu rất cao cho chẩn đoán PBC. Sự hiện diện của nó là một trong ba tiêu chuẩn chẩn đoán chính của bệnh (cùng với bằng chứng ứ mật và/hoặc mô bệnh học phù hợp)."
noi-benh-ly-duong-mat-case-3-4,noi,Bệnh lý đường mật,Tiêu hoá,"Bệnh nhân nữ 50 tuổi, đến khám vì mệt mỏi và ngứa da. Khoảng 1 năm nay, bệnh nhân thường xuyên cảm thấy mệt mỏi không tương xứng với gắng sức, kèm theo ngứa lan tỏa toàn thân, ngứa nhiều về đêm và không giảm với các thuốc kháng histamin thông thường. Gần đây, bệnh nhân thấy da sạm đi và có các u vàng (xanthomas) ở mí mắt và khuỷu tay. Bệnh nhân không uống rượu, không có tiền sử viêm gan virus hay bệnh lý đường mật khác. Khám lâm sàng thấy da sạm màu, có nhiều vết xước do gãi, vàng mắt nhẹ, có các u vàng ở mi mắt và các nếp gấp lòng bàn tay. Gan to 3 cm dưới sườn, chắc, lách không to. Cận lâm sàng: AST 110 U/L, ALT 125 U/L, Bilirubin toàn phần 40 µmol/L. Đặc biệt, Phosphatase kiềm (ALP) tăng rất cao 1300 U/L và GGT cũng tăng cao 1050 U/L. Xét nghiệm HBsAg, anti-HCV âm tính. Xét nghiệm miễn dịch có kháng thể kháng ty thể (AMA) type M2 dương tính mạnh ở hiệu giá 1:1280.","Thuốc nào là lựa chọn điều trị đầu tay đã được chứng minh làm chậm tiến triển của bệnh, cải thiện sinh hóa và tiên lượng?",Ursodeoxycholic acid (UDCA).,Cholestyramine.,Prednisolone.,Azathioprine.,,a,"Ursodeoxycholic acid (UDCA) là một loại acid mật thứ cấp, ưa nước. Nó là liệu pháp nền tảng cho PBC, giúp làm loãng các acid mật độc, bảo vệ tế bào đường mật, cải thiện dòng chảy của mật và có tác dụng điều hòa miễn dịch. Điều trị sớm và đầy đủ bằng UDCA có thể làm chậm đáng kể sự tiến triển đến xơ gan."
noi-benh-ly-duong-mat-case-3-5,noi,Bệnh lý đường mật,Tiêu hoá,"Bệnh nhân nữ 50 tuổi, đến khám vì mệt mỏi và ngứa da. Khoảng 1 năm nay, bệnh nhân thường xuyên cảm thấy mệt mỏi không tương xứng với gắng sức, kèm theo ngứa lan tỏa toàn thân, ngứa nhiều về đêm và không giảm với các thuốc kháng histamin thông thường. Gần đây, bệnh nhân thấy da sạm đi và có các u vàng (xanthomas) ở mí mắt và khuỷu tay. Bệnh nhân không uống rượu, không có tiền sử viêm gan virus hay bệnh lý đường mật khác. Khám lâm sàng thấy da sạm màu, có nhiều vết xước do gãi, vàng mắt nhẹ, có các u vàng ở mi mắt và các nếp gấp lòng bàn tay. Gan to 3 cm dưới sườn, chắc, lách không to. Cận lâm sàng: AST 110 U/L, ALT 125 U/L, Bilirubin toàn phần 40 µmol/L. Đặc biệt, Phosphatase kiềm (ALP) tăng rất cao 1300 U/L và GGT cũng tăng cao 1050 U/L. Xét nghiệm HBsAg, anti-HCV âm tính. Xét nghiệm miễn dịch có kháng thể kháng ty thể (AMA) type M2 dương tính mạnh ở hiệu giá 1:1280.",Triệu chứng ngứa dữ dội ở bệnh nhân này chủ yếu là do sự tích tụ của chất gì trong máu và da?,Bilirubin.,Các acid mật.,Histamin.,Ure.,,b,"Mặc dù cơ chế chưa được hiểu đầy đủ, triệu chứng ngứa trong các bệnh lý ứ mật được cho là có liên quan mật thiết đến sự gia tăng nồng độ acid mật trong tuần hoàn. Các acid mật này lắng đọng trong da và kích thích các đầu dây thần kinh cảm giác, gây ra cảm giác ngứa dữ dội và khó chữa."
noi-benh-ly-duong-mat-case-4-1,noi,Bệnh lý đường mật,Tiêu hoá,"Bệnh nhân nam 35 tuổi, có tiền sử bệnh Viêm loét đại trực tràng chảy máu (Ulcerative Colitis) 5 năm, đến khám vì mệt mỏi và vàng da nhẹ. Bệnh nhân không đau bụng, không sốt, nhưng cảm thấy mệt mỏi và thỉnh thoảng bị ngứa da. Bệnh viêm ruột của bệnh nhân đang ở giai đoạn ổn định. Khám lâm sàng thấy vàng da, vàng mắt nhẹ, không có các dấu hiệu của xơ gan mất bù. Cận lâm sàng cho thấy một tình trạng ứ mật: Bilirubin toàn phần 50 µmol/L; Phosphatase kiềm (ALP) 800 U/L; GGT 900 U/L. Men gan AST, ALT chỉ tăng nhẹ. Xét nghiệm AMA âm tính, nhưng p-ANCA dương tính. Bệnh nhân được chỉ định chụp cộng hưởng từ đường mật (MRCP). Kết quả MRCP cho thấy hình ảnh các đoạn hẹp và giãn xen kẽ nhau của đường mật trong và ngoài gan, tạo thành hình ảnh ""chuỗi hạt"" (beads on a string).",Chẩn đoán bệnh lý đường mật nào là phù hợp nhất với bệnh nhân này?,Viêm đường mật xơ hóa nguyên phát (Primary Sclerosing Cholangitis - PSC). https://onedrive.live.com/personal/2672550e42ddc7d4/_layouts/15/D,Sỏi ống mật chủ.,Ung thư đường mật.,Xơ gan ứ mật nguyên phát (PBC).,,a,"Bệnh cảnh một bệnh nhân nam trẻ, có bệnh viêm ruột, biểu hiện ứ mật mạn tính, AMA âm tính và đặc biệt là hình ảnh ""chuỗi hạt"" trên MRCP là kinh điển cho Viêm đường mật xơ hóa nguyên phát (PSC). c.aspx?sourcedoc={186352b6-90cf-40c9-ba19-ae84e248ef20}&action=vie… 2/12"
noi-benh-ly-duong-mat-case-4-2,noi,Bệnh lý đường mật,Tiêu hoá,"Bệnh nhân nam 35 tuổi, có tiền sử bệnh Viêm loét đại trực tràng chảy máu (Ulcerative Colitis) 5 năm, đến khám vì mệt mỏi và vàng da nhẹ. Bệnh nhân không đau bụng, không sốt, nhưng cảm thấy mệt mỏi và thỉnh thoảng bị ngứa da. Bệnh viêm ruột của bệnh nhân đang ở giai đoạn ổn định. Khám lâm sàng thấy vàng da, vàng mắt nhẹ, không có các dấu hiệu của xơ gan mất bù. Cận lâm sàng cho thấy một tình trạng ứ mật: Bilirubin toàn phần 50 µmol/L; Phosphatase kiềm (ALP) 800 U/L; GGT 900 U/L. Men gan AST, ALT chỉ tăng nhẹ. Xét nghiệm AMA âm tính, nhưng p-ANCA dương tính. Bệnh nhân được chỉ định chụp cộng hưởng từ đường mật (MRCP). Kết quả MRCP cho thấy hình ảnh các đoạn hẹp và giãn xen kẽ nhau của đường mật trong và ngoài gan, tạo thành hình ảnh ""chuỗi hạt"" (beads on a string).",Mối liên quan giữa bệnh lý này và Viêm loét đại trực tràng chảy máu là gì?,Không có mối liên quan.,Viêm loét đại tràng là hậu quả của PSC.,"Có một mối liên quan rất chặt chẽ; khoảng 70-80% bệnh nhân PSC có bệnh viêm ruột (IBD) đi kèm, chủ yếu là viêm loét đại tràng.",PSC là một biến chứng của thuốc điều trị viêm loét đại tràng.,,c,"Mối liên quan giữa PSC và IBD là một trong những đặc điểm nổi bật nhất của bệnh. Mặc dù cơ chế chưa được hiểu rõ, người ta cho rằng có thể có sự tham gia của các yếu tố di truyền chung và sự rối loạn của ""trục ruột-gan"", trong đó các sản phẩm của vi khuẩn hoặc các tế bào miễn dịch từ ruột bị viêm có thể di chuyển đến gan và gây ra phản ứng viêm ở đường mật."
noi-benh-ly-duong-mat-case-4-3,noi,Bệnh lý đường mật,Tiêu hoá,"Bệnh nhân nam 35 tuổi, có tiền sử bệnh Viêm loét đại trực tràng chảy máu (Ulcerative Colitis) 5 năm, đến khám vì mệt mỏi và vàng da nhẹ. Bệnh nhân không đau bụng, không sốt, nhưng cảm thấy mệt mỏi và thỉnh thoảng bị ngứa da. Bệnh viêm ruột của bệnh nhân đang ở giai đoạn ổn định. Khám lâm sàng thấy vàng da, vàng mắt nhẹ, không có các dấu hiệu của xơ gan mất bù. Cận lâm sàng cho thấy một tình trạng ứ mật: Bilirubin toàn phần 50 µmol/L; Phosphatase kiềm (ALP) 800 U/L; GGT 900 U/L. Men gan AST, ALT chỉ tăng nhẹ. Xét nghiệm AMA âm tính, nhưng p-ANCA dương tính. Bệnh nhân được chỉ định chụp cộng hưởng từ đường mật (MRCP). Kết quả MRCP cho thấy hình ảnh các đoạn hẹp và giãn xen kẽ nhau của đường mật trong và ngoài gan, tạo thành hình ảnh ""chuỗi hạt"" (beads on a string).",Cơ chế bệnh sinh của PSC là gì?,Do nhiễm trùng mạn tính của đường mật.,Do lắng đọng các tinh thể cholesterol.,Do thiếu máu cục bộ của đường mật.,"Là một bệnh lý viêm xơ, tiến triển, đặc trưng bởi sự viêm và xơ hóa lan tỏa của cây đường mật, dẫn đến hẹp và tắc nghẽn. Cơ chế chính xác chưa rõ nhưng có sự tham gia của yếu tố di truyền và miễn dịch.",,d,"PSC là một bệnh lý viêm và xơ hóa không rõ nguyên nhân. Quá trình viêm mạn tính dẫn đến sự hình thành các vòng xơ xung quanh các ống mật, gây ra các đoạn hẹp. Các đoạn nằm giữa các chỗ hẹp sẽ giãn ra, tạo nên hình ảnh đặc trưng trên chẩn đoán hình ảnh. Bệnh tiến triển không ngừng đến xơ gan và suy gan."
noi-benh-ly-duong-mat-case-4-4,noi,Bệnh lý đường mật,Tiêu hoá,"Bệnh nhân nam 35 tuổi, có tiền sử bệnh Viêm loét đại trực tràng chảy máu (Ulcerative Colitis) 5 năm, đến khám vì mệt mỏi và vàng da nhẹ. Bệnh nhân không đau bụng, không sốt, nhưng cảm thấy mệt mỏi và thỉnh thoảng bị ngứa da. Bệnh viêm ruột của bệnh nhân đang ở giai đoạn ổn định. Khám lâm sàng thấy vàng da, vàng mắt nhẹ, không có các dấu hiệu của xơ gan mất bù. Cận lâm sàng cho thấy một tình trạng ứ mật: Bilirubin toàn phần 50 µmol/L; Phosphatase kiềm (ALP) 800 U/L; GGT 900 U/L. Men gan AST, ALT chỉ tăng nhẹ. Xét nghiệm AMA âm tính, nhưng p-ANCA dương tính. Bệnh nhân được chỉ định chụp cộng hưởng từ đường mật (MRCP). Kết quả MRCP cho thấy hình ảnh các đoạn hẹp và giãn xen kẽ nhau của đường mật trong và ngoài gan, tạo thành hình ảnh ""chuỗi hạt"" (beads on a string).",Biến chứng ác tính nào là nguy hiểm nhất mà bệnh nhân PSC có nguy cơ cao mắc phải?,Ung thư đại tràng.,Ung thư đường mật (Cholangiocarcinoma).,Ung thư gan (HCC).,Ung thư tụy.,,b,Bệnh nhân PSC có nguy cơ mắc ung thư đường mật cao hơn rất nhiều (10-20% trong đời) so với dân số chung. Đây là một biến chứng đáng sợ và khó chẩn đoán sớm. Nguy cơ ung thư đại tràng cũng tăng ở những bệnh nhân PSC có kèm viêm loét đại tràng.
noi-benh-ly-duong-mat-case-4-5,noi,Bệnh lý đường mật,Tiêu hoá,"Bệnh nhân nam 35 tuổi, có tiền sử bệnh Viêm loét đại trực tràng chảy máu (Ulcerative Colitis) 5 năm, đến khám vì mệt mỏi và vàng da nhẹ. Bệnh nhân không đau bụng, không sốt, nhưng cảm thấy mệt mỏi và thỉnh thoảng bị ngứa da. Bệnh viêm ruột của bệnh nhân đang ở giai đoạn ổn định. Khám lâm sàng thấy vàng da, vàng mắt nhẹ, không có các dấu hiệu của xơ gan mất bù. Cận lâm sàng cho thấy một tình trạng ứ mật: Bilirubin toàn phần 50 µmol/L; Phosphatase kiềm (ALP) 800 U/L; GGT 900 U/L. Men gan AST, ALT chỉ tăng nhẹ. Xét nghiệm AMA âm tính, nhưng p-ANCA dương tính. Bệnh nhân được chỉ định chụp cộng hưởng từ đường mật (MRCP). Kết quả MRCP cho thấy hình ảnh các đoạn hẹp và giãn xen kẽ nhau của đường mật trong và ngoài gan, tạo thành hình ảnh ""chuỗi hạt"" (beads on a string).",Hướng xử trí nào sau đây là phù hợp nhất cho bệnh nhân PSC?,Dùng kháng sinh dự phòng kéo dài.,Phẫu thuật bắc cầu nối mật-ruột.,"Theo dõi định kỳ, can thiệp nội soi (nong chỗ hẹp, đặt stent) khi cần, và cuối cùng là ghép gan khi có bệnh gan giai đoạn cuối.",Điều trị bằng corticoid liều cao.,,c,"Không giống như PBC, hiện chưa có loại thuốc nào (kể cả UDCA) được chứng minh là có hiệu quả rõ rệt trong việc làm thay đổi diễn tiến của PSC. Do đó, việc quản lý bệnh tập trung vào theo dõi các biến chứng (ứ mật, nhiễm trùng, thiếu vitamin, ung thư), can thiệp qua ERCP để giải quyết các chỗ hẹp ưu thế gây triệu chứng, và cuối cùng, ghép gan là phương pháp điều trị duy nhất khi bệnh tiến triển đến giai đoạn cuối."
noi-benh-ly-duong-mat-case-5-1,noi,Bệnh lý đường mật,Tiêu hoá,"Bệnh nhân nam 70 tuổi, gầy sút, có tiền sử hút thuốc lá nhiều năm, đến khám vì vàng da ngày càng tăng và ngứa toàn thân. Bệnh khởi phát từ từ khoảng 2 tháng nay, bệnh nhân không đau bụng, không sốt. Bệnh nhân thấy nước tiểu sẫm màu như nước vối, phân bạc màu như phân cò, sút 10 kg. Khám lâm sàng: bệnh nhân tỉnh, thể trạng suy kiệt, vàng da củng mạc đậm màu. Bụng mềm, không chướng, sờ thấy túi mật căng to, không đau ở dưới bờ sườn phải (dấu hiệu Courvoisier-Terrier dương tính). Gan không to. Cận lâm sàng: Bilirubin toàn phần 350 µmol/L (chủ yếu là trực tiếp); ALP và GGT tăng rất cao. Men gan AST, ALT chỉ tăng nhẹ. Xét nghiệm chất chỉ điểm khối u CA 19-9 tăng rất cao > 1000 U/mL. Chụp CT scan bụng có cản quang cho thấy toàn bộ đường mật trong và ngoài gan giãn to, túi mật căng; tại vùng đầu tụy có một khối u giảm tỷ trọng, bờ không đều, kích thước 3 cm, gây tắc nghẽn đoạn cuối ống mật chủ, không thấy sỏi. Khối u xâm lấn tĩnh mạch mạc treo tràng trên.","Dựa trên bệnh cảnh lâm sàng và hình ảnh học, nguyên nhân gây vàng da tắc mật ở bệnh nhân này là gì?",Ung thư đầu tụy.,Sỏi kẹt đoạn cuối ống mật chủ.,Viêm tụy mạn gây xơ hóa đầu tụy.,Ung thư bóng Vater.,,a,"Bệnh cảnh vàng da tắc mật không đau, diễn tiến từ từ, kèm sụt cân và dấu hiệu Courvoisier ở một người lớn tuổi là rất điển hình cho một khối u ác tính ở vùng quanh bóng Vater, trong đó phổ biến nhất là ung thư đầu tụy."
noi-benh-ly-duong-mat-case-5-2,noi,Bệnh lý đường mật,Tiêu hoá,"Bệnh nhân nam 70 tuổi, gầy sút, có tiền sử hút thuốc lá nhiều năm, đến khám vì vàng da ngày càng tăng và ngứa toàn thân. Bệnh khởi phát từ từ khoảng 2 tháng nay, bệnh nhân không đau bụng, không sốt. Bệnh nhân thấy nước tiểu sẫm màu như nước vối, phân bạc màu như phân cò, sút 10 kg. Khám lâm sàng: bệnh nhân tỉnh, thể trạng suy kiệt, vàng da củng mạc đậm màu. Bụng mềm, không chướng, sờ thấy túi mật căng to, không đau ở dưới bờ sườn phải (dấu hiệu Courvoisier-Terrier dương tính). Gan không to. Cận lâm sàng: Bilirubin toàn phần 350 µmol/L (chủ yếu là trực tiếp); ALP và GGT tăng rất cao. Men gan AST, ALT chỉ tăng nhẹ. Xét nghiệm chất chỉ điểm khối u CA 19-9 tăng rất cao > 1000 U/mL. Chụp CT scan bụng có cản quang cho thấy toàn bộ đường mật trong và ngoài gan giãn to, túi mật căng; tại vùng đầu tụy có một khối u giảm tỷ trọng, bờ không đều, kích thước 3 cm, gây tắc nghẽn đoạn cuối ống mật chủ, không thấy sỏi. Khối u xâm lấn tĩnh mạch mạc treo tràng trên.",Cơ chế gây ra dấu hiệu Courvoisier-Terrier là gì?,Do teo túi mật bẩm sinh.,Sự tắc nghẽn từ từ do khối u ác tính cho phép túi mật có thành bình thường giãn dần ra do ứ đọng dịch mật.,"Sỏi gây viêm và xơ hóa thành túi mật, khiến túi mật không thể giãn ra được.",Do nhiễm trùng cấp tính làm túi mật căng to.,,b,"Đây là cơ sở của dấu hiệu Courvoisier. Khi tắc mật do sỏi, thường đã có quá trình viêm mạn tính trước đó làm thành túi mật dày và xơ, không thể giãn to. Ngược lại, khối u gây tắc nghẽn từ từ, áp lực tăng dần, cho phép túi mật có thành bình thường giãn ra như một quả bóng chứa đầy dịch mật trong."
noi-benh-ly-duong-mat-case-5-3,noi,Bệnh lý đường mật,Tiêu hoá,"Bệnh nhân nam 70 tuổi, gầy sút, có tiền sử hút thuốc lá nhiều năm, đến khám vì vàng da ngày càng tăng và ngứa toàn thân. Bệnh khởi phát từ từ khoảng 2 tháng nay, bệnh nhân không đau bụng, không sốt. Bệnh nhân thấy nước tiểu sẫm màu như nước vối, phân bạc màu như phân cò, sút 10 kg. Khám lâm sàng: bệnh nhân tỉnh, thể trạng suy kiệt, vàng da củng mạc đậm màu. Bụng mềm, không chướng, sờ thấy túi mật căng to, không đau ở dưới bờ sườn phải (dấu hiệu Courvoisier-Terrier dương tính). Gan không to. Cận lâm sàng: Bilirubin toàn phần 350 µmol/L (chủ yếu là trực tiếp); ALP và GGT tăng rất cao. Men gan AST, ALT chỉ tăng nhẹ. Xét nghiệm chất chỉ điểm khối u CA 19-9 tăng rất cao > 1000 U/mL. Chụp CT scan bụng có cản quang cho thấy toàn bộ đường mật trong và ngoài gan giãn to, túi mật căng; tại vùng đầu tụy có một khối u giảm tỷ trọng, bờ không đều, kích thước 3 cm, gây tắc nghẽn đoạn cuối ống mật chủ, không thấy sỏi. Khối u xâm lấn tĩnh mạch mạc treo tràng trên.",Tình trạng phân bạc màu và nước tiểu sẫm màu phản ánh điều gì?,Suy chức năng tế bào gan.,Nhiễm độc thuốc.,"Tắc nghẽn hoàn toàn đường mật: không có sắc tố mật (stercobilin) xuống ruột để làm phân có màu nâu, và bilirubin trực tiếp bị ứ lại trong máu được thải qua nước tiểu.",Tán huyết cấp.,,c,"Bilirubin liên hợp (trực tiếp) sau khi được gan bài tiết vào mật sẽ xuống ruột, được vi khuẩn chuyển hóa thành stercobilinogen và stercobilin, chất tạo ra màu nâu của phân. Khi đường mật bị tắc hoàn toàn, không có bilirubin xuống ruột, phân sẽ mất màu (bạc màu). Đồng thời, bilirubin liên hợp ứ lại trong máu sẽ được lọc qua thận, làm cho nước tiểu có màu rất sẫm."
noi-benh-ly-duong-mat-case-5-4,noi,Bệnh lý đường mật,Tiêu hoá,"Bệnh nhân nam 70 tuổi, gầy sút, có tiền sử hút thuốc lá nhiều năm, đến khám vì vàng da ngày càng tăng và ngứa toàn thân. Bệnh khởi phát từ từ khoảng 2 tháng nay, bệnh nhân không đau bụng, không sốt. Bệnh nhân thấy nước tiểu sẫm màu như nước vối, phân bạc màu như phân cò, sút 10 kg. Khám lâm sàng: bệnh nhân tỉnh, thể trạng suy kiệt, vàng da củng mạc đậm màu. Bụng mềm, không chướng, sờ thấy túi mật căng to, không đau ở dưới bờ sườn phải (dấu hiệu Courvoisier-Terrier dương tính). Gan không to. Cận lâm sàng: Bilirubin toàn phần 350 µmol/L (chủ yếu là trực tiếp); ALP và GGT tăng rất cao. Men gan AST, ALT chỉ tăng nhẹ. Xét nghiệm chất chỉ điểm khối u CA 19-9 tăng rất cao > 1000 U/mL. Chụp CT scan bụng có cản quang cho thấy toàn bộ đường mật trong và ngoài gan giãn to, túi mật căng; tại vùng đầu tụy có một khối u giảm tỷ trọng, bờ không đều, kích thước 3 cm, gây tắc nghẽn đoạn cuối ống mật chủ, không thấy sỏi. Khối u xâm lấn tĩnh mạch mạc treo tràng trên.",CA 19-9 là một chất chỉ điểm hữu ích cho loại ung thư nào sau đây?,Ung thư đại tràng.,"Ung thư của hệ thống tụy-mật (tụy, đường mật).",Ung thư gan (HCC).,Ung thư tiền liệt tuyến.,,b,"Carbohydrate antigen 19-9 (CA 19-9) là một chất chỉ điểm khối u quan trọng. Mặc dù không đủ đặc hiệu để chẩn đoán sàng lọc, nhưng khi tăng rất cao ở một bệnh nhân có triệu chứng nghi ngờ, nó là một công cụ hữu ích để hỗ trợ chẩn đoán và sau đó là theo dõi đáp ứng điều trị, phát hiện tái phát của ung thư tụy và ung thư đường mật."
noi-benh-ly-duong-mat-case-5-5,noi,Bệnh lý đường mật,Tiêu hoá,"Bệnh nhân nam 70 tuổi, gầy sút, có tiền sử hút thuốc lá nhiều năm, đến khám vì vàng da ngày càng tăng và ngứa toàn thân. Bệnh khởi phát từ từ khoảng 2 tháng nay, bệnh nhân không đau bụng, không sốt. Bệnh nhân thấy nước tiểu sẫm màu như nước vối, phân bạc màu như phân cò, sút 10 kg. Khám lâm sàng: bệnh nhân tỉnh, thể trạng suy kiệt, vàng da củng mạc đậm màu. Bụng mềm, không chướng, sờ thấy túi mật căng to, không đau ở dưới bờ sườn phải (dấu hiệu Courvoisier-Terrier dương tính). Gan không to. Cận lâm sàng: Bilirubin toàn phần 350 µmol/L (chủ yếu là trực tiếp); ALP và GGT tăng rất cao. Men gan AST, ALT chỉ tăng nhẹ. Xét nghiệm chất chỉ điểm khối u CA 19-9 tăng rất cao > 1000 U/mL. Chụp CT scan bụng có cản quang cho thấy toàn bộ đường mật trong và ngoài gan giãn to, túi mật căng; tại vùng đầu tụy có một khối u giảm tỷ trọng, bờ không đều, kích thước 3 cm, gây tắc nghẽn đoạn cuối ống mật chủ, không thấy sỏi. Khối u xâm lấn tĩnh mạch mạc treo tràng trên.",Sự xâm lấn của khối u vào tĩnh mạch mạc treo tràng trên có ý nghĩa gì về mặt tiên lượng và điều trị?,Không có ý nghĩa gì đặc biệt.,Cho thấy khối u không còn khả năng cắt bỏ và bệnh ở giai đoạn tiến triển tại chỗ.,Là một yếu tố tiên lượng tốt.,Là chỉ định cho hóa trị tân bổ trợ trước mổ. https://onedrive.live.com/personal/2672550e42ddc7d4/_layouts/15/D,,b,"Phẫu thuật cắt khối tá tụy (phẫu thuật Whipple) là phương pháp điều trị triệt để duy nhất cho ung thư đầu tụy. Tuy nhiên, c.aspx?sourcedoc={186352b6-90cf-40c9-ba19-ae84e248ef20}&action=vie… 3/12 phẫu thuật này chỉ có thể thực hiện được khi khối u chưa xâm lấn vào các cấu trúc mạch máu lớn quan trọng như động mạch và tĩnh mạch mạc treo tràng trên. Sự xâm lấn mạch máu là một tiêu chuẩn cho thấy khối u đã ở giai đoạn không thể cắt bỏ (unresectable) và bệnh nhân chỉ còn lựa chọn điều trị toàn thân hoặc chăm sóc giảm nhẹ."
noi-benh-ly-duong-mat-case-6-1,noi,Bệnh lý đường mật,Tiêu hoá,"Bệnh nhân nữ 65 tuổi, có tiền sử sỏi túi mật, được phẫu thuật cắt túi mật nội soi cách đây 2 năm. Sau mổ, bệnh nhân hết hoàn toàn triệu chứng. Tuy nhiên, khoảng 6 tháng nay, bệnh nhân lại xuất hiện các cơn đau quặn ở hạ sườn phải, tính chất tương tự như cơn đau sỏi mật trước đây, cơn đau thường xuất hiện sau bữa ăn, kéo dài khoảng 1-2 giờ rồi tự hết. Bệnh nhân không sốt, không vàng da. Khám lâm sàng và siêu âm bụng không phát hiện bất thường. Xét nghiệm chức năng gan và men tụy trong cơn đau cho thấy AST, ALT và lipase tăng nhẹ thoáng qua, sau cơn đau lại trở về bình thường. Bệnh nhân được chỉ định đo áp lực cơ vòng Oddi (sphincter of Oddi manometry).",Tình trạng của bệnh nhân được gọi là gì?,Loét dạ dày-tá tràng.,Viêm tụy mạn.,Sót sỏi ống mật chủ.,Hội chứng sau cắt túi mật (Post-cholecystectomy syndrome).,,d,Hội chứng sau cắt túi mật là một thuật ngữ dùng để chỉ sự xuất hiện hoặc tồn tại dai dẳng các triệu chứng (thường là đau) sau khi đã phẫu thuật cắt túi mật. Nó bao gồm nhiều nguyên nhân khác nhau.
noi-benh-ly-duong-mat-case-6-2,noi,Bệnh lý đường mật,Tiêu hoá,"Bệnh nhân nữ 65 tuổi, có tiền sử sỏi túi mật, được phẫu thuật cắt túi mật nội soi cách đây 2 năm. Sau mổ, bệnh nhân hết hoàn toàn triệu chứng. Tuy nhiên, khoảng 6 tháng nay, bệnh nhân lại xuất hiện các cơn đau quặn ở hạ sườn phải, tính chất tương tự như cơn đau sỏi mật trước đây, cơn đau thường xuất hiện sau bữa ăn, kéo dài khoảng 1-2 giờ rồi tự hết. Bệnh nhân không sốt, không vàng da. Khám lâm sàng và siêu âm bụng không phát hiện bất thường. Xét nghiệm chức năng gan và men tụy trong cơn đau cho thấy AST, ALT và lipase tăng nhẹ thoáng qua, sau cơn đau lại trở về bình thường. Bệnh nhân được chỉ định đo áp lực cơ vòng Oddi (sphincter of Oddi manometry).","Dựa trên các triệu chứng, nguyên nhân có khả năng nhất gây ra hội chứng sau cắt túi mật ở bệnh nhân này là gì?",Viêm dạ dày do trào ngược dịch mật.,Dính sau mổ.,Sót kẹp phẫu thuật.,Rối loạn chức năng cơ vòng Oddi (Sphincter of Oddi Dysfunction - SOD).,,d,"Bệnh cảnh đau kiểu đường mật tái phát, có kèm theo sự tăng men gan-tụy thoáng qua mà không tìm thấy các bất thường cấu trúc (như sỏi sót) là rất gợi ý đến một rối loạn chức năng, trong đó Rối loạn chức năng cơ vòng Oddi là nguyên nhân hàng đầu."
noi-benh-ly-duong-mat-case-6-3,noi,Bệnh lý đường mật,Tiêu hoá,"Bệnh nhân nữ 65 tuổi, có tiền sử sỏi túi mật, được phẫu thuật cắt túi mật nội soi cách đây 2 năm. Sau mổ, bệnh nhân hết hoàn toàn triệu chứng. Tuy nhiên, khoảng 6 tháng nay, bệnh nhân lại xuất hiện các cơn đau quặn ở hạ sườn phải, tính chất tương tự như cơn đau sỏi mật trước đây, cơn đau thường xuất hiện sau bữa ăn, kéo dài khoảng 1-2 giờ rồi tự hết. Bệnh nhân không sốt, không vàng da. Khám lâm sàng và siêu âm bụng không phát hiện bất thường. Xét nghiệm chức năng gan và men tụy trong cơn đau cho thấy AST, ALT và lipase tăng nhẹ thoáng qua, sau cơn đau lại trở về bình thường. Bệnh nhân được chỉ định đo áp lực cơ vòng Oddi (sphincter of Oddi manometry).",Cơ chế gây ra các triệu chứng trong Rối loạn chức năng cơ vòng Oddi là gì?,Tăng tiết acid dạ dày.,Sự hình thành sỏi mới trong ống mật chủ.,"Sự co thắt bất thường hoặc hẹp thực thể của cơ vòng Oddi, gây cản trở dòng chảy của dịch mật và/hoặc dịch tụy.",Tăng áp lực tĩnh mạch cửa.,,c,"Cơ vòng Oddi là một van cơ trơn phức tạp ở ngã ba đường mật-tụy-tá tràng, có vai trò điều hòa dòng chảy của dịch mật và dịch tụy. Trong SOD, cơ vòng này có thể bị co thắt quá mức (rối loạn vận động) hoặc bị hẹp do xơ hóa, làm tăng áp lực trong đường mật và/hoặc ống tụy, gây ra cơn đau và các thay đổi sinh hóa tương tự như khi có tắc nghẽn cơ học do sỏi."
noi-benh-ly-duong-mat-case-6-4,noi,Bệnh lý đường mật,Tiêu hoá,"Bệnh nhân nữ 65 tuổi, có tiền sử sỏi túi mật, được phẫu thuật cắt túi mật nội soi cách đây 2 năm. Sau mổ, bệnh nhân hết hoàn toàn triệu chứng. Tuy nhiên, khoảng 6 tháng nay, bệnh nhân lại xuất hiện các cơn đau quặn ở hạ sườn phải, tính chất tương tự như cơn đau sỏi mật trước đây, cơn đau thường xuất hiện sau bữa ăn, kéo dài khoảng 1-2 giờ rồi tự hết. Bệnh nhân không sốt, không vàng da. Khám lâm sàng và siêu âm bụng không phát hiện bất thường. Xét nghiệm chức năng gan và men tụy trong cơn đau cho thấy AST, ALT và lipase tăng nhẹ thoáng qua, sau cơn đau lại trở về bình thường. Bệnh nhân được chỉ định đo áp lực cơ vòng Oddi (sphincter of Oddi manometry).","Thăm dò cận lâm sàng nào được coi là ""tiêu chuẩn vàng"" để chẩn đoán Rối loạn chức năng cơ vòng Oddi?",Xạ hình gan mật HIDA scan.,Chụp cộng hưởng từ đường mật (MRCP).,Siêu âm bụng.,Nội soi mật tụy ngược dòng (ERCP) và đo áp lực cơ vòng Oddi.,,d,"Đo áp lực cơ vòng Oddi (SOM) là phương pháp duy nhất có thể đánh giá trực tiếp chức năng co bóp của cơ vòng. Thủ thuật này được thực hiện trong quá trình ERCP, một ống thông nhỏ có gắn cảm biến áp lực được đưa qua cơ vòng để ghi lại áp suất. Tăng áp suất nền của cơ vòng là tiêu chuẩn chẩn đoán. Tuy nhiên, đây là một thủ thuật xâm lấn và có nguy cơ gây viêm tụy cấp."
noi-benh-ly-duong-mat-case-6-5,noi,Bệnh lý đường mật,Tiêu hoá,"Bệnh nhân nữ 65 tuổi, có tiền sử sỏi túi mật, được phẫu thuật cắt túi mật nội soi cách đây 2 năm. Sau mổ, bệnh nhân hết hoàn toàn triệu chứng. Tuy nhiên, khoảng 6 tháng nay, bệnh nhân lại xuất hiện các cơn đau quặn ở hạ sườn phải, tính chất tương tự như cơn đau sỏi mật trước đây, cơn đau thường xuất hiện sau bữa ăn, kéo dài khoảng 1-2 giờ rồi tự hết. Bệnh nhân không sốt, không vàng da. Khám lâm sàng và siêu âm bụng không phát hiện bất thường. Xét nghiệm chức năng gan và men tụy trong cơn đau cho thấy AST, ALT và lipase tăng nhẹ thoáng qua, sau cơn đau lại trở về bình thường. Bệnh nhân được chỉ định đo áp lực cơ vòng Oddi (sphincter of Oddi manometry).",Phương pháp điều trị nào là hiệu quả nhất cho bệnh nhân SOD có bằng chứng tắc nghẽn khách quan?,Cắt cơ vòng qua nội soi (Endoscopic sphincterotomy).,Phẫu thuật lại.,Dùng thuốc giảm đau nhóm opioid.,Dùng thuốc giảm co thắt.,,a,"Đối với những bệnh nhân được chẩn đoán xác định là SOD, đặc biệt là type I và II (có bằng chứng khách quan như giãn đường mật hoặc tăng men), phương pháp điều trị hiệu quả nhất là cắt cơ vòng qua nội soi. Thủ thuật này dùng dao điện để cắt cơ vòng, loại bỏ sự tắc nghẽn chức năng và cho phép dịch mật, dịch tụy chảy xuống tá tràng một cách tự do."
noi-benh-ly-duong-mat-case-7-1,noi,Bệnh lý đường mật,Tiêu hoá,"Bệnh nhân nam 65 tuổi, tiền sử đái tháo đường type 2, bệnh mạch vành, đang nằm tại khoa Hồi sức tích cực (ICU) ngày thứ 10 vì viêm phổi nặng phải thở máy. Vài ngày nay, bệnh nhân xuất hiện sốt cao trở lại, bạch cầu tăng, và có tăng nhẹ men gan, bilirubin. Bệnh nhân đang được nuôi dưỡng hoàn toàn qua đường tĩnh mạch. Khám bụng khó đánh giá do bệnh nhân an thần, nhưng có vẻ ấn vùng hạ sườn phải bệnh nhân nhăn mặt. Siêu âm tại giường cho thấy túi mật căng to, không có sỏi, thành túi mật dày 8 mm, có dịch quanh túi mật, dấu hiệu Murphy siêu âm không thực hiện được do bệnh nhân không hợp tác.",Tình trạng này của bệnh nhân được gọi là gì?,Rối loạn vận động túi mật.,Viêm đường mật cấp.,Viêm túi mật cấp không do sỏi (Acalculous cholecystitis).,Viêm túi mật cấp do sỏi.,,c,"Bệnh cảnh một bệnh nhân đang trong tình trạng bệnh nặng, có biểu hiện nhiễm trùng mới và hình ảnh viêm túi mật trên siêu âm nhưng không có sỏi là rất điển hình cho viêm túi mật cấp không do sỏi."
noi-benh-ly-duong-mat-case-7-2,noi,Bệnh lý đường mật,Tiêu hoá,"Bệnh nhân nam 65 tuổi, tiền sử đái tháo đường type 2, bệnh mạch vành, đang nằm tại khoa Hồi sức tích cực (ICU) ngày thứ 10 vì viêm phổi nặng phải thở máy. Vài ngày nay, bệnh nhân xuất hiện sốt cao trở lại, bạch cầu tăng, và có tăng nhẹ men gan, bilirubin. Bệnh nhân đang được nuôi dưỡng hoàn toàn qua đường tĩnh mạch. Khám bụng khó đánh giá do bệnh nhân an thần, nhưng có vẻ ấn vùng hạ sườn phải bệnh nhân nhăn mặt. Siêu âm tại giường cho thấy túi mật căng to, không có sỏi, thành túi mật dày 8 mm, có dịch quanh túi mật, dấu hiệu Murphy siêu âm không thực hiện được do bệnh nhân không hợp tác.",Cơ chế bệnh sinh của viêm túi mật cấp không do sỏi là gì?,Do phản ứng tự miễn.,Do vi khuẩn từ đường ruột di chuyển ngược dòng.,Do một tình trạng ứ trệ dịch mật và thiếu máu cục bộ thành túi mật ở những bệnh nhân có bệnh nền nặng.,Do sỏi bùn mật gây tắc nghẽn.,,c,"Ở những bệnh nhân nặng, tình trạng mất nước, sốc, giảm tưới máu tạng... có thể dẫn đến thiếu máu cục bộ thành túi mật. Đồng thời, việc nhịn ăn, nuôi dưỡng tĩnh mạch, dùng opioid... làm cho túi mật không co bóp, gây ứ đọng dịch mật (mật trở nên cô đặc và có tính ăn mòn). Sự kết hợp giữa ứ mật và thiếu máu sẽ khởi động quá trình viêm, tương tự như trong viêm túi mật do sỏi. c.aspx?sourcedoc={186352b6-90cf-40c9-ba19-ae84e248ef20}&action=vie… 4/12"
noi-benh-ly-duong-mat-case-7-3,noi,Bệnh lý đường mật,Tiêu hoá,"Bệnh nhân nam 65 tuổi, tiền sử đái tháo đường type 2, bệnh mạch vành, đang nằm tại khoa Hồi sức tích cực (ICU) ngày thứ 10 vì viêm phổi nặng phải thở máy. Vài ngày nay, bệnh nhân xuất hiện sốt cao trở lại, bạch cầu tăng, và có tăng nhẹ men gan, bilirubin. Bệnh nhân đang được nuôi dưỡng hoàn toàn qua đường tĩnh mạch. Khám bụng khó đánh giá do bệnh nhân an thần, nhưng có vẻ ấn vùng hạ sườn phải bệnh nhân nhăn mặt. Siêu âm tại giường cho thấy túi mật căng to, không có sỏi, thành túi mật dày 8 mm, có dịch quanh túi mật, dấu hiệu Murphy siêu âm không thực hiện được do bệnh nhân không hợp tác.",Yếu tố nguy cơ nào sau đây là quan trọng nhất đối với việc phát triển bệnh lý này?,Uống rượu.,"Tình trạng bệnh nặng, chấn thương, bỏng, đại phẫu, nuôi dưỡng tĩnh mạch kéo dài. https://onedrive.live.com/personal/2672550e42ddc7d4/_layouts/15/D",Chế độ ăn nhiều mỡ.,Giới tính nữ.,,b,"Bệnh lý này hầu như chỉ xảy ra ở những bệnh nhân có bệnh nền rất nặng, như bệnh nhân ICU, sau đại phẫu, chấn thương nặng, bỏng nặng, hoặc suy kiệt... Đây là những yếu tố nguy cơ chính."
noi-benh-ly-duong-mat-case-7-4,noi,Bệnh lý đường mật,Tiêu hoá,"Bệnh nhân nam 65 tuổi, tiền sử đái tháo đường type 2, bệnh mạch vành, đang nằm tại khoa Hồi sức tích cực (ICU) ngày thứ 10 vì viêm phổi nặng phải thở máy. Vài ngày nay, bệnh nhân xuất hiện sốt cao trở lại, bạch cầu tăng, và có tăng nhẹ men gan, bilirubin. Bệnh nhân đang được nuôi dưỡng hoàn toàn qua đường tĩnh mạch. Khám bụng khó đánh giá do bệnh nhân an thần, nhưng có vẻ ấn vùng hạ sườn phải bệnh nhân nhăn mặt. Siêu âm tại giường cho thấy túi mật căng to, không có sỏi, thành túi mật dày 8 mm, có dịch quanh túi mật, dấu hiệu Murphy siêu âm không thực hiện được do bệnh nhân không hợp tác.","So với viêm túi mật do sỏi, tiên lượng của viêm túi mật không do sỏi thường như thế nào?",Luôn diễn tiến thành mạn tính.,Tốt hơn vì không có sỏi.,"Xấu hơn nhiều, với tỷ lệ biến chứng (hoại tử, thủng) và tử vong cao hơn.",Tương tự nhau.,,c,"Viêm túi mật không do sỏi có diễn biến nhanh và nặng nề hơn nhiều. Do tình trạng thiếu máu cục bộ và bệnh nền nặng, nguy cơ hoại tử, thủng túi mật và sốc nhiễm khuẩn cao hơn đáng kể. Tỷ lệ tử vong có thể lên đến 30-50%."
noi-benh-ly-duong-mat-case-7-5,noi,Bệnh lý đường mật,Tiêu hoá,"Bệnh nhân nam 65 tuổi, tiền sử đái tháo đường type 2, bệnh mạch vành, đang nằm tại khoa Hồi sức tích cực (ICU) ngày thứ 10 vì viêm phổi nặng phải thở máy. Vài ngày nay, bệnh nhân xuất hiện sốt cao trở lại, bạch cầu tăng, và có tăng nhẹ men gan, bilirubin. Bệnh nhân đang được nuôi dưỡng hoàn toàn qua đường tĩnh mạch. Khám bụng khó đánh giá do bệnh nhân an thần, nhưng có vẻ ấn vùng hạ sườn phải bệnh nhân nhăn mặt. Siêu âm tại giường cho thấy túi mật căng to, không có sỏi, thành túi mật dày 8 mm, có dịch quanh túi mật, dấu hiệu Murphy siêu âm không thực hiện được do bệnh nhân không hợp tác.","Phương pháp điều trị nào thường được ưu tiên lựa chọn cho những bệnh nhân nặng, không đủ sức khỏe để phẫu thuật?",Nội soi mật tụy ngược dòng (ERCP) đặt stent túi mật.,Dẫn lưu túi mật qua da dưới hướng dẫn của siêu âm (Percutaneous cholecystostomy).,Chờ đợi và theo dõi.,Chỉ dùng kháng sinh.,,b,"Do bệnh nhân thường quá yếu để chịu đựng một cuộc phẫu thuật lớn, phương pháp ""bắc cầu"" được lựa chọn là dẫn lưu túi mật qua da. Một ống thông nhỏ được đưa qua da vào trong lòng túi mật dưới hướng dẫn của siêu âm để dẫn lưu mủ và dịch mật bị nhiễm trùng ra ngoài. Thủ thuật này giúp kiểm soát nhanh chóng nguồn nhiễm trùng và cải thiện tình trạng bệnh nhân. Phẫu thuật cắt túi mật sẽ được xem xét sau khi bệnh nhân hồi phục."
noi-benh-ly-duong-mat-case-8-1,noi,Bệnh lý đường mật,Tiêu hoá,"Bệnh nhân nữ 75 tuổi, tiền sử sỏi túi mật lâu năm. Bệnh nhân vào viện vì vàng da và nôn ói. Khoảng 1 tuần nay, bệnh nhân có các cơn đau quặn ở hạ sườn phải, sau đó xuất hiện vàng da tăng dần. Bệnh nhân không sốt. Siêu âm và CT scan cho thấy túi mật teo nhỏ, có một viên sỏi lớn kẹt ở túi Hartmann (phễu túi mật), gây chèn ép từ bên ngoài vào ống gan chung, làm giãn đường mật trong gan phía trên chỗ chèn ép, trong khi ống mật chủ đoạn dưới lại không giãn. Túi mật và ống gan chung bị viêm và dính vào nhau.",Tình trạng này được mô tả theo tên riêng là hội chứng gì?,Hội chứng Budd-Chiari.,Hội chứng Mirizzi.,Hội chứng Boerhaave.,Hội chứng Dumping.,,b,"Hội chứng Mirizzi là một biến chứng hiếm gặp của sỏi túi mật, được định nghĩa là sự chèn ép vào đường mật ngoài gan bởi một viên sỏi bị kẹt ở ống túi mật hoặc cổ túi mật."
noi-benh-ly-duong-mat-case-8-2,noi,Bệnh lý đường mật,Tiêu hoá,"Bệnh nhân nữ 75 tuổi, tiền sử sỏi túi mật lâu năm. Bệnh nhân vào viện vì vàng da và nôn ói. Khoảng 1 tuần nay, bệnh nhân có các cơn đau quặn ở hạ sườn phải, sau đó xuất hiện vàng da tăng dần. Bệnh nhân không sốt. Siêu âm và CT scan cho thấy túi mật teo nhỏ, có một viên sỏi lớn kẹt ở túi Hartmann (phễu túi mật), gây chèn ép từ bên ngoài vào ống gan chung, làm giãn đường mật trong gan phía trên chỗ chèn ép, trong khi ống mật chủ đoạn dưới lại không giãn. Túi mật và ống gan chung bị viêm và dính vào nhau.",Cơ chế gây vàng da trong hội chứng Mirizzi là gì?,Do viêm và chèn ép từ bên ngoài của một viên sỏi kẹt ở ống túi mật hoặc cổ túi mật lên ống gan chung.,Do xơ gan gây suy giảm chức năng gan.,Do sỏi từ túi mật rơi xuống và làm tắc ống mật chủ.,Do khối u đầu tụy chèn ép.,,a,"Viên sỏi bị kẹt, cùng với phản ứng viêm mạn tính xung quanh, sẽ tạo ra một hiệu ứng khối chèn ép từ bên ngoài vào ống gan chung, gây hẹp lòng và tắc nghẽn, dẫn đến ứ mật và vàng da."
noi-benh-ly-duong-mat-case-8-3,noi,Bệnh lý đường mật,Tiêu hoá,"Bệnh nhân nữ 75 tuổi, tiền sử sỏi túi mật lâu năm. Bệnh nhân vào viện vì vàng da và nôn ói. Khoảng 1 tuần nay, bệnh nhân có các cơn đau quặn ở hạ sườn phải, sau đó xuất hiện vàng da tăng dần. Bệnh nhân không sốt. Siêu âm và CT scan cho thấy túi mật teo nhỏ, có một viên sỏi lớn kẹt ở túi Hartmann (phễu túi mật), gây chèn ép từ bên ngoài vào ống gan chung, làm giãn đường mật trong gan phía trên chỗ chèn ép, trong khi ống mật chủ đoạn dưới lại không giãn. Túi mật và ống gan chung bị viêm và dính vào nhau.","Tùy thuộc vào mức độ ăn mòn của viên sỏi vào thành ống gan chung, hội chứng Mirizzi có thể được phân thành nhiều type khác nhau. Biến chứng nặng nhất có thể xảy ra là gì?",Ung thư hóa.,Hình thành một đường rò túi mật-ống gan chung (cholecysto-choledochal fistula).,Viêm tụy cấp.,Hình thành một đường rò túi mật-tá tràng.,,b,"Quá trình viêm và tì đè mạn tính của viên sỏi có thể làm hoại tử và ăn mòn thành của túi mật và ống gan chung, vốn đang bị dính chặt vào nhau. Điều này có thể tạo ra một lỗ thông bất thường (đường rò) giữa hai cấu trúc này, làm cho việc phẫu thuật trở nên cực kỳ phức tạp."
noi-benh-ly-duong-mat-case-8-4,noi,Bệnh lý đường mật,Tiêu hoá,"Bệnh nhân nữ 75 tuổi, tiền sử sỏi túi mật lâu năm. Bệnh nhân vào viện vì vàng da và nôn ói. Khoảng 1 tuần nay, bệnh nhân có các cơn đau quặn ở hạ sườn phải, sau đó xuất hiện vàng da tăng dần. Bệnh nhân không sốt. Siêu âm và CT scan cho thấy túi mật teo nhỏ, có một viên sỏi lớn kẹt ở túi Hartmann (phễu túi mật), gây chèn ép từ bên ngoài vào ống gan chung, làm giãn đường mật trong gan phía trên chỗ chèn ép, trong khi ống mật chủ đoạn dưới lại không giãn. Túi mật và ống gan chung bị viêm và dính vào nhau.",Thăm dò hình ảnh nào có giá trị cao nhất trong việc chẩn đoán và đánh giá chính xác giải phẫu của tổn thương trước mổ?,Siêu âm bụng.,Chụp cắt lớp vi tính (CT scan).,Chụp cộng hưởng từ đường mật (MRCP) hoặc ERCP.,Chụp X-quang bụng.,,c,"MRCP và ERCP là hai phương pháp tốt nhất. MRCP là phương pháp không xâm lấn, cho phép dựng lại hình ảnh cây đường mật và xác định chính xác vị trí chèn ép, mức độ giãn đường mật và sự hiện diện của đường rò. ERCP, mặc dù xâm lấn, cũng cho phép chụp hình đường mật và có thể can thiệp đặt stent giải áp trước mổ."
noi-benh-ly-duong-mat-case-8-5,noi,Bệnh lý đường mật,Tiêu hoá,"Bệnh nhân nữ 75 tuổi, tiền sử sỏi túi mật lâu năm. Bệnh nhân vào viện vì vàng da và nôn ói. Khoảng 1 tuần nay, bệnh nhân có các cơn đau quặn ở hạ sườn phải, sau đó xuất hiện vàng da tăng dần. Bệnh nhân không sốt. Siêu âm và CT scan cho thấy túi mật teo nhỏ, có một viên sỏi lớn kẹt ở túi Hartmann (phễu túi mật), gây chèn ép từ bên ngoài vào ống gan chung, làm giãn đường mật trong gan phía trên chỗ chèn ép, trong khi ống mật chủ đoạn dưới lại không giãn. Túi mật và ống gan chung bị viêm và dính vào nhau.",Tại sao phẫu thuật trong hội chứng Mirizzi lại là một thách thức và có nguy cơ biến chứng cao?,Vì bệnh nhân thường quá già yếu.,Vì nguy cơ chảy máu cao.,"Vì tình trạng viêm dính nghiêm trọng ở vùng tam giác Calot làm cho việc nhận diện các cấu trúc giải phẫu (ống túi mật, ống gan chung, động mạch túi mật) trở nên rất khó khăn, tăng nguy cơ làm tổn thương đường mật.",Vì thường có di căn.,,c,"Vùng tam giác Calot (vùng mổ chính trong cắt túi mật) bị biến dạng hoàn toàn do quá trình viêm dính mạn tính. Các cấu trúc giải phẫu thông thường bị dính chặt vào nhau và khó nhận diện. Phẫu thuật viên có nguy cơ rất cao cắt nhầm vào ống gan chung thay vì ống túi mật, gây ra tổn thương đường mật, một biến chứng ngoại khoa rất nặng nề."
noi-benh-ly-duong-mat-case-9-1,noi,Bệnh lý đường mật,Tiêu hoá,"Bệnh nhân nam 65 tuổi, tiền sử hút thuốc lá, đến khám vì vàng da và sụt cân. Bệnh nhân có biểu hiện vàng da tắc mật không đau, tiến triển từ từ trong 3 tháng. Chụp MRI bụng phát hiện một khối u ở vị trí ngã ba ống gan phải và trái, gây giãn đường mật trong gan cả hai thùy, trong khi phần đường mật và túi mật phía dưới bình thường. Gan không xơ, không có khối u nào khác. Xét nghiệm CA 19-9 tăng cao.",Chẩn đoán có khả năng nhất là gì?,Ung thư đầu tụy.,Sỏi kẹt ở ngã ba đường mật.,Ung thư đường mật trong gan.,Ung thư đường mật vùng rốn gan (U Klatskin).,,d,"Bệnh cảnh vàng da tắc mật với hình ảnh giãn đường mật chỉ ở trong gan mà không giãn ở phía dưới, có khối u ở vùng hợp lưu ống gan, là hình ảnh kinh điển của Ung thư đường mật vùng rốn gan, hay còn gọi là u Klatskin."
noi-benh-ly-duong-mat-case-9-2,noi,Bệnh lý đường mật,Tiêu hoá,"Bệnh nhân nam 65 tuổi, tiền sử hút thuốc lá, đến khám vì vàng da và sụt cân. Bệnh nhân có biểu hiện vàng da tắc mật không đau, tiến triển từ từ trong 3 tháng. Chụp MRI bụng phát hiện một khối u ở vị trí ngã ba ống gan phải và trái, gây giãn đường mật trong gan cả hai thùy, trong khi phần đường mật và túi mật phía dưới bình thường. Gan không xơ, không có khối u nào khác. Xét nghiệm CA 19-9 tăng cao.",U Klatskin được định nghĩa là khối u xuất phát từ đâu?,Từ túi mật.,Từ chỗ hợp lưu của ống gan phải và ống gan trái.,Từ đoạn cuối ống mật chủ. https://onedrive.live.com/personal/2672550e42ddc7d4/_layouts/15/D,Từ bóng Vater.,,b,U Klatskin là một loại ung thư biểu mô tuyến của đường c.aspx?sourcedoc={186352b6-90cf-40c9-ba19-ae84e248ef20}&action=vie… 5/12 mật (cholangiocarcinoma) phát sinh tại vị trí hợp lưu của ống gan phải và trái để tạo thành ống gan chung. Đây là vị trí phổ biến nhất của ung thư đường mật ngoài gan.
noi-benh-ly-duong-mat-case-9-3,noi,Bệnh lý đường mật,Tiêu hoá,"Bệnh nhân nam 65 tuổi, tiền sử hút thuốc lá, đến khám vì vàng da và sụt cân. Bệnh nhân có biểu hiện vàng da tắc mật không đau, tiến triển từ từ trong 3 tháng. Chụp MRI bụng phát hiện một khối u ở vị trí ngã ba ống gan phải và trái, gây giãn đường mật trong gan cả hai thùy, trong khi phần đường mật và túi mật phía dưới bình thường. Gan không xơ, không có khối u nào khác. Xét nghiệm CA 19-9 tăng cao.","Hệ thống phân loại nào thường được sử dụng để đánh giá mức độ lan rộng của u Klatskin tại rốn gan, giúp định hướng khả năng phẫu thuật?",Phân loại BCLC.,Phân loại Child-Pugh.,Phân loại TNM.,Phân loại Bismuth-Corlette.,,d,"Phân loại Bismuth-Corlette dựa trên mức độ lan rộng của khối u dọc theo các ống gan. Type I (khối u ở ống gan chung), Type II (ở ngã ba), Type III (lan vào ống gan phải hoặc trái), Type IV (lan vào cả hai ống gan). Phân loại này rất quan trọng để đánh giá khả năng cắt bỏ và lên kế hoạch phẫu thuật."
noi-benh-ly-duong-mat-case-9-4,noi,Bệnh lý đường mật,Tiêu hoá,"Bệnh nhân nam 65 tuổi, tiền sử hút thuốc lá, đến khám vì vàng da và sụt cân. Bệnh nhân có biểu hiện vàng da tắc mật không đau, tiến triển từ từ trong 3 tháng. Chụp MRI bụng phát hiện một khối u ở vị trí ngã ba ống gan phải và trái, gây giãn đường mật trong gan cả hai thùy, trong khi phần đường mật và túi mật phía dưới bình thường. Gan không xơ, không có khối u nào khác. Xét nghiệm CA 19-9 tăng cao.",Phương pháp điều trị nào là duy nhất có khả năng chữa khỏi bệnh cho bệnh nhân u Klatskin?,Đặt stent đường mật qua nội soi.,Xạ trị.,"Phẫu thuật cắt bỏ triệt để khối u, thường bao gồm cắt bỏ đường mật ngã ba và cắt một phần gan.",Hóa trị toàn thân.,,c,"Phẫu thuật là nền tảng điều trị. Do vị trí phức tạp, phẫu thuật thường rất lớn, bao gồm cắt bỏ toàn bộ đường mật ngoài gan, túi mật, nạo hạch vùng, và thường phải cắt một phần lớn của gan (gan phải hoặc gan trái) để đảm bảo lấy hết khối u với diện cắt an toàn. Ghép gan cũng là một lựa chọn trong một số trường hợp được chọn lọc."
noi-benh-ly-duong-mat-case-9-5,noi,Bệnh lý đường mật,Tiêu hoá,"Bệnh nhân nam 65 tuổi, tiền sử hút thuốc lá, đến khám vì vàng da và sụt cân. Bệnh nhân có biểu hiện vàng da tắc mật không đau, tiến triển từ từ trong 3 tháng. Chụp MRI bụng phát hiện một khối u ở vị trí ngã ba ống gan phải và trái, gây giãn đường mật trong gan cả hai thùy, trong khi phần đường mật và túi mật phía dưới bình thường. Gan không xơ, không có khối u nào khác. Xét nghiệm CA 19-9 tăng cao.",Tại sao vàng da thường là triệu chứng xuất hiện sớm của u Klatskin?,Vì khối u thường di căn đến gan rất sớm.,"Vì vị trí ở ngã ba đường mật là một ""nút cổ chai"", chỉ cần một khối u nhỏ cũng có thể gây tắc nghẽn và ứ mật ở cả hai thùy gan.",Vì khối u sản xuất ra một lượng lớn bilirubin.,Vì khối u gây tan máu.,,b,"Ngã ba đường mật là vị trí hợp lưu của tất cả dịch mật từ gan đổ xuống. Do đó, một khối u dù nhỏ phát triển ở đây cũng sẽ nhanh chóng gây tắc nghẽn dòng chảy của toàn bộ gan, dẫn đến ứ mật và vàng da sớm, thường là trước khi khối u kịp phát triển lớn hay di căn xa."
noi-benh-ly-duong-mat-case-10-1,noi,Bệnh lý đường mật,Tiêu hoá,"Bệnh nhân nữ 80 tuổi, tiền sử đái tháo đường, tăng huyết áp, đến khám vì đau bụng mơ hồ và sụt cân. Bệnh nhân có sỏi túi mật nhiều năm nhưng không có triệu chứng. Siêu âm bụng kiểm tra định kỳ phát hiện thành túi mật dày lên không đều, mất cấu trúc lớp và có một khối sùi xâm lấn vào nhu mô gan kế cận. Chụp CT scan xác nhận hình ảnh khối u lớn xuất phát từ túi mật, xâm lấn gan và có nhiều hạch di căn ở rốn gan.",Chẩn đoán có khả năng nhất là gì?,Ung thư túi mật.,Di căn gan từ một nguồn khác.,Polyp túi mật.,Viêm túi mật mạn tính.,,a,"Hình ảnh một khối u phát triển từ thành túi mật, xâm lấn các cấu trúc xung quanh ở một bệnh nhân lớn tuổi có tiền sử sỏi mật là rất điển hình cho ung thư túi mật ở giai đoạn tiến triển."
noi-benh-ly-duong-mat-case-10-2,noi,Bệnh lý đường mật,Tiêu hoá,"Bệnh nhân nữ 80 tuổi, tiền sử đái tháo đường, tăng huyết áp, đến khám vì đau bụng mơ hồ và sụt cân. Bệnh nhân có sỏi túi mật nhiều năm nhưng không có triệu chứng. Siêu âm bụng kiểm tra định kỳ phát hiện thành túi mật dày lên không đều, mất cấu trúc lớp và có một khối sùi xâm lấn vào nhu mô gan kế cận. Chụp CT scan xác nhận hình ảnh khối u lớn xuất phát từ túi mật, xâm lấn gan và có nhiều hạch di căn ở rốn gan.",Yếu tố nguy cơ quan trọng và phổ biến nhất của ung thư túi mật là gì?,Hút thuốc lá.,Sỏi túi mật mạn tính.,Uống rượu.,Béo phì.,,b,"Sỏi túi mật mạn tính là yếu tố nguy cơ chính, hiện diện ở 70- 90% các trường hợp ung thư túi mật. Mặc dù vậy, cần lưu ý là chỉ một tỷ lệ rất nhỏ những người có sỏi mật sẽ phát triển thành ung thư."
noi-benh-ly-duong-mat-case-10-3,noi,Bệnh lý đường mật,Tiêu hoá,"Bệnh nhân nữ 80 tuổi, tiền sử đái tháo đường, tăng huyết áp, đến khám vì đau bụng mơ hồ và sụt cân. Bệnh nhân có sỏi túi mật nhiều năm nhưng không có triệu chứng. Siêu âm bụng kiểm tra định kỳ phát hiện thành túi mật dày lên không đều, mất cấu trúc lớp và có một khối sùi xâm lấn vào nhu mô gan kế cận. Chụp CT scan xác nhận hình ảnh khối u lớn xuất phát từ túi mật, xâm lấn gan và có nhiều hạch di căn ở rốn gan.",Cơ chế nào được cho là liên quan đến việc sỏi mật gây ung thư túi mật?,"Sỏi gây tắc nghẽn ống túi mật, làm ứ đọng dịch mật độc.",Sỏi làm tăng áp lực trong túi mật.,"Tình trạng viêm mạn tính của thành túi mật do sự kích thích cơ học của sỏi, dẫn đến loạn sản và biến đổi ác tính.",Sỏi chứa các chất gây ung thư.,,c,"Giả thuyết được chấp nhận rộng rãi nhất là ""viêm-ung thư"". Sự hiện diện lâu dài của sỏi gây kích thích cơ học, dẫn đến tình trạng viêm mạn tính của thành túi mật. Chu kỳ tổn thương và sửa chữa tế bào liên tục này làm tăng nguy cơ phát sinh các đột biến gen và cuối cùng dẫn đến sự phát triển của ung thư."
noi-benh-ly-duong-mat-case-10-4,noi,Bệnh lý đường mật,Tiêu hoá,"Bệnh nhân nữ 80 tuổi, tiền sử đái tháo đường, tăng huyết áp, đến khám vì đau bụng mơ hồ và sụt cân. Bệnh nhân có sỏi túi mật nhiều năm nhưng không có triệu chứng. Siêu âm bụng kiểm tra định kỳ phát hiện thành túi mật dày lên không đều, mất cấu trúc lớp và có một khối sùi xâm lấn vào nhu mô gan kế cận. Chụp CT scan xác nhận hình ảnh khối u lớn xuất phát từ túi mật, xâm lấn gan và có nhiều hạch di căn ở rốn gan.",Tại sao ung thư túi mật thường được chẩn đoán ở giai đoạn muộn và có tiên lượng xấu?,"Vì các triệu chứng ban đầu thường mơ hồ, không đặc hiệu và giống với các bệnh lý lành tính của sỏi mật, hoặc bệnh nhân hoàn toàn không có triệu chứng.",Vì không có chất chỉ điểm khối u nào cho bệnh này.,Vì nó không đáp ứng với hóa trị.,Vì nó phát triển rất chậm.,,a,"Ung thư túi mật thường không gây ra triệu chứng đặc hiệu ở giai đoạn sớm. Khi các triệu chứng xuất hiện (đau, vàng da, sờ thấy khối), thường là lúc khối u đã phát triển lớn, xâm lấn vào gan hoặc các cơ quan lân cận và đã di căn, khiến cho việc điều trị triệt để (phẫu thuật) không còn khả thi."
noi-benh-ly-duong-mat-case-10-5,noi,Bệnh lý đường mật,Tiêu hoá,"Bệnh nhân nữ 80 tuổi, tiền sử đái tháo đường, tăng huyết áp, đến khám vì đau bụng mơ hồ và sụt cân. Bệnh nhân có sỏi túi mật nhiều năm nhưng không có triệu chứng. Siêu âm bụng kiểm tra định kỳ phát hiện thành túi mật dày lên không đều, mất cấu trúc lớp và có một khối sùi xâm lấn vào nhu mô gan kế cận. Chụp CT scan xác nhận hình ảnh khối u lớn xuất phát từ túi mật, xâm lấn gan và có nhiều hạch di căn ở rốn gan.",Một tình trạng hiếm gặp nhưng là một yếu tố nguy cơ rất cao của ung thư túi mật là gì?,Bất sản túi mật.,Túi mật đôi.,Túi mật sứ (Porcelain gallbladder).,Túi mật gập góc.,,c,"Túi mật sứ là tình trạng thành túi mật bị vôi hóa lan tỏa, thường là hậu quả của viêm mạn tính mức độ nặng. Nó được xem là một tổn thương tiền ung thư với nguy cơ phát triển ung thư túi mật rất cao, và thường là một chỉ định để phẫu thuật cắt túi mật dự phòng."
noi-benh-ly-duong-mat-case-11-1,noi,Bệnh lý đường mật,Tiêu hoá,"Bệnh nhân nữ 45 tuổi, nhân viên văn phòng, vào viện vì đau hạ sườn phải khởi phát sau bữa ăn thịnh soạn 12 giờ trước. Cơn đau liên tục, lan ra vai phải, không tư thế giảm đau. Bệnh nhân có buồn nôn nhưng không nôn. Tiền sử béo phì (BMI 29 kg/m²), chưa ghi nhận tiền sử bệnh lý nội ngoại khoa khác. Khám lâm sàng: ý thức tỉnh, mạch 100 lần/phút, huyết áp 120/70 mmHg, nhiệt độ 38,5°C, nhịp thở 20 lần/phút, SpO₂ 98%. Khám bụng có ấn đau vùng hạ sườn phải, nghiệm pháp Murphy dương tính, không sờ thấy khối tụt, gõ đục vùng thấp âm tính. Cận lâm sàng: Bạch cầu 14,5 G/L (neutrophil 80%), AST 35 U/L, ALT 40 U/L, Bilirubin toàn phần 18 μmol/L, Amylase máu 45 U/L.",Định hướng chẩn đoán phù hợp nhất trên bệnh nhân này là gì?,Viêm đường mật cấp.,Thủng ổ loét dạ dày.,Viêm tụy cấp.,Viêm túi mật cấp.,,d,"Bệnh cảnh điển hình của viêm túi mật cấp với đau hạ sườn phải, sốt, Murphy dương tính và bạch cầu tăng. Bilirubin và men c.aspx?sourcedoc={186352b6-90cf-40c9-ba19-ae84e248ef20}&action=vie… 6/12 gan bình thường giúp loại trừ viêm đường mật cấp, amylase bình thường loại trừ viêm tụy cấp."
noi-benh-ly-duong-mat-case-11-2,noi,Bệnh lý đường mật,Tiêu hoá,"Bệnh nhân nữ 45 tuổi, nhân viên văn phòng, vào viện vì đau hạ sườn phải khởi phát sau bữa ăn thịnh soạn 12 giờ trước. Cơn đau liên tục, lan ra vai phải, không tư thế giảm đau. Bệnh nhân có buồn nôn nhưng không nôn. Tiền sử béo phì (BMI 29 kg/m²), chưa ghi nhận tiền sử bệnh lý nội ngoại khoa khác. Khám lâm sàng: ý thức tỉnh, mạch 100 lần/phút, huyết áp 120/70 mmHg, nhiệt độ 38,5°C, nhịp thở 20 lần/phút, SpO₂ 98%. Khám bụng có ấn đau vùng hạ sườn phải, nghiệm pháp Murphy dương tính, không sờ thấy khối tụt, gõ đục vùng thấp âm tính. Cận lâm sàng: Bạch cầu 14,5 G/L (neutrophil 80%), AST 35 U/L, ALT 40 U/L, Bilirubin toàn phần 18 μmol/L, Amylase máu 45 U/L.",Cơ chế bệnh sinh chính dẫn đến tình trạng hiện tại của bệnh nhân là gì?,Tắc nghẽn ống cổ túi mật.,Trào ngược dịch tụy vào đường mật.,Giảm co bóp cơ vòng Oddi.,Tắc nghẽn ống mật chủ.,,a,"Viêm túi mật cấp do sỏi chủ yếu khởi phát do sự tắc nghẽn cơ học tại ống cổ túi mật, dẫn đến ứ đọng dịch mật, tăng áp lực trong lòng túi mật và gây viêm thứ phát. Tắc ống mật chủ thường gây vàng da và viêm đường mật."
noi-benh-ly-duong-mat-case-11-3,noi,Bệnh lý đường mật,Tiêu hoá,"Bệnh nhân nữ 45 tuổi, nhân viên văn phòng, vào viện vì đau hạ sườn phải khởi phát sau bữa ăn thịnh soạn 12 giờ trước. Cơn đau liên tục, lan ra vai phải, không tư thế giảm đau. Bệnh nhân có buồn nôn nhưng không nôn. Tiền sử béo phì (BMI 29 kg/m²), chưa ghi nhận tiền sử bệnh lý nội ngoại khoa khác. Khám lâm sàng: ý thức tỉnh, mạch 100 lần/phút, huyết áp 120/70 mmHg, nhiệt độ 38,5°C, nhịp thở 20 lần/phút, SpO₂ 98%. Khám bụng có ấn đau vùng hạ sườn phải, nghiệm pháp Murphy dương tính, không sờ thấy khối tụt, gõ đục vùng thấp âm tính. Cận lâm sàng: Bạch cầu 14,5 G/L (neutrophil 80%), AST 35 U/L, ALT 40 U/L, Bilirubin toàn phần 18 μmol/L, Amylase máu 45 U/L.",Chỉ định cận lâm sàng nào là ưu tiên bước đầu để xác định chẩn đoán?,Chụp cắt lớp vi tính ổ bụng.,Chụp cộng hưởng từ đường mật.,Siêu âm nội soi đường tiêu hóa.,Siêu âm ổ bụng qua thành bụng.,,d,"Siêu âm ổ bụng là tiêu chuẩn vàng bước đầu (độ nhạy và độ đặc hiệu cao, rẻ tiền, sẵn có) để chẩn đoán viêm túi mật cấp, giúp phát hiện sỏi, thành túi mật dày và dịch quanh túi mật."
noi-benh-ly-duong-mat-case-11-4,noi,Bệnh lý đường mật,Tiêu hoá,"Bệnh nhân nữ 45 tuổi, nhân viên văn phòng, vào viện vì đau hạ sườn phải khởi phát sau bữa ăn thịnh soạn 12 giờ trước. Cơn đau liên tục, lan ra vai phải, không tư thế giảm đau. Bệnh nhân có buồn nôn nhưng không nôn. Tiền sử béo phì (BMI 29 kg/m²), chưa ghi nhận tiền sử bệnh lý nội ngoại khoa khác. Khám lâm sàng: ý thức tỉnh, mạch 100 lần/phút, huyết áp 120/70 mmHg, nhiệt độ 38,5°C, nhịp thở 20 lần/phút, SpO₂ 98%. Khám bụng có ấn đau vùng hạ sườn phải, nghiệm pháp Murphy dương tính, không sờ thấy khối tụt, gõ đục vùng thấp âm tính. Cận lâm sàng: Bạch cầu 14,5 G/L (neutrophil 80%), AST 35 U/L, ALT 40 U/L, Bilirubin toàn phần 18 μmol/L, Amylase máu 45 U/L.",Lựa chọn xử trí ban đầu phù hợp nhất cho bệnh nhân này là gì?,Kháng sinh tĩnh mạch và cắt túi mật.,Nội soi mật tụy ngược dòng cấp cứu.,Tán sỏi đường mật xuyên gan qua da.,Điều trị nội khoa bảo tồn đơn thuần.,,a,"Viêm túi mật cấp có chỉ định điều trị nội khoa ban đầu (nhịn ăn, truyền dịch, kháng sinh) kết hợp can thiệp ngoại khoa (cắt túi mật nội soi sớm) là tiêu chuẩn chăm sóc hiện hành để giảm tỷ lệ tái phát và biến chứng."
noi-benh-ly-duong-mat-case-11-5,noi,Bệnh lý đường mật,Tiêu hoá,"Bệnh nhân nữ 45 tuổi, nhân viên văn phòng, vào viện vì đau hạ sườn phải khởi phát sau bữa ăn thịnh soạn 12 giờ trước. Cơn đau liên tục, lan ra vai phải, không tư thế giảm đau. Bệnh nhân có buồn nôn nhưng không nôn. Tiền sử béo phì (BMI 29 kg/m²), chưa ghi nhận tiền sử bệnh lý nội ngoại khoa khác. Khám lâm sàng: ý thức tỉnh, mạch 100 lần/phút, huyết áp 120/70 mmHg, nhiệt độ 38,5°C, nhịp thở 20 lần/phút, SpO₂ 98%. Khám bụng có ấn đau vùng hạ sườn phải, nghiệm pháp Murphy dương tính, không sờ thấy khối tụt, gõ đục vùng thấp âm tính. Cận lâm sàng: Bạch cầu 14,5 G/L (neutrophil 80%), AST 35 U/L, ALT 40 U/L, Bilirubin toàn phần 18 μmol/L, Amylase máu 45 U/L.",Biến chứng nào sau đây KHÔNG ĐÚNG đối với bệnh lý hiện tại của bệnh nhân?,Rò túi mật - ruột.,Viêm phúc mạc mật.,Xơ gan ứ mật tiên phát.,Áp xe quanh túi mật.,,c,"Xơ gan ứ mật tiên phát (PBC) là một bệnh lý tự miễn mạn tính gây phá hủy các ống mật nhỏ trong gan, hoàn toàn không phải là biến chứng của viêm túi mật cấp. Các phương án khác đều là biến chứng cơ học/nhiễm trùng thực tế. Nguồn tham khảo: Tokyo Guidelines 2018 (TG18)."
noi-benh-ly-duong-mat-case-12-1,noi,Bệnh lý đường mật,Tiêu hoá,"Bệnh nhân nam 65 tuổi, thợ xây, vào viện vì đau quặn vùng thượng vị và hạ sườn phải ngày thứ 3, kèm rét run. Sáng nay bệnh nhân xuất hiện lơ mơ, người nhà đưa vào cấp cứu. Tiền sử sỏi túi mật phát hiện 2 năm trước chưa can thiệp. Khám lâm sàng: bệnh nhân lơ mơ (GCS 12 điểm), củng mạc mắt vàng sậm, niêm mạc nhợt nhạt. Mạch 125 lần/phút, huyết áp 85/50 mmHg, nhiệt độ 39,2°C, nhịp thở 24 lần/phút. Khám bụng: bụng chướng nhẹ, ấn đau nửa bụng trên, phản ứng thành bụng âm tính. Cận lâm sàng: Bạch cầu 22 G/L, AST 150 U/L, ALT 165 U/L, Bilirubin toàn phần 120 μmol/L (trực tiếp 95 μmol/L), CRP 150 mg/L.",Chẩn đoán lâm sàng phù hợp nhất đối với tình trạng của bệnh nhân là gì?,Suy gan cấp do viêm gan virus.,Sốc giảm thể tích do xuất huyết tiêu hóa.,Sốc nhiễm khuẩn do viêm đường mật cấp.,Viêm tụy cấp hoại tử thể nặng.,,c,"Bệnh nhân có ngũ chứng Reynolds (đau hạ sườn phải, sốt rét run, vàng da, tụt huyết áp, rối loạn ý thức), là biểu hiện kinh điển của viêm đường mật cấp nhiễm độc (sốc nhiễm khuẩn đường mật)."
noi-benh-ly-duong-mat-case-12-2,noi,Bệnh lý đường mật,Tiêu hoá,"Bệnh nhân nam 65 tuổi, thợ xây, vào viện vì đau quặn vùng thượng vị và hạ sườn phải ngày thứ 3, kèm rét run. Sáng nay bệnh nhân xuất hiện lơ mơ, người nhà đưa vào cấp cứu. Tiền sử sỏi túi mật phát hiện 2 năm trước chưa can thiệp. Khám lâm sàng: bệnh nhân lơ mơ (GCS 12 điểm), củng mạc mắt vàng sậm, niêm mạc nhợt nhạt. Mạch 125 lần/phút, huyết áp 85/50 mmHg, nhiệt độ 39,2°C, nhịp thở 24 lần/phút. Khám bụng: bụng chướng nhẹ, ấn đau nửa bụng trên, phản ứng thành bụng âm tính. Cận lâm sàng: Bạch cầu 22 G/L, AST 150 U/L, ALT 165 U/L, Bilirubin toàn phần 120 μmol/L (trực tiếp 95 μmol/L), CRP 150 mg/L.",Nhóm tiêu chí nào được sử dụng trong chẩn đoán viêm đường mật cấp theo Tokyo Guidelines?,"Thiếu máu, giảm tiểu cầu và tăng áp lực tĩnh mạch cửa.","Dấu hiệu viêm toàn thân, bằng chứng ứ mật và hình ảnh bất thường đường mật.","Đau hạ vị, tiểu máu và giãn hệ thống đài bể thận.","Tăng men tụy, đau lan sau lưng và hình ảnh hoại tử tụy.",,b,"Tokyo Guidelines dựa trên ba nhóm: viêm toàn thân, ứ mật và hình ảnh học cho thấy giãn hoặc nguyên nhân tắc nghẽn đường mật. Tăng men tụy không phải tiêu chí cốt lõi của viêm đường mật cấp."
noi-benh-ly-duong-mat-case-12-3,noi,Bệnh lý đường mật,Tiêu hoá,"Bệnh nhân nam 65 tuổi, thợ xây, vào viện vì đau quặn vùng thượng vị và hạ sườn phải ngày thứ 3, kèm rét run. Sáng nay bệnh nhân xuất hiện lơ mơ, người nhà đưa vào cấp cứu. Tiền sử sỏi túi mật phát hiện 2 năm trước chưa can thiệp. Khám lâm sàng: bệnh nhân lơ mơ (GCS 12 điểm), củng mạc mắt vàng sậm, niêm mạc nhợt nhạt. Mạch 125 lần/phút, huyết áp 85/50 mmHg, nhiệt độ 39,2°C, nhịp thở 24 lần/phút. Khám bụng: bụng chướng nhẹ, ấn đau nửa bụng trên, phản ứng thành bụng âm tính. Cận lâm sàng: Bạch cầu 22 G/L, AST 150 U/L, ALT 165 U/L, Bilirubin toàn phần 120 μmol/L (trực tiếp 95 μmol/L), CRP 150 mg/L.",Bước xử trí nào có tính quyết định sinh mạng bệnh nhân sau khi hồi sức dịch?,Mở bụng thám sát và rửa ổ bụng.,Đặt ống thông dạ dày và nhịn ăn.,Cắt bỏ túi mật nội soi chương trình.,Dẫn lưu đường mật giải áp cấp cứu.,,d,"Bệnh nhân đang có viêm đường mật cấp mức độ nặng (độ III theo TG18) kèm sốc nhiễm khuẩn. Song song với hồi sức huyết động và kháng sinh phổ rộng, dẫn lưu đường mật cấp cứu (qua ERCP hoặc PTBD) là bắt buộc để giải áp vi khuẩn và mủ."
noi-benh-ly-duong-mat-case-12-4,noi,Bệnh lý đường mật,Tiêu hoá,"Bệnh nhân nam 65 tuổi, thợ xây, vào viện vì đau quặn vùng thượng vị và hạ sườn phải ngày thứ 3, kèm rét run. Sáng nay bệnh nhân xuất hiện lơ mơ, người nhà đưa vào cấp cứu. Tiền sử sỏi túi mật phát hiện 2 năm trước chưa can thiệp. Khám lâm sàng: bệnh nhân lơ mơ (GCS 12 điểm), củng mạc mắt vàng sậm, niêm mạc nhợt nhạt. Mạch 125 lần/phút, huyết áp 85/50 mmHg, nhiệt độ 39,2°C, nhịp thở 24 lần/phút. Khám bụng: bụng chướng nhẹ, ấn đau nửa bụng trên, phản ứng thành bụng âm tính. Cận lâm sàng: Bạch cầu 22 G/L, AST 150 U/L, ALT 165 U/L, Bilirubin toàn phần 120 μmol/L (trực tiếp 95 μmol/L), CRP 150 mg/L.",Cơ chế chính gây tụt huyết áp và lơ mơ trên bệnh nhân này là gì?,Mất dịch vào khoang thứ ba ổ bụng.,Tắc nghẽn tĩnh mạch cửa do huyết khối.,Tràn dịch màng phổi hai bên lượng nhiều.,Giãn mạch toàn thân do độc tố vi khuẩn.,,d,"Viêm đường mật mủ gây vỡ hàng rào máu mật, vi khuẩn Gram âm xâm nhập vào hệ tuần hoàn giải phóng nội độc tố (endotoxin), gây hội chứng đáp ứng viêm hệ thống, giãn mạch toàn thân và sốc nhiễm khuẩn."
noi-benh-ly-duong-mat-case-12-5,noi,Bệnh lý đường mật,Tiêu hoá,"Bệnh nhân nam 65 tuổi, thợ xây, vào viện vì đau quặn vùng thượng vị và hạ sườn phải ngày thứ 3, kèm rét run. Sáng nay bệnh nhân xuất hiện lơ mơ, người nhà đưa vào cấp cứu. Tiền sử sỏi túi mật phát hiện 2 năm trước chưa can thiệp. Khám lâm sàng: bệnh nhân lơ mơ (GCS 12 điểm), củng mạc mắt vàng sậm, niêm mạc nhợt nhạt. Mạch 125 lần/phút, huyết áp 85/50 mmHg, nhiệt độ 39,2°C, nhịp thở 24 lần/phút. Khám bụng: bụng chướng nhẹ, ấn đau nửa bụng trên, phản ứng thành bụng âm tính. Cận lâm sàng: Bạch cầu 22 G/L, AST 150 U/L, ALT 165 U/L, Bilirubin toàn phần 120 μmol/L (trực tiếp 95 μmol/L), CRP 150 mg/L.",Diễn biến cận lâm sàng nào ít phù hợp nhất nếu bệnh nhân không được can thiệp kịp thời?,Tăng creatinin máu thanh thải.,Giảm tiểu cầu máu ngoại vi.,Tăng bilirubin gián tiếp ưu thế.,Tăng lactate máu tĩnh mạch.,,c,"Viêm đường mật gây tắc nghẽn đường mật sau gan, do đó làm tăng bilirubin trực tiếp (liên hợp) ưu thế. Tăng bilirubin gián tiếp ưu thế thường gặp trong tan máu hoặc hội chứng Gilbert, không phù hợp với bệnh cảnh tắc mật cơ học. Nguồn tham khảo: Tokyo Guidelines 2018 (TG18)."
noi-benh-ly-duong-mat-case-13-1,noi,Bệnh lý đường mật,Tiêu hoá,"Bệnh nhân nữ 50 tuổi, béo phì, vào viện vì đau thượng vị dữ dội đột ngột, lan ra sau lưng, buồn nôn và nôn ra dịch dạ dày. Bệnh khởi phát sau khi ăn đồ chiên xào 6 giờ. Khám: mạch 110 lần/phút, huyết áp 130/80 mmHg, nhiệt độ 37,5°C. Củng mạc mắt vàng nhẹ. Bụng chướng nhẹ, ấn đau nhiều vùng thượng vị, không có mảng bầm tím quanh rốn. Cận lâm sàng: AST 450 U/L, ALT 510 U/L, Bilirubin toàn phần 60 μmol/L, Bilirubin trực tiếp 45 μmol/L, Lipase 3500 U/L (bình thường < 60 U/L), Triglyceride máu 1,5 mmol/L, Canxi máu 2,2 mmol/L. Siêu âm bụng thấy túi mật có nhiều sỏi nhỏ, ống mật chủ đường kính 9 mm, tụy phù nề.",Chẩn đoán sơ bộ hợp lý nhất trên bệnh nhân này là gì?,Thủng dạ dày tá tràng bít tắc.,Nhồi máu mạc treo ruột cấp tính.,Viêm gan cấp do virus hoặc thuốc.,Viêm tụy cấp nghi do sỏi mật. https://onedrive.live.com/personal/2672550e42ddc7d4/_layouts/15/D,,d,"Bệnh cảnh đau thượng vị lan sau lưng, nôn, kèm Lipase tăng gấp >50 lần bình thường chẩn đoán xác định viêm tụy cấp. Bilirubin tăng và sỏi túi mật trên siêu âm hướng tới nguyên nhân do sỏi mật. c.aspx?sourcedoc={186352b6-90cf-40c9-ba19-ae84e248ef20}&action=vie… 7/12"
noi-benh-ly-duong-mat-case-13-2,noi,Bệnh lý đường mật,Tiêu hoá,"Bệnh nhân nữ 50 tuổi, béo phì, vào viện vì đau thượng vị dữ dội đột ngột, lan ra sau lưng, buồn nôn và nôn ra dịch dạ dày. Bệnh khởi phát sau khi ăn đồ chiên xào 6 giờ. Khám: mạch 110 lần/phút, huyết áp 130/80 mmHg, nhiệt độ 37,5°C. Củng mạc mắt vàng nhẹ. Bụng chướng nhẹ, ấn đau nhiều vùng thượng vị, không có mảng bầm tím quanh rốn. Cận lâm sàng: AST 450 U/L, ALT 510 U/L, Bilirubin toàn phần 60 μmol/L, Bilirubin trực tiếp 45 μmol/L, Lipase 3500 U/L (bình thường < 60 U/L), Triglyceride máu 1,5 mmol/L, Canxi máu 2,2 mmol/L. Siêu âm bụng thấy túi mật có nhiều sỏi nhỏ, ống mật chủ đường kính 9 mm, tụy phù nề.",Đặc điểm cận lâm sàng nào ủng hộ nguyên nhân cơ học gây ra bệnh cảnh trên?,Triglyceride máu ở mức bình thường.,Canxi máu nằm trong giới hạn chuẩn.,Lipase máu tăng rất cao.,Men gan tăng thoáng qua rất cao.,,d,"Trong viêm tụy cấp do sỏi mật, sự tắc nghẽn tạm thời ở ống mật chủ/bóng Vater thường gây ra tình trạng tăng men gan (AST, ALT) rất cao nhưng thoáng qua trong 24-48 giờ đầu, đây là dấu hiệu sinh hóa gợi ý nguyên nhân sỏi mật mạnh nhất."
noi-benh-ly-duong-mat-case-13-3,noi,Bệnh lý đường mật,Tiêu hoá,"Bệnh nhân nữ 50 tuổi, béo phì, vào viện vì đau thượng vị dữ dội đột ngột, lan ra sau lưng, buồn nôn và nôn ra dịch dạ dày. Bệnh khởi phát sau khi ăn đồ chiên xào 6 giờ. Khám: mạch 110 lần/phút, huyết áp 130/80 mmHg, nhiệt độ 37,5°C. Củng mạc mắt vàng nhẹ. Bụng chướng nhẹ, ấn đau nhiều vùng thượng vị, không có mảng bầm tím quanh rốn. Cận lâm sàng: AST 450 U/L, ALT 510 U/L, Bilirubin toàn phần 60 μmol/L, Bilirubin trực tiếp 45 μmol/L, Lipase 3500 U/L (bình thường < 60 U/L), Triglyceride máu 1,5 mmol/L, Canxi máu 2,2 mmol/L. Siêu âm bụng thấy túi mật có nhiều sỏi nhỏ, ống mật chủ đường kính 9 mm, tụy phù nề.",Thăm dò hình ảnh nào phù hợp nhất để xác định tổn thương nếu siêu âm không rõ ràng?,Chụp cắt lớp vi tính sọ não.,Chụp cộng hưởng từ đường mật.,Chụp X-quang bụng đứng không chuẩn bị.,Chụp xạ hình chức năng gan mật.,,b,"Khi siêu âm qua thành bụng không phát hiện rõ sỏi ống mật chủ do vướng hơi ở ruột, Chụp cộng hưởng từ đường mật (MRCP) hoặc Siêu âm nội soi (EUS) là phương pháp tối ưu, không xâm lấn để khảo sát sỏi ống mật chủ."
noi-benh-ly-duong-mat-case-13-4,noi,Bệnh lý đường mật,Tiêu hoá,"Bệnh nhân nữ 50 tuổi, béo phì, vào viện vì đau thượng vị dữ dội đột ngột, lan ra sau lưng, buồn nôn và nôn ra dịch dạ dày. Bệnh khởi phát sau khi ăn đồ chiên xào 6 giờ. Khám: mạch 110 lần/phút, huyết áp 130/80 mmHg, nhiệt độ 37,5°C. Củng mạc mắt vàng nhẹ. Bụng chướng nhẹ, ấn đau nhiều vùng thượng vị, không có mảng bầm tím quanh rốn. Cận lâm sàng: AST 450 U/L, ALT 510 U/L, Bilirubin toàn phần 60 μmol/L, Bilirubin trực tiếp 45 μmol/L, Lipase 3500 U/L (bình thường < 60 U/L), Triglyceride máu 1,5 mmol/L, Canxi máu 2,2 mmol/L. Siêu âm bụng thấy túi mật có nhiều sỏi nhỏ, ống mật chủ đường kính 9 mm, tụy phù nề.",Chiến lược can thiệp lâu dài nào giúp giảm tỷ lệ tái phát tình trạng này?,Dùng thuốc giảm mỡ máu nhóm statin.,Đặt stent đường mật vĩnh viễn.,Phẫu thuật cắt túi mật nội soi.,Uống acid ursodeoxycholic suốt đời.,,c,"Đối với viêm tụy cấp do sỏi mật dạng nhẹ, phẫu thuật cắt túi mật nội soi nên được thực hiện trong cùng đợt nằm viện (hoặc sớm sau khi ổn định) để ngăn ngừa sỏi tiếp tục rơi xuống gây tái phát viêm tụy."
noi-benh-ly-duong-mat-case-13-5,noi,Bệnh lý đường mật,Tiêu hoá,"Bệnh nhân nữ 50 tuổi, béo phì, vào viện vì đau thượng vị dữ dội đột ngột, lan ra sau lưng, buồn nôn và nôn ra dịch dạ dày. Bệnh khởi phát sau khi ăn đồ chiên xào 6 giờ. Khám: mạch 110 lần/phút, huyết áp 130/80 mmHg, nhiệt độ 37,5°C. Củng mạc mắt vàng nhẹ. Bụng chướng nhẹ, ấn đau nhiều vùng thượng vị, không có mảng bầm tím quanh rốn. Cận lâm sàng: AST 450 U/L, ALT 510 U/L, Bilirubin toàn phần 60 μmol/L, Bilirubin trực tiếp 45 μmol/L, Lipase 3500 U/L (bình thường < 60 U/L), Triglyceride máu 1,5 mmol/L, Canxi máu 2,2 mmol/L. Siêu âm bụng thấy túi mật có nhiều sỏi nhỏ, ống mật chủ đường kính 9 mm, tụy phù nề.",Cơ chế sinh lý bệnh chính giải thích tình trạng men tụy tăng cao ở bệnh nhân này là gì?,Tắc nghẽn bóng Vater làm tăng áp lực ống tụy.,Thiếu máu cục bộ vùng đuôi và thân tụy.,Độc tố trực tiếp phá hủy nang tuyến tụy.,Tự miễn dịch kháng lại tế bào đảo tụy.,,a,"Sỏi mật rớt xuống kẹt tại bóng Vater gây cản trở dòng chảy chung của dịch mật và dịch tụy. Áp lực ống tụy tăng cao dẫn đến ứ đọng, kích hoạt sớm các men tụy ngay trong nhu mô tụy (đặc biệt là trypsinogen thành trypsin), gây ra quá trình tự tiêu hóa tuyến tụy. Nguồn tham khảo: Phác đồ điều trị Viêm tụy cấp cấp tính (ACG/AGA)."
noi-benh-ly-duong-mat-case-14-1,noi,Bệnh lý đường mật,Tiêu hoá,"Bệnh nhân nữ 55 tuổi, tiền sử đái tháo đường type 2 đang dùng metformin, vào khám vì ngứa toàn thân dữ dội kéo dài 6 tháng nay, ngứa nhiều về đêm, kèm mệt mỏi. Khám lâm sàng không có vàng da rõ, có các mảng u vàng (xanthelasma) quanh mi mắt, gan lách không to. Cận lâm sàng: AST 45 U/L, ALT 50 U/L, Phosphatase kiềm (ALP) 580 U/L (bình thường < 120 U/L), GGT 400 U/L, Bilirubin toàn phần 20 μmol/L. Siêu âm ổ bụng: đường mật trong và ngoài gan không giãn, nhu mô gan đồng âm. Kháng thể kháng ty thể (AMA) dương tính hiệu giá cao 1:320.",Định hướng chẩn đoán chính xác nhất cho bệnh nhân này là gì?,Ung thư biểu mô đường mật.,Xơ gan ứ mật tiên phát.,Viêm gan tự miễn type 1.,Viêm đường mật xơ hóa tiên phát.,,b,"Bệnh cảnh phụ nữ trung niên, ngứa dữ dội, u vàng, ALP tăng cao, hình ảnh đường mật bình thường và đặc biệt là kháng thể AMA dương tính hiệu giá cao là tiêu chuẩn chẩn đoán Xơ gan ứ mật tiên phát (Primary Biliary Cholangitis - PBC)."
noi-benh-ly-duong-mat-case-14-2,noi,Bệnh lý đường mật,Tiêu hoá,"Bệnh nhân nữ 55 tuổi, tiền sử đái tháo đường type 2 đang dùng metformin, vào khám vì ngứa toàn thân dữ dội kéo dài 6 tháng nay, ngứa nhiều về đêm, kèm mệt mỏi. Khám lâm sàng không có vàng da rõ, có các mảng u vàng (xanthelasma) quanh mi mắt, gan lách không to. Cận lâm sàng: AST 45 U/L, ALT 50 U/L, Phosphatase kiềm (ALP) 580 U/L (bình thường < 120 U/L), GGT 400 U/L, Bilirubin toàn phần 20 μmol/L. Siêu âm ổ bụng: đường mật trong và ngoài gan không giãn, nhu mô gan đồng âm. Kháng thể kháng ty thể (AMA) dương tính hiệu giá cao 1:320.",Cơ chế bệnh sinh cốt lõi của bệnh lý này là gì?,Lắng đọng sắt quá mức tại tế bào nhu mô gan.,Xơ hóa hẹp lan tỏa các ống mật lớn ngoài gan.,Tắc nghẽn cơ học do u chèn ép từ rốn gan.,Phá hủy tự miễn các ống mật nhỏ gian tiểu thùy.,,d,"PBC là bệnh lý tự miễn qua trung gian tế bào T, tấn công và phá hủy từ từ các biểu mô ống mật nhỏ gian tiểu thùy trong gan, dẫn đến ứ mật mạn tính, tiến triển xơ gan. Khác với PSC gây tổn thương cả ống mật lớn ngoài gan."
noi-benh-ly-duong-mat-case-14-3,noi,Bệnh lý đường mật,Tiêu hoá,"Bệnh nhân nữ 55 tuổi, tiền sử đái tháo đường type 2 đang dùng metformin, vào khám vì ngứa toàn thân dữ dội kéo dài 6 tháng nay, ngứa nhiều về đêm, kèm mệt mỏi. Khám lâm sàng không có vàng da rõ, có các mảng u vàng (xanthelasma) quanh mi mắt, gan lách không to. Cận lâm sàng: AST 45 U/L, ALT 50 U/L, Phosphatase kiềm (ALP) 580 U/L (bình thường < 120 U/L), GGT 400 U/L, Bilirubin toàn phần 20 μmol/L. Siêu âm ổ bụng: đường mật trong và ngoài gan không giãn, nhu mô gan đồng âm. Kháng thể kháng ty thể (AMA) dương tính hiệu giá cao 1:320.",Thăm dò nào thường được sử dụng để đánh giá giai đoạn xơ hóa của bệnh nhân này mà không cần xâm lấn?,Sinh thiết gan qua tĩnh mạch cảnh.,Chụp cắt lớp phóng xạ positron.,Chụp mật tụy ngược dòng qua nội soi.,Siêu âm đàn hồi mô gan.,,d,"Siêu âm đàn hồi mô (Fibroscan) là phương pháp không xâm lấn, đo độ cứng của gan, được sử dụng rộng rãi để đánh giá và theo dõi giai đoạn xơ hóa gan trong các bệnh lý gan mạn tính bao gồm PBC."
noi-benh-ly-duong-mat-case-14-4,noi,Bệnh lý đường mật,Tiêu hoá,"Bệnh nhân nữ 55 tuổi, tiền sử đái tháo đường type 2 đang dùng metformin, vào khám vì ngứa toàn thân dữ dội kéo dài 6 tháng nay, ngứa nhiều về đêm, kèm mệt mỏi. Khám lâm sàng không có vàng da rõ, có các mảng u vàng (xanthelasma) quanh mi mắt, gan lách không to. Cận lâm sàng: AST 45 U/L, ALT 50 U/L, Phosphatase kiềm (ALP) 580 U/L (bình thường < 120 U/L), GGT 400 U/L, Bilirubin toàn phần 20 μmol/L. Siêu âm ổ bụng: đường mật trong và ngoài gan không giãn, nhu mô gan đồng âm. Kháng thể kháng ty thể (AMA) dương tính hiệu giá cao 1:320.",Điều trị nội khoa đặc hiệu đầu tay nhằm làm chậm tiến triển bệnh là gì?,Acid ursodeoxycholic liều tiêu chuẩn.,Thuốc ức chế miễn dịch Azathioprine.,Kháng sinh đường ruột Rifaximin.,Corticosteroid toàn thân liều cao.,,a,"Acid ursodeoxycholic (UDCA) là liệu pháp đầu tay và cơ bản nhất cho PBC, giúp cải thiện sinh hóa gan, làm chậm quá trình mô học và kéo dài thời gian sống còn không cần ghép gan."
noi-benh-ly-duong-mat-case-14-5,noi,Bệnh lý đường mật,Tiêu hoá,"Bệnh nhân nữ 55 tuổi, tiền sử đái tháo đường type 2 đang dùng metformin, vào khám vì ngứa toàn thân dữ dội kéo dài 6 tháng nay, ngứa nhiều về đêm, kèm mệt mỏi. Khám lâm sàng không có vàng da rõ, có các mảng u vàng (xanthelasma) quanh mi mắt, gan lách không to. Cận lâm sàng: AST 45 U/L, ALT 50 U/L, Phosphatase kiềm (ALP) 580 U/L (bình thường < 120 U/L), GGT 400 U/L, Bilirubin toàn phần 20 μmol/L. Siêu âm ổ bụng: đường mật trong và ngoài gan không giãn, nhu mô gan đồng âm. Kháng thể kháng ty thể (AMA) dương tính hiệu giá cao 1:320.",Bệnh nhân này có nguy cơ cao gặp phải biến chứng mạn tính nào sau đây do tình trạng ứ mật kéo dài?,Suy thận cấp chức năng.,Bệnh cơ tim giãn nở.,Rối loạn đông máu do thiếu vitamin C.,Loãng xương và gãy xương.,,d,"Tình trạng ứ mật mạn tính trong PBC làm giảm hấp thu các vitamin tan trong dầu (A, D, E, K). Thiếu hụt vitamin D mạn tính kết hợp với rối loạn chuyển hóa xương ở bệnh gan dẫn đến nguy cơ cao bị loãng xương (osteoporosis). Nguồn tham khảo: Phác đồ AASLD/EASL về chẩn đoán và quản lý PBC."
noi-benh-ly-duong-mat-case-15-1,noi,Bệnh lý đường mật,Tiêu hoá,"Bệnh nhân nam 35 tuổi, tiền sử viêm loét đại trực tràng chảy máu (UC) 5 năm đang điều trị duy trì bằng Mesalamine. Gần đây bệnh nhân thấy mệt mỏi, sụt 3 kg, ngứa rải rác và vàng da nhẹ. Khám có củng mạc mắt vàng, gan mép sườn. Xét nghiệm: AST 60 U/L, ALT 75 U/L, ALP 650 U/L, GGT 520 U/L, Bilirubin toàn phần 45 μmol/L. Kháng thể kháng nhân (ANA) và p-ANCA dương tính, AMA âm tính. Chụp cộng hưởng từ đường mật (MRCP) cho thấy hình ảnh hẹp và giãn xen kẽ (hình chuỗi hạt) ở cả đường mật trong và ngoài gan.",Chẩn đoán xác định phù hợp nhất với lâm sàng và hình ảnh học là gì?,Viêm đường mật xơ hóa tiên phát.,Sỏi bùn đường mật trong gan lan tỏa.,Xơ gan ứ mật tiên phát giai đoạn muộn.,Viêm gan virus B mạn tính tiến triển. https://onedrive.live.com/personal/2672550e42ddc7d4/_layouts/15/D,,a,"Bệnh nhân nam trẻ tuổi có tiền sử Viêm loét đại tràng (UC), hội chứng ứ mật (ALP, GGT tăng) và hình ảnh MRCP kinh điển hẹp/giãn xen kẽ đường mật trong/ngoài gan là tiêu chuẩn c.aspx?sourcedoc={186352b6-90cf-40c9-ba19-ae84e248ef20}&action=vie… 8/12 vàng của Viêm đường mật xơ hóa tiên phát (PSC)."
noi-benh-ly-duong-mat-case-15-2,noi,Bệnh lý đường mật,Tiêu hoá,"Bệnh nhân nam 35 tuổi, tiền sử viêm loét đại trực tràng chảy máu (UC) 5 năm đang điều trị duy trì bằng Mesalamine. Gần đây bệnh nhân thấy mệt mỏi, sụt 3 kg, ngứa rải rác và vàng da nhẹ. Khám có củng mạc mắt vàng, gan mép sườn. Xét nghiệm: AST 60 U/L, ALT 75 U/L, ALP 650 U/L, GGT 520 U/L, Bilirubin toàn phần 45 μmol/L. Kháng thể kháng nhân (ANA) và p-ANCA dương tính, AMA âm tính. Chụp cộng hưởng từ đường mật (MRCP) cho thấy hình ảnh hẹp và giãn xen kẽ (hình chuỗi hạt) ở cả đường mật trong và ngoài gan.","Đặc điểm sinh lý bệnh nào dẫn đến hình ảnh ""chuỗi hạt"" trên MRCP?",Sự lắng đọng phức hợp miễn dịch tại tiểu cầu thận.,Viêm mủ cấp tính gây hoại tử niêm mạc ống mật.,Viêm và xơ hóa đồng tâm làm hẹp đa ổ đường mật.,Tăng sinh ác tính tế bào biểu mô đường mật.,,c,"Đặc trưng bệnh sinh của PSC là tình trạng viêm mạn tính và xơ hóa đồng tâm (hình củ hành trên giải phẫu bệnh) quanh các ống mật, gây ra các chít hẹp đa ổ đan xen với các đoạn giãn trên hình ảnh học tạo thành ""chuỗi hạt""."
noi-benh-ly-duong-mat-case-15-3,noi,Bệnh lý đường mật,Tiêu hoá,"Bệnh nhân nam 35 tuổi, tiền sử viêm loét đại trực tràng chảy máu (UC) 5 năm đang điều trị duy trì bằng Mesalamine. Gần đây bệnh nhân thấy mệt mỏi, sụt 3 kg, ngứa rải rác và vàng da nhẹ. Khám có củng mạc mắt vàng, gan mép sườn. Xét nghiệm: AST 60 U/L, ALT 75 U/L, ALP 650 U/L, GGT 520 U/L, Bilirubin toàn phần 45 μmol/L. Kháng thể kháng nhân (ANA) và p-ANCA dương tính, AMA âm tính. Chụp cộng hưởng từ đường mật (MRCP) cho thấy hình ảnh hẹp và giãn xen kẽ (hình chuỗi hạt) ở cả đường mật trong và ngoài gan.",Bước quản lý nào là bắt buộc để tầm soát biến chứng ở bệnh nhân này?,Siêu âm tim định kỳ đánh giá chức năng tâm thất.,Đo phế dung ký đánh giá chức năng hô hấp hàng năm.,Nội soi đường mật hoặc MRCP định kỳ tầm soát ung thư.,Nội soi dạ dày tầm soát tĩnh mạch trướng mỗi 6 tháng.,,c,Bệnh nhân PSC có nguy cơ rất cao phát triển ung thư đường mật (Cholangiocarcinoma). Tầm soát thường quy bằng hình ảnh học (MRCP/Siêu âm) kết hợp với xét nghiệm CA 19-9 định kỳ là bắt buộc theo hướng dẫn.
noi-benh-ly-duong-mat-case-15-4,noi,Bệnh lý đường mật,Tiêu hoá,"Bệnh nhân nam 35 tuổi, tiền sử viêm loét đại trực tràng chảy máu (UC) 5 năm đang điều trị duy trì bằng Mesalamine. Gần đây bệnh nhân thấy mệt mỏi, sụt 3 kg, ngứa rải rác và vàng da nhẹ. Khám có củng mạc mắt vàng, gan mép sườn. Xét nghiệm: AST 60 U/L, ALT 75 U/L, ALP 650 U/L, GGT 520 U/L, Bilirubin toàn phần 45 μmol/L. Kháng thể kháng nhân (ANA) và p-ANCA dương tính, AMA âm tính. Chụp cộng hưởng từ đường mật (MRCP) cho thấy hình ảnh hẹp và giãn xen kẽ (hình chuỗi hạt) ở cả đường mật trong và ngoài gan.","Trong trường hợp bệnh nhân có biểu hiện tắc mật cấp tính với một vị trí hẹp trội trên hình ảnh học, can thiệp nào là ưu tiên?",Cắt bỏ toàn bộ đại trực tràng dự phòng.,Điều trị nội khoa với liều cao Corticosteroid.,Phẫu thuật nối ống mật chủ - hổng tràng.,Đặt stent đường mật qua ERCP giải áp.,,d,"Trong quá trình diễn tiến của PSC, bệnh nhân thường xuất hiện các ""chỗ hẹp trội"" (dominant strictures) gây tắc mật cấp hoặc viêm đường mật cấp. Can thiệp ERCP nong chỗ hẹp hoặc đặt stent là ưu tiên để giải áp cơ học."
noi-benh-ly-duong-mat-case-15-5,noi,Bệnh lý đường mật,Tiêu hoá,"Bệnh nhân nam 35 tuổi, tiền sử viêm loét đại trực tràng chảy máu (UC) 5 năm đang điều trị duy trì bằng Mesalamine. Gần đây bệnh nhân thấy mệt mỏi, sụt 3 kg, ngứa rải rác và vàng da nhẹ. Khám có củng mạc mắt vàng, gan mép sườn. Xét nghiệm: AST 60 U/L, ALT 75 U/L, ALP 650 U/L, GGT 520 U/L, Bilirubin toàn phần 45 μmol/L. Kháng thể kháng nhân (ANA) và p-ANCA dương tính, AMA âm tính. Chụp cộng hưởng từ đường mật (MRCP) cho thấy hình ảnh hẹp và giãn xen kẽ (hình chuỗi hạt) ở cả đường mật trong và ngoài gan.",Bệnh nhân này có nguy cơ diễn tiến thành loại ung thư nào cao nhất?,Ung thư biểu mô đường mật cholangiocarcinoma.,Ung thư biểu mô tế bào gan nguyên phát.,Ung thư biểu mô tế bào vảy thực quản.,Ung thư tuyến tụy ngoại tiết hoại tử.,,a,Ung thư biểu mô đường mật (Cholangiocarcinoma - CCA) là biến chứng ác tính đáng sợ nhất và là nguyên nhân tử vong hàng đầu ở bệnh nhân PSC (nguy cơ trọn đời khoảng 10-20%). Nguồn tham khảo: Phác đồ AASLD/EASL về quản lý PSC.
noi-benh-ly-duong-mat-case-16-1,noi,Bệnh lý đường mật,Tiêu hoá,"Bệnh nhân nam 72 tuổi, đang điều trị tại khoa Hồi sức tích cực ngày thứ 10 vì sốc nhiễm khuẩn do viêm phổi thở máy. Bệnh nhân vẫn đang duy trì vận mạch liều thấp và nuôi dưỡng tĩnh mạch hoàn toàn. Hôm nay bệnh nhân xuất hiện sốt lại 39°C, bụng chướng nhẹ, ấn có phản ứng đau vùng hạ sườn phải. Cận lâm sàng: Bạch cầu tăng vọt từ 10 G/L lên 25 G/L, Bilirubin và men gan tăng nhẹ. Siêu âm ổ bụng tại giường thấy túi mật căng to, thành dày 5 mm, có dịch lớp mỏng quanh túi mật, không thấy sỏi trong túi mật và đường mật.",Chẩn đoán cấp cứu có khả năng nhất giải thích tình trạng hiện tại là gì?,Áp xe gan đa ổ do vi khuẩn kỵ khí.,Viêm ruột hoại tử do Clostridium difficile.,Viêm túi mật cấp không do sỏi.,Nhồi máu lách cấp tính do huyết khối.,,c,"Bệnh cảnh bệnh nhân nặng đang nằm ICU dài ngày, sốt lại, ấn đau hạ sườn phải, siêu âm thấy thành túi mật dày, có dịch quanh túi mật nhưng không có sỏi là bệnh cảnh điển hình của Viêm túi mật cấp không do sỏi (Acalculous cholecystitis)."
noi-benh-ly-duong-mat-case-16-2,noi,Bệnh lý đường mật,Tiêu hoá,"Bệnh nhân nam 72 tuổi, đang điều trị tại khoa Hồi sức tích cực ngày thứ 10 vì sốc nhiễm khuẩn do viêm phổi thở máy. Bệnh nhân vẫn đang duy trì vận mạch liều thấp và nuôi dưỡng tĩnh mạch hoàn toàn. Hôm nay bệnh nhân xuất hiện sốt lại 39°C, bụng chướng nhẹ, ấn có phản ứng đau vùng hạ sườn phải. Cận lâm sàng: Bạch cầu tăng vọt từ 10 G/L lên 25 G/L, Bilirubin và men gan tăng nhẹ. Siêu âm ổ bụng tại giường thấy túi mật căng to, thành dày 5 mm, có dịch lớp mỏng quanh túi mật, không thấy sỏi trong túi mật và đường mật.",Cơ chế bệnh sinh chính của tình trạng này ở bệnh nhân hồi sức là gì?,Phản ứng dị ứng muộn với kháng sinh phổ rộng.,Di chuyển của sỏi sắc tố từ đường mật chính.,Suy giảm miễn dịch tế bào do sử dụng corticoid.,Giảm tưới máu cục bộ và ứ trệ dịch mật mạn.,,d,"Cơ chế chính là do sốc/tụt huyết áp gây thiếu máu cục bộ vách túi mật, kết hợp với tình trạng nhịn ăn kéo dài, dùng thuốc an thần/giảm đau làm giảm co bóp túi mật, dẫn đến ứ trệ dịch mật và hoại tử thành túi mật."
noi-benh-ly-duong-mat-case-16-3,noi,Bệnh lý đường mật,Tiêu hoá,"Bệnh nhân nam 72 tuổi, đang điều trị tại khoa Hồi sức tích cực ngày thứ 10 vì sốc nhiễm khuẩn do viêm phổi thở máy. Bệnh nhân vẫn đang duy trì vận mạch liều thấp và nuôi dưỡng tĩnh mạch hoàn toàn. Hôm nay bệnh nhân xuất hiện sốt lại 39°C, bụng chướng nhẹ, ấn có phản ứng đau vùng hạ sườn phải. Cận lâm sàng: Bạch cầu tăng vọt từ 10 G/L lên 25 G/L, Bilirubin và men gan tăng nhẹ. Siêu âm ổ bụng tại giường thấy túi mật căng to, thành dày 5 mm, có dịch lớp mỏng quanh túi mật, không thấy sỏi trong túi mật và đường mật.",Thăm dò hình ảnh nào có giá trị thay thế cao nhất nếu siêu âm không kết luận được?,Chụp cộng hưởng từ đường mật MRCP.,Nội soi đại tràng toàn bộ thám sát ống tiêu hóa.,Chụp cắt lớp vi tính ổ bụng có tiêm thuốc cản quang.,Chụp X-quang bụng không chuẩn bị tư thế đứng.,,c,"Mặc dù siêu âm là lựa chọn đầu tay, CT scan ổ bụng có cản quang có độ nhạy và độ đặc hiệu rất cao để chẩn đoán viêm túi mật cấp không do sỏi, đồng thời giúp phát hiện các biến chứng hoại tử, thủng túi mật ở bệnh nhân ICU."
noi-benh-ly-duong-mat-case-16-4,noi,Bệnh lý đường mật,Tiêu hoá,"Bệnh nhân nam 72 tuổi, đang điều trị tại khoa Hồi sức tích cực ngày thứ 10 vì sốc nhiễm khuẩn do viêm phổi thở máy. Bệnh nhân vẫn đang duy trì vận mạch liều thấp và nuôi dưỡng tĩnh mạch hoàn toàn. Hôm nay bệnh nhân xuất hiện sốt lại 39°C, bụng chướng nhẹ, ấn có phản ứng đau vùng hạ sườn phải. Cận lâm sàng: Bạch cầu tăng vọt từ 10 G/L lên 25 G/L, Bilirubin và men gan tăng nhẹ. Siêu âm ổ bụng tại giường thấy túi mật căng to, thành dày 5 mm, có dịch lớp mỏng quanh túi mật, không thấy sỏi trong túi mật và đường mật.",Xử trí can thiệp nào là phù hợp nhất cho bệnh nhân này xét trên tình trạng toàn thân?,Dẫn lưu túi mật xuyên gan qua da.,Nội soi mật tụy ngược dòng cắt cơ vòng.,Theo dõi bảo tồn và chờ chức năng gan hồi phục.,Phẫu thuật mổ hở cắt túi mật cấp cứu.,,a,"Bệnh nhân đang ở tình trạng rất nặng (thở máy, dùng vận mạch), nguy cơ phẫu thuật là cực kỳ cao. Dẫn lưu túi mật xuyên gan qua da (PTGBD) dưới hướng dẫn siêu âm là lựa chọn tối ưu để giải áp và kiểm soát ổ nhiễm trùng."
noi-benh-ly-duong-mat-case-16-5,noi,Bệnh lý đường mật,Tiêu hoá,"Bệnh nhân nam 72 tuổi, đang điều trị tại khoa Hồi sức tích cực ngày thứ 10 vì sốc nhiễm khuẩn do viêm phổi thở máy. Bệnh nhân vẫn đang duy trì vận mạch liều thấp và nuôi dưỡng tĩnh mạch hoàn toàn. Hôm nay bệnh nhân xuất hiện sốt lại 39°C, bụng chướng nhẹ, ấn có phản ứng đau vùng hạ sườn phải. Cận lâm sàng: Bạch cầu tăng vọt từ 10 G/L lên 25 G/L, Bilirubin và men gan tăng nhẹ. Siêu âm ổ bụng tại giường thấy túi mật căng to, thành dày 5 mm, có dịch lớp mỏng quanh túi mật, không thấy sỏi trong túi mật và đường mật.",Yếu tố nào sau đây đóng vai trò nguy cơ chính dẫn đến bệnh lý này ở bệnh nhân trên?,Tuổi cao trên 70 tuổi.,Nuôi dưỡng tĩnh mạch hoàn toàn kéo dài.,Bệnh lý đái tháo đường type 2 đi kèm.,Tiền sử hút thuốc lá nhiều năm.,,b,"Nuôi dưỡng tĩnh mạch hoàn toàn (TPN) kéo dài làm mất kích thích bình thường của thức ăn lên ruột (thiếu tiết cholecystokinin), dẫn đến giảm co bóp, ứ đọng dịch mật và tạo bùn mật, là yếu tố nguy cơ kinh điển của viêm túi mật không sỏi. Nguồn tham khảo: Phác đồ ngoại khoa cấp cứu về Viêm túi mật cấp."
noi-benh-ly-duong-mat-case-17-1,noi,Bệnh lý đường mật,Tiêu hoá,"Bệnh nhân nam 68 tuổi, sụt 6 kg trong 2 tháng, vào khám vì vàng da sậm toàn thân tăng dần, không kèm đau bụng hay sốt. Bệnh nhân có đi tiêu phân nhạt màu và tiểu sậm màu. Khám thấy thể trạng gầy, vàng mắt vàng da rõ, gan to dưới sườn 2 cm nhưng túi mật không sờ đụng (dấu hiệu Courvoisier âm tính). Xét nghiệm: Bilirubin toàn phần 280 μmol/L, Bilirubin trực tiếp 240 μmol/L, ALP 800 U/L. Siêu âm ổ bụng thấy giãn lớn toàn bộ hệ thống đường mật trong gan hai bên, nhưng đường mật ngoài gan (ống mật chủ) và túi mật hoàn toàn xẹp, không thấy sỏi.",Vị trí giải phẫu có khả năng tắc nghẽn nhất dẫn đến triệu chứng của bệnh nhân là gì?,Ngã ba ống gan phải và trái.,Đoạn cuối ống mật chủ.,Ống cổ túi mật đoạn chèn ép.,Bóng Vater tá tràng. https://onedrive.live.com/personal/2672550e42ddc7d4/_layouts/15/D,,a,"Siêu âm cho thấy đường mật trong gan giãn nhưng ống mật chủ xẹp, chứng tỏ vị trí tắc nghẽn nằm ở đoạn cao, ngay tại ngã ba ống gan phải và trái (rốn gan). Nếu tắc ở đoạn thấp (bóng Vater), cả túi mật và ống mật chủ đều sẽ giãn to. c.aspx?sourcedoc={186352b6-90cf-40c9-ba19-ae84e248ef20}&action=vie… 9/12"
noi-benh-ly-duong-mat-case-17-2,noi,Bệnh lý đường mật,Tiêu hoá,"Bệnh nhân nam 68 tuổi, sụt 6 kg trong 2 tháng, vào khám vì vàng da sậm toàn thân tăng dần, không kèm đau bụng hay sốt. Bệnh nhân có đi tiêu phân nhạt màu và tiểu sậm màu. Khám thấy thể trạng gầy, vàng mắt vàng da rõ, gan to dưới sườn 2 cm nhưng túi mật không sờ đụng (dấu hiệu Courvoisier âm tính). Xét nghiệm: Bilirubin toàn phần 280 μmol/L, Bilirubin trực tiếp 240 μmol/L, ALP 800 U/L. Siêu âm ổ bụng thấy giãn lớn toàn bộ hệ thống đường mật trong gan hai bên, nhưng đường mật ngoài gan (ống mật chủ) và túi mật hoàn toàn xẹp, không thấy sỏi.",Chẩn đoán ác tính nào phù hợp nhất với vị trí tắc nghẽn mô tả ở trên?,U đầu tụy chèn ép đường mật.,Khối u Klatskin vùng rốn gan.,Ung thư biểu mô tế bào gan nguyên phát.,U đoạn xa ống mật chủ.,,b,"Khối u đường mật xuất phát từ ngã ba ống gan chung (phân chia gan phải và trái) được gọi là u Klatskin (Cholangiocarcinoma vùng rốn gan). Triệu chứng kinh điển là vàng da không đau, đường mật trong gan giãn và túi mật xẹp."
noi-benh-ly-duong-mat-case-17-3,noi,Bệnh lý đường mật,Tiêu hoá,"Bệnh nhân nam 68 tuổi, sụt 6 kg trong 2 tháng, vào khám vì vàng da sậm toàn thân tăng dần, không kèm đau bụng hay sốt. Bệnh nhân có đi tiêu phân nhạt màu và tiểu sậm màu. Khám thấy thể trạng gầy, vàng mắt vàng da rõ, gan to dưới sườn 2 cm nhưng túi mật không sờ đụng (dấu hiệu Courvoisier âm tính). Xét nghiệm: Bilirubin toàn phần 280 μmol/L, Bilirubin trực tiếp 240 μmol/L, ALP 800 U/L. Siêu âm ổ bụng thấy giãn lớn toàn bộ hệ thống đường mật trong gan hai bên, nhưng đường mật ngoài gan (ống mật chủ) và túi mật hoàn toàn xẹp, không thấy sỏi.",Chất chỉ điểm khối u nào có giá trị hỗ trợ chẩn đoán và theo dõi bệnh lý này?,Kháng nguyên tuyến tiền liệt (PSA).,Kháng nguyên ung thư CA 19-9.,Kháng nguyên ung thư CA 125.,Alpha-fetoprotein (AFP).,,b,"CA 19-9 là tumor marker thường được sử dụng nhất trong ung thư đường mật và ung thư tụy, giúp hỗ trợ chẩn đoán, đánh giá đáp ứng điều trị và theo dõi tái phát."
noi-benh-ly-duong-mat-case-17-4,noi,Bệnh lý đường mật,Tiêu hoá,"Bệnh nhân nam 68 tuổi, sụt 6 kg trong 2 tháng, vào khám vì vàng da sậm toàn thân tăng dần, không kèm đau bụng hay sốt. Bệnh nhân có đi tiêu phân nhạt màu và tiểu sậm màu. Khám thấy thể trạng gầy, vàng mắt vàng da rõ, gan to dưới sườn 2 cm nhưng túi mật không sờ đụng (dấu hiệu Courvoisier âm tính). Xét nghiệm: Bilirubin toàn phần 280 μmol/L, Bilirubin trực tiếp 240 μmol/L, ALP 800 U/L. Siêu âm ổ bụng thấy giãn lớn toàn bộ hệ thống đường mật trong gan hai bên, nhưng đường mật ngoài gan (ống mật chủ) và túi mật hoàn toàn xẹp, không thấy sỏi.",Đặc điểm cận lâm sàng nào chứng minh tình trạng tắc mật hoàn toàn sau gan?,Hồng cầu lưới ngoại vi tăng sinh mạnh.,Tăng nồng độ Urobilinogen trong nước tiểu.,Phân có màu nhạt như đất sét trắng.,Men gan AST và ALT tăng cực kỳ cao.,,c,"Tắc mật hoàn toàn ngăn dịch mật chảy xuống tá tràng, do đó phân không có stercobilinogen tạo màu vàng tự nhiên, dẫn đến triệu chứng đi tiêu phân nhạt màu (phân trắng bệch hoặc màu đất sét)."
noi-benh-ly-duong-mat-case-17-5,noi,Bệnh lý đường mật,Tiêu hoá,"Bệnh nhân nam 68 tuổi, sụt 6 kg trong 2 tháng, vào khám vì vàng da sậm toàn thân tăng dần, không kèm đau bụng hay sốt. Bệnh nhân có đi tiêu phân nhạt màu và tiểu sậm màu. Khám thấy thể trạng gầy, vàng mắt vàng da rõ, gan to dưới sườn 2 cm nhưng túi mật không sờ đụng (dấu hiệu Courvoisier âm tính). Xét nghiệm: Bilirubin toàn phần 280 μmol/L, Bilirubin trực tiếp 240 μmol/L, ALP 800 U/L. Siêu âm ổ bụng thấy giãn lớn toàn bộ hệ thống đường mật trong gan hai bên, nhưng đường mật ngoài gan (ống mật chủ) và túi mật hoàn toàn xẹp, không thấy sỏi.",Mục tiêu điều trị giảm nhẹ (palliative) ưu tiên nếu khối u không thể phẫu thuật cắt bỏ là gì?,Chiếu xạ định vị thân toàn vùng rốn gan.,Hóa trị liệu toàn thân bằng phác đồ FOLFIRINOX.,Phẫu thuật cắt tá tụy bảo tồn môn vị (Whipple).,Đặt stent đường mật qua da hoặc nội soi giải áp.,,d,"Ở bệnh nhân ung thư đường mật giai đoạn muộn không còn khả năng phẫu thuật (unresectable), điều trị giảm nhẹ bằng cách đặt stent đường mật (qua ERCP hoặc PTBD) là biện pháp cốt lõi để giảm vàng da, giảm ngứa và ngăn ngừa viêm đường mật nhiễm trùng. Nguồn tham khảo: Phác đồ chẩn đoán và điều trị Cholangiocarcinoma (NCCN)."
noi-benh-ly-duong-mat-case-18-1,noi,Bệnh lý đường mật,Tiêu hoá,"Bệnh nhân nữ 48 tuổi, đã biết sỏi túi mật nhiều năm không điều trị, vào viện vì đau dữ dội hạ sườn phải, sốt 38,5°C và vàng da nhẹ khởi phát 2 ngày nay. Khám: mạch 90 lần/phút, ấn đau hạ sườn phải. Xét nghiệm: Bilirubin toàn phần 65 μmol/L, Bilirubin trực tiếp 45 μmol/L, AST 80 U/L, ALP 250 U/L. Siêu âm ổ bụng thấy túi mật căng, có một viên sỏi lớn kích thước 2,5 cm nằm kẹt ở vùng phễu túi mật. Ống mật chủ không có sỏi, kích thước bình thường, nhưng ống gan chung phía trên vị trí sỏi kẹt bị giãn nhẹ.",Hội chứng lâm sàng nào giải thích tình trạng vàng da do sỏi túi mật ở bệnh nhân này?,Hội chứng Budd-Chiari tĩnh mạch gan.,Hội chứng Mallory-Weiss chảy máu.,Hội chứng Bouveret nghẽn tá tràng.,Hội chứng Mirizzi chèn ép cơ học.,,d,"Hội chứng Mirizzi là biến chứng hiếm gặp của sỏi mật, trong đó viên sỏi lớn kẹt ở cổ túi mật hoặc ống cổ túi mật gây chèn ép cơ học từ bên ngoài vào ống gan chung, dẫn đến tắc mật (vàng da) dù sỏi không nằm trong ống mật chính."
noi-benh-ly-duong-mat-case-18-2,noi,Bệnh lý đường mật,Tiêu hoá,"Bệnh nhân nữ 48 tuổi, đã biết sỏi túi mật nhiều năm không điều trị, vào viện vì đau dữ dội hạ sườn phải, sốt 38,5°C và vàng da nhẹ khởi phát 2 ngày nay. Khám: mạch 90 lần/phút, ấn đau hạ sườn phải. Xét nghiệm: Bilirubin toàn phần 65 μmol/L, Bilirubin trực tiếp 45 μmol/L, AST 80 U/L, ALP 250 U/L. Siêu âm ổ bụng thấy túi mật căng, có một viên sỏi lớn kích thước 2,5 cm nằm kẹt ở vùng phễu túi mật. Ống mật chủ không có sỏi, kích thước bình thường, nhưng ống gan chung phía trên vị trí sỏi kẹt bị giãn nhẹ.",Cơ chế bệnh sinh gây hẹp đường mật trong tình trạng này là gì?,Viêm và chèn ép cơ học từ sỏi nằm ở cổ túi mật.,Xơ hóa hẹp lan tỏa toàn bộ hệ thống đường mật.,Sỏi rớt từ túi mật xuống kẹt tại cơ vòng Oddi.,Tổ chức u tân sinh từ túi mật xâm lấn đường mật.,,a,"Viên sỏi nằm lâu ngày ở cổ túi mật gây viêm mạn tính xung quanh, tổ chức viêm phù nề và chính kích thước viên sỏi sẽ đè đẩy, chèn ép trực tiếp vào ống gan chung chạy sát bên cạnh, gây tắc nghẽn cơ học."
noi-benh-ly-duong-mat-case-18-3,noi,Bệnh lý đường mật,Tiêu hoá,"Bệnh nhân nữ 48 tuổi, đã biết sỏi túi mật nhiều năm không điều trị, vào viện vì đau dữ dội hạ sườn phải, sốt 38,5°C và vàng da nhẹ khởi phát 2 ngày nay. Khám: mạch 90 lần/phút, ấn đau hạ sườn phải. Xét nghiệm: Bilirubin toàn phần 65 μmol/L, Bilirubin trực tiếp 45 μmol/L, AST 80 U/L, ALP 250 U/L. Siêu âm ổ bụng thấy túi mật căng, có một viên sỏi lớn kích thước 2,5 cm nằm kẹt ở vùng phễu túi mật. Ống mật chủ không có sỏi, kích thước bình thường, nhưng ống gan chung phía trên vị trí sỏi kẹt bị giãn nhẹ.",Thăm dò hình ảnh trước mổ nào rất quan trọng để tránh biến chứng tổn thương đường mật khi phẫu thuật?,Chụp động mạch mạc treo tràng trên.,Đo áp lực tĩnh mạch gan qua đường tĩnh mạch.,Xạ hình chức năng thận bằng hạt nhân.,Chụp cộng hưởng từ đường mật MRCP.,,d,"Chụp MRCP hoặc ERCP trước mổ là bắt buộc để lập bản đồ giải phẫu đường mật, xác định chính xác mức độ chèn ép hoặc sự hiện diện của đường rò túi mật - đường mật, giúp bác sĩ ngoại khoa tránh cắt nhầm vào ống mật chính."
noi-benh-ly-duong-mat-case-18-4,noi,Bệnh lý đường mật,Tiêu hoá,"Bệnh nhân nữ 48 tuổi, đã biết sỏi túi mật nhiều năm không điều trị, vào viện vì đau dữ dội hạ sườn phải, sốt 38,5°C và vàng da nhẹ khởi phát 2 ngày nay. Khám: mạch 90 lần/phút, ấn đau hạ sườn phải. Xét nghiệm: Bilirubin toàn phần 65 μmol/L, Bilirubin trực tiếp 45 μmol/L, AST 80 U/L, ALP 250 U/L. Siêu âm ổ bụng thấy túi mật căng, có một viên sỏi lớn kích thước 2,5 cm nằm kẹt ở vùng phễu túi mật. Ống mật chủ không có sỏi, kích thước bình thường, nhưng ống gan chung phía trên vị trí sỏi kẹt bị giãn nhẹ.",Phẫu thuật điều trị hội chứng này đòi hỏi yếu tố kỹ thuật nào đặc biệt so với cắt túi mật thông thường?,Phải cắt bỏ thùy gan phải vùng giường túi mật.,Phải nạo vét hạch bạch huyết toàn bộ rốn gan.,Phải phục hồi thành ống mật chủ bị rò hoặc khuyết.,Phải luôn tiến hành cắt lách kèm theo.,,c,"Tùy thuộc vào type của hội chứng Mirizzi (đặc biệt khi có rò túi mật - đường mật), chỉ cắt túi mật là không đủ hoặc nguy hiểm. Phẫu thuật viên thường phải dùng phần vách túi mật còn lại để vá phục hồi khuyết hổng của ống mật hoặc nối mật ruột."
noi-benh-ly-duong-mat-case-18-5,noi,Bệnh lý đường mật,Tiêu hoá,"Bệnh nhân nữ 48 tuổi, đã biết sỏi túi mật nhiều năm không điều trị, vào viện vì đau dữ dội hạ sườn phải, sốt 38,5°C và vàng da nhẹ khởi phát 2 ngày nay. Khám: mạch 90 lần/phút, ấn đau hạ sườn phải. Xét nghiệm: Bilirubin toàn phần 65 μmol/L, Bilirubin trực tiếp 45 μmol/L, AST 80 U/L, ALP 250 U/L. Siêu âm ổ bụng thấy túi mật căng, có một viên sỏi lớn kích thước 2,5 cm nằm kẹt ở vùng phễu túi mật. Ống mật chủ không có sỏi, kích thước bình thường, nhưng ống gan chung phía trên vị trí sỏi kẹt bị giãn nhẹ.",Biến chứng giải phẫu nào thường hiện diện trong quá trình diễn tiến lâu dài của hội chứng này?,Đường rò túi mật - ống gan chung.,Thủng vỡ cơ hoành gây tràn dịch màng phổi.,Đường rò túi mật - tá tràng gây tắc ruột.,Khối phình động mạch gan đoạn gần.,,a,"Diễn tiến viêm hoại tử mạn tính do áp lực viên sỏi sẽ phá hủy lớp vách ngăn cách, tạo thành đường rò trực tiếp giữa túi mật và ống gan chung (cholecystobiliary fistula) hoặc ống mật chủ, làm phức tạp cuộc phẫu thuật. Nguồn tham khảo: Phác đồ bệnh lý ngoại khoa đường mật."
noi-benh-ly-duong-mat-case-19-1,noi,Bệnh lý đường mật,Tiêu hoá,"Bệnh nhân nữ 42 tuổi, đến phòng khám ngoại tiêu hóa vì nhiều lần xuất hiện cơn đau quặn vùng hạ sườn phải, lan ra vai phải. Cơn đau thường xuất hiện khoảng 30-60 phút sau khi ăn bữa ăn nhiều mỡ, kéo dài 1-2 tiếng rồi tự hết. Bệnh nhân hoàn toàn không sốt, không vàng da. Giữa các cơn đau, bệnh nhân sinh hoạt bình thường. Khám lâm sàng hiện tại bụng mềm, không ấn đau. Xét nghiệm công thức máu, bilirubin, AST, ALT đều trong giới hạn bình thường. Siêu âm ổ bụng thấy túi mật kích thước bình thường, thành mỏng 2 mm, bên trong có vài sỏi di động kích thước 5-10 mm, ống mật chủ 4 mm.",Chẩn đoán lâm sàng phù hợp nhất cho bệnh nhân này là gì?,Viêm túi mật mạn tính.,Viêm dạ dày cấp tính.,Viêm đường mật cấp nhẹ.,Cơn đau quặn mật do sỏi. https://onedrive.live.com/personal/2672550e42ddc7d4/_layouts/15/D,,d,"Triệu chứng đau quặn hạ sườn phải sau ăn nhiều mỡ, tự hết sau vài giờ, không có biểu hiện viêm (không sốt, thành túi mật mỏng) hay ứ mật là đặc trưng kinh điển của ""Cơn đau quặn mật"" (Biliary colic) do sỏi túi mật có triệu chứng. c.aspx?sourcedoc={186352b6-90cf-40c9-ba19-ae84e248ef20}&action=vi… 10/12"
noi-benh-ly-duong-mat-case-19-2,noi,Bệnh lý đường mật,Tiêu hoá,"Bệnh nhân nữ 42 tuổi, đến phòng khám ngoại tiêu hóa vì nhiều lần xuất hiện cơn đau quặn vùng hạ sườn phải, lan ra vai phải. Cơn đau thường xuất hiện khoảng 30-60 phút sau khi ăn bữa ăn nhiều mỡ, kéo dài 1-2 tiếng rồi tự hết. Bệnh nhân hoàn toàn không sốt, không vàng da. Giữa các cơn đau, bệnh nhân sinh hoạt bình thường. Khám lâm sàng hiện tại bụng mềm, không ấn đau. Xét nghiệm công thức máu, bilirubin, AST, ALT đều trong giới hạn bình thường. Siêu âm ổ bụng thấy túi mật kích thước bình thường, thành mỏng 2 mm, bên trong có vài sỏi di động kích thước 5-10 mm, ống mật chủ 4 mm.",Cơ chế sinh lý gây ra cơn đau sau bữa ăn nhiều chất béo là do sự bài tiết hormone nào?,Secretin từ ruột non.,Insulin từ tuyến tụy.,Gastrin từ dạ dày.,Cholecystokinin từ tá tràng.,,d,Bữa ăn chứa nhiều mỡ và protein khi xuống tá tràng sẽ kích thích tế bào biểu mô ruột tiết ra hormone Cholecystokinin (CCK). CCK đi vào máu kích thích túi mật co bóp tống mật xuống ruột để tiêu hóa mỡ.
noi-benh-ly-duong-mat-case-19-3,noi,Bệnh lý đường mật,Tiêu hoá,"Bệnh nhân nữ 42 tuổi, đến phòng khám ngoại tiêu hóa vì nhiều lần xuất hiện cơn đau quặn vùng hạ sườn phải, lan ra vai phải. Cơn đau thường xuất hiện khoảng 30-60 phút sau khi ăn bữa ăn nhiều mỡ, kéo dài 1-2 tiếng rồi tự hết. Bệnh nhân hoàn toàn không sốt, không vàng da. Giữa các cơn đau, bệnh nhân sinh hoạt bình thường. Khám lâm sàng hiện tại bụng mềm, không ấn đau. Xét nghiệm công thức máu, bilirubin, AST, ALT đều trong giới hạn bình thường. Siêu âm ổ bụng thấy túi mật kích thước bình thường, thành mỏng 2 mm, bên trong có vài sỏi di động kích thước 5-10 mm, ống mật chủ 4 mm.",Sinh lý bệnh của cơn đau ở bệnh nhân này chủ yếu do hiện tượng gì?,Thiếu máu cục bộ hoại tử thành túi mật.,Viêm nhiễm vi khuẩn sinh mủ trong dịch mật.,Túi mật co bóp chống lại ống cổ bị sỏi bít tắc tạm thời.,Sỏi làm xước niêm mạc tạo ổ loét chảy máu.,,c,"Khi túi mật co bóp do CCK, viên sỏi lọt vào và làm bít tắc tạm thời ống cổ túi mật. Túi mật phải co bóp mạnh hơn để tống mật qua chỗ hẹp, làm tăng áp lực đột ngột trong túi mật gây đau. Khi viên sỏi rơi trở lại lòng túi mật, cơn đau chấm dứt."
noi-benh-ly-duong-mat-case-19-4,noi,Bệnh lý đường mật,Tiêu hoá,"Bệnh nhân nữ 42 tuổi, đến phòng khám ngoại tiêu hóa vì nhiều lần xuất hiện cơn đau quặn vùng hạ sườn phải, lan ra vai phải. Cơn đau thường xuất hiện khoảng 30-60 phút sau khi ăn bữa ăn nhiều mỡ, kéo dài 1-2 tiếng rồi tự hết. Bệnh nhân hoàn toàn không sốt, không vàng da. Giữa các cơn đau, bệnh nhân sinh hoạt bình thường. Khám lâm sàng hiện tại bụng mềm, không ấn đau. Xét nghiệm công thức máu, bilirubin, AST, ALT đều trong giới hạn bình thường. Siêu âm ổ bụng thấy túi mật kích thước bình thường, thành mỏng 2 mm, bên trong có vài sỏi di động kích thước 5-10 mm, ống mật chủ 4 mm.",Chỉ định can thiệp tốt nhất để giải quyết dứt điểm triệu chứng cho bệnh nhân này là gì?,Phẫu thuật cắt túi mật nội soi chương trình.,Nội soi mật tụy ngược dòng lấy sỏi túi mật.,Dùng thuốc tán sỏi acid ursodeoxycholic kéo dài.,Tán sỏi túi mật ngoài cơ thể bằng sóng siêu âm.,,a,Sỏi túi mật có triệu chứng (đã gây ra cơn đau quặn mật) là chỉ định kinh điển của phẫu thuật cắt túi mật nội soi chương trình để giải quyết nguyên nhân và phòng ngừa biến chứng nặng. Các phương pháp tán sỏi/tan sỏi hiệu quả kém và dễ tái phát.
noi-benh-ly-duong-mat-case-19-5,noi,Bệnh lý đường mật,Tiêu hoá,"Bệnh nhân nữ 42 tuổi, đến phòng khám ngoại tiêu hóa vì nhiều lần xuất hiện cơn đau quặn vùng hạ sườn phải, lan ra vai phải. Cơn đau thường xuất hiện khoảng 30-60 phút sau khi ăn bữa ăn nhiều mỡ, kéo dài 1-2 tiếng rồi tự hết. Bệnh nhân hoàn toàn không sốt, không vàng da. Giữa các cơn đau, bệnh nhân sinh hoạt bình thường. Khám lâm sàng hiện tại bụng mềm, không ấn đau. Xét nghiệm công thức máu, bilirubin, AST, ALT đều trong giới hạn bình thường. Siêu âm ổ bụng thấy túi mật kích thước bình thường, thành mỏng 2 mm, bên trong có vài sỏi di động kích thước 5-10 mm, ống mật chủ 4 mm.","Nếu bệnh nhân từ chối phẫu thuật, nguy cơ diễn tiến y khoa nào là phổ biến nhất?",Ung thư biểu mô tế bào gan nguyên phát.,Loãng xương do rối loạn hấp thu canxi.,Tăng áp lực tĩnh mạch cửa gây xơ gan.,Viêm túi mật cấp hoặc viêm tụy cấp do sỏi.,,d,"Sỏi túi mật có triệu chứng nếu không được phẫu thuật cắt bỏ sẽ có nguy cơ cao diễn tiến thành các biến chứng cấp tính cơ học như viêm túi mật cấp (sỏi kẹt cổ túi mật không rớt lại), viêm đường mật hoặc viêm tụy cấp (sỏi rớt xuống ống mật chủ). Nguồn tham khảo: Hướng dẫn EASL về quản lý sỏi mật."
noi-benh-ly-duong-mat-case-20-1,noi,Bệnh lý đường mật,Tiêu hoá,"Bệnh nhân nam 28 tuổi, tiền sử hoàn toàn khỏe mạnh, đột ngột kêu la đau đớn vùng thượng vị dữ dội, đau từng cơn trồi sụt, bệnh nhân phải chổng mông (tư thế gối - ngực) hoặc ôm bụng lăn lộn trên giường để đỡ đau. Khám không có phản ứng thành bụng rõ rệt, không sốt, vàng mắt rất nhẹ. Cận lâm sàng: Bạch cầu 11 G/L, Eosinophil tăng cao 15%, AST 50 U/L, ALT 45 U/L, Bilirubin trực tiếp 35 μmol/L. Siêu âm ổ bụng: túi mật không sỏi, ống mật chủ giãn nhẹ 8 mm, bên trong ống mật chủ có hình ảnh cấu trúc tăng âm dạng dải ống song song (hình đường ray), di động.",Định hướng chẩn đoán chính xác nhất đối với biểu hiện lâm sàng và hình ảnh học này là gì?,Sỏi bùn ống mật chủ.,Nang ống mật chủ bẩm sinh.,Viêm tụy cấp thể phù nề.,Giun chui đường mật.,,d,"Bệnh cảnh đau bụng dữ dội cơn quặn, tư thế giảm đau đặc biệt (chổng mông), Eosinophil tăng, và dấu hiệu siêu âm kinh điển ""hình đường ray song song di động"" trong ống mật chủ là chẩn đoán xác định của bệnh lý Giun chui đường mật."
noi-benh-ly-duong-mat-case-20-2,noi,Bệnh lý đường mật,Tiêu hoá,"Bệnh nhân nam 28 tuổi, tiền sử hoàn toàn khỏe mạnh, đột ngột kêu la đau đớn vùng thượng vị dữ dội, đau từng cơn trồi sụt, bệnh nhân phải chổng mông (tư thế gối - ngực) hoặc ôm bụng lăn lộn trên giường để đỡ đau. Khám không có phản ứng thành bụng rõ rệt, không sốt, vàng mắt rất nhẹ. Cận lâm sàng: Bạch cầu 11 G/L, Eosinophil tăng cao 15%, AST 50 U/L, ALT 45 U/L, Bilirubin trực tiếp 35 μmol/L. Siêu âm ổ bụng: túi mật không sỏi, ống mật chủ giãn nhẹ 8 mm, bên trong ống mật chủ có hình ảnh cấu trúc tăng âm dạng dải ống song song (hình đường ray), di động.",Tư thế giảm đau đặc trưng (gối - ngực) của bệnh nhân phản ánh cơ chế nào?,Giảm sự căng kéo chèn ép cơ học ở vùng rốn gan.,Làm chùng khối cơ thẳng bụng đang co cứng.,Giảm áp lực trong ổ bụng lên rễ thần kinh mạc treo.,Ngăn cản sự co bóp của cơ hoành đè lên gan.,,a,"Khi giun chui qua bóng Vater vào đường mật gây co thắt mạnh cơ vòng. Tư thế chổng mông (gối - ngực) giúp nới lỏng góc tá tràng - đường mật, giảm bớt sự chèn ép cơ học và áp lực tại vùng rốn gan, từ đó giảm đau một phần."
noi-benh-ly-duong-mat-case-20-3,noi,Bệnh lý đường mật,Tiêu hoá,"Bệnh nhân nam 28 tuổi, tiền sử hoàn toàn khỏe mạnh, đột ngột kêu la đau đớn vùng thượng vị dữ dội, đau từng cơn trồi sụt, bệnh nhân phải chổng mông (tư thế gối - ngực) hoặc ôm bụng lăn lộn trên giường để đỡ đau. Khám không có phản ứng thành bụng rõ rệt, không sốt, vàng mắt rất nhẹ. Cận lâm sàng: Bạch cầu 11 G/L, Eosinophil tăng cao 15%, AST 50 U/L, ALT 45 U/L, Bilirubin trực tiếp 35 μmol/L. Siêu âm ổ bụng: túi mật không sỏi, ống mật chủ giãn nhẹ 8 mm, bên trong ống mật chủ có hình ảnh cấu trúc tăng âm dạng dải ống song song (hình đường ray), di động.",Cơ chế chính dẫn đến tình trạng này là sự di chuyển lạc chỗ của loại ký sinh trùng nào?,Giun đũa trưởng thành từ ruột non chui ngược lên.,Sán lá gan nhỏ nằm thường trú tại đường mật.,Sán lá gan lớn từ nhu mô gan xuyên ra ngoài.,Giun móc đâm xuyên niêm mạc ruột vào máu.,,a,"Nguyên nhân gây giun chui đường mật chủ yếu là do Giun đũa (Ascaris lumbricoides) trưởng thành sống ở ruột non non lạc chỗ, chui ngược dòng qua nhú Vater lên ống mật chủ (hoặc ống tụy) khi môi trường ruột thay đổi."
noi-benh-ly-duong-mat-case-20-4,noi,Bệnh lý đường mật,Tiêu hoá,"Bệnh nhân nam 28 tuổi, tiền sử hoàn toàn khỏe mạnh, đột ngột kêu la đau đớn vùng thượng vị dữ dội, đau từng cơn trồi sụt, bệnh nhân phải chổng mông (tư thế gối - ngực) hoặc ôm bụng lăn lộn trên giường để đỡ đau. Khám không có phản ứng thành bụng rõ rệt, không sốt, vàng mắt rất nhẹ. Cận lâm sàng: Bạch cầu 11 G/L, Eosinophil tăng cao 15%, AST 50 U/L, ALT 45 U/L, Bilirubin trực tiếp 35 μmol/L. Siêu âm ổ bụng: túi mật không sỏi, ống mật chủ giãn nhẹ 8 mm, bên trong ống mật chủ có hình ảnh cấu trúc tăng âm dạng dải ống song song (hình đường ray), di động.",Lựa chọn điều trị nội khoa ưu tiên trong giai đoạn cấp cứu khi giun vừa mới chui lên là gì?,Phẫu thuật mở ống mật chủ cấp cứu lấy giun.,Dùng thuốc tẩy giun ngay lập tức đường uống.,Thuốc giãn cơ trơn chống co thắt và giảm đau.,Kháng sinh liều cao diệt khuẩn phổ rộng.,,c,"Xử trí ban đầu quan trọng nhất là dùng thuốc chống co thắt cơ trơn (VD: Alverine, Drotaverine) và giảm đau tĩnh mạch. Việc này vừa làm giảm triệu chứng, vừa làm cơ vòng Oddi giãn ra, tạo cơ hội cho giun sống tự bò xuống lại tá tràng. Thuốc tẩy giun chỉ dùng sau khi đau đã giảm để tránh giun chết kẹt lại."
noi-benh-ly-duong-mat-case-20-5,noi,Bệnh lý đường mật,Tiêu hoá,"Bệnh nhân nam 28 tuổi, tiền sử hoàn toàn khỏe mạnh, đột ngột kêu la đau đớn vùng thượng vị dữ dội, đau từng cơn trồi sụt, bệnh nhân phải chổng mông (tư thế gối - ngực) hoặc ôm bụng lăn lộn trên giường để đỡ đau. Khám không có phản ứng thành bụng rõ rệt, không sốt, vàng mắt rất nhẹ. Cận lâm sàng: Bạch cầu 11 G/L, Eosinophil tăng cao 15%, AST 50 U/L, ALT 45 U/L, Bilirubin trực tiếp 35 μmol/L. Siêu âm ổ bụng: túi mật không sỏi, ống mật chủ giãn nhẹ 8 mm, bên trong ống mật chủ có hình ảnh cấu trúc tăng âm dạng dải ống song song (hình đường ray), di động.",Diễn biến nào dưới đây là biến chứng mạn tính thường gặp nếu tình trạng này lặp lại nhiều lần hoặc xác giun không tiêu được?,Loét hoại tử thủng tá tràng.,Hình thành sỏi sắc tố đường mật.,Xơ gan cổ trướng giai đoạn cuối.,Suy thận mạn tính do độc tố. https://onedrive.live.com/personal/2672550e42ddc7d4/_layouts/15/D,,b,Xác giun hoặc trứng giun sót lại trong đường mật sẽ trở thành dị vật làm nòng cốt (nidus). Sự kết tủa của canxi bilirubinate quanh xác giun sẽ dẫn đến hình thành sỏi sắc tố mật (đặc trưng của sỏi đường mật tiên phát ở các nước nhiệt đới). Nguồn tham khảo: Phác đồ bệnh học Nội khoa cơ sở. c.aspx?sourcedoc={186352b6-90cf-40c9-ba19-ae84e248ef20}&action=vi… 11/12
