id,subject,chapter,group,case_stem,question,option_a,option_b,option_c,option_d,option_e,correct_answer,explanation
noi-benh-ly-tuy-tang-mcq-001,noi,Một số bệnh lý tụy tạng,Tiêu hoá,,Tổn thương giải phẫu bệnh cơ bản và đặc trưng nhất của viêm tụy mạn là gì?,Phù nề nhu mô tụy cục bộ,Xơ hóa nhu mô tụy không hồi phục,Hoại tử mỡ quanh tụy,Tụ dịch quanh tụy,,b,"Viêm tụy mạn đặc trưng bởi sự xơ hóa tiến triển, phá hủy và mất vĩnh viễn chức năng ngoại tiết lẫn nội tiết. Nguồn: Bệnh học nội khoa YHN."
noi-benh-ly-tuy-tang-mcq-002,noi,Một số bệnh lý tụy tạng,Tiêu hoá,,Nguyên nhân hàng đầu gây viêm tụy cấp ở Việt Nam và nhiều nước trên thế giới là gì?,Tăng triglyceride máu,Lạm dụng rượu,Sỏi mật,Sau can thiệp ERCP,,c,"Sỏi mật là nguyên nhân phổ biến nhất (chiếm 35-40%), tiếp theo là rượu. Bẫy kinh điển: Sinh viên hay nhầm rượu là nguyên nhân số 1 của cả cấp và mạn. Nguồn: Bệnh học nội khoa YHN."
noi-benh-ly-tuy-tang-mcq-003,noi,Một số bệnh lý tụy tạng,Tiêu hoá,,Yếu tố nguy cơ nào sau đây là nguyên nhân thường gặp nhất gây viêm tụy mạn tính?,Hút thuốc lá,Đột biến gen,Tự miễn,Lạm dụng rượu,,d,Lạm dụng rượu kéo dài chiếm 70-80% các trường hợp viêm tụy mạn ở người trưởng thành. Nguồn: Bệnh học nội khoa YHN.
noi-benh-ly-tuy-tang-mcq-004,noi,Một số bệnh lý tụy tạng,Tiêu hoá,,Viêm tụy cấp do tăng triglyceride máu thường xảy ra khi nồng độ triglyceride trong máu vượt qua ngưỡng nào?,> 200 mg/dL,> 500 mg/dL,> 1000 mg/dL,> 2000 mg/dL,,c,"Ngưỡng > 1000 mg/dL (11,3 mmol/L) là mốc nguy cơ cao khởi phát viêm tụy cấp. Đây là bẫy mốc số liệu kinh điển cần nhớ. Nguồn: Guideline Hội Nội tiết (Endocrine Society)."
noi-benh-ly-tuy-tang-mcq-005,noi,Một số bệnh lý tụy tạng,Tiêu hoá,,Nhóm thuốc nào sau đây KHÔNG thuộc nhóm có nguy cơ cao gây viêm tụy cấp?,Azathioprine,Lợi tiểu Thiazide,Metformin,Acid valproic,,c,"Metformin không gây viêm tụy cấp. Azathioprine, Thiazide, Acid valproic là các thuốc điển hình trong danh sách tác dụng phụ hiếm gặp nhưng nguy hiểm gây viêm tụy."
noi-benh-ly-tuy-tang-mcq-006,noi,Một số bệnh lý tụy tạng,Tiêu hoá,,Khoảng bao nhiêu phần trăm bệnh nhân viêm tụy cấp sẽ diễn biến thành thể nặng (có hoại tử hoặc suy tạng)?,1-5%,15-20%,40-50%,70-80%,,b,"Đa số (80%) viêm tụy cấp là thể nhẹ tự giới hạn, khoảng 15-20% diễn biến nặng cần theo dõi sát tại hồi sức tích cực. Nguồn: Bệnh học nội khoa YHN."
noi-benh-ly-tuy-tang-mcq-007,noi,Một số bệnh lý tụy tạng,Tiêu hoá,,Sự kiện khởi phát then chốt trong cơ chế bệnh sinh của viêm tụy cấp là gì?,Vi khuẩn xâm nhập vào ống tụy,Hoạt hóa sớm trypsinogen thành trypsin trong nang tụy,Mật trào ngược vào dạ dày,Tăng áp lực tĩnh mạch cửa,,b,"Trypsinogen bị hoạt hóa sai vị trí ngay tại tế bào nang (thay vì ở tá tràng) sẽ kích hoạt chuỗi enzyme khác, tự tiêu hóa tuyến tụy. Đây là cơ chế cốt lõi phải nhớ."
noi-benh-ly-tuy-tang-mcq-008,noi,Một số bệnh lý tụy tạng,Tiêu hoá,,"Men tụy nào sau đây đóng vai trò như ""chiếc chìa khóa"" kích hoạt hàng loạt các zymogen khác trong viêm tụy cấp?",Lipase,Amylase,Trypsin,Elastase,,c,"Trypsin là men xúc tác hoạt hóa các tiền men (zymogen) khác như elastase, phospholipase, chymotrypsin, gây bùng phát phản ứng tự tiêu."
noi-benh-ly-tuy-tang-mcq-009,noi,Một số bệnh lý tụy tạng,Tiêu hoá,,Cơ chế chính gây tổn thương cấu trúc trong viêm tụy mạn do rượu là gì?,Rượu trực tiếp làm teo tế bào đảo tụy,Rượu gây co thắt cơ vòng Oddi liên tục,Tăng tiết protein tạo nút nhầy gây tắc nghẽn ống tụy,Phản ứng quá mẫn qua trung gian kháng thể,,c,"Rượu làm dịch tụy tăng nồng độ protein nhưng giảm dịch và bicarbonate, dẫn đến kết tủa tạo nút protein, canxi hóa và tắc nghẽn vi ống tụy."
noi-benh-ly-tuy-tang-mcq-010,noi,Một số bệnh lý tụy tạng,Tiêu hoá,,"Trong viêm tụy cấp, tổn thương phổi cấp (ARDS) chủ yếu do enzyme nào xâm nhập vào tuần hoàn phá hủy surfactant?",Phospholipase A2,Lipase,Amylase,Chymotrypsin,,a,"Phospholipase A2 phá hủy lớp phospholipid màng tế bào và surfactant ở phế nang, là cơ chế chính gây ARDS trong viêm tụy cấp nặng."
noi-benh-ly-tuy-tang-mcq-011,noi,Một số bệnh lý tụy tạng,Tiêu hoá,,Cơ chế chính gây tổn thương tụy trong tăng triglyceride máu là gì?,Triglyceride lắng đọng trực tiếp gây tắc ống tụy lớn,Enzyme tụy phân giải thành acid béo tự do gây độc tế bào nang tụy,Chylomicron kích hoạt phản ứng tự miễn,Làm tăng độ nhớt máu gây nhồi máu tụy diện rộng,,b,"Lipase tụy thủy phân triglyceride dư thừa thành các acid béo tự do độc tính cao, làm tổn thương vi mạch và tế bào nang tụy."
noi-benh-ly-tuy-tang-mcq-012,noi,Một số bệnh lý tụy tạng,Tiêu hoá,,Đột biến gen nào phổ biến nhất và được biết đến nhiều nhất trong bệnh cảnh viêm tụy di truyền?,CFTR,SPINK1,PRSS1,BRCA1,,c,"Đột biến PRSS1 (gen mã hóa cationic trypsinogen) làm trypsin mất khả năng tự bất hoạt, dẫn đến viêm tụy di truyền khởi phát sớm. Nguồn: Bệnh học nội khoa YHN."
noi-benh-ly-tuy-tang-mcq-013,noi,Một số bệnh lý tụy tạng,Tiêu hoá,,"Vì sao trong suy tụy ngoại tiết, biểu hiện kém hấp thu mỡ (tiêu chảy phân mỡ) thường xuất hiện sớm và rõ ràng hơn kém hấp thu protein?","Tụy chỉ sản xuất lipase, không sản xuất protease",Lipase tụy dễ bị phân hủy sinh học hơn và bài tiết ít hơn protease,Acid dạ dày bất hoạt hoàn toàn lipase từ sớm,Mỡ có trọng lượng phân tử lớn hơn protein,,b,"Sản lượng lipase tụy sinh lý thấp hơn protease và lipase dễ bị phá hủy bởi acid/protease khác hơn, nên dự trữ chức năng cạn kiệt nhanh hơn. Bẫy cơ chế lâm sàng hay gặp."
noi-benh-ly-tuy-tang-mcq-014,noi,Một số bệnh lý tụy tạng,Tiêu hoá,,"Cơ chế chính gây đau bụng mạn tính, dai dẳng ở bệnh nhân viêm tụy mạn là gì?",Viêm loét dạ dày kèm theo do giảm tiết bicarbonate,Tăng áp lực ống tụy và viêm quanh sợi thần kinh tụy,Sỏi mật di chuyển liên tục,Hội chứng Dumping do kém hấp thu,,b,Đau trong viêm tụy mạn chủ yếu do tăng áp lực ống tụy (do sỏi/chít hẹp) và thâm nhiễm viêm mạn tính ở các bó thần kinh tạng (neuropathy).
noi-benh-ly-tuy-tang-mcq-015,noi,Một số bệnh lý tụy tạng,Tiêu hoá,,Đặc điểm đau bụng điển hình nhất của khởi phát viêm tụy cấp là gì?,"Đau hố chậu phải âm ỉ, tăng dần","Đau thượng vị dữ dội, đột ngột, lan ra sau lưng",Đau quặn cơn từng đợt quanh rốn,Đau hạ sườn phải lan lên vai phải,,b,"Đau thượng vị lan sau lưng, dữ dội, liên tục là triệu chứng kinh điển. Phân biệt với đau quặn mật (lan vai phải) hay ruột thừa (hố chậu phải)."
noi-benh-ly-tuy-tang-mcq-016,noi,Một số bệnh lý tụy tạng,Tiêu hoá,,Tư thế giảm đau thường thấy ở bệnh nhân viêm tụy cấp là gì?,Nằm ngửa thẳng cẳng,"Nằm nghiêng trái, duỗi thẳng chân",Ngồi gập người về phía trước,Đứng thẳng tựa lưng vào tường,,c,"Tư thế cò súng (ngồi gập người ra trước) giúp giảm áp lực chèn ép của tạng lên vùng tụy nằm ở khoang sau phúc mạc, từ đó giảm đau."
noi-benh-ly-tuy-tang-mcq-017,noi,Một số bệnh lý tụy tạng,Tiêu hoá,,Dấu hiệu bầm tím xuất huyết quanh rốn trong viêm tụy cấp hoại tử nặng được gọi là gì?,Dấu hiệu Grey-Turner,Dấu hiệu Cullen,Dấu hiệu Murphy,Dấu hiệu Blumberg,,b,Cullen là bầm tím quanh rốn. Grey-Turner là bầm tím ở mạn sườn. Đây là bẫy kinh điển sinh viên cực kỳ dễ nhầm lẫn. Nguồn: Bệnh học nội khoa YHN.
noi-benh-ly-tuy-tang-mcq-018,noi,Một số bệnh lý tụy tạng,Tiêu hoá,,Nôn trong viêm tụy cấp có đặc điểm gì giúp phân biệt với đau do viêm dạ dày cấp?,Nôn ra máu tươi,Nôn ra phân,Nôn xong không đỡ đau,"Chỉ buồn nôn, không bao giờ nôn ra dịch",,c,"Bệnh nhân viêm tụy cấp thường nôn nhiều, nhưng nôn xong tình trạng đau thượng vị không hề giảm bớt, khác với viêm dạ dày nôn xong thường đỡ khó chịu."
noi-benh-ly-tuy-tang-mcq-019,noi,Một số bệnh lý tụy tạng,Tiêu hoá,,"Tam chứng kinh điển của viêm tụy mạn giai đoạn muộn bao gồm đái tháo đường, canxi hóa tụy và triệu chứng nào sau đây?",Cổ trướng,Phân mỡ,Vàng da từng đợt,Xuất huyết tiêu hóa,,b,Tam chứng: Canxi hóa tụy (X-quang) - Suy ngoại tiết (Phân mỡ/Steatorrhea) - Suy nội tiết (Đái tháo đường). Tuy nhiên trên lâm sàng hiếm khi gặp đủ cả 3 cùng lúc.
noi-benh-ly-tuy-tang-mcq-020,noi,Một số bệnh lý tụy tạng,Tiêu hoá,,"Bệnh nhân nam, 50 tuổi, có triệu chứng đi ngoài phân váng mỡ, mùi khẳm, khó dội nước. Triệu chứng này xuất hiện khi chức năng ngoại tiết của tụy suy giảm khoảng bao nhiêu phần trăm?",> 30%,> 50%,> 70%,> 90%,,d,Triệu chứng tiêu phân mỡ (steatorrhea) chỉ xuất hiện rõ trên lâm sàng khi lượng men lipase bài tiết giảm hơn 90% so với bình thường. Đây là bẫy mốc số liệu phải nhớ.
noi-benh-ly-tuy-tang-mcq-021,noi,Một số bệnh lý tụy tạng,Tiêu hoá,,Bệnh nhân viêm tụy mạn bị đái tháo đường (đái tháo đường tụy) có đặc điểm gì đặc thù so với đái tháo đường type 2 thông thường?,Kháng insulin rất nặng,Dễ bị biến chứng toan ceton hơn,Rất nhạy cảm với insulin và dễ bị hạ đường huyết,Không bao giờ tổn thương võng mạc,,c,"Do tụy mạn phá hủy cả tế bào Beta (tiết insulin) và Alpha (tiết glucagon), bệnh nhân không có glucagon đối kháng nên cực kỳ dễ hạ đường huyết khi tiêm insulin (brittle diabetes)."
noi-benh-ly-tuy-tang-mcq-022,noi,Một số bệnh lý tụy tạng,Tiêu hoá,,"Bệnh nhân nam 45 tuổi vào viện vì đau thượng vị dữ dội đột ngột, bụng cứng như gỗ, mất vùng đục trước gan. Chẩn đoán ưu tiên nghĩ đến là gì thay vì viêm tụy cấp?",Nhồi máu cơ tim thành dưới,Thủng tạng rỗng,Cơn đau quặn thận,Viêm túi mật cấp,,b,"Mất vùng đục trước gan và bụng cứng như gỗ là dấu hiệu kinh điển của tràn khí ổ bụng do thủng tạng rỗng, là chẩn đoán phân biệt quan trọng nhất với viêm tụy cấp."
noi-benh-ly-tuy-tang-mcq-023,noi,Một số bệnh lý tụy tạng,Tiêu hoá,,Biểu hiện vàng da ở bệnh nhân viêm tụy cấp thường gợi ý bệnh cảnh nào đi kèm?,Tụy tự tiêu hóa lan sang gan,Sỏi đường mật hoặc phù nề đầu tụy chèn ép ống mật chủ,Tán huyết do men tụy,Hội chứng gan thận,,b,"Vàng da tắc mật trong viêm tụy cấp thường do nguyên nhân gây bệnh là sỏi mật rớt xuống chèn ép, hoặc do chính khối tụy viêm nề chèn ép vào phần cuối ống mật chủ."
noi-benh-ly-tuy-tang-mcq-024,noi,Một số bệnh lý tụy tạng,Tiêu hoá,,"Trong viêm tụy cấp thể nặng, dấu hiệu Chvostek hoặc Trousseau dương tính trên lâm sàng gợi ý tình trạng rối loạn điện giải nào?",Tăng kali máu,Hạ natri máu,Hạ calci máu,Tăng magne máu,,c,"Hoại tử mỡ quanh tụy tiêu thụ một lượng lớn canxi (xà phòng hóa), dẫn đến hạ calci máu nặng, biểu hiện bằng tăng kích thích thần kinh cơ (dấu Chvostek/Trousseau)."
noi-benh-ly-tuy-tang-mcq-025,noi,Một số bệnh lý tụy tạng,Tiêu hoá,,"Biểu hiện đau không tỷ lệ thuận với dấu hiệu thực thể khi khám bụng (đau dữ dội nhưng bụng mềm, ít phản ứng) trong giai đoạn sớm cần chẩn đoán phân biệt viêm tụy cấp với bệnh lý nào?",Viêm dạ dày cấp,Nhồi máu mạc treo ruột,Viêm ruột thừa cấp,Viêm đại tràng co thắt,,b,"Nhồi máu mạc treo có triệu chứng kinh điển là ""đau bụng không tương xứng với triệu chứng thực thể"", dễ nhầm với viêm tụy cấp giai đoạn đầu."
noi-benh-ly-tuy-tang-mcq-026,noi,Một số bệnh lý tụy tạng,Tiêu hoá,,Biến chứng võng mạc Purtscher hiếm gặp trong viêm tụy cấp biểu hiện trên lâm sàng bằng triệu chứng gì?,Đỏ mắt và chảy nước mắt,Mù đột ngột hoặc giảm thị lực nghiêm trọng,Nhìn đôi,Rung giật nhãn cầu,,b,"Bệnh lý võng mạc Purtscher xảy ra do thuyên tắc vi mạch võng mạc (bởi các hạt mỡ/bổ thể hoạt hóa), dẫn đến giảm thị lực hoặc mù đột ngột. Nguồn: CURRENT Medical Diagnosis."
noi-benh-ly-tuy-tang-mcq-027,noi,Một số bệnh lý tụy tạng,Tiêu hoá,,"Theo tiêu chuẩn Atlanta sửa đổi (2012), chẩn đoán viêm tụy cấp cần thỏa mãn ít nhất bao nhiêu trong số 3 tiêu chuẩn (Đau bụng điển hình, Men tụy tăng, Hình ảnh học điển hình)?",1/3,2/3,3/3,Chỉ cần men tụy tăng,,b,"Chẩn đoán xác định khi có ≥ 2 trong 3 tiêu chuẩn. Nếu lâm sàng và men tụy đã thỏa mãn, KHÔNG bắt buộc phải chụp CT chẩn đoán ngay. Nguồn: Guideline Atlanta 2012."
noi-benh-ly-tuy-tang-mcq-028,noi,Một số bệnh lý tụy tạng,Tiêu hoá,,"Men tụy nào có độ nhạy và độ đặc hiệu cao hơn, đồng thời tồn tại trong máu lâu hơn để chẩn đoán viêm tụy cấp ở người đến viện muộn?",Amylase,Lipase,Trypsinogen,AST,,b,"Lipase đặc hiệu cho tụy hơn (Amylase có thể từ tuyến nước bọt, ruột) và thời gian bán hủy dài hơn, có thể tăng kéo dài 8-14 ngày, hữu ích khi bệnh nhân đến muộn."
noi-benh-ly-tuy-tang-mcq-029,noi,Một số bệnh lý tụy tạng,Tiêu hoá,,Ngưỡng chẩn đoán xác định viêm tụy cấp đối với nồng độ men Amylase hoặc Lipase huyết thanh là bao nhiêu?,Lớn hơn giới hạn trên của mức bình thường,Tăng > 2 lần giới hạn trên bình thường,Tăng > 3 lần giới hạn trên bình thường,Tăng > 5 lần giới hạn trên bình thường,,c,Tiêu chuẩn Atlanta quy định men tụy (Amylase/Lipase) phải tăng lớn hơn 3 lần giới hạn trên của mức bình thường. Bẫy mốc chẩn đoán rất hay gặp trong thi cử.
noi-benh-ly-tuy-tang-mcq-030,noi,Một số bệnh lý tụy tạng,Tiêu hoá,,Thời điểm TỐI ƯU nhất để chụp cắt lớp vi tính (CT) có tiêm thuốc cản quang đánh giá chính xác mức độ hoại tử tụy là khi nào?,Ngay lúc nhập viện (giờ thứ 1),Sau 12 - 24 giờ,Từ 48 - 72 giờ sau khi khởi phát,Sau 1 tuần,,c,Hoại tử tụy cần thời gian để tiến triển rõ ràng trên hình ảnh. Chụp CT quá sớm (trước 48h) có thể đánh giá thấp mức độ nghiêm trọng của bệnh.
noi-benh-ly-tuy-tang-mcq-031,noi,Một số bệnh lý tụy tạng,Tiêu hoá,,Hạn chế lớn nhất của siêu âm ổ bụng trong chẩn đoán viêm tụy cấp là gì?,Không đánh giá được sỏi túi mật,Tia xạ ảnh hưởng đến bệnh nhân,Thường bị che khuất bởi hơi trong dạ dày và ruột bị liệt,Chi phí cao và khó tiếp cận,,c,"Trong viêm tụy cấp thường kèm liệt ruột, hơi tích tụ trong dạ dày và đại tràng ngang làm sóng siêu âm bị dội lại, khiến việc quan sát nhu mô tụy gặp khó khăn (đến 25-30% trường hợp)."
noi-benh-ly-tuy-tang-mcq-032,noi,Một số bệnh lý tụy tạng,Tiêu hoá,,Phương pháp chẩn đoán hình ảnh nào nhạy nhất để phát hiện các thay đổi cấu trúc rất sớm của ống tụy và nhu mô trong viêm tụy mạn?,Siêu âm ổ bụng qua thành bụng,X-quang bụng không chuẩn bị,Siêu âm nội soi (EUS),Chụp PET/CT,,c,"EUS (Siêu âm nội soi) đưa đầu dò vào sát tá tràng/dạ dày, tránh được hơi ống tiêu hóa, có độ phân giải cực cao, là tiêu chuẩn vàng để chẩn đoán sớm viêm tụy mạn."
noi-benh-ly-tuy-tang-mcq-033,noi,Một số bệnh lý tụy tạng,Tiêu hoá,,Xét nghiệm không xâm lấn nào sau đây được sử dụng phổ biến nhất để đánh giá tình trạng suy tụy ngoại tiết?,Định lượng Amylase máu,Xét nghiệm Elastase-1 trong phân,Xét nghiệm cặn dư phân (Sudan III),Sinh thiết tụy,,b,Elastase-1 phân < 200 µg/g phản ánh tình trạng suy giảm bài tiết enzyme tụy. Nó ít bị ảnh hưởng bởi enzyme thay thế đường uống so với chymotrypsin.
noi-benh-ly-tuy-tang-mcq-034,noi,Một số bệnh lý tụy tạng,Tiêu hoá,,Chỉ số xét nghiệm nào sau đây tại thời điểm 48 giờ có giá trị tiên lượng viêm tụy cấp diễn biến nặng?,CRP > 150 mg/L,Amylase > 1000 U/L,Bạch cầu > 10 G/L,Tiểu cầu < 150 G/L,,a,Nồng độ CRP huyết thanh > 150 mg/L ở thời điểm 48h là một dấu hiệu tiên lượng độc lập kinh điển dự báo hoại tử tụy và viêm tụy cấp thể nặng. Nguồn: Bệnh học nội khoa YHN.
noi-benh-ly-tuy-tang-mcq-035,noi,Một số bệnh lý tụy tạng,Tiêu hoá,,Chỉ số Hematocrit (Hct) lúc nhập viện và trong 24h đầu tăng cao (VD: > 44%) phản ánh tình trạng sinh lý bệnh nào trong viêm tụy cấp?,Tăng sinh tủy xương phản ứng,Suy thận cấp,Thoát dịch vào khoang thứ ba gây cô đặc máu,Chảy máu trong ổ bụng,,c,"Viêm tụy cấp gây giãn mạch, tăng tính thấm mao mạch, dịch thoát ra mô kẽ (khoang thứ ba) dẫn đến giảm thể tích tuần hoàn và cô đặc máu (tăng Hct). Việc Hct không giảm sau bù dịch là tiên lượng xấu."
noi-benh-ly-tuy-tang-mcq-036,noi,Một số bệnh lý tụy tạng,Tiêu hoá,,"Theo phân loại Balthazar trên CT bụng, mức độ nào chỉ ra có từ 2 ổ tụ dịch quanh tụy trở lên hoặc có khí trong hoặc ngoài tụy?",Balthazar B,Balthazar C,Balthazar D,Balthazar E,,d,"Phân loại Balthazar: A (bình thường), B (tụy to), C (viêm quanh tụy), D (1 ổ tụ dịch), E (≥ 2 ổ tụ dịch hoặc có khí). Bẫy phân độ hình ảnh kinh điển."
noi-benh-ly-tuy-tang-mcq-037,noi,Một số bệnh lý tụy tạng,Tiêu hoá,,Can thiệp điều trị nào quan trọng nhất trong 12 - 24 giờ đầu để giảm tỷ lệ tử vong ở bệnh nhân viêm tụy cấp?,Dùng kháng sinh phổ rộng ngay lập tức,Phẫu thuật cắt tụy,Bù dịch tĩnh mạch tích cực (hồi sức dịch),Cho nhịn ăn tuyệt đối 5 ngày,,c,"Hồi sức dịch tích cực sớm là nền tảng để duy trì tưới máu vi tuần hoàn tụy, ngăn ngừa hoại tử. Bù dịch là điều trị quan trọng nhất. Nguồn: Guideline Hội Tiêu hóa Hoa Kỳ (ACG)."
noi-benh-ly-tuy-tang-mcq-038,noi,Một số bệnh lý tụy tạng,Tiêu hoá,,Loại dịch truyền tĩnh mạch nào hiện nay được ưu tiên khuyến cáo trong hồi sức ban đầu viêm tụy cấp (nếu không có chống chỉ định)?,NaCl 0.9%,Ringer Lactate,Glucose 5%,Albumin 20%,,b,Ringer Lactate được chứng minh làm giảm đáp ứng viêm toàn thân (giảm SIRS) tốt hơn nước muối sinh lý do tránh được toan chuyển hóa tăng clo máu.
noi-benh-ly-tuy-tang-mcq-039,noi,Một số bệnh lý tụy tạng,Tiêu hoá,,Chỉ định bắt đầu cho ăn lại bằng đường miệng ở bệnh nhân viêm tụy cấp thể nhẹ là khi nào?,Bắt buộc sau khi men Amylase về bình thường hoàn toàn,"Khi bệnh nhân cảm thấy đói, giảm đau bụng và hết buồn nôn/nôn",Đợi đủ 72 giờ nhịn ăn,Sau khi siêu âm hết hình ảnh phù nề tụy,,b,Không cần đợi men tụy hay hình ảnh học về bình thường. Chế độ ăn sớm (đường miệng) được bắt đầu ngay khi bệnh nhân hết buồn nôn và giảm đau bụng rõ rệt.
noi-benh-ly-tuy-tang-mcq-040,noi,Một số bệnh lý tụy tạng,Tiêu hoá,,Khuyến cáo về dinh dưỡng đối với bệnh nhân viêm tụy cấp thể nặng không thể tự ăn đường miệng là gì?,Nuôi dưỡng tĩnh mạch hoàn toàn (TPN) càng sớm càng tốt,Nuôi dưỡng qua ống thông đường tiêu hóa (enteral nutrition) ưu tiên hơn tĩnh mạch,Nhịn ăn kéo dài cho đến khi hết hoại tử tụy,Truyền lipid tĩnh mạch liều cao,,b,"Nuôi ăn đường ruột (qua sonde dạ dày/hỗng tràng) giúp bảo vệ hàng rào niêm mạc ruột, ngăn vi khuẩn di cư (translocation), từ đó giảm biến chứng hoại tử nhiễm trùng tốt hơn nuôi tĩnh mạch."
noi-benh-ly-tuy-tang-mcq-041,noi,Một số bệnh lý tụy tạng,Tiêu hoá,,Quan điểm chuẩn mực hiện tại về sử dụng kháng sinh dự phòng trong viêm tụy cấp hoại tử vô khuẩn là gì?,Dùng Imipenem thường quy cho mọi ca hoại tử,Dùng kháng sinh đường uống dự phòng nấm,Không khuyến cáo sử dụng kháng sinh dự phòng thường quy,Chỉ dùng Ciprofloxacin tiêm tĩnh mạch,,c,"Các guideline hiện tại (ACG, AGA) KHÔNG khuyến cáo dùng kháng sinh dự phòng để ngăn chặn nhiễm trùng mô hoại tử. Chỉ dùng khi có bằng chứng nhiễm trùng thực sự hoặc viêm đường mật kèm theo."
noi-benh-ly-tuy-tang-mcq-042,noi,Một số bệnh lý tụy tạng,Tiêu hoá,,Biện pháp điều trị đặc hiệu nào sau đây được ưu tiên áp dụng cho bệnh nhân viêm tụy cấp do tăng Triglyceride máu mức độ nặng?,Lọc huyết tương (Plasmapheresis) hoặc truyền tĩnh mạch Insulin liên tục,Dùng thuốc Fibrate liều cao đường uống,Mổ cấp cứu dẫn lưu mỡ ổ bụng,Chỉ truyền Ringer Lactate đơn thuần,,a,"Insulin tĩnh mạch thúc đẩy enzyme lipoprotein lipase hoạt động, phá vỡ nhanh triglyceride. Lọc huyết tương giúp loại bỏ trực tiếp TG ra khỏi máu. Dùng fibrate đường uống tác dụng quá chậm."
noi-benh-ly-tuy-tang-mcq-043,noi,Một số bệnh lý tụy tạng,Tiêu hoá,,Mục tiêu chính yếu của liệu pháp thay thế enzyme tụy (PERT) ở bệnh nhân viêm tụy mạn là gì?,Giảm kích thước nang giả tụy,Chữa khỏi xơ hóa tụy,"Cải thiện tiêu hóa, giảm phân mỡ và sụt cân",Phòng ngừa ung thư tụy,,c,"PERT cung cấp ngoại sinh các enzyme bị thiếu hụt, giúp bệnh nhân tiêu hóa được mỡ và protein, giải quyết tình trạng suy mòn và phân mỡ. Nguồn: CURRENT Medical Diagnosis."
noi-benh-ly-tuy-tang-mcq-044,noi,Một số bệnh lý tụy tạng,Tiêu hoá,,Cách sử dụng thuốc men tụy thay thế (PERT) đúng nhất để đạt hiệu quả tối ưu là?,"Uống lúc bụng đói, cách xa bữa ăn 2 giờ",Uống ngay trước khi đi ngủ,Uống ngay trong bữa ăn hoặc ngay sau khi ăn,Nghiền nát viên thuốc bọc nát ra rồi pha với nước nóng,,c,Enzyme tụy phải được trộn lẫn với thức ăn trong dạ dày để cùng đi xuống tá tràng thực hiện chức năng tiêu hóa. Tuyệt đối không nghiền viên bao tan trong ruột.
noi-benh-ly-tuy-tang-mcq-045,noi,Một số bệnh lý tụy tạng,Tiêu hoá,,Bệnh nhân viêm tụy cấp do sỏi mật có chỉ định làm nội soi mật tụy ngược dòng (ERCP) cấp cứu (trong vòng 24 giờ) khi nào?,Luôn luôn có chỉ định ERCP cấp cứu cho mọi ca do sỏi mật,Có kèm theo viêm đường mật cấp hoặc tắc nghẽn đường mật dai dẳng,Khi men Lipase tăng > 10 lần,Bệnh nhân có tiền sử mổ dạ dày,,b,"Chỉ định ERCP cấp cứu rất chặt chẽ: chỉ làm khi có bằng chứng viêm đường mật (sốt, vàng da) hoặc tắc mật không cải thiện. Nếu không có tắc/viêm mật, chỉ mổ cắt túi mật chương trình."
noi-benh-ly-tuy-tang-mcq-046,noi,Một số bệnh lý tụy tạng,Tiêu hoá,,"Chiến lược ngoại khoa ""Step-up approach"" (Tiếp cận từng bước) trong điều trị hoại tử tụy nhiễm trùng ưu tiên hành động nào đầu tiên?",Mổ mở bụng ngay lập tức để lấy hoại tử,Cắt toàn bộ tụy,Dẫn lưu hoại tử bằng catheter qua da hoặc qua nội soi dạ dày trước,Bơm rửa ổ bụng liên tục bằng kháng sinh,,c,"Tiếp cận ""Step-up"" bắt đầu bằng các phương pháp ít xâm lấn (dẫn lưu qua da/xuyên dạ dày). Nếu không đáp ứng mới tiến tới phẫu thuật nội soi hoặc mổ mở (necrosectomy). Giúp giảm tỷ lệ tử vong đáng kể."
noi-benh-ly-tuy-tang-mcq-047,noi,Một số bệnh lý tụy tạng,Tiêu hoá,,"Biến chứng tại chỗ phổ biến nhất, thường hình thành sớm trong vòng 4 tuần đầu của viêm tụy cấp thể phù nề là gì?",Nang giả tụy (Pseudocyst),Hoại tử thành vách (WON),Tụ dịch quanh tụy cấp tính (APFC),Rò tụy ruột,,c,"Trong < 4 tuần đầu, thể phù nề chỉ gây ""Tụ dịch quanh tụy cấp tính"" (không có vỏ rõ ràng). Khái niệm phân biệt mốc 4 tuần rất hay bị hỏi thi. Nguồn: Phân loại Atlanta 2012."
noi-benh-ly-tuy-tang-mcq-048,noi,Một số bệnh lý tụy tạng,Tiêu hoá,,Tiêu chuẩn hình ảnh học nào sau đây là yếu tố quyết định để chẩn đoán Nang giả tụy (Pseudocyst) khác biệt với Tụ dịch quanh tụy cấp tính?,Có chứa máu bên trong,Hình thành một vỏ bao xơ rõ ràng (thường mất > 4 tuần),Luôn nằm ở đầu tụy,Kích thước phải > 10 cm,,b,Nang giả tụy hình thành vỏ xơ (không có lớp biểu mô lót) cần thời gian ít nhất 4 tuần kể từ lúc viêm tụy. Trước 4 tuần nó chỉ là khối tụ dịch cấp.
noi-benh-ly-tuy-tang-mcq-049,noi,Một số bệnh lý tụy tạng,Tiêu hoá,,Nguyên nhân tử vong hàng đầu trong GIAI ĐOẠN SỚM (1-2 tuần đầu) của viêm tụy cấp thể nặng là gì?,Hoại tử nhiễm trùng,Hội chứng đáp ứng viêm hệ thống (SIRS) và suy đa tạng,Chảy máu từ giả phình động mạch,Tắc ruột do thắt dây chằng,,b,"Giai đoạn sớm, giải phóng massive cytokine gây SIRS, ARDS, suy thận. Giai đoạn muộn (> 2 tuần) tử vong mới do hoại tử nhiễm trùng và sepsis. Đây là bẫy tiên lượng kinh điển."
noi-benh-ly-tuy-tang-mcq-050,noi,Một số bệnh lý tụy tạng,Tiêu hoá,,"Biến chứng mạch máu nguy hiểm nhất, có nguy cơ gây đột tử do chảy máu ồ ạt trong viêm tụy hoại tử mạn tính hoặc sau viêm tụy cấp là gì?",Huyết khối tĩnh mạch lách,Giả phình động mạch (đặc biệt là động mạch vị tá tràng hoặc động mạch lách),Tăng áp lực tĩnh mạch cửa,Phình động mạch chủ bụng dưới thận,,b,"Men tụy ăn mòn thành các động mạch lân cận tạo thành giả phình (pseudoaneurysm). Khi vỡ gây chảy máu ồ ạt vào ống tiêu hóa hoặc ổ bụng, tỷ lệ tử vong rất cao."
noi-benh-ly-tuy-tang-case-1-1,noi,Một số bệnh lý tụy tạng,Tiêu hoá,"Bệnh nhân nam 45 tuổi, giám đốc kinh doanh, vào viện cấp cứu vì đau bụng dữ dội. Bệnh khởi phát đột ngột cách đây 6 giờ sau một bữa tiệc thịnh soạn có uống nhiều rượu. Bệnh nhân mô tả cơn đau như dao đâm ở vùng thượng vị, đau liên tục, lan ra sau lưng, và giảm nhẹ khi ngồi gập người ra trước. Bệnh nhân nôn nhiều lần ra dịch dạ dày, không sốt. Tiền sử uống nhiều rượu bia thường xuyên (trên 10 năm), không có tiền sử bệnh lý sỏi mật hay rối loạn lipid máu. Khám toàn thân bệnh nhân tỉnh, vẻ mặt đau đớn, vã mồ hôi, sinh hiệu: mạch 110 lần/phút, huyết áp 100/60 mmHg, nhịp thở 24 lần/phút, nhiệt độ 37.5°C, SpO₂ 97% khí trời, BMI 26 kg/m². Khám bụng thấy chướng nhẹ, mềm, ấn đau chói và có phản ứng thành bụng ở vùng thượng vị, không sờ thấy khối u hay cầu bàng quang, nhu động ruột giảm. Khám tim phổi và các cơ quan khác chưa phát hiện bất thường. Cận lâm sàng ghi nhận: Bạch cầu 16.5 G/L (neutrophil 85%); Amylase máu 1200 U/L, Lipase máu 1500 U/L (đều > 3 lần giới hạn trên của bình thường); Triglyceride máu 1.8 mmol/L; Calci máu 2.2 mmol/L; Glucose máu 10.2 mmol/L; CRP 50 mg/L. Siêu âm bụng cho thấy tụy tăng kích thước, giảm âm, có ít dịch quanh tụy.",Chẩn đoán phù hợp nhất với bệnh nhân này là gì?,Viêm túi mật cấp.,Viêm tụy cấp do rượu.,Nhồi máu cơ tim cấp thành dưới.,Thủng ổ loét dạ dày-tá tràng.,,b,"Bệnh cảnh lâm sàng (đau bụng thượng vị dữ dội, lan sau lưng sau bữa ăn thịnh soạn và uống rượu) cùng với xét nghiệm men tụy (Amylase, Lipase) tăng rất cao là rất điển hình cho viêm tụy cấp. Tiền sử uống rượu nhiều là yếu tố nguyên nhân rõ ràng."
noi-benh-ly-tuy-tang-case-1-2,noi,Một số bệnh lý tụy tạng,Tiêu hoá,"Bệnh nhân nam 45 tuổi, giám đốc kinh doanh, vào viện cấp cứu vì đau bụng dữ dội. Bệnh khởi phát đột ngột cách đây 6 giờ sau một bữa tiệc thịnh soạn có uống nhiều rượu. Bệnh nhân mô tả cơn đau như dao đâm ở vùng thượng vị, đau liên tục, lan ra sau lưng, và giảm nhẹ khi ngồi gập người ra trước. Bệnh nhân nôn nhiều lần ra dịch dạ dày, không sốt. Tiền sử uống nhiều rượu bia thường xuyên (trên 10 năm), không có tiền sử bệnh lý sỏi mật hay rối loạn lipid máu. Khám toàn thân bệnh nhân tỉnh, vẻ mặt đau đớn, vã mồ hôi, sinh hiệu: mạch 110 lần/phút, huyết áp 100/60 mmHg, nhịp thở 24 lần/phút, nhiệt độ 37.5°C, SpO₂ 97% khí trời, BMI 26 kg/m². Khám bụng thấy chướng nhẹ, mềm, ấn đau chói và có phản ứng thành bụng ở vùng thượng vị, không sờ thấy khối u hay cầu bàng quang, nhu động ruột giảm. Khám tim phổi và các cơ quan khác chưa phát hiện bất thường. Cận lâm sàng ghi nhận: Bạch cầu 16.5 G/L (neutrophil 85%); Amylase máu 1200 U/L, Lipase máu 1500 U/L (đều > 3 lần giới hạn trên của bình thường); Triglyceride máu 1.8 mmol/L; Calci máu 2.2 mmol/L; Glucose máu 10.2 mmol/L; CRP 50 mg/L. Siêu âm bụng cho thấy tụy tăng kích thước, giảm âm, có ít dịch quanh tụy.",Cơ chế bệnh sinh chính gây ra viêm tụy cấp trong trường hợp này là gì?,Một phản ứng tự miễn dịch chống lại các tế bào ống tụy.,Sỏi mật nhỏ di chuyển xuống làm tắc nghẽn tạm thời bóng Vater.,"Rượu và các chất chuyển hóa của nó gây độc trực tiếp cho tế bào nang tụy, dẫn đến hoạt hóa sớm các men tụy bên trong tế bào.",Nồng độ Triglyceride tăng cao gây tổn thương vi mạch tụy.,,c,"Rượu và các chất chuyển hóa của nó như acetaldehyde có thể gây tổn thương trực tiếp màng tế bào nang tụy và lysosome. Điều này làm cho các proenzyme (dạng tiền chất, không hoạt động) như trypsinogen bị hoạt hóa sớm thành trypsin ngay bên trong tế bào tụy. Trypsin sau đó sẽ hoạt hóa hàng loạt các men tụy khác, khởi động quá trình tự tiêu hủy nhu mô tụy và gây ra một chuỗi phản ứng viêm."
noi-benh-ly-tuy-tang-case-1-3,noi,Một số bệnh lý tụy tạng,Tiêu hoá,"Bệnh nhân nam 45 tuổi, giám đốc kinh doanh, vào viện cấp cứu vì đau bụng dữ dội. Bệnh khởi phát đột ngột cách đây 6 giờ sau một bữa tiệc thịnh soạn có uống nhiều rượu. Bệnh nhân mô tả cơn đau như dao đâm ở vùng thượng vị, đau liên tục, lan ra sau lưng, và giảm nhẹ khi ngồi gập người ra trước. Bệnh nhân nôn nhiều lần ra dịch dạ dày, không sốt. Tiền sử uống nhiều rượu bia thường xuyên (trên 10 năm), không có tiền sử bệnh lý sỏi mật hay rối loạn lipid máu. Khám toàn thân bệnh nhân tỉnh, vẻ mặt đau đớn, vã mồ hôi, sinh hiệu: mạch 110 lần/phút, huyết áp 100/60 mmHg, nhịp thở 24 lần/phút, nhiệt độ 37.5°C, SpO₂ 97% khí trời, BMI 26 kg/m². Khám bụng thấy chướng nhẹ, mềm, ấn đau chói và có phản ứng thành bụng ở vùng thượng vị, không sờ thấy khối u hay cầu bàng quang, nhu động ruột giảm. Khám tim phổi và các cơ quan khác chưa phát hiện bất thường. Cận lâm sàng ghi nhận: Bạch cầu 16.5 G/L (neutrophil 85%); Amylase máu 1200 U/L, Lipase máu 1500 U/L (đều > 3 lần giới hạn trên của bình thường); Triglyceride máu 1.8 mmol/L; Calci máu 2.2 mmol/L; Glucose máu 10.2 mmol/L; CRP 50 mg/L. Siêu âm bụng cho thấy tụy tăng kích thước, giảm âm, có ít dịch quanh tụy.","Theo tiêu chuẩn chẩn đoán Atlanta sửa đổi, bệnh nhân này đã đủ tiêu chuẩn chẩn đoán xác định viêm tụy cấp chưa?","Chưa, cần phải có CT scan bụng có cản quang.","Rồi, vì có 2 trong 3 tiêu chuẩn (đau bụng kiểu tụy và men tụy > 3 lần bình thường).","Chưa, cần phải có CRP > 150 mg/L.","Rồi, nhưng chỉ khi có thêm dấu hiệu Cullen hoặc Grey-Turner.",,b,"Tiêu chuẩn chẩn đoán viêm tụy cấp Atlanta 2012 yêu cầu có ít nhất 2 trong 3 tiêu chuẩn sau: (1) Đau bụng kiểu tụy cấp; (2) Amylase và/hoặc Lipase máu ≥ 3 lần giới hạn trên của bình thường; (3) Có hình ảnh viêm tụy cấp trên chẩn đoán hình ảnh (CT, MRI, siêu âm). Bệnh nhân này đã thỏa mãn tiêu chuẩn 1 và 2, do đó chẩn đoán đã được xác định."
noi-benh-ly-tuy-tang-case-1-4,noi,Một số bệnh lý tụy tạng,Tiêu hoá,"Bệnh nhân nam 45 tuổi, giám đốc kinh doanh, vào viện cấp cứu vì đau bụng dữ dội. Bệnh khởi phát đột ngột cách đây 6 giờ sau một bữa tiệc thịnh soạn có uống nhiều rượu. Bệnh nhân mô tả cơn đau như dao đâm ở vùng thượng vị, đau liên tục, lan ra sau lưng, và giảm nhẹ khi ngồi gập người ra trước. Bệnh nhân nôn nhiều lần ra dịch dạ dày, không sốt. Tiền sử uống nhiều rượu bia thường xuyên (trên 10 năm), không có tiền sử bệnh lý sỏi mật hay rối loạn lipid máu. Khám toàn thân bệnh nhân tỉnh, vẻ mặt đau đớn, vã mồ hôi, sinh hiệu: mạch 110 lần/phút, huyết áp 100/60 mmHg, nhịp thở 24 lần/phút, nhiệt độ 37.5°C, SpO₂ 97% khí trời, BMI 26 kg/m². Khám bụng thấy chướng nhẹ, mềm, ấn đau chói và có phản ứng thành bụng ở vùng thượng vị, không sờ thấy khối u hay cầu bàng quang, nhu động ruột giảm. Khám tim phổi và các cơ quan khác chưa phát hiện bất thường. Cận lâm sàng ghi nhận: Bạch cầu 16.5 G/L (neutrophil 85%); Amylase máu 1200 U/L, Lipase máu 1500 U/L (đều > 3 lần giới hạn trên của bình thường); Triglyceride máu 1.8 mmol/L; Calci máu 2.2 mmol/L; Glucose máu 10.2 mmol/L; CRP 50 mg/L. Siêu âm bụng cho thấy tụy tăng kích thước, giảm âm, có ít dịch quanh tụy.",Can thiệp nào là quan trọng nhất trong xử trí ban đầu cho bệnh nhân này?,Hồi sức dịch tích cực bằng dung dịch tinh thể đường tĩnh mạch.,Dùng kháng sinh phổ rộng ngay lập tức.,Dùng thuốc giảm đau nhóm opioid liều cao.,Đặt sonde dạ dày để hút dịch.,,a,"Hồi sức dịch tích cực, sớm và đủ liều (thường là 5-10 mL/kg/giờ) bằng dung dịch tinh thể (như Ringer Lactate) là nền tảng của điều trị viêm tụy cấp. Việc này giúp duy trì tưới máu cho tụy, hạn chế hoại tử, và ngăn ngừa các biến chứng toàn thân như suy thận cấp và sốc."
noi-benh-ly-tuy-tang-case-1-5,noi,Một số bệnh lý tụy tạng,Tiêu hoá,"Bệnh nhân nam 45 tuổi, giám đốc kinh doanh, vào viện cấp cứu vì đau bụng dữ dội. Bệnh khởi phát đột ngột cách đây 6 giờ sau một bữa tiệc thịnh soạn có uống nhiều rượu. Bệnh nhân mô tả cơn đau như dao đâm ở vùng thượng vị, đau liên tục, lan ra sau lưng, và giảm nhẹ khi ngồi gập người ra trước. Bệnh nhân nôn nhiều lần ra dịch dạ dày, không sốt. Tiền sử uống nhiều rượu bia thường xuyên (trên 10 năm), không có tiền sử bệnh lý sỏi mật hay rối loạn lipid máu. Khám toàn thân bệnh nhân tỉnh, vẻ mặt đau đớn, vã mồ hôi, sinh hiệu: mạch 110 lần/phút, huyết áp 100/60 mmHg, nhịp thở 24 lần/phút, nhiệt độ 37.5°C, SpO₂ 97% khí trời, BMI 26 kg/m². Khám bụng thấy chướng nhẹ, mềm, ấn đau chói và có phản ứng thành bụng ở vùng thượng vị, không sờ thấy khối u hay cầu bàng quang, nhu động ruột giảm. Khám tim phổi và các cơ quan khác chưa phát hiện bất thường. Cận lâm sàng ghi nhận: Bạch cầu 16.5 G/L (neutrophil 85%); Amylase máu 1200 U/L, Lipase máu 1500 U/L (đều > 3 lần giới hạn trên của bình thường); Triglyceride máu 1.8 mmol/L; Calci máu 2.2 mmol/L; Glucose máu 10.2 mmol/L; CRP 50 mg/L. Siêu âm bụng cho thấy tụy tăng kích thước, giảm âm, có ít dịch quanh tụy.",Yếu tố nào sau đây là một trong những chỉ điểm tiên lượng nặng của viêm tụy cấp theo tiêu chuẩn Ranson khi nhập viện?,Uống rượu.,Nôn nhiều.,Tuổi > 55.,Lipase máu > 3 lần bình thường.,,c,"Thang điểm Ranson là một hệ thống tiên lượng kinh điển. Các yếu tố được đánh giá tại thời điểm nhập viện bao gồm: Tuổi > 55, Bạch cầu > 16 G/L, Glucose máu > 11.1 mmol/L (200 mg/dL), AST > 250 U/L, và LDH > 350 U/L. Bệnh nhân này chỉ có 1 yếu tố là tuổi."
noi-benh-ly-tuy-tang-case-2-1,noi,Một số bệnh lý tụy tạng,Tiêu hoá,"Bệnh nhân nữ 52 tuổi, thể trạng béo (BMI 30 kg/m²), vào viện vì đau bụng thượng vị. Bệnh khởi phát sau bữa ăn tối nhiều dầu mỡ, với cơn đau quặn dữ dội vùng thượng vị và hạ sườn phải, lan lên vai phải, kèm theo nôn nhiều. Bệnh nhân không sốt. Tiền sử khỏe mạnh, không uống rượu, không có tiền sử bệnh lý dạ dày. Khám lâm sàng bệnh nhân tỉnh, đau nhiều, sinh hiệu ổn. Bụng chướng nhẹ, ấn đau tức vùng hạ sườn phải và thượng vị, nghiệm pháp Murphy dương tính. Không có dấu hiệu phúc mạc. Cận lâm sàng: Bạch cầu 14 G/L (neutrophil 80%); Amylase máu 800 U/L, Lipase máu 1100 U/L; Bilirubin toàn phần 40 µmol/L, AST 150 U/L, ALT 180 U/L. Siêu âm bụng cho thấy túi mật căng to, thành dày, có nhiều sỏi nhỏ kẹt ở cổ túi mật và ống mật chủ giãn 8 mm, đoạn cuối có cấu trúc tăng âm kèm bóng cản. Tụy tăng nhẹ kích thước.",Nguyên nhân gây viêm tụy cấp ở bệnh nhân này là gì?,Tự miễn.,Do rượu.,Do sỏi mật.,Do tăng Triglyceride máu.,,c,"Bệnh cảnh một phụ nữ trung niên, béo, có cơn đau quặn mật sau ăn mỡ, kèm theo bằng chứng viêm tụy cấp và hình ảnh sỏi trên siêu âm là rất điển hình cho viêm tụy cấp do sỏi mật."
noi-benh-ly-tuy-tang-case-2-2,noi,Một số bệnh lý tụy tạng,Tiêu hoá,"Bệnh nhân nữ 52 tuổi, thể trạng béo (BMI 30 kg/m²), vào viện vì đau bụng thượng vị. Bệnh khởi phát sau bữa ăn tối nhiều dầu mỡ, với cơn đau quặn dữ dội vùng thượng vị và hạ sườn phải, lan lên vai phải, kèm theo nôn nhiều. Bệnh nhân không sốt. Tiền sử khỏe mạnh, không uống rượu, không có tiền sử bệnh lý dạ dày. Khám lâm sàng bệnh nhân tỉnh, đau nhiều, sinh hiệu ổn. Bụng chướng nhẹ, ấn đau tức vùng hạ sườn phải và thượng vị, nghiệm pháp Murphy dương tính. Không có dấu hiệu phúc mạc. Cận lâm sàng: Bạch cầu 14 G/L (neutrophil 80%); Amylase máu 800 U/L, Lipase máu 1100 U/L; Bilirubin toàn phần 40 µmol/L, AST 150 U/L, ALT 180 U/L. Siêu âm bụng cho thấy túi mật căng to, thành dày, có nhiều sỏi nhỏ kẹt ở cổ túi mật và ống mật chủ giãn 8 mm, đoạn cuối có cấu trúc tăng âm kèm bóng cản. Tụy tăng nhẹ kích thước.",Cơ chế nào giải thích tại sao sỏi mật lại gây ra viêm tụy cấp?,"Sỏi làm tăng áp lực trong tĩnh mạch cửa, gây thiếu máu tụy.","Một viên sỏi nhỏ từ túi mật di chuyển xuống ống mật chủ và gây tắc nghẽn tạm thời ở bóng Vater (ngã ba đường mật-tụy), làm cản trở dòng chảy của dịch tụy và gây trào ngược dịch mật vào ống tụy.","Sỏi gây viêm và nhiễm trùng túi mật, sau đó lan sang tụy.","Sỏi gây ra một phản ứng dị ứng toàn thân, ảnh hưởng đến tụy.",,b,"Ống tụy chính và ống mật chủ thường hợp nhất tại một đoạn chung là bóng Vater trước khi đổ vào tá tràng. Khi một viên sỏi nhỏ đi qua và bị kẹt lại ở đây, nó sẽ làm tăng áp lực trong cả hai hệ thống ống. Sự tắc nghẽn ống tụy và có thể cả sự trào ngược dịch mật (vốn có chứa acid mật gây độc) vào ống tụy được cho là các yếu tố khởi phát quá trình hoạt hóa men tụy và gây viêm."
noi-benh-ly-tuy-tang-case-2-3,noi,Một số bệnh lý tụy tạng,Tiêu hoá,"Bệnh nhân nữ 52 tuổi, thể trạng béo (BMI 30 kg/m²), vào viện vì đau bụng thượng vị. Bệnh khởi phát sau bữa ăn tối nhiều dầu mỡ, với cơn đau quặn dữ dội vùng thượng vị và hạ sườn phải, lan lên vai phải, kèm theo nôn nhiều. Bệnh nhân không sốt. Tiền sử khỏe mạnh, không uống rượu, không có tiền sử bệnh lý dạ dày. Khám lâm sàng bệnh nhân tỉnh, đau nhiều, sinh hiệu ổn. Bụng chướng nhẹ, ấn đau tức vùng hạ sườn phải và thượng vị, nghiệm pháp Murphy dương tính. Không có dấu hiệu phúc mạc. Cận lâm sàng: Bạch cầu 14 G/L (neutrophil 80%); Amylase máu 800 U/L, Lipase máu 1100 U/L; Bilirubin toàn phần 40 µmol/L, AST 150 U/L, ALT 180 U/L. Siêu âm bụng cho thấy túi mật căng to, thành dày, có nhiều sỏi nhỏ kẹt ở cổ túi mật và ống mật chủ giãn 8 mm, đoạn cuối có cấu trúc tăng âm kèm bóng cản. Tụy tăng nhẹ kích thước.","Tình trạng tăng nhẹ men gan (AST, ALT) và Bilirubin gợi ý điều gì?",Có tình trạng tắc nghẽn đường mật do sỏi.,Bệnh nhân có viêm gan virus đi kèm.,Bệnh nhân bị xơ gan.,Tụy bị hoại tử nặng. https://onedrive.live.com/personal/2672550e42ddc7d4/_layouts/15/D,,a,"Việc sỏi gây tắc nghẽn ống mật chủ làm ứ trệ dịch mật, gây tăng áp lực trong đường mật và tổn thương tế bào gan, dẫn đến tăng Bilirubin (chủ yếu trực tiếp) và các men gan như AST, ALT, c.aspx?sourcedoc={186352b6-90cf-40c9-ba19-ae84e248ef20}&action=vie… 1/12 ALP, GGT. Mức tăng ALT > 150 U/L có giá trị dự báo cao cho nguyên nhân viêm tụy cấp do sỏi."
noi-benh-ly-tuy-tang-case-2-4,noi,Một số bệnh lý tụy tạng,Tiêu hoá,"Bệnh nhân nữ 52 tuổi, thể trạng béo (BMI 30 kg/m²), vào viện vì đau bụng thượng vị. Bệnh khởi phát sau bữa ăn tối nhiều dầu mỡ, với cơn đau quặn dữ dội vùng thượng vị và hạ sườn phải, lan lên vai phải, kèm theo nôn nhiều. Bệnh nhân không sốt. Tiền sử khỏe mạnh, không uống rượu, không có tiền sử bệnh lý dạ dày. Khám lâm sàng bệnh nhân tỉnh, đau nhiều, sinh hiệu ổn. Bụng chướng nhẹ, ấn đau tức vùng hạ sườn phải và thượng vị, nghiệm pháp Murphy dương tính. Không có dấu hiệu phúc mạc. Cận lâm sàng: Bạch cầu 14 G/L (neutrophil 80%); Amylase máu 800 U/L, Lipase máu 1100 U/L; Bilirubin toàn phần 40 µmol/L, AST 150 U/L, ALT 180 U/L. Siêu âm bụng cho thấy túi mật căng to, thành dày, có nhiều sỏi nhỏ kẹt ở cổ túi mật và ống mật chủ giãn 8 mm, đoạn cuối có cấu trúc tăng âm kèm bóng cản. Tụy tăng nhẹ kích thước.",Can thiệp nào được xem xét thực hiện sớm (trong vòng 24-72 giờ) nếu bệnh nhân có bằng chứng của viêm đường mật cấp đi kèm?,Dùng thuốc tan sỏi mật.,Tán sỏi ngoài cơ thể.,Phẫu thuật cắt túi mật ngay lập tức.,Nội soi mật tụy ngược dòng (ERCP) để lấy sỏi và giải áp đường mật.,,d,"Nếu bệnh nhân có viêm tụy cấp do sỏi kèm theo viêm đường mật cấp (tam chứng Charcot: sốt, đau, vàng da), việc can thiệp ERCP sớm để lấy sỏi trong ống mật chủ và dẫn lưu đường mật là rất cần thiết để kiểm soát nhiễm trùng và cải thiện tiên lượng."
noi-benh-ly-tuy-tang-case-2-5,noi,Một số bệnh lý tụy tạng,Tiêu hoá,"Bệnh nhân nữ 52 tuổi, thể trạng béo (BMI 30 kg/m²), vào viện vì đau bụng thượng vị. Bệnh khởi phát sau bữa ăn tối nhiều dầu mỡ, với cơn đau quặn dữ dội vùng thượng vị và hạ sườn phải, lan lên vai phải, kèm theo nôn nhiều. Bệnh nhân không sốt. Tiền sử khỏe mạnh, không uống rượu, không có tiền sử bệnh lý dạ dày. Khám lâm sàng bệnh nhân tỉnh, đau nhiều, sinh hiệu ổn. Bụng chướng nhẹ, ấn đau tức vùng hạ sườn phải và thượng vị, nghiệm pháp Murphy dương tính. Không có dấu hiệu phúc mạc. Cận lâm sàng: Bạch cầu 14 G/L (neutrophil 80%); Amylase máu 800 U/L, Lipase máu 1100 U/L; Bilirubin toàn phần 40 µmol/L, AST 150 U/L, ALT 180 U/L. Siêu âm bụng cho thấy túi mật căng to, thành dày, có nhiều sỏi nhỏ kẹt ở cổ túi mật và ống mật chủ giãn 8 mm, đoạn cuối có cấu trúc tăng âm kèm bóng cản. Tụy tăng nhẹ kích thước.","Sau khi tình trạng viêm tụy cấp đã ổn định, hướng xử trí tiếp theo để ngăn ngừa tái phát là gì?",Cho bệnh nhân ăn kiêng mỡ tuyệt đối.,Dùng kháng sinh dự phòng kéo dài.,Phẫu thuật cắt bỏ túi mật.,Dùng thuốc giảm đau dự phòng.,,c,"Viêm tụy cấp do sỏi có nguy cơ tái phát rất cao nếu nguyên nhân gốc (sỏi trong túi mật) không được giải quyết. Do đó, sau khi bệnh nhân đã hồi phục hoàn toàn sau đợt viêm tụy cấp, phẫu thuật cắt bỏ túi mật (thường là nội soi) được khuyến cáo thực hiện, tốt nhất là trong cùng một lần nhập viện."
noi-benh-ly-tuy-tang-case-3-1,noi,Một số bệnh lý tụy tạng,Tiêu hoá,"Bệnh nhân nam 35 tuổi, có tiền sử viêm tụy cấp do rượu tái phát nhiều lần, vào viện vì đau bụng và sụt cân. Bệnh nhân khai rằng khoảng 1 năm nay, ông thường xuyên có các đợt đau bụng âm ỉ vùng thượng vị, lan sau lưng, kéo dài nhiều ngày, đau tăng sau ăn. Gần đây, bệnh nhân thấy đi ngoài phân nhiều hơn, có váng mỡ nổi trên mặt nước, mùi rất khắm, và đã sút 10 kg trong 6 tháng dù ăn uống không kiêng khem. Bệnh nhân không sốt, không vàng da. Tiền sử vẫn uống rượu nhưng ít hơn trước. Khám lâm sàng bệnh nhân tỉnh, thể trạng gầy, da khô, BMI 18 kg/m². Bụng mềm, ấn đau tức nhẹ vùng thượng vị. Không có dấu hiệu của đợt viêm tụy cấp. Cận lâm sàng: Amylase và Lipase máu trong giới hạn bình thường. Glucose máu lúc đói 8.5 mmol/L, HbA1c 7.2%. Xét nghiệm định lượng Elastase-1 trong phân cho kết quả rất thấp. Chụp CT scan bụng có tiêm cản quang cho thấy nhu mô tụy teo nhỏ, có nhiều nốt vôi hóa rải rác và ống tụy chính giãn không đều.",Chẩn đoán phù hợp nhất với tình trạng hiện tại của bệnh nhân là gì?,Hội chứng ruột kích thích.,Ung thư tụy.,Viêm tụy cấp tái phát.,Viêm tụy mạn.,,d,"Bệnh cảnh đau bụng mạn tính, có bằng chứng của suy tụy ngoại tiết (phân mỡ, sụt cân) và suy tụy nội tiết (đái tháo đường), trên nền tiền sử viêm tụy cấp do rượu tái phát và hình ảnh học điển hình là rất rõ ràng cho chẩn đoán Viêm tụy mạn."
noi-benh-ly-tuy-tang-case-3-2,noi,Một số bệnh lý tụy tạng,Tiêu hoá,"Bệnh nhân nam 35 tuổi, có tiền sử viêm tụy cấp do rượu tái phát nhiều lần, vào viện vì đau bụng và sụt cân. Bệnh nhân khai rằng khoảng 1 năm nay, ông thường xuyên có các đợt đau bụng âm ỉ vùng thượng vị, lan sau lưng, kéo dài nhiều ngày, đau tăng sau ăn. Gần đây, bệnh nhân thấy đi ngoài phân nhiều hơn, có váng mỡ nổi trên mặt nước, mùi rất khắm, và đã sút 10 kg trong 6 tháng dù ăn uống không kiêng khem. Bệnh nhân không sốt, không vàng da. Tiền sử vẫn uống rượu nhưng ít hơn trước. Khám lâm sàng bệnh nhân tỉnh, thể trạng gầy, da khô, BMI 18 kg/m². Bụng mềm, ấn đau tức nhẹ vùng thượng vị. Không có dấu hiệu của đợt viêm tụy cấp. Cận lâm sàng: Amylase và Lipase máu trong giới hạn bình thường. Glucose máu lúc đói 8.5 mmol/L, HbA1c 7.2%. Xét nghiệm định lượng Elastase-1 trong phân cho kết quả rất thấp. Chụp CT scan bụng có tiêm cản quang cho thấy nhu mô tụy teo nhỏ, có nhiều nốt vôi hóa rải rác và ống tụy chính giãn không đều.",Cơ chế chính gây ra tình trạng đi ngoài phân mỡ ở bệnh nhân này là gì?,Tắc nghẽn ống mật chủ do đầu tụy bị xơ hóa.,Suy giảm chức năng nội tiết của tụy (giảm tiết insulin).,Tăng nhu động ruột do nghiện rượu.,Suy giảm chức năng ngoại tiết của tụy (giảm tiết lipase và các men tiêu hóa khác).,,d,"Trong viêm tụy mạn, nhu mô tụy bị xơ hóa và phá hủy dần, dẫn đến suy giảm nghiêm trọng khả năng sản xuất và bài tiết các enzyme tiêu hóa vào ruột non. Thiếu hụt men lipase là nghiêm trọng nhất, khiến cho chất béo trong thức ăn không được phân giải và hấp thu, dẫn đến đi ngoài phân mỡ (steatorrhea)."
noi-benh-ly-tuy-tang-case-3-3,noi,Một số bệnh lý tụy tạng,Tiêu hoá,"Bệnh nhân nam 35 tuổi, có tiền sử viêm tụy cấp do rượu tái phát nhiều lần, vào viện vì đau bụng và sụt cân. Bệnh nhân khai rằng khoảng 1 năm nay, ông thường xuyên có các đợt đau bụng âm ỉ vùng thượng vị, lan sau lưng, kéo dài nhiều ngày, đau tăng sau ăn. Gần đây, bệnh nhân thấy đi ngoài phân nhiều hơn, có váng mỡ nổi trên mặt nước, mùi rất khắm, và đã sút 10 kg trong 6 tháng dù ăn uống không kiêng khem. Bệnh nhân không sốt, không vàng da. Tiền sử vẫn uống rượu nhưng ít hơn trước. Khám lâm sàng bệnh nhân tỉnh, thể trạng gầy, da khô, BMI 18 kg/m². Bụng mềm, ấn đau tức nhẹ vùng thượng vị. Không có dấu hiệu của đợt viêm tụy cấp. Cận lâm sàng: Amylase và Lipase máu trong giới hạn bình thường. Glucose máu lúc đói 8.5 mmol/L, HbA1c 7.2%. Xét nghiệm định lượng Elastase-1 trong phân cho kết quả rất thấp. Chụp CT scan bụng có tiêm cản quang cho thấy nhu mô tụy teo nhỏ, có nhiều nốt vôi hóa rải rác và ống tụy chính giãn không đều.",Tình trạng tăng đường huyết và HbA1c của bệnh nhân là biểu hiện của biến chứng nào?,Đái tháo đường type 3c (do bệnh lý tụy).,Đái tháo đường type 1.,Hội chứng Cushing.,Tác dụng phụ của thuốc.,,a,"Quá trình xơ hóa và viêm mạn tính cũng phá hủy các tế bào đảo tụy (islets of Langerhans), đặc biệt là các tế bào beta sản xuất insulin. Khi lượng insulin được sản xuất không còn đủ để kiểm soát đường huyết, bệnh nhân sẽ phát triển đái tháo đường. Đái tháo đường do bệnh lý tại tụy được phân loại là type 3c."
noi-benh-ly-tuy-tang-case-3-4,noi,Một số bệnh lý tụy tạng,Tiêu hoá,"Bệnh nhân nam 35 tuổi, có tiền sử viêm tụy cấp do rượu tái phát nhiều lần, vào viện vì đau bụng và sụt cân. Bệnh nhân khai rằng khoảng 1 năm nay, ông thường xuyên có các đợt đau bụng âm ỉ vùng thượng vị, lan sau lưng, kéo dài nhiều ngày, đau tăng sau ăn. Gần đây, bệnh nhân thấy đi ngoài phân nhiều hơn, có váng mỡ nổi trên mặt nước, mùi rất khắm, và đã sút 10 kg trong 6 tháng dù ăn uống không kiêng khem. Bệnh nhân không sốt, không vàng da. Tiền sử vẫn uống rượu nhưng ít hơn trước. Khám lâm sàng bệnh nhân tỉnh, thể trạng gầy, da khô, BMI 18 kg/m². Bụng mềm, ấn đau tức nhẹ vùng thượng vị. Không có dấu hiệu của đợt viêm tụy cấp. Cận lâm sàng: Amylase và Lipase máu trong giới hạn bình thường. Glucose máu lúc đói 8.5 mmol/L, HbA1c 7.2%. Xét nghiệm định lượng Elastase-1 trong phân cho kết quả rất thấp. Chụp CT scan bụng có tiêm cản quang cho thấy nhu mô tụy teo nhỏ, có nhiều nốt vôi hóa rải rác và ống tụy chính giãn không đều.",Hình ảnh vôi hóa tụy và ống tụy giãn trên CT scan là dấu hiệu của điều gì?,Một đợt viêm tụy cấp hoại tử.,"Tổn thương cấu trúc không hồi phục, là đặc trưng của viêm tụy mạn.",Một khối u nang nhầy của tụy.,Nhiễm ký sinh trùng sán lá gan.,,b,"Đây là những dấu hiệu kinh điển của viêm tụy mạn trên hình ảnh học. Vôi hóa là hậu quả của sự lắng đọng calci trong các nút protein bị kết tủa trong ống tụy. Sự tắc nghẽn và xơ hóa gây ra sự giãn không đều của hệ thống ống tụy (hình ảnh ""chuỗi hồ"")."
noi-benh-ly-tuy-tang-case-3-5,noi,Một số bệnh lý tụy tạng,Tiêu hoá,"Bệnh nhân nam 35 tuổi, có tiền sử viêm tụy cấp do rượu tái phát nhiều lần, vào viện vì đau bụng và sụt cân. Bệnh nhân khai rằng khoảng 1 năm nay, ông thường xuyên có các đợt đau bụng âm ỉ vùng thượng vị, lan sau lưng, kéo dài nhiều ngày, đau tăng sau ăn. Gần đây, bệnh nhân thấy đi ngoài phân nhiều hơn, có váng mỡ nổi trên mặt nước, mùi rất khắm, và đã sút 10 kg trong 6 tháng dù ăn uống không kiêng khem. Bệnh nhân không sốt, không vàng da. Tiền sử vẫn uống rượu nhưng ít hơn trước. Khám lâm sàng bệnh nhân tỉnh, thể trạng gầy, da khô, BMI 18 kg/m². Bụng mềm, ấn đau tức nhẹ vùng thượng vị. Không có dấu hiệu của đợt viêm tụy cấp. Cận lâm sàng: Amylase và Lipase máu trong giới hạn bình thường. Glucose máu lúc đói 8.5 mmol/L, HbA1c 7.2%. Xét nghiệm định lượng Elastase-1 trong phân cho kết quả rất thấp. Chụp CT scan bụng có tiêm cản quang cho thấy nhu mô tụy teo nhỏ, có nhiều nốt vôi hóa rải rác và ống tụy chính giãn không đều.",Nền tảng của việc điều trị triệu chứng kém hấp thu cho bệnh nhân này là gì?,Chế độ ăn kiêng chất béo hoàn toàn.,Dùng kháng sinh để điều trị loạn khuẩn ruột.,Bổ sung các enzyme tụy bằng đường uống (Pancreatic Enzyme Replacement Therapy - PERT).,Dùng thuốc ức chế bơm proton (PPI).,,c,"Điều trị thay thế enzyme tụy (PERT) là phương pháp điều trị chính cho suy tụy ngoại tiết. Bệnh nhân sẽ uống các viên nang chứa men tụy (lipase, protease, amylase) cùng với bữa ăn. Các enzyme này sẽ giúp tiêu hóa thức ăn trong lòng ruột, cải thiện tình trạng phân mỡ, giúp bệnh nhân tăng cân và hấp thu các vitamin tan trong dầu."
noi-benh-ly-tuy-tang-case-4-1,noi,Một số bệnh lý tụy tạng,Tiêu hoá,"Bệnh nhân nam 68 tuổi, thợ xây về hưu, có tiền sử hút thuốc lá 40 bao.năm và đái tháo đường type 2 mới được chẩn đoán cách đây 6 tháng. Bệnh nhân đến khám vì vàng da và sụt cân. Khoảng 2 tháng nay, bệnh nhân cảm thấy mệt mỏi, chán ăn, sút 8 kg không rõ nguyên nhân. Gần đây, bệnh nhân thấy vàng da, vàng mắt tăng dần, không đau bụng, không sốt, kèm theo ngứa da và nước tiểu sẫm màu, phân bạc màu. Tiền sử không uống rượu. Khám lâm sàng bệnh nhân tỉnh, thể trạng gầy, vàng da củng mạc đậm. Bụng mềm, không chướng. Khám thấy túi mật to, không đau (dấu hiệu Courvoisier-Terrier dương tính). Không sờ thấy gan, lách. Cận lâm sàng: Bilirubin toàn phần 250 µmol/L (chủ yếu là trực tiếp); Phosphatase kiềm (ALP) và GGT tăng rất cao. Amylase và Lipase máu bình thường. Xét nghiệm chất chỉ điểm khối u cho thấy CA 19-9 tăng rất cao > 1000 U/mL. Siêu âm bụng cho thấy ống mật chủ và đường mật trong gan giãn to, túi mật căng, nhưng không thấy sỏi; đầu tụy có một khối giảm âm, bờ không đều, kích thước 4 cm.",Chẩn đoán có khả năng cao nhất ở bệnh nhân này là gì?,Ung thư biểu mô đường mật vùng rốn gan (u Klatskin). https://onedrive.live.com/personal/2672550e42ddc7d4/_layouts/15/D,Sỏi ống mật chủ.,Ung thư đầu tụy.,Viêm đường mật xơ hóa nguyên phát.,,c,"Bệnh cảnh vàng da tắc mật không đau, diễn tiến từ từ, kèm sụt cân, dấu hiệu Courvoisier dương tính, và CA 19- 9 tăng rất cao ở một người đàn ông lớn tuổi có yếu tố nguy cơ (hút thuốc, đái tháo đường mới mắc) là cực kỳ điển hình cho ung thư đầu tụy. c.aspx?sourcedoc={186352b6-90cf-40c9-ba19-ae84e248ef20}&action=vie… 2/12"
noi-benh-ly-tuy-tang-case-4-2,noi,Một số bệnh lý tụy tạng,Tiêu hoá,"Bệnh nhân nam 68 tuổi, thợ xây về hưu, có tiền sử hút thuốc lá 40 bao.năm và đái tháo đường type 2 mới được chẩn đoán cách đây 6 tháng. Bệnh nhân đến khám vì vàng da và sụt cân. Khoảng 2 tháng nay, bệnh nhân cảm thấy mệt mỏi, chán ăn, sút 8 kg không rõ nguyên nhân. Gần đây, bệnh nhân thấy vàng da, vàng mắt tăng dần, không đau bụng, không sốt, kèm theo ngứa da và nước tiểu sẫm màu, phân bạc màu. Tiền sử không uống rượu. Khám lâm sàng bệnh nhân tỉnh, thể trạng gầy, vàng da củng mạc đậm. Bụng mềm, không chướng. Khám thấy túi mật to, không đau (dấu hiệu Courvoisier-Terrier dương tính). Không sờ thấy gan, lách. Cận lâm sàng: Bilirubin toàn phần 250 µmol/L (chủ yếu là trực tiếp); Phosphatase kiềm (ALP) và GGT tăng rất cao. Amylase và Lipase máu bình thường. Xét nghiệm chất chỉ điểm khối u cho thấy CA 19-9 tăng rất cao > 1000 U/mL. Siêu âm bụng cho thấy ống mật chủ và đường mật trong gan giãn to, túi mật căng, nhưng không thấy sỏi; đầu tụy có một khối giảm âm, bờ không đều, kích thước 4 cm.",Cơ chế gây ra vàng da ở bệnh nhân này là gì?,Tán huyết cấp tính.,Viêm gan do virus.,Suy chức năng tế bào gan do di căn.,Tắc nghẽn cơ học của ống mật chủ do khối u ở đầu tụy chèn ép.,,d,"Khối u ở đầu tụy, khi phát triển lớn, sẽ chèn ép và xâm lấn vào đoạn cuối của ống mật chủ (vốn đi xuyên qua đầu tụy). Sự tắc nghẽn này làm cản trở dòng chảy của dịch mật từ gan xuống ruột, gây ứ mật, giãn đường mật và tăng bilirubin trực tiếp trong máu, dẫn đến vàng da."
noi-benh-ly-tuy-tang-case-4-3,noi,Một số bệnh lý tụy tạng,Tiêu hoá,"Bệnh nhân nam 68 tuổi, thợ xây về hưu, có tiền sử hút thuốc lá 40 bao.năm và đái tháo đường type 2 mới được chẩn đoán cách đây 6 tháng. Bệnh nhân đến khám vì vàng da và sụt cân. Khoảng 2 tháng nay, bệnh nhân cảm thấy mệt mỏi, chán ăn, sút 8 kg không rõ nguyên nhân. Gần đây, bệnh nhân thấy vàng da, vàng mắt tăng dần, không đau bụng, không sốt, kèm theo ngứa da và nước tiểu sẫm màu, phân bạc màu. Tiền sử không uống rượu. Khám lâm sàng bệnh nhân tỉnh, thể trạng gầy, vàng da củng mạc đậm. Bụng mềm, không chướng. Khám thấy túi mật to, không đau (dấu hiệu Courvoisier-Terrier dương tính). Không sờ thấy gan, lách. Cận lâm sàng: Bilirubin toàn phần 250 µmol/L (chủ yếu là trực tiếp); Phosphatase kiềm (ALP) và GGT tăng rất cao. Amylase và Lipase máu bình thường. Xét nghiệm chất chỉ điểm khối u cho thấy CA 19-9 tăng rất cao > 1000 U/mL. Siêu âm bụng cho thấy ống mật chủ và đường mật trong gan giãn to, túi mật căng, nhưng không thấy sỏi; đầu tụy có một khối giảm âm, bờ không đều, kích thước 4 cm.","Dấu hiệu Courvoisier-Terrier (túi mật to, không đau ở bệnh nhân vàng da tắc mật) gợi ý điều gì?",Bệnh nhân có viêm túi mật cấp.,Nguyên nhân tắc mật là do sỏi.,Bệnh nhân có bất thường bẩm sinh của túi mật.,Nguyên nhân tắc mật là do một quá trình ác tính chèn ép từ từ.,,d,"Khi tắc mật do sỏi, quá trình thường là cấp tính và túi mật (vốn đã bị viêm mạn trước đó) thường không giãn to được. Ngược lại, khi tắc mật do u chèn ép, quá trình diễn ra từ từ, áp lực tăng dần cho phép túi mật có thành bình thường giãn ra giống như một quả bóng bay. Do đó, dấu hiệu này là một gợi ý mạnh mẽ của nguyên nhân ác tính."
noi-benh-ly-tuy-tang-case-4-4,noi,Một số bệnh lý tụy tạng,Tiêu hoá,"Bệnh nhân nam 68 tuổi, thợ xây về hưu, có tiền sử hút thuốc lá 40 bao.năm và đái tháo đường type 2 mới được chẩn đoán cách đây 6 tháng. Bệnh nhân đến khám vì vàng da và sụt cân. Khoảng 2 tháng nay, bệnh nhân cảm thấy mệt mỏi, chán ăn, sút 8 kg không rõ nguyên nhân. Gần đây, bệnh nhân thấy vàng da, vàng mắt tăng dần, không đau bụng, không sốt, kèm theo ngứa da và nước tiểu sẫm màu, phân bạc màu. Tiền sử không uống rượu. Khám lâm sàng bệnh nhân tỉnh, thể trạng gầy, vàng da củng mạc đậm. Bụng mềm, không chướng. Khám thấy túi mật to, không đau (dấu hiệu Courvoisier-Terrier dương tính). Không sờ thấy gan, lách. Cận lâm sàng: Bilirubin toàn phần 250 µmol/L (chủ yếu là trực tiếp); Phosphatase kiềm (ALP) và GGT tăng rất cao. Amylase và Lipase máu bình thường. Xét nghiệm chất chỉ điểm khối u cho thấy CA 19-9 tăng rất cao > 1000 U/mL. Siêu âm bụng cho thấy ống mật chủ và đường mật trong gan giãn to, túi mật căng, nhưng không thấy sỏi; đầu tụy có một khối giảm âm, bờ không đều, kích thước 4 cm.",Cơ chế nào giải thích mối liên quan giữa đái tháo đường mới khởi phát ở người lớn tuổi và ung thư tụy?,Khối u vừa có thể làm giảm khối tế bào beta vừa tiết các yếu tố gây kháng insulin.,Đây luôn là sự trùng hợp và không có giá trị cảnh báo lâm sàng.,Khối u làm tăng tiết insulin kéo dài và tăng nhạy cảm insulin ngoại vi.,Đái tháo đường chỉ xuất hiện sau khi u tụy đã di căn đến gan.,,a,"Ung thư tụy có thể gây đái tháo đường do phá hủy nhu mô tụy và do các yếu tố do khối u tiết ra gây kháng insulin hoặc rối loạn chức năng tế bào beta. Đái tháo đường mới khởi phát kèm sụt cân ở người lớn tuổi là dấu hiệu cần đánh giá thêm, nhưng không đặc hiệu."
noi-benh-ly-tuy-tang-case-4-5,noi,Một số bệnh lý tụy tạng,Tiêu hoá,"Bệnh nhân nam 68 tuổi, thợ xây về hưu, có tiền sử hút thuốc lá 40 bao.năm và đái tháo đường type 2 mới được chẩn đoán cách đây 6 tháng. Bệnh nhân đến khám vì vàng da và sụt cân. Khoảng 2 tháng nay, bệnh nhân cảm thấy mệt mỏi, chán ăn, sút 8 kg không rõ nguyên nhân. Gần đây, bệnh nhân thấy vàng da, vàng mắt tăng dần, không đau bụng, không sốt, kèm theo ngứa da và nước tiểu sẫm màu, phân bạc màu. Tiền sử không uống rượu. Khám lâm sàng bệnh nhân tỉnh, thể trạng gầy, vàng da củng mạc đậm. Bụng mềm, không chướng. Khám thấy túi mật to, không đau (dấu hiệu Courvoisier-Terrier dương tính). Không sờ thấy gan, lách. Cận lâm sàng: Bilirubin toàn phần 250 µmol/L (chủ yếu là trực tiếp); Phosphatase kiềm (ALP) và GGT tăng rất cao. Amylase và Lipase máu bình thường. Xét nghiệm chất chỉ điểm khối u cho thấy CA 19-9 tăng rất cao > 1000 U/mL. Siêu âm bụng cho thấy ống mật chủ và đường mật trong gan giãn to, túi mật căng, nhưng không thấy sỏi; đầu tụy có một khối giảm âm, bờ không đều, kích thước 4 cm.",Thăm dò hình ảnh nào là tốt nhất để đánh giá giai đoạn bệnh (mức độ xâm lấn tại chỗ và di căn xa) cho bệnh nhân này?,Chụp PET-CT.,Chụp cắt lớp vi tính (CT scan) đa lát cắt có tiêm thuốc cản quang theo protocol tụy.,Siêu âm nội soi (EUS).,Chụp cộng hưởng từ đường mật (MRCP).,,b,"CT scan đa lát cắt có tiêm thuốc cản quang với các thì động mạch và tĩnh mạch (protocol tụy) là công cụ hình ảnh học nền tảng. Nó không chỉ xác định khối u mà còn cung cấp thông tin cực kỳ quan trọng về giai đoạn bệnh: mối liên quan của khối u với các mạch máu lớn (động mạch mạc treo tràng trên, tĩnh mạch cửa), sự hiện diện của di căn hạch và di căn xa (gan, phổi), từ đó quyết định khả năng phẫu thuật của bệnh nhân."
noi-benh-ly-tuy-tang-case-5-1,noi,Một số bệnh lý tụy tạng,Tiêu hoá,"Bệnh nhân nam 40 tuổi, vào viện vì một đợt viêm tụy cấp nặng. Bệnh nhân có tiền sử uống rượu nhiều. Sau 2 tuần điều trị nội khoa tích cực, tình trạng đau bụng của bệnh nhân không cải thiện, sốt dai dẳng 38- 38.5°C, ăn uống kém và sờ thấy một khối căng, đau ở vùng thượng vị. Cận lâm sàng: Bạch cầu 15 G/L, CRP 180 mg/L. Amylase và Lipase đã giảm nhưng vẫn còn cao hơn bình thường. Chụp CT scan bụng có cản quang cho thấy tụy phù nề, có một vùng lớn không ngấm thuốc ở thân và đuôi tụy (>30% nhu mô), phù hợp với hoại tử tụy. Ngoài ra, có một ổ tụ dịch lớn, có vỏ bao dày, ngấm thuốc sau tiêm, nằm ở hậu cung mạc nối, kích thước 10x12 cm.",Tình trạng của bệnh nhân được phân loại là viêm tụy cấp ở giai đoạn nào?,Giai đoạn hồi phục.,Giai đoạn mạn tính.,Giai đoạn muộn (> 1 tuần).,Giai đoạn sớm (< 1 tuần).,,c,"Theo phân loại Atlanta 2012, viêm tụy cấp được chia thành giai đoạn sớm (tuần đầu tiên), đặc trưng bởi đáp ứng viêm hệ thống, và giai đoạn muộn (sau tuần đầu), đặc trưng bởi sự phát triển các biến chứng tại chỗ như hoại tử và tụ dịch."
noi-benh-ly-tuy-tang-case-5-2,noi,Một số bệnh lý tụy tạng,Tiêu hoá,"Bệnh nhân nam 40 tuổi, vào viện vì một đợt viêm tụy cấp nặng. Bệnh nhân có tiền sử uống rượu nhiều. Sau 2 tuần điều trị nội khoa tích cực, tình trạng đau bụng của bệnh nhân không cải thiện, sốt dai dẳng 38- 38.5°C, ăn uống kém và sờ thấy một khối căng, đau ở vùng thượng vị. Cận lâm sàng: Bạch cầu 15 G/L, CRP 180 mg/L. Amylase và Lipase đã giảm nhưng vẫn còn cao hơn bình thường. Chụp CT scan bụng có cản quang cho thấy tụy phù nề, có một vùng lớn không ngấm thuốc ở thân và đuôi tụy (>30% nhu mô), phù hợp với hoại tử tụy. Ngoài ra, có một ổ tụ dịch lớn, có vỏ bao dày, ngấm thuốc sau tiêm, nằm ở hậu cung mạc nối, kích thước 10x12 cm.",Ổ tụ dịch có vỏ bao ở bệnh nhân này được gọi là gì?,Nang giả tụy (Pseudocyst).,Hoại tử có vách (Walled-off necrosis - WON).,Áp xe tụy.,Tụ dịch quanh tụy cấp tính (Acute peripancreatic fluid collection).,,b,"Khi có tình trạng hoại tử nhu mô tụy và/hoặc mô mỡ, ổ hoại tử này sẽ được cơ thể bao bọc lại sau khoảng 4 tuần, tạo thành một cấu trúc có vỏ bao rõ. Cấu trúc này chứa cả dịch và các mảnh mô hoại tử đặc, được gọi là Hoại tử có vách (WON). Nang giả tụy cũng có vỏ bao nhưng chỉ chứa dịch lỏng và hình thành sau viêm tụy cấp thể phù nề."
noi-benh-ly-tuy-tang-case-5-3,noi,Một số bệnh lý tụy tạng,Tiêu hoá,"Bệnh nhân nam 40 tuổi, vào viện vì một đợt viêm tụy cấp nặng. Bệnh nhân có tiền sử uống rượu nhiều. Sau 2 tuần điều trị nội khoa tích cực, tình trạng đau bụng của bệnh nhân không cải thiện, sốt dai dẳng 38- 38.5°C, ăn uống kém và sờ thấy một khối căng, đau ở vùng thượng vị. Cận lâm sàng: Bạch cầu 15 G/L, CRP 180 mg/L. Amylase và Lipase đã giảm nhưng vẫn còn cao hơn bình thường. Chụp CT scan bụng có cản quang cho thấy tụy phù nề, có một vùng lớn không ngấm thuốc ở thân và đuôi tụy (>30% nhu mô), phù hợp với hoại tử tụy. Ngoài ra, có một ổ tụ dịch lớn, có vỏ bao dày, ngấm thuốc sau tiêm, nằm ở hậu cung mạc nối, kích thước 10x12 cm.",Cơ chế hình thành hoại tử có vách (WON) là gì?,Là một biến chứng nhiễm trùng từ đường mật.,Sự vỡ của một ống tụy lớn gây rò rỉ dịch tụy.,Do một khối u nang bị xuất huyết.,Là kết quả của quá trình cơ thể khu trú và đóng vỏ bao quanh một vùng nhu mô tụy và/hoặc mô mỡ quanh tụy đã bị hoại tử.,,d,"Đây là định nghĩa của WON. Nó là một biến chứng muộn của viêm tụy cấp hoại tử, phản ánh nỗ lực của cơ thể để khu trú vùng tổn thương. Vỏ bao được hình thành bởi mô hạt và mô xơ."
noi-benh-ly-tuy-tang-case-5-4,noi,Một số bệnh lý tụy tạng,Tiêu hoá,"Bệnh nhân nam 40 tuổi, vào viện vì một đợt viêm tụy cấp nặng. Bệnh nhân có tiền sử uống rượu nhiều. Sau 2 tuần điều trị nội khoa tích cực, tình trạng đau bụng của bệnh nhân không cải thiện, sốt dai dẳng 38- 38.5°C, ăn uống kém và sờ thấy một khối căng, đau ở vùng thượng vị. Cận lâm sàng: Bạch cầu 15 G/L, CRP 180 mg/L. Amylase và Lipase đã giảm nhưng vẫn còn cao hơn bình thường. Chụp CT scan bụng có cản quang cho thấy tụy phù nề, có một vùng lớn không ngấm thuốc ở thân và đuôi tụy (>30% nhu mô), phù hợp với hoại tử tụy. Ngoài ra, có một ổ tụ dịch lớn, có vỏ bao dày, ngấm thuốc sau tiêm, nằm ở hậu cung mạc nối, kích thước 10x12 cm.",Yếu tố nào sau đây là chỉ định quan trọng nhất để can thiệp dẫn lưu ổ hoại tử này?,"Có bằng chứng hoặc nghi ngờ cao về nhiễm trùng ổ hoại tử (sốt dai dẳng, đau, tăng bạch cầu).",Sự hiện diện của hoại tử có vách trên CT.,Kích thước của ổ hoại tử > 6 cm.,Nồng độ Amylase trong dịch cao.,,a,"Bản thân sự hiện diện của hoại tử (kể cả WON) không phải là chỉ định can thiệp. Chỉ định can thiệp chính là khi có bằng chứng của nhiễm trùng, vì hoại tử nhiễm trùng là một tình trạng rất nặng và có tỷ lệ tử vong cao nếu không được dẫn lưu. Các triệu chứng như sốt, đau, tăng bạch cầu kéo dài ở bệnh nhân có hoại tử tụy là dấu hiệu gợi ý mạnh mẽ của nhiễm trùng."
noi-benh-ly-tuy-tang-case-5-5,noi,Một số bệnh lý tụy tạng,Tiêu hoá,"Bệnh nhân nam 40 tuổi, vào viện vì một đợt viêm tụy cấp nặng. Bệnh nhân có tiền sử uống rượu nhiều. Sau 2 tuần điều trị nội khoa tích cực, tình trạng đau bụng của bệnh nhân không cải thiện, sốt dai dẳng 38- 38.5°C, ăn uống kém và sờ thấy một khối căng, đau ở vùng thượng vị. Cận lâm sàng: Bạch cầu 15 G/L, CRP 180 mg/L. Amylase và Lipase đã giảm nhưng vẫn còn cao hơn bình thường. Chụp CT scan bụng có cản quang cho thấy tụy phù nề, có một vùng lớn không ngấm thuốc ở thân và đuôi tụy (>30% nhu mô), phù hợp với hoại tử tụy. Ngoài ra, có một ổ tụ dịch lớn, có vỏ bao dày, ngấm thuốc sau tiêm, nằm ở hậu cung mạc nối, kích thước 10x12 cm.",Phương pháp can thiệp ít xâm lấn nào hiện đang được ưu tiên lựa chọn để dẫn lưu hoại tử tụy nhiễm trùng?,Chọc hút bằng kim nhỏ đơn thuần.,Dẫn lưu qua da dưới hướng dẫn của CT/siêu âm.,Dẫn lưu qua nội soi (endoscopic transmural drainage) và cắt lọc hoại tử qua nội soi.,Phẫu thuật mở để cắt lọc hoại tử (necrosectomy). https://onedrive.live.com/personal/2672550e42ddc7d4/_layouts/15/D,,c,"Các phương pháp can thiệp ít xâm lấn đang dần thay thế phẫu thuật mở kinh điển. Trong đó, dẫn lưu và cắt lọc hoại tử qua nội soi (qua dạ dày hoặc tá tràng) đang nổi lên như một lựa chọn ưu tiên. Bác sĩ nội soi sẽ tạo một đường thông vào ổ WON, đặt các stent để dẫn lưu, c.aspx?sourcedoc={186352b6-90cf-40c9-ba19-ae84e248ef20}&action=vie… 3/12 và có thể đưa ống nội soi vào trong ổ hoại tử để cắt lọc, rửa sạch các mảnh mô chết, giúp kiểm soát nhiễm trùng hiệu quả với tỷ lệ biến chứng thấp hơn phẫu thuật."
noi-benh-ly-tuy-tang-case-6-1,noi,Một số bệnh lý tụy tạng,Tiêu hoá,"Bệnh nhân nữ 40 tuổi, không có tiền sử bệnh lý đặc biệt, được phát hiện tình cờ một khối u nang ở tụy qua siêu âm bụng khi kiểm tra sức khỏe. Bệnh nhân hoàn toàn không có triệu chứng. Khám lâm sàng bình thường. Siêu âm mô tả một khối dạng nang, đơn thùy, vỏ mỏng, không có vách hay nốt đặc, kích thước 3 cm ở thân tụy. Chụp MRI tụy xác nhận hình ảnh một nang đơn giản, không thông với ống tụy chính, không có các dấu hiệu nguy cơ cao (ống tụy không giãn, không có nốt trên thành). Xét nghiệm CA 19-9 và CEA trong giới hạn bình thường.","Dựa trên hình ảnh học, chẩn đoán có khả năng nhất là gì?",U nang thanh dịch (Serous Cystic Neoplasm - SCN).,U nang nhầy (Mucinous Cystic Neoplasm - MCN).,"U nhú nhầy trong ống tụy, nhánh phụ (IPMN-BD).",Ung thư biểu mô tuyến của tụy dạng nang.,,a,"Một khối u nang đơn giản, không có đặc điểm phức tạp, ở một phụ nữ trung niên, rất phù hợp với hình ảnh của một u nang thanh dịch. Các loại u nang khác như MCN (thường có vỏ dày, vách) hoặc IPMN (thường thông với ống tụy) ít có khả năng hơn."
noi-benh-ly-tuy-tang-case-6-2,noi,Một số bệnh lý tụy tạng,Tiêu hoá,"Bệnh nhân nữ 40 tuổi, không có tiền sử bệnh lý đặc biệt, được phát hiện tình cờ một khối u nang ở tụy qua siêu âm bụng khi kiểm tra sức khỏe. Bệnh nhân hoàn toàn không có triệu chứng. Khám lâm sàng bình thường. Siêu âm mô tả một khối dạng nang, đơn thùy, vỏ mỏng, không có vách hay nốt đặc, kích thước 3 cm ở thân tụy. Chụp MRI tụy xác nhận hình ảnh một nang đơn giản, không thông với ống tụy chính, không có các dấu hiệu nguy cơ cao (ống tụy không giãn, không có nốt trên thành). Xét nghiệm CA 19-9 và CEA trong giới hạn bình thường.",Đặc điểm nào sau đây là của u nang thanh dịch (SCN)?,Luôn thông với ống tụy chính.,Thường chỉ xảy ra ở nam giới.,Thường có tiềm năng ác tính cao.,Hầu hết là lành tính và hiếm khi cần phẫu thuật.,,d,"U nang thanh dịch (SCN) được coi là một tổn thương gần như luôn luôn lành tính. Tiềm năng ác tính của nó là cực kỳ hiếm. Do đó, hầu hết các trường hợp SCN không có triệu chứng và không có chẩn đoán chắc chắn thì chỉ cần theo dõi. Phẫu thuật chỉ dành cho các trường hợp rất lớn gây triệu chứng hoặc khi không thể loại trừ chắc chắn các tổn thương ác tính khác."
noi-benh-ly-tuy-tang-case-6-3,noi,Một số bệnh lý tụy tạng,Tiêu hoá,"Bệnh nhân nữ 40 tuổi, không có tiền sử bệnh lý đặc biệt, được phát hiện tình cờ một khối u nang ở tụy qua siêu âm bụng khi kiểm tra sức khỏe. Bệnh nhân hoàn toàn không có triệu chứng. Khám lâm sàng bình thường. Siêu âm mô tả một khối dạng nang, đơn thùy, vỏ mỏng, không có vách hay nốt đặc, kích thước 3 cm ở thân tụy. Chụp MRI tụy xác nhận hình ảnh một nang đơn giản, không thông với ống tụy chính, không có các dấu hiệu nguy cơ cao (ống tụy không giãn, không có nốt trên thành). Xét nghiệm CA 19-9 và CEA trong giới hạn bình thường.",Cơ chế hình thành của u nang thanh dịch là gì?,Sự thoái hóa của một khối u đặc.,Sự tắc nghẽn của một nhánh ống tụy.,"Sự tăng sinh của các tế bào biểu mô giàu glycogen, tạo ra các nang nhỏ chứa dịch trong như nước.",Một biến chứng sau viêm tụy cấp.,,c,"SCN được tạo thành từ sự tăng sinh của các tế bào biểu mô có hình dạng khối vuông và bào tương sáng do chứa đầy glycogen. Các tế bào này sắp xếp thành các nang rất nhỏ (vi nang) hoặc đôi khi là các nang lớn hơn (macro-cystic), chứa dịch lỏng, trong, tương tự như huyết thanh."
noi-benh-ly-tuy-tang-case-6-4,noi,Một số bệnh lý tụy tạng,Tiêu hoá,"Bệnh nhân nữ 40 tuổi, không có tiền sử bệnh lý đặc biệt, được phát hiện tình cờ một khối u nang ở tụy qua siêu âm bụng khi kiểm tra sức khỏe. Bệnh nhân hoàn toàn không có triệu chứng. Khám lâm sàng bình thường. Siêu âm mô tả một khối dạng nang, đơn thùy, vỏ mỏng, không có vách hay nốt đặc, kích thước 3 cm ở thân tụy. Chụp MRI tụy xác nhận hình ảnh một nang đơn giản, không thông với ống tụy chính, không có các dấu hiệu nguy cơ cao (ống tụy không giãn, không có nốt trên thành). Xét nghiệm CA 19-9 và CEA trong giới hạn bình thường.","Yếu tố hình ảnh nào sau đây được coi là một ""dấu hiệu đáng lo ngại"" (worrisome feature) ở một khối u nang tụy, đòi hỏi phải theo dõi sát hơn hoặc can thiệp?",Kích thước nang < 3 cm.,Ống tụy chính giãn 5-9 mm.,Vị trí ở đuôi tụy.,Vỏ bao mỏng.,,b,"Các hướng dẫn quốc tế (ví dụ Fukuoka) đã phân loại các dấu hiệu nguy cơ. Các ""dấu hiệu đáng lo ngại"" bao gồm: nang ≥ 3 cm, thành nang dày ngấm thuốc, ống tụy chính giãn 5-9 mm, có nốt trên thành nhưng không ngấm thuốc... Sự hiện diện của các dấu hiệu này đòi hỏi phải có thêm các thăm dò sâu hơn như siêu âm nội soi."
noi-benh-ly-tuy-tang-case-6-5,noi,Một số bệnh lý tụy tạng,Tiêu hoá,"Bệnh nhân nữ 40 tuổi, không có tiền sử bệnh lý đặc biệt, được phát hiện tình cờ một khối u nang ở tụy qua siêu âm bụng khi kiểm tra sức khỏe. Bệnh nhân hoàn toàn không có triệu chứng. Khám lâm sàng bình thường. Siêu âm mô tả một khối dạng nang, đơn thùy, vỏ mỏng, không có vách hay nốt đặc, kích thước 3 cm ở thân tụy. Chụp MRI tụy xác nhận hình ảnh một nang đơn giản, không thông với ống tụy chính, không có các dấu hiệu nguy cơ cao (ống tụy không giãn, không có nốt trên thành). Xét nghiệm CA 19-9 và CEA trong giới hạn bình thường.",Hướng xử trí phù hợp nhất cho bệnh nhân này là gì?,Chọc hút nang qua nội soi để xét nghiệm.,Phẫu thuật cắt thân và đuôi tụy ngay lập tức.,Theo dõi định kỳ bằng hình ảnh học (ví dụ: MRI hàng năm).,Hóa trị.,,c,"Với một khối u nang không triệu chứng, kích thước 3 cm, và không có bất kỳ dấu hiệu nguy cơ cao hay dấu hiệu đáng lo ngại nào trên hình ảnh học, chẩn đoán nghi ngờ nhiều nhất là SCN. Hướng xử trí chuẩn là theo dõi bằng hình ảnh học định kỳ để đảm bảo khối u không phát triển hoặc thay đổi đặc điểm."
noi-benh-ly-tuy-tang-case-7-1,noi,Một số bệnh lý tụy tạng,Tiêu hoá,"Bệnh nhân nữ 60 tuổi, có tiền sử viêm tụy mạn không rõ nguyên nhân, đến khám vì đau bụng và sụt cân. Nội soi dạ dày và siêu âm nội soi (EUS) phát hiện một khối u dạng nang, đa thùy, có vách dày, kích thước 4 cm ở thân tụy. Ống tụy chính không giãn. Bệnh nhân được chọc hút bằng kim nhỏ qua siêu âm nội soi (EUS-FNA). Phân tích dịch nang cho thấy nồng độ CEA rất cao. Tế bào học cho thấy các tế bào biểu mô trụ, tiết nhầy, có loạn sản độ thấp, đi kèm với mô đệm dạng ""buồng trứng"" (ovarian-like stroma).","Dựa trên các kết quả, chẩn đoán mô bệnh học của khối u nang này là gì?",Nang giả tụy.,U nang thanh dịch (SCN).,U nhú nhầy trong ống tụy (IPMN).,U nang nhầy (Mucinous Cystic Neoplasm - MCN).,,d,"Sự kết hợp của một khối u nang đa thùy ở thân/đuôi tụy, ở một phụ nữ, có CEA dịch nang cao và đặc biệt là sự hiện diện của mô đệm dạng buồng trứng trên mô bệnh học là tiêu chuẩn vàng để chẩn đoán U nang nhầy (MCN)."
noi-benh-ly-tuy-tang-case-7-2,noi,Một số bệnh lý tụy tạng,Tiêu hoá,"Bệnh nhân nữ 60 tuổi, có tiền sử viêm tụy mạn không rõ nguyên nhân, đến khám vì đau bụng và sụt cân. Nội soi dạ dày và siêu âm nội soi (EUS) phát hiện một khối u dạng nang, đa thùy, có vách dày, kích thước 4 cm ở thân tụy. Ống tụy chính không giãn. Bệnh nhân được chọc hút bằng kim nhỏ qua siêu âm nội soi (EUS-FNA). Phân tích dịch nang cho thấy nồng độ CEA rất cao. Tế bào học cho thấy các tế bào biểu mô trụ, tiết nhầy, có loạn sản độ thấp, đi kèm với mô đệm dạng ""buồng trứng"" (ovarian-like stroma).","Đặc điểm nào là ""bệnh căn"" (pathognomonic) cho chẩn đoán U nang nhầy (MCN)?",Sự hiện diện của các tế bào tiết nhầy.,Sự hiện diện của mô đệm dạng buồng trứng.,Vị trí ở thân hoặc đuôi tụy.,Nồng độ CEA trong dịch nang cao.,,b,"Mô đệm dạng buồng trứng (ovarian-like stroma) là một lớp mô đệm tế bào dày đặc, giống với mô đệm của buồng trứng, nằm ngay bên dưới lớp biểu mô tiết nhầy. Sự hiện diện của nó là dấu hiệu xác định của MCN và giúp phân biệt nó với các loại u nang khác, đặc biệt là IPMN."
noi-benh-ly-tuy-tang-case-7-3,noi,Một số bệnh lý tụy tạng,Tiêu hoá,"Bệnh nhân nữ 60 tuổi, có tiền sử viêm tụy mạn không rõ nguyên nhân, đến khám vì đau bụng và sụt cân. Nội soi dạ dày và siêu âm nội soi (EUS) phát hiện một khối u dạng nang, đa thùy, có vách dày, kích thước 4 cm ở thân tụy. Ống tụy chính không giãn. Bệnh nhân được chọc hút bằng kim nhỏ qua siêu âm nội soi (EUS-FNA). Phân tích dịch nang cho thấy nồng độ CEA rất cao. Tế bào học cho thấy các tế bào biểu mô trụ, tiết nhầy, có loạn sản độ thấp, đi kèm với mô đệm dạng ""buồng trứng"" (ovarian-like stroma).",Tại sao MCN được coi là một tổn thương tiền ung thư?,Vì nó sản xuất ra một lượng lớn hormone.,"Vì nó có thể tiến triển từ loạn sản độ thấp, qua loạn sản độ cao, và cuối cùng thành ung thư biểu mô tuyến xâm nhập.",Vì nó luôn phát triển rất nhanh.,Vì nó luôn di căn đến gan.,,b,"MCN được coi là một tổn thương tiền ác tính bắt buộc. Tất cả các MCN đều có tiềm năng trở thành ung thư theo một chuỗi diễn tiến loạn sản-ung thư. Do đó, việc chẩn đoán MCN gần như luôn là một chỉ định phẫu thuật. c.aspx?sourcedoc={186352b6-90cf-40c9-ba19-ae84e248ef20}&action=vie… 4/12"
noi-benh-ly-tuy-tang-case-7-4,noi,Một số bệnh lý tụy tạng,Tiêu hoá,"Bệnh nhân nữ 60 tuổi, có tiền sử viêm tụy mạn không rõ nguyên nhân, đến khám vì đau bụng và sụt cân. Nội soi dạ dày và siêu âm nội soi (EUS) phát hiện một khối u dạng nang, đa thùy, có vách dày, kích thước 4 cm ở thân tụy. Ống tụy chính không giãn. Bệnh nhân được chọc hút bằng kim nhỏ qua siêu âm nội soi (EUS-FNA). Phân tích dịch nang cho thấy nồng độ CEA rất cao. Tế bào học cho thấy các tế bào biểu mô trụ, tiết nhầy, có loạn sản độ thấp, đi kèm với mô đệm dạng ""buồng trứng"" (ovarian-like stroma).",Đặc điểm dịch tễ học của MCN là gì?,"Hầu như chỉ xảy ra ở phụ nữ, thường ở độ tuổi trung niên.",Thường liên quan đến hút thuốc lá.,Thường có tính chất gia đình.,Thường xảy ra ở nam giới lớn tuổi.,,a,"MCN là một bệnh lý gần như độc quyền của nữ giới (tỷ lệ nữ:nam > 20:1), thường được chẩn đoán ở độ tuổi 40-50. Vị trí phổ biến nhất là ở thân và đuôi tụy."
noi-benh-ly-tuy-tang-case-7-5,noi,Một số bệnh lý tụy tạng,Tiêu hoá,"Bệnh nhân nữ 60 tuổi, có tiền sử viêm tụy mạn không rõ nguyên nhân, đến khám vì đau bụng và sụt cân. Nội soi dạ dày và siêu âm nội soi (EUS) phát hiện một khối u dạng nang, đa thùy, có vách dày, kích thước 4 cm ở thân tụy. Ống tụy chính không giãn. Bệnh nhân được chọc hút bằng kim nhỏ qua siêu âm nội soi (EUS-FNA). Phân tích dịch nang cho thấy nồng độ CEA rất cao. Tế bào học cho thấy các tế bào biểu mô trụ, tiết nhầy, có loạn sản độ thấp, đi kèm với mô đệm dạng ""buồng trứng"" (ovarian-like stroma).",Hướng xử trí nào là phù hợp nhất cho bệnh nhân này?,Dẫn lưu nang qua nội soi.,Hóa trị. https://onedrive.live.com/personal/2672550e42ddc7d4/_layouts/15/D,Phẫu thuật cắt bỏ khối u (cắt thân và đuôi tụy).,Theo dõi bằng MRI mỗi 6 tháng.,,c,"Do tiềm năng ác tính của MCN, phẫu thuật cắt bỏ hoàn toàn khối u là phương pháp điều trị được khuyến cáo cho tất cả các bệnh nhân có thể phẫu thuật được, bất kể kích thước hay sự hiện diện của triệu chứng. Điều này giúp ngăn ngừa sự tiến triển thành ung thư xâm nhập."
noi-benh-ly-tuy-tang-case-8-1,noi,Một số bệnh lý tụy tạng,Tiêu hoá,"Bệnh nhân nam 70 tuổi, đến khám vì tiêu chảy và sụt cân. Bệnh nhân có tiền sử loét tá tràng tái phát nhiều lần dù đã điều trị bằng các thuốc PPI thông thường. Gần đây, bệnh nhân bị tiêu chảy nhiều, phân nước, lượng nhiều, không có máu, kèm theo đau bụng và sút 5 kg. Nội soi dạ dày cho thấy niêm mạc dạ dày phì đại, tăng tiết nhiều dịch acid, và có nhiều ổ loét ở cả hành tá tràng và các đoạn sau của tá tràng. Xét nghiệm máu cho thấy nồng độ Gastrin lúc đói tăng rất cao > 1000 pg/mL. Chụp CT scan bụng phát hiện một khối u nhỏ, ngấm thuốc mạnh ở vùng tam giác gastrinoma (giữa ống mật chủ, cổ tụy và tá tràng).",Chẩn đoán hội chứng nào là phù hợp nhất với bệnh nhân này?,Hội chứng carcinoid.,Hội chứng Zollinger-Ellison.,Ung thư dạ dày.,Hội chứng Verner-Morrison (VIPoma).,,b,"Bộ ba triệu chứng kinh điển của Hội chứng Zollinger- Ellison (ZES) là: (1) tăng tiết acid dạ dày; (2) loét dạ dày-tá tràng nặng, tái phát hoặc ở vị trí bất thường; và (3) khối u tiết gastrin (gastrinoma) ở tụy hoặc tá tràng. Bệnh cảnh của bệnh nhân này là cực kỳ điển hình."
noi-benh-ly-tuy-tang-case-8-2,noi,Một số bệnh lý tụy tạng,Tiêu hoá,"Bệnh nhân nam 70 tuổi, đến khám vì tiêu chảy và sụt cân. Bệnh nhân có tiền sử loét tá tràng tái phát nhiều lần dù đã điều trị bằng các thuốc PPI thông thường. Gần đây, bệnh nhân bị tiêu chảy nhiều, phân nước, lượng nhiều, không có máu, kèm theo đau bụng và sút 5 kg. Nội soi dạ dày cho thấy niêm mạc dạ dày phì đại, tăng tiết nhiều dịch acid, và có nhiều ổ loét ở cả hành tá tràng và các đoạn sau của tá tràng. Xét nghiệm máu cho thấy nồng độ Gastrin lúc đói tăng rất cao > 1000 pg/mL. Chụp CT scan bụng phát hiện một khối u nhỏ, ngấm thuốc mạnh ở vùng tam giác gastrinoma (giữa ống mật chủ, cổ tụy và tá tràng).",Cơ chế bệnh sinh gây ra các triệu chứng của hội chứng này là gì?,"Tình trạng tăng tiết quá mức gastrin từ một khối u (gastrinoma), dẫn đến tăng sản tế bào thành và tăng tiết acid dạ dày.",Tình trạng tăng tiết Vasoactive Intestinal Peptide (VIP) gây tiêu chảy tiết dịch.,Tình trạng tăng tiết serotonin từ một khối u thần kinh nội tiết.,Nhiễm trùng H. pylori nặng.,,a,"Đây là cơ chế cốt lõi của ZES. Khối u gastrinoma (một loại u thần kinh nội tiết) hoạt động một cách tự chủ, tiết ra một lượng lớn gastrin không bị kiểm soát. Gastrin kích thích các tế bào thành của dạ dày tăng sản và tiết ra một lượng acid clohydric khổng lồ."
noi-benh-ly-tuy-tang-case-8-3,noi,Một số bệnh lý tụy tạng,Tiêu hoá,"Bệnh nhân nam 70 tuổi, đến khám vì tiêu chảy và sụt cân. Bệnh nhân có tiền sử loét tá tràng tái phát nhiều lần dù đã điều trị bằng các thuốc PPI thông thường. Gần đây, bệnh nhân bị tiêu chảy nhiều, phân nước, lượng nhiều, không có máu, kèm theo đau bụng và sút 5 kg. Nội soi dạ dày cho thấy niêm mạc dạ dày phì đại, tăng tiết nhiều dịch acid, và có nhiều ổ loét ở cả hành tá tràng và các đoạn sau của tá tràng. Xét nghiệm máu cho thấy nồng độ Gastrin lúc đói tăng rất cao > 1000 pg/mL. Chụp CT scan bụng phát hiện một khối u nhỏ, ngấm thuốc mạnh ở vùng tam giác gastrinoma (giữa ống mật chủ, cổ tụy và tá tràng).",Tại sao bệnh nhân lại bị tiêu chảy và kém hấp thu?,Do khối u chèn ép vào ống tụy.,Do tình trạng tăng nhu động ruột.,Do nhiễm trùng cơ hội.,Do lượng acid quá lớn đổ xuống ruột non làm bất hoạt các men tụy và gây tổn thương niêm mạc ruột.,,d,"Lượng acid lớn từ dạ dày đổ xuống tá tràng và ruột non làm giảm độ pH trong lòng ruột xuống rất thấp. Môi trường acid này sẽ làm bất hoạt các men tụy (đặc biệt là lipase, vốn cần môi trường kiềm để hoạt động), gây kém hấp thu mỡ (phân mỡ). Ngoài ra, acid còn gây tổn thương trực tiếp niêm mạc ruột, làm giảm diện tích hấp thu và tăng tiết dịch, góp phần gây tiêu chảy."
noi-benh-ly-tuy-tang-case-8-4,noi,Một số bệnh lý tụy tạng,Tiêu hoá,"Bệnh nhân nam 70 tuổi, đến khám vì tiêu chảy và sụt cân. Bệnh nhân có tiền sử loét tá tràng tái phát nhiều lần dù đã điều trị bằng các thuốc PPI thông thường. Gần đây, bệnh nhân bị tiêu chảy nhiều, phân nước, lượng nhiều, không có máu, kèm theo đau bụng và sút 5 kg. Nội soi dạ dày cho thấy niêm mạc dạ dày phì đại, tăng tiết nhiều dịch acid, và có nhiều ổ loét ở cả hành tá tràng và các đoạn sau của tá tràng. Xét nghiệm máu cho thấy nồng độ Gastrin lúc đói tăng rất cao > 1000 pg/mL. Chụp CT scan bụng phát hiện một khối u nhỏ, ngấm thuốc mạnh ở vùng tam giác gastrinoma (giữa ống mật chủ, cổ tụy và tá tràng).",Hội chứng Zollinger-Ellison có thể là một phần của hội chứng đa u nội tiết di truyền nào?,MEN 2B.,MEN 2A.,MEN 1 (Multiple Endocrine Neoplasia type 1).,Bệnh von Hippel-Lindau.,,c,"Khoảng 25% các trường hợp gastrinoma là một phần của hội chứng MEN 1, một bệnh di truyền trội đặc trưng bởi các khối u ở tuyến cận giáp (gây cường cận giáp), tuyến yên và tụy (gastrinoma, insulinoma...). Do đó, tất cả các bệnh nhân ZES cần được sàng lọc MEN 1."
noi-benh-ly-tuy-tang-case-8-5,noi,Một số bệnh lý tụy tạng,Tiêu hoá,"Bệnh nhân nam 70 tuổi, đến khám vì tiêu chảy và sụt cân. Bệnh nhân có tiền sử loét tá tràng tái phát nhiều lần dù đã điều trị bằng các thuốc PPI thông thường. Gần đây, bệnh nhân bị tiêu chảy nhiều, phân nước, lượng nhiều, không có máu, kèm theo đau bụng và sút 5 kg. Nội soi dạ dày cho thấy niêm mạc dạ dày phì đại, tăng tiết nhiều dịch acid, và có nhiều ổ loét ở cả hành tá tràng và các đoạn sau của tá tràng. Xét nghiệm máu cho thấy nồng độ Gastrin lúc đói tăng rất cao > 1000 pg/mL. Chụp CT scan bụng phát hiện một khối u nhỏ, ngấm thuốc mạnh ở vùng tam giác gastrinoma (giữa ống mật chủ, cổ tụy và tá tràng).",Nền tảng của việc điều trị triệu chứng cho bệnh nhân này là gì?,Dùng thuốc kháng histamin H2.,Dùng thuốc ức chế bơm proton (PPI) liều cao.,Hóa trị.,Phẫu thuật cắt toàn bộ dạ dày.,,b,Mục tiêu điều trị triệu chứng là kiểm soát tình trạng tăng tiết acid. Thuốc ức chế bơm proton (PPI) là liệu pháp hiệu quả nhất. Bệnh nhân ZES thường cần liều PPI cao hơn nhiều so với liều điều trị loét thông thường để có thể ức chế hiệu quả lượng acid khổng lồ được tiết ra.
noi-benh-ly-tuy-tang-case-9-1,noi,Một số bệnh lý tụy tạng,Tiêu hoá,"Bệnh nhân nữ 50 tuổi, tiền sử viêm tụy cấp hoại tử cách đây 6 tháng. Hiện tại, bệnh nhân cảm thấy bụng chướng dần, no sớm và đôi khi sờ thấy một khối ở vùng thượng vị. Bệnh nhân không sốt, không đau bụng nhiều. Siêu âm bụng cho thấy một cấu trúc dạng nang lớn, vỏ mỏng, thành đều, chứa dịch trong, không có vách hay nốt đặc, kích thước 8x10 cm, nằm ở vùng thân tụy và chèn ép vào mặt sau dạ dày. Khối u này không có ở lần siêu âm trước khi bị viêm tụy cấp. Chụp MRI xác nhận đây là một ổ tụ dịch đơn thuần, có vỏ bao rõ và không thông với ống tụy chính.",Biến chứng muộn của viêm tụy cấp mà bệnh nhân này gặp phải là gì?,Ung thư tụy.,Nang giả tụy (Pseudocyst).,Tắc tĩnh mạch lách.,Hoại tử có vách (WON).,,b,"Nang giả tụy là biến chứng tụ dịch thường gặp nhất sau viêm tụy cấp, thường xuất hiện sau 4 tuần. Bệnh cảnh một khối nang mới xuất hiện sau một đợt viêm tụy cấp, có hình ảnh dịch trong, vỏ mỏng là rất điển hình."
noi-benh-ly-tuy-tang-case-9-2,noi,Một số bệnh lý tụy tạng,Tiêu hoá,"Bệnh nhân nữ 50 tuổi, tiền sử viêm tụy cấp hoại tử cách đây 6 tháng. Hiện tại, bệnh nhân cảm thấy bụng chướng dần, no sớm và đôi khi sờ thấy một khối ở vùng thượng vị. Bệnh nhân không sốt, không đau bụng nhiều. Siêu âm bụng cho thấy một cấu trúc dạng nang lớn, vỏ mỏng, thành đều, chứa dịch trong, không có vách hay nốt đặc, kích thước 8x10 cm, nằm ở vùng thân tụy và chèn ép vào mặt sau dạ dày. Khối u này không có ở lần siêu âm trước khi bị viêm tụy cấp. Chụp MRI xác nhận đây là một ổ tụ dịch đơn thuần, có vỏ bao rõ và không thông với ống tụy chính.",Cơ chế chính hình thành nang giả tụy sau viêm tụy cấp là gì?,"Do sự vỡ hoặc rò rỉ của một ống tụy, khiến dịch tụy giàu enzyme thoát ra và bị khu trú lại bởi một lớp vỏ bao không có lớp lót biểu mô.",Do sự hóa lỏng của một vùng tụy bị hoại tử.,Do sự tắc nghẽn của hệ thống bạch huyết quanh tụy.,Do một khối u nang có sẵn bị viêm.,,a,"Viêm tụy cấp có thể gây tổn thương và làm vỡ các ống tụy. Dịch tụy giàu enzyme sẽ thoát ra các mô xung quanh. Cơ thể phản ứng lại bằng cách tạo ra một phản ứng viêm, hình thành một bức tường bằng mô hạt và mô xơ để bao bọc và khu trú ổ dịch này lại, tạo thành nang giả tụy. c.aspx?sourcedoc={186352b6-90cf-40c9-ba19-ae84e248ef20}&action=vie… 5/12"
noi-benh-ly-tuy-tang-case-9-3,noi,Một số bệnh lý tụy tạng,Tiêu hoá,"Bệnh nhân nữ 50 tuổi, tiền sử viêm tụy cấp hoại tử cách đây 6 tháng. Hiện tại, bệnh nhân cảm thấy bụng chướng dần, no sớm và đôi khi sờ thấy một khối ở vùng thượng vị. Bệnh nhân không sốt, không đau bụng nhiều. Siêu âm bụng cho thấy một cấu trúc dạng nang lớn, vỏ mỏng, thành đều, chứa dịch trong, không có vách hay nốt đặc, kích thước 8x10 cm, nằm ở vùng thân tụy và chèn ép vào mặt sau dạ dày. Khối u này không có ở lần siêu âm trước khi bị viêm tụy cấp. Chụp MRI xác nhận đây là một ổ tụ dịch đơn thuần, có vỏ bao rõ và không thông với ống tụy chính.","Tên gọi ""nang giả"" (pseudocyst) có ý nghĩa gì?",Nang không nằm ở tụy.,Nang có thể tự biến mất.,"Vách của nang được tạo thành bởi mô hạt và mô xơ, không có lớp lót biểu mô thực sự như các nang thật (true cyst). https://onedrive.live.com/personal/2672550e42ddc7d4/_layouts/15/D",Nang không chứa dịch thực sự.,,c,"Đây là định nghĩa về mặt giải phẫu bệnh. Các nang thật (true cysts) như u nang thanh dịch hay u nang nhầy có một lớp lót bằng các tế bào biểu mô. Nang giả tụy không có lớp lót này, vách của nó chỉ là mô viêm và mô xơ."
noi-benh-ly-tuy-tang-case-9-4,noi,Một số bệnh lý tụy tạng,Tiêu hoá,"Bệnh nhân nữ 50 tuổi, tiền sử viêm tụy cấp hoại tử cách đây 6 tháng. Hiện tại, bệnh nhân cảm thấy bụng chướng dần, no sớm và đôi khi sờ thấy một khối ở vùng thượng vị. Bệnh nhân không sốt, không đau bụng nhiều. Siêu âm bụng cho thấy một cấu trúc dạng nang lớn, vỏ mỏng, thành đều, chứa dịch trong, không có vách hay nốt đặc, kích thước 8x10 cm, nằm ở vùng thân tụy và chèn ép vào mặt sau dạ dày. Khối u này không có ở lần siêu âm trước khi bị viêm tụy cấp. Chụp MRI xác nhận đây là một ổ tụ dịch đơn thuần, có vỏ bao rõ và không thông với ống tụy chính.",Can thiệp dẫn lưu nang giả tụy được chỉ định trong trường hợp nào?,Tất cả các nang giả tụy đều cần được dẫn lưu.,"Khi nang gây ra các triệu chứng (đau, no sớm, tắc nghẽn), nhiễm trùng, hoặc phát triển nhanh.",Khi nang có kích thước > 4 cm.,Khi nang tồn tại > 6 tuần.,,b,"Hầu hết các nang giả tụy không có triệu chứng và có kích thước nhỏ có thể tự thoái triển và không cần can thiệp. Chỉ định can thiệp (dẫn lưu) chỉ được đặt ra khi nang gây ra triệu chứng do chèn ép, hoặc có các biến chứng như nhiễm trùng, chảy máu, hoặc vỡ. Kích thước và thời gian tồn tại là các yếu tố xem xét nhưng không phải là chỉ định tuyệt đối."
noi-benh-ly-tuy-tang-case-9-5,noi,Một số bệnh lý tụy tạng,Tiêu hoá,"Bệnh nhân nữ 50 tuổi, tiền sử viêm tụy cấp hoại tử cách đây 6 tháng. Hiện tại, bệnh nhân cảm thấy bụng chướng dần, no sớm và đôi khi sờ thấy một khối ở vùng thượng vị. Bệnh nhân không sốt, không đau bụng nhiều. Siêu âm bụng cho thấy một cấu trúc dạng nang lớn, vỏ mỏng, thành đều, chứa dịch trong, không có vách hay nốt đặc, kích thước 8x10 cm, nằm ở vùng thân tụy và chèn ép vào mặt sau dạ dày. Khối u này không có ở lần siêu âm trước khi bị viêm tụy cấp. Chụp MRI xác nhận đây là một ổ tụ dịch đơn thuần, có vỏ bao rõ và không thông với ống tụy chính.",Phương pháp dẫn lưu nang giả tụy vào dạ dày hoặc tá tràng qua ngả nội soi được gọi là gì?,Dẫn lưu xuyên thành qua nội soi (Endoscopic transmural drainage).,ERCP.,Đặt stent ống tụy.,Cắt nang qua nội soi.,,a,"Đây là phương pháp can thiệp ít xâm lấn và hiệu quả. Bác sĩ sẽ dùng siêu âm nội soi để xác định vị trí tối ưu, sau đó tạo một đường thông trực tiếp từ lòng dạ dày hoặc tá tràng vào trong nang. Các stent (thường là stent nhựa hoặc stent kim loại) sẽ được đặt qua đường thông này để giữ cho nó mở, cho phép dịch trong nang chảy vào ống tiêu hóa và được hấp thu."
noi-benh-ly-tuy-tang-case-10-1,noi,Một số bệnh lý tụy tạng,Tiêu hoá,"Bệnh nhân nữ 35 tuổi, được chẩn đoán viêm tụy tự miễn type 1 (là một phần của bệnh lý IgG4 hệ thống). Bệnh nhân có biểu hiện vàng da tắc mật và hình ảnh ""tụy hình xúc xích"" trên CT scan. Nồng độ IgG4 huyết thanh tăng cao. Bệnh nhân được điều trị bằng một đợt corticoid liều cao và các triệu chứng cải thiện ngoạn mục, hình ảnh tụy gần như trở về bình thường.",Viêm tụy tự miễn (AIP) là một dạng hiếm gặp của bệnh lý nào?,Viêm tụy cấp.,Viêm tụy mạn.,U nang tụy.,Rối loạn chức năng cơ vòng Oddi.,,b,"Viêm tụy tự miễn được xếp vào một thể riêng biệt của viêm tụy mạn. Nó có các đặc điểm lâm sàng, hình ảnh học và mô bệnh học khác biệt so với viêm tụy mạn do rượu hay sỏi mật."
noi-benh-ly-tuy-tang-case-10-2,noi,Một số bệnh lý tụy tạng,Tiêu hoá,"Bệnh nhân nữ 35 tuổi, được chẩn đoán viêm tụy tự miễn type 1 (là một phần của bệnh lý IgG4 hệ thống). Bệnh nhân có biểu hiện vàng da tắc mật và hình ảnh ""tụy hình xúc xích"" trên CT scan. Nồng độ IgG4 huyết thanh tăng cao. Bệnh nhân được điều trị bằng một đợt corticoid liều cao và các triệu chứng cải thiện ngoạn mục, hình ảnh tụy gần như trở về bình thường.",Cơ chế bệnh sinh của viêm tụy tự miễn type 1 là gì?,Sự hình thành các kháng thể chống lại enzyme tụy.,Một phản ứng viêm khu trú tại tụy do các tế bào T độc.,"Một tình trạng viêm hệ thống qua trung gian IgG4, đặc trưng bởi sự thâm nhiễm của các tương bào dương tính với IgG4 và xơ hóa lan tỏa.",Sự lắng đọng của phức hợp miễn dịch trong nhu mô tụy.,,c,"AIP type 1 là biểu hiện tại tụy của một bệnh hệ thống gọi là ""Bệnh lý liên quan đến IgG4"". Bệnh này đặc trưng bởi sự thâm nhiễm của các tế bào viêm, đặc biệt là các tương bào sản xuất IgG4, vào các cơ quan khác nhau, gây ra tình trạng viêm, sưng và xơ hóa dạng xoáy lốc (storiform fibrosis)."
noi-benh-ly-tuy-tang-case-10-3,noi,Một số bệnh lý tụy tạng,Tiêu hoá,"Bệnh nhân nữ 35 tuổi, được chẩn đoán viêm tụy tự miễn type 1 (là một phần của bệnh lý IgG4 hệ thống). Bệnh nhân có biểu hiện vàng da tắc mật và hình ảnh ""tụy hình xúc xích"" trên CT scan. Nồng độ IgG4 huyết thanh tăng cao. Bệnh nhân được điều trị bằng một đợt corticoid liều cao và các triệu chứng cải thiện ngoạn mục, hình ảnh tụy gần như trở về bình thường.",Đặc điểm nào sau đây là gợi ý mạnh mẽ nhất đến chẩn đoán Viêm tụy tự miễn thay vì ung thư tụy?,"Hình ảnh ""ống trong ống"" (duct-in-duct) ở ống tụy chính trên ERCP.",Bệnh nhân có vàng da tắc mật.,Bệnh nhân có sụt cân.,Đáp ứng nhanh và ngoạn mục với liệu pháp corticoid.,,d,"Viêm tụy tự miễn thường bị chẩn đoán nhầm với ung thư tụy vì cả hai đều có thể gây ra một khối ở đầu tụy và gây vàng da tắc mật. Tuy nhiên, một đặc điểm cực kỳ quan trọng và đặc trưng của AIP là sự đáp ứng rất tốt với corticoid. Việc điều trị thử bằng steroid đôi khi được sử dụng như một công cụ chẩn đoán trong các trường hợp khó."
noi-benh-ly-tuy-tang-case-10-4,noi,Một số bệnh lý tụy tạng,Tiêu hoá,"Bệnh nhân nữ 35 tuổi, được chẩn đoán viêm tụy tự miễn type 1 (là một phần của bệnh lý IgG4 hệ thống). Bệnh nhân có biểu hiện vàng da tắc mật và hình ảnh ""tụy hình xúc xích"" trên CT scan. Nồng độ IgG4 huyết thanh tăng cao. Bệnh nhân được điều trị bằng một đợt corticoid liều cao và các triệu chứng cải thiện ngoạn mục, hình ảnh tụy gần như trở về bình thường.",Bệnh lý liên quan đến IgG4 có thể ảnh hưởng đến cơ quan nào khác ngoài tụy?,Chỉ ảnh hưởng đến tụy.,"Đường mật (gây viêm đường mật xơ hóa liên quan đến IgG4), tuyến nước bọt, khoang sau phúc mạc...",Chỉ ảnh hưởng đến da.,Chỉ ảnh hưởng đến các khớp.,,b,"Bệnh liên quan đến IgG4 là một bệnh hệ thống. Ngoài tụy, nó có thể ảnh hưởng đến gần như mọi cơ quan, gây ra các bệnh cảnh như viêm đường mật xơ hóa, viêm tuyến nước bọt và tuyến lệ (hội chứng Mikulicz), xơ hóa sau phúc mạc, viêm động mạch chủ..."
noi-benh-ly-tuy-tang-case-10-5,noi,Một số bệnh lý tụy tạng,Tiêu hoá,"Bệnh nhân nữ 35 tuổi, được chẩn đoán viêm tụy tự miễn type 1 (là một phần của bệnh lý IgG4 hệ thống). Bệnh nhân có biểu hiện vàng da tắc mật và hình ảnh ""tụy hình xúc xích"" trên CT scan. Nồng độ IgG4 huyết thanh tăng cao. Bệnh nhân được điều trị bằng một đợt corticoid liều cao và các triệu chứng cải thiện ngoạn mục, hình ảnh tụy gần như trở về bình thường.",Nền tảng của điều trị để gây lui bệnh trong Viêm tụy tự miễn type 1 là gì?,Phẫu thuật Whipple.,Kháng sinh.,Bổ sung enzyme tụy.,Liệu pháp corticoid.,,d,"Liệu pháp corticoid (ví dụ: Prednisolone) là nền tảng của điều trị và có hiệu quả rất cao trong việc gây lui bệnh ở AIP type 1. Hầu hết bệnh nhân đều có sự cải thiện nhanh chóng về triệu chứng, xét nghiệm và hình ảnh học sau khi bắt đầu điều trị."
noi-benh-ly-tuy-tang-case-11-1,noi,Một số bệnh lý tụy tạng,Tiêu hoá,"Bệnh nhân nữ 55 tuổi, béo phì (BMI 29 kg/m²), vào viện vì đau dữ dội vùng thượng vị khởi phát đột ngột sau bữa ăn thịnh soạn 12 giờ, đau lan ra sau lưng, kèm nôn nhiều lần ra thức ăn cũ không lẫn máu. Tiền sử chưa ghi nhận bệnh lý nội khoa, không hút thuốc, không uống rượu. Khám lâm sàng: bệnh nhân tỉnh, vật vã do đau, mạch 110 lần/phút, huyết áp 140/90 mmHg, nhịp thở 22 lần/phút, nhiệt độ 37.8°C. Bụng trướng vừa, ấn đau nhiều vùng thượng vị, không có phản ứng thành bụng, dấu hiệu Murphy âm tính, nhu động ruột giảm. Không vàng da, không xuất huyết dưới da. Xét nghiệm: Bạch cầu 14 G/L, Amylase máu 1200 U/L (bình thường <100), Lipase 3500 U/L (bình thường <60), ALT 180 U/L (bình thường <40), AST 90 U/L, Bilirubin toàn phần 25 μmol/L, Triglyceride 1.8 mmol/L, Canxi máu 2.2 mmol/L. Siêu âm ổ bụng thấy tụy tăng kích thước, túi mật có sỏi 1 cm không gây tắc cổ, đường mật trong và ngoài gan không giãn. https://onedrive.live.com/personal/2672550e42ddc7d4/_layouts/15/D",Định hướng nguyên nhân phù hợp nhất gây ra tình trạng bệnh lý cấp tính ở bệnh nhân này là gì?,Nhồi máu mạc treo ruột cấp.,Viêm túi mật cấp tính do sỏi.,Viêm tụy cấp do sỏi mật.,Viêm tụy cấp do tăng lipid máu.,,c,"Bệnh cảnh đau bụng thượng vị điển hình, Amylase/Lipase tăng rất cao > 3 lần giá trị bình thường trên cơ địa béo phì có sỏi túi mật. Men ALT tăng cao gợi ý sỏi mật rơi c.aspx?sourcedoc={186352b6-90cf-40c9-ba19-ae84e248ef20}&action=vie… 6/12 xuống gây viêm tụy cấp trước khi trôi qua. Viêm túi mật cấp ít khi làm Lipase tăng hàng nghìn đơn vị."
noi-benh-ly-tuy-tang-case-11-2,noi,Một số bệnh lý tụy tạng,Tiêu hoá,"Bệnh nhân nữ 55 tuổi, béo phì (BMI 29 kg/m²), vào viện vì đau dữ dội vùng thượng vị khởi phát đột ngột sau bữa ăn thịnh soạn 12 giờ, đau lan ra sau lưng, kèm nôn nhiều lần ra thức ăn cũ không lẫn máu. Tiền sử chưa ghi nhận bệnh lý nội khoa, không hút thuốc, không uống rượu. Khám lâm sàng: bệnh nhân tỉnh, vật vã do đau, mạch 110 lần/phút, huyết áp 140/90 mmHg, nhịp thở 22 lần/phút, nhiệt độ 37.8°C. Bụng trướng vừa, ấn đau nhiều vùng thượng vị, không có phản ứng thành bụng, dấu hiệu Murphy âm tính, nhu động ruột giảm. Không vàng da, không xuất huyết dưới da. Xét nghiệm: Bạch cầu 14 G/L, Amylase máu 1200 U/L (bình thường <100), Lipase 3500 U/L (bình thường <60), ALT 180 U/L (bình thường <40), AST 90 U/L, Bilirubin toàn phần 25 μmol/L, Triglyceride 1.8 mmol/L, Canxi máu 2.2 mmol/L. Siêu âm ổ bụng thấy tụy tăng kích thước, túi mật có sỏi 1 cm không gây tắc cổ, đường mật trong và ngoài gan không giãn. https://onedrive.live.com/personal/2672550e42ddc7d4/_layouts/15/D",Sự gia tăng của chỉ số ALT > 150 U/L trong bệnh cảnh này gợi ý cơ chế sinh lý bệnh nào?,Tắc nghẽn thoáng qua bóng Vater.,Hoại tử tế bào gan cấp tính diện rộng.,Nhiễm độc gan do rượu mạn tính.,Tổn thương vi mạch máu tụy tạng.,,a,"Một phân tích kinh điển chỉ ra rằng ở bệnh nhân viêm tụy cấp, mức ALT > 150 U/L (tăng gấp 3 lần giới hạn trên) có giá trị dự đoán nguyên nhân do sỏi mật (tắc nghẽn thoáng qua đường mật) với độ đặc hiệu lên tới 96%."
noi-benh-ly-tuy-tang-case-11-3,noi,Một số bệnh lý tụy tạng,Tiêu hoá,"Bệnh nhân nữ 55 tuổi, béo phì (BMI 29 kg/m²), vào viện vì đau dữ dội vùng thượng vị khởi phát đột ngột sau bữa ăn thịnh soạn 12 giờ, đau lan ra sau lưng, kèm nôn nhiều lần ra thức ăn cũ không lẫn máu. Tiền sử chưa ghi nhận bệnh lý nội khoa, không hút thuốc, không uống rượu. Khám lâm sàng: bệnh nhân tỉnh, vật vã do đau, mạch 110 lần/phút, huyết áp 140/90 mmHg, nhịp thở 22 lần/phút, nhiệt độ 37.8°C. Bụng trướng vừa, ấn đau nhiều vùng thượng vị, không có phản ứng thành bụng, dấu hiệu Murphy âm tính, nhu động ruột giảm. Không vàng da, không xuất huyết dưới da. Xét nghiệm: Bạch cầu 14 G/L, Amylase máu 1200 U/L (bình thường <100), Lipase 3500 U/L (bình thường <60), ALT 180 U/L (bình thường <40), AST 90 U/L, Bilirubin toàn phần 25 μmol/L, Triglyceride 1.8 mmol/L, Canxi máu 2.2 mmol/L. Siêu âm ổ bụng thấy tụy tăng kích thước, túi mật có sỏi 1 cm không gây tắc cổ, đường mật trong và ngoài gan không giãn. https://onedrive.live.com/personal/2672550e42ddc7d4/_layouts/15/D","Ở thời điểm hiện tại, thăm dò cận lâm sàng nào tiếp theo có giá trị nhất để đánh giá mức độ hoại tử nhu mô tụy?",Chụp cộng hưởng từ đường mật.,Chụp X-quang bụng đứng không chuẩn bị.,Chụp cắt lớp vi tính bụng có cản quang.,Siêu âm nội soi đường tiêu hóa.,,c,"Chụp cắt lớp vi tính (CT) bụng có tiêm thuốc cản quang tĩnh mạch là tiêu chuẩn vàng để đánh giá mức độ viêm, sự lan rộng của dịch và tỷ lệ hoại tử nhu mô tụy. Tuy nhiên, thường được khuyến cáo thực hiện sau 48-72 giờ kể từ khi khởi phát đau để hoại tử hiện rõ."
noi-benh-ly-tuy-tang-case-11-4,noi,Một số bệnh lý tụy tạng,Tiêu hoá,"Bệnh nhân nữ 55 tuổi, béo phì (BMI 29 kg/m²), vào viện vì đau dữ dội vùng thượng vị khởi phát đột ngột sau bữa ăn thịnh soạn 12 giờ, đau lan ra sau lưng, kèm nôn nhiều lần ra thức ăn cũ không lẫn máu. Tiền sử chưa ghi nhận bệnh lý nội khoa, không hút thuốc, không uống rượu. Khám lâm sàng: bệnh nhân tỉnh, vật vã do đau, mạch 110 lần/phút, huyết áp 140/90 mmHg, nhịp thở 22 lần/phút, nhiệt độ 37.8°C. Bụng trướng vừa, ấn đau nhiều vùng thượng vị, không có phản ứng thành bụng, dấu hiệu Murphy âm tính, nhu động ruột giảm. Không vàng da, không xuất huyết dưới da. Xét nghiệm: Bạch cầu 14 G/L, Amylase máu 1200 U/L (bình thường <100), Lipase 3500 U/L (bình thường <60), ALT 180 U/L (bình thường <40), AST 90 U/L, Bilirubin toàn phần 25 μmol/L, Triglyceride 1.8 mmol/L, Canxi máu 2.2 mmol/L. Siêu âm ổ bụng thấy tụy tăng kích thước, túi mật có sỏi 1 cm không gây tắc cổ, đường mật trong và ngoài gan không giãn. https://onedrive.live.com/personal/2672550e42ddc7d4/_layouts/15/D","Trong 24 giờ đầu, can thiệp điều trị nào sau đây đóng vai trò nền tảng và quan trọng nhất?",Lọc máu liên tục tĩnh mạch - tĩnh mạch.,Phẫu thuật cắt túi mật cấp cứu.,Bù dịch tinh thể truyền tĩnh mạch.,Tiêm tĩnh mạch kháng sinh dự phòng.,,c,"Bù dịch tích cực trong 12- 24 giờ đầu là nguyên tắc điều trị sống còn trong viêm tụy cấp nhằm duy trì tưới máu vi mạch tụy, ngăn ngừa hoại tử và hội chứng đáp ứng viêm hệ thống (SIRS). Kháng sinh dự phòng và phẫu thuật cắt túi mật sớm trong 24 giờ đầu không được khuyến cáo."
noi-benh-ly-tuy-tang-case-11-5,noi,Một số bệnh lý tụy tạng,Tiêu hoá,"Bệnh nhân nữ 55 tuổi, béo phì (BMI 29 kg/m²), vào viện vì đau dữ dội vùng thượng vị khởi phát đột ngột sau bữa ăn thịnh soạn 12 giờ, đau lan ra sau lưng, kèm nôn nhiều lần ra thức ăn cũ không lẫn máu. Tiền sử chưa ghi nhận bệnh lý nội khoa, không hút thuốc, không uống rượu. Khám lâm sàng: bệnh nhân tỉnh, vật vã do đau, mạch 110 lần/phút, huyết áp 140/90 mmHg, nhịp thở 22 lần/phút, nhiệt độ 37.8°C. Bụng trướng vừa, ấn đau nhiều vùng thượng vị, không có phản ứng thành bụng, dấu hiệu Murphy âm tính, nhu động ruột giảm. Không vàng da, không xuất huyết dưới da. Xét nghiệm: Bạch cầu 14 G/L, Amylase máu 1200 U/L (bình thường <100), Lipase 3500 U/L (bình thường <60), ALT 180 U/L (bình thường <40), AST 90 U/L, Bilirubin toàn phần 25 μmol/L, Triglyceride 1.8 mmol/L, Canxi máu 2.2 mmol/L. Siêu âm ổ bụng thấy tụy tăng kích thước, túi mật có sỏi 1 cm không gây tắc cổ, đường mật trong và ngoài gan không giãn. https://onedrive.live.com/personal/2672550e42ddc7d4/_layouts/15/D","Sau 4 ngày điều trị, bệnh nhân xuất hiện sốt 39°C, đau bụng tăng lên. Chụp CT lại phát hiện khối dịch bao quanh tụy có chứa bọt khí. Chẩn đoán biến chứng nào được nghĩ đến nhiều nhất?",Hoại tử tụy nhiễm trùng.,Nang giả tụy bội nhiễm.,Huyết khối tĩnh mạch cửa.,Ổ đọng dịch quanh tụy cấp tính.,,a,"Khối dịch có chứa ""bọt khí"" (gas) trên phim CT ở bệnh nhân viêm tụy cấp có sốt và lâm sàng xấu đi là dấu hiệu đặc trưng khẳng định tình trạng hoại tử tụy nhiễm trùng, đòi hỏi phải can thiệp dẫn lưu hoặc dùng kháng sinh đặc hiệu thâm nhập mô tụy tốt."
noi-benh-ly-tuy-tang-case-12-1,noi,Một số bệnh lý tụy tạng,Tiêu hoá,"Bệnh nhân nam 42 tuổi, tiền sử đái tháo đường type 2 không kiểm soát tốt, béo phì (BMI 31 kg/m²), vào viện vì đau quặn thượng vị liên tục 6 giờ, lan ra sau lưng, kèm buồn nôn nhiều. Khám lâm sàng: mạch 100 lần/phút, huyết áp 130/80 mmHg, nhịp thở 20 lần/phút, SpO₂ 98%, bụng trướng nhẹ, ấn đau vùng thượng vị, không có phản ứng thành bụng. Da có các nốt sẩn vàng (eruptive xanthomas) ở mặt duỗi hai cẳng tay. Không sốt, không vàng da. Xét nghiệm: Amylase máu 90 U/L (bình thường < 100), Lipase máu 850 U/L (bình thường < 60), đường huyết mao mạch 18 mmol/L, Canxi máu 2.1 mmol/L. Huyết thanh lấy ra đục như sữa. Siêu âm ổ bụng khó quan sát tụy do nhiều hơi, túi mật không có sỏi, đường mật không giãn.",Đặc điểm lâm sàng và xét nghiệm của bệnh nhân phù hợp với chẩn đoán nào?,Cơn nhồi máu cơ tim thành dưới.,Viêm tụy cấp do sỏi mật.,Cơn đau quặn mật do bùn mật.,Viêm tụy cấp do tăng triglyceride.,,d,"Viêm tụy cấp do tăng Triglyceride (HTG-AP) là nguyên nhân phổ biến thứ 3. Bệnh nhân có yếu tố rủi ro điển hình: béo phì, đái tháo đường kém kiểm soát, nốt sẩn vàng trên da, và huyết thanh đục như sữa (lactescent serum)."
noi-benh-ly-tuy-tang-case-12-2,noi,Một số bệnh lý tụy tạng,Tiêu hoá,"Bệnh nhân nam 42 tuổi, tiền sử đái tháo đường type 2 không kiểm soát tốt, béo phì (BMI 31 kg/m²), vào viện vì đau quặn thượng vị liên tục 6 giờ, lan ra sau lưng, kèm buồn nôn nhiều. Khám lâm sàng: mạch 100 lần/phút, huyết áp 130/80 mmHg, nhịp thở 20 lần/phút, SpO₂ 98%, bụng trướng nhẹ, ấn đau vùng thượng vị, không có phản ứng thành bụng. Da có các nốt sẩn vàng (eruptive xanthomas) ở mặt duỗi hai cẳng tay. Không sốt, không vàng da. Xét nghiệm: Amylase máu 90 U/L (bình thường < 100), Lipase máu 850 U/L (bình thường < 60), đường huyết mao mạch 18 mmol/L, Canxi máu 2.1 mmol/L. Huyết thanh lấy ra đục như sữa. Siêu âm ổ bụng khó quan sát tụy do nhiều hơi, túi mật không có sỏi, đường mật không giãn.",Hiện tượng chỉ số Amylase máu ở mức bình thường trong khi Lipase tăng cao ở bệnh nhân này được giải thích bởi nguyên nhân nào?,Amylase bị phá hủy bởi men tiêu protein trong máu.,Huyết thanh đục gây nhiễu phương pháp đo quang.,Thận tăng cường đào thải Amylase qua nước tiểu.,Tụy đã suy kiệt hoàn toàn khả năng tiết Amylase.,,b,"Ở bệnh nhân HTG-AP, nồng độ lipid trong máu quá cao (huyết thanh đục) sẽ cản trở quá trình đo lường bằng phương pháp quang phổ, dẫn đến kết quả Amylase máu bị thấp giả tạo. Lipase máu đặc hiệu hơn cho mô tụy và ít bị ảnh hưởng hơn bởi hiện tượng này."
noi-benh-ly-tuy-tang-case-12-3,noi,Một số bệnh lý tụy tạng,Tiêu hoá,"Bệnh nhân nam 42 tuổi, tiền sử đái tháo đường type 2 không kiểm soát tốt, béo phì (BMI 31 kg/m²), vào viện vì đau quặn thượng vị liên tục 6 giờ, lan ra sau lưng, kèm buồn nôn nhiều. Khám lâm sàng: mạch 100 lần/phút, huyết áp 130/80 mmHg, nhịp thở 20 lần/phút, SpO₂ 98%, bụng trướng nhẹ, ấn đau vùng thượng vị, không có phản ứng thành bụng. Da có các nốt sẩn vàng (eruptive xanthomas) ở mặt duỗi hai cẳng tay. Không sốt, không vàng da. Xét nghiệm: Amylase máu 90 U/L (bình thường < 100), Lipase máu 850 U/L (bình thường < 60), đường huyết mao mạch 18 mmol/L, Canxi máu 2.1 mmol/L. Huyết thanh lấy ra đục như sữa. Siêu âm ổ bụng khó quan sát tụy do nhiều hơi, túi mật không có sỏi, đường mật không giãn.","Bên cạnh việc bù dịch và giảm đau, phương pháp điều trị đặc hiệu nào sau đây có hiệu quả hạ nhanh tác nhân gây bệnh ở bệnh nhân này?",Phẫu thuật cắt bỏ túi mật nội soi.,Đặt stent đường mật qua nội soi tá tràng.,Dùng thuốc hạ lipid máu nhóm Statin liều cao.,Thay huyết tương hoặc truyền Insulin tĩnh mạch.,,d,"Thay huyết tương (Plasmapheresis) loại bỏ trực tiếp Triglyceride khỏi vòng tuần hoàn. Nếu không có sẵn máy, truyền tĩnh mạch Insulin liên tục cũng rất hiệu quả vì Insulin kích hoạt enzyme lipoprotein lipase, giúp phân giải chylomicron và triglyceride trong máu."
noi-benh-ly-tuy-tang-case-12-4,noi,Một số bệnh lý tụy tạng,Tiêu hoá,"Bệnh nhân nam 42 tuổi, tiền sử đái tháo đường type 2 không kiểm soát tốt, béo phì (BMI 31 kg/m²), vào viện vì đau quặn thượng vị liên tục 6 giờ, lan ra sau lưng, kèm buồn nôn nhiều. Khám lâm sàng: mạch 100 lần/phút, huyết áp 130/80 mmHg, nhịp thở 20 lần/phút, SpO₂ 98%, bụng trướng nhẹ, ấn đau vùng thượng vị, không có phản ứng thành bụng. Da có các nốt sẩn vàng (eruptive xanthomas) ở mặt duỗi hai cẳng tay. Không sốt, không vàng da. Xét nghiệm: Amylase máu 90 U/L (bình thường < 100), Lipase máu 850 U/L (bình thường < 60), đường huyết mao mạch 18 mmol/L, Canxi máu 2.1 mmol/L. Huyết thanh lấy ra đục như sữa. Siêu âm ổ bụng khó quan sát tụy do nhiều hơi, túi mật không có sỏi, đường mật không giãn.",Nhận định nào đúng nhất về viêm tụy cấp do tăng triglyceride nặng?,ERCP cấp cứu được chỉ định thường quy dù không có tắc mật hoặc viêm đường mật.,Thuốc hạ đường huyết uống là phương pháp làm giảm triglyceride nhanh nhất trong cấp cứu.,Bệnh nhân phải nhịn ăn hoàn toàn kéo dài cho đến khi men tụy về bình thường.,Nguy cơ tăng rõ khi triglyceride rất cao; insulin truyền có thể được dùng khi có tăng đường huyết hoặc đái tháo đường.,,d,"Triglyceride trên khoảng 11,3 mmol/L làm tăng rõ nguy cơ viêm tụy. Điều trị gồm hồi sức, giảm đau, cho ăn sớm khi dung nạp và kiểm soát chuyển hóa; insulin truyền hữu ích khi có tăng đường huyết/đái tháo đường. ERCP chỉ dành cho bệnh lý đường mật thích hợp, không dùng thường quy trong viêm tụy do triglyceride."
noi-benh-ly-tuy-tang-case-12-5,noi,Một số bệnh lý tụy tạng,Tiêu hoá,"Bệnh nhân nam 42 tuổi, tiền sử đái tháo đường type 2 không kiểm soát tốt, béo phì (BMI 31 kg/m²), vào viện vì đau quặn thượng vị liên tục 6 giờ, lan ra sau lưng, kèm buồn nôn nhiều. Khám lâm sàng: mạch 100 lần/phút, huyết áp 130/80 mmHg, nhịp thở 20 lần/phút, SpO₂ 98%, bụng trướng nhẹ, ấn đau vùng thượng vị, không có phản ứng thành bụng. Da có các nốt sẩn vàng (eruptive xanthomas) ở mặt duỗi hai cẳng tay. Không sốt, không vàng da. Xét nghiệm: Amylase máu 90 U/L (bình thường < 100), Lipase máu 850 U/L (bình thường < 60), đường huyết mao mạch 18 mmol/L, Canxi máu 2.1 mmol/L. Huyết thanh lấy ra đục như sữa. Siêu âm ổ bụng khó quan sát tụy do nhiều hơi, túi mật không có sỏi, đường mật không giãn.","Sau khi ra viện, nhóm thuốc nào là lựa chọn hàng đầu để kiểm soát nguyên nhân, phòng ngừa đợt cấp tái phát?",Kháng thụ thể H2.,Fibrate.,Ức chế men chuyển.,Chẹn beta giao cảm.,,b,"Fibrate (như Fenofibrate) là thuốc hạ lipid máu lựa chọn đầu tay và hiệu quả nhất để làm giảm Triglyceride, qua đó phòng ngừa viêm tụy cấp tái phát. Statin tác dụng yếu trên Triglyceride."
noi-benh-ly-tuy-tang-case-13-1,noi,Một số bệnh lý tụy tạng,Tiêu hoá,"Bệnh nhân nam 50 tuổi, tiền sử nghiện rượu nặng trên 15 năm, đến khám vì đau âm ỉ vùng thượng vị tái diễn nhiều tháng nay, đau tăng sau khi ăn. Bệnh nhân mệt mỏi, sụt 8 kg trong 6 tháng qua, đồng thời nhận thấy đi ngoài phân số lượng nhiều, có mùi rất hôi, khó dội nước và nổi váng mỡ trên bồn cầu. Gần đây bệnh nhân thường xuyên khát nước và tiểu nhiều. Khám thấy thể trạng gầy (BMI 17.5 kg/m²), da niêm mạc nhợt nhạt, ấn tức nhẹ thượng vị, không có khối u sờ thấy. Xét nghiệm: Amylase và Lipase máu https://onedrive.live.com/personal/2672550e42ddc7d4/_layouts/15/D bình thường, đường huyết lúc đói 12 mmol/L, HbA1c 8.5%. X-quang bụng đứng phát hiện nhiều dải cản quang nhỏ vắt ngang cột sống thắt lưng vùng thượng vị.","Dựa trên bệnh sử và hình ảnh X-quang, chẩn đoán nào sau đây là phù hợp nhất?",Viêm tụy mạn tính do rượu.,Ung thư biểu mô tuyến tụy.,Viêm dạ dày mạn tính thể teo.,Viêm túi mật mạn tính có sỏi.,,a,"Bệnh cảnh đau thượng vị mạn tính, sụt cân, tiêu chảy phân mỡ, đái tháo đường ở người nghiện rượu, kèm hình ảnh điểm vôi hóa vắt ngang cột sống trên X-quang là tam chứng kinh điển (vôi hóa, tiểu đường, phân mỡ) của viêm tụy mạn tính."
noi-benh-ly-tuy-tang-case-13-2,noi,Một số bệnh lý tụy tạng,Tiêu hoá,"Bệnh nhân nam 50 tuổi, tiền sử nghiện rượu nặng trên 15 năm, đến khám vì đau âm ỉ vùng thượng vị tái diễn nhiều tháng nay, đau tăng sau khi ăn. Bệnh nhân mệt mỏi, sụt 8 kg trong 6 tháng qua, đồng thời nhận thấy đi ngoài phân số lượng nhiều, có mùi rất hôi, khó dội nước và nổi váng mỡ trên bồn cầu. Gần đây bệnh nhân thường xuyên khát nước và tiểu nhiều. Khám thấy thể trạng gầy (BMI 17.5 kg/m²), da niêm mạc nhợt nhạt, ấn tức nhẹ thượng vị, không có khối u sờ thấy. Xét nghiệm: Amylase và Lipase máu https://onedrive.live.com/personal/2672550e42ddc7d4/_layouts/15/D bình thường, đường huyết lúc đói 12 mmol/L, HbA1c 8.5%. X-quang bụng đứng phát hiện nhiều dải cản quang nhỏ vắt ngang cột sống thắt lưng vùng thượng vị.","Tất cả các triệu chứng sau đây đều là biểu hiện kinh điển của bệnh lý này, TRỪ:",Đái tháo đường mới khởi phát.,Đau vùng thượng vị dai dẳng.,Đi ngoài phân lẫn váng mỡ.,Men amylase máu luôn tăng cao.,,d,"Phương án D là câu sai (đáp án đúng cho câu hỏi TRỪ). Trong viêm tụy mạn tính, do nhu mô tụy đã bị xơ hóa và phá hủy theo thời gian, khả năng chế tiết enzyme bị suy kiệt nên men Amylase và Lipase máu thường hoàn toàn bình thường, không tăng cao như trong viêm tụy cấp."
noi-benh-ly-tuy-tang-case-13-3,noi,Một số bệnh lý tụy tạng,Tiêu hoá,"Bệnh nhân nam 50 tuổi, tiền sử nghiện rượu nặng trên 15 năm, đến khám vì đau âm ỉ vùng thượng vị tái diễn nhiều tháng nay, đau tăng sau khi ăn. Bệnh nhân mệt mỏi, sụt 8 kg trong 6 tháng qua, đồng thời nhận thấy đi ngoài phân số lượng nhiều, có mùi rất hôi, khó dội nước và nổi váng mỡ trên bồn cầu. Gần đây bệnh nhân thường xuyên khát nước và tiểu nhiều. Khám thấy thể trạng gầy (BMI 17.5 kg/m²), da niêm mạc nhợt nhạt, ấn tức nhẹ thượng vị, không có khối u sờ thấy. Xét nghiệm: Amylase và Lipase máu https://onedrive.live.com/personal/2672550e42ddc7d4/_layouts/15/D bình thường, đường huyết lúc đói 12 mmol/L, HbA1c 8.5%. X-quang bụng đứng phát hiện nhiều dải cản quang nhỏ vắt ngang cột sống thắt lưng vùng thượng vị.","Để đánh giá mức độ suy giảm chức năng ngoại tiết của tuyến tụy ở bệnh nhân này, xét nghiệm nào sau đây có độ nhạy và độ đặc hiệu cao nhất?",Định lượng CEA và CA 19-9.,Định lượng Elastase-1 trong phân.,Chụp cộng hưởng từ đường mật.,Siêu âm nội soi tuyến tụy.,,b,"Elastase-1 là một enzyme do tụy tiết ra không bị phân hủy khi đi qua đường ruột. Việc định lượng Elastase-1 trong phân giảm nặng (< 200 μg/g phân) là xét nghiệm gián tiếp, không xâm lấn, rất nhạy và đặc hiệu để chẩn đoán suy tuyến tụy ngoại tiết."
noi-benh-ly-tuy-tang-case-13-4,noi,Một số bệnh lý tụy tạng,Tiêu hoá,"Bệnh nhân nam 50 tuổi, tiền sử nghiện rượu nặng trên 15 năm, đến khám vì đau âm ỉ vùng thượng vị tái diễn nhiều tháng nay, đau tăng sau khi ăn. Bệnh nhân mệt mỏi, sụt 8 kg trong 6 tháng qua, đồng thời nhận thấy đi ngoài phân số lượng nhiều, có mùi rất hôi, khó dội nước và nổi váng mỡ trên bồn cầu. Gần đây bệnh nhân thường xuyên khát nước và tiểu nhiều. Khám thấy thể trạng gầy (BMI 17.5 kg/m²), da niêm mạc nhợt nhạt, ấn tức nhẹ thượng vị, không có khối u sờ thấy. Xét nghiệm: Amylase và Lipase máu https://onedrive.live.com/personal/2672550e42ddc7d4/_layouts/15/D bình thường, đường huyết lúc đói 12 mmol/L, HbA1c 8.5%. X-quang bụng đứng phát hiện nhiều dải cản quang nhỏ vắt ngang cột sống thắt lưng vùng thượng vị.",Biện pháp điều trị nội khoa nền tảng để giải quyết tình trạng sụt cân và phân mỡ của bệnh nhân là gì?,Uống bổ sung men tiêu hóa tụy trong các bữa ăn.,Tiêm tĩnh mạch kháng sinh phổ rộng kéo dài.,Dùng thuốc giảm tiết acid dạ dày liều cao.,Truyền dịch tĩnh mạch nuôi dưỡng hoàn toàn.,,a,"Liệu pháp thay thế enzyme tụy (PERT - Pancreatic Enzyme Replacement Therapy) uống ngay trong các bữa ăn là chỉ định bắt buộc để phân giải lipid, protein, khắc phục tình trạng kém hấp thu, phân mỡ và sụt cân."
noi-benh-ly-tuy-tang-case-13-5,noi,Một số bệnh lý tụy tạng,Tiêu hoá,"Bệnh nhân nam 50 tuổi, tiền sử nghiện rượu nặng trên 15 năm, đến khám vì đau âm ỉ vùng thượng vị tái diễn nhiều tháng nay, đau tăng sau khi ăn. Bệnh nhân mệt mỏi, sụt 8 kg trong 6 tháng qua, đồng thời nhận thấy đi ngoài phân số lượng nhiều, có mùi rất hôi, khó dội nước và nổi váng mỡ trên bồn cầu. Gần đây bệnh nhân thường xuyên khát nước và tiểu nhiều. Khám thấy thể trạng gầy (BMI 17.5 kg/m²), da niêm mạc nhợt nhạt, ấn tức nhẹ thượng vị, không có khối u sờ thấy. Xét nghiệm: Amylase và Lipase máu https://onedrive.live.com/personal/2672550e42ddc7d4/_layouts/15/D bình thường, đường huyết lúc đói 12 mmol/L, HbA1c 8.5%. X-quang bụng đứng phát hiện nhiều dải cản quang nhỏ vắt ngang cột sống thắt lưng vùng thượng vị.",Cơ chế chủ yếu dẫn đến biến chứng đái tháo đường ở bệnh nhân này là gì?,Kháng insulin ở cơ vân do suy mòn thể lực.,Tăng tiết hormone glucagon từ tế bào alpha tụy.,Thiếu hụt incretin do tổn thương niêm mạc ruột.,Phá hủy trực tiếp tế bào beta của tiểu đảo tụy.,,d,"Viêm tụy mạn tính gây xơ hóa toàn bộ nhu mô tụy, phá hủy dần các tiểu đảo Langerhans, bao gồm cả tế bào beta tiết insulin và tế bào alpha tiết glucagon. Hậu quả là đái tháo đường do thiếu hụt insulin tuyệt đối (tiểu đường do nguyên nhân tụy - Type 3c)."
noi-benh-ly-tuy-tang-case-14-1,noi,Một số bệnh lý tụy tạng,Tiêu hoá,"Bệnh nhân nam 48 tuổi, vào viện vì một đợt viêm tụy cấp nặng thứ hai trong năm, liên quan đến sử dụng nhiều rượu. Sau 2 tuần điều trị nội khoa tích cực (truyền dịch, giảm đau, dinh dưỡng tĩnh mạch), tình trạng đau bụng thuyên giảm. Tuy nhiên đến ngày thứ 16, bệnh nhân sốt cao 39.5°C kèm rét run, mạch 115 lần/phút, huyết áp 100/60 mmHg. Bụng trướng, đau nhiều nửa bụng trên. Xét nghiệm: Bạch cầu tăng 22 G/L (85% bạch cầu đa nhân trung tính), CRP 250 mg/L, Procalcitonin 5 ng/mL. Chụp CT bụng có tiêm thuốc cản quang phát hiện vùng hoại tử rộng > 50% nhu mô tụy, bên trong có nhiều bóng khí nhỏ lấm tấm, không có tắc nghẽn đường mật.","Dấu hiệu có ""nhiều bóng khí nhỏ lấm tấm"" trong vùng hoại tử tụy trên CT mang ý nghĩa chẩn đoán nào?",Nang giả tụy đang tiến triển.,Xuất huyết tiêu hóa do ăn mòn mạch máu.,Rò dịch tụy vào khoang phúc mạc.,Hoại tử tụy đã bị nhiễm trùng.,,d,"Dấu hiệu khí (gas) xuất hiện bên trong vùng nhu mô tụy hoặc dịch quanh tụy trên phim CT là bằng chứng vàng, xác định chắc chắn tình trạng hoại tử tụy nhiễm trùng (thường do vi khuẩn sinh hơi từ đường ruột xâm nhập)."
noi-benh-ly-tuy-tang-case-14-2,noi,Một số bệnh lý tụy tạng,Tiêu hoá,"Bệnh nhân nam 48 tuổi, vào viện vì một đợt viêm tụy cấp nặng thứ hai trong năm, liên quan đến sử dụng nhiều rượu. Sau 2 tuần điều trị nội khoa tích cực (truyền dịch, giảm đau, dinh dưỡng tĩnh mạch), tình trạng đau bụng thuyên giảm. Tuy nhiên đến ngày thứ 16, bệnh nhân sốt cao 39.5°C kèm rét run, mạch 115 lần/phút, huyết áp 100/60 mmHg. Bụng trướng, đau nhiều nửa bụng trên. Xét nghiệm: Bạch cầu tăng 22 G/L (85% bạch cầu đa nhân trung tính), CRP 250 mg/L, Procalcitonin 5 ng/mL. Chụp CT bụng có tiêm thuốc cản quang phát hiện vùng hoại tử rộng > 50% nhu mô tụy, bên trong có nhiều bóng khí nhỏ lấm tấm, không có tắc nghẽn đường mật.",Quyết định can thiệp ngay lập tức ở thời điểm hiện tại cho bệnh nhân này là gì?,Mở bụng cắt bỏ toàn bộ tụy tạng.,Đặt ống thông dạ dày hút dịch liên tục.,Bắt đầu kháng sinh tĩnh mạch phổ rộng.,Nút tĩnh mạch lách qua đường ống thông.,,c,"Bệnh nhân có bằng chứng rõ ràng của nhiễm trùng thứ phát (sốt cao, bạch cầu tăng, Procalcitonin cao, khí trên CT). Can thiệp bắt buộc ngay lập tức là khởi động kháng sinh đường tĩnh mạch phổ rộng. Phẫu thuật cấp cứu mở bụng không được khuyến cáo ở giai đoạn này do tỷ lệ tử vong rất cao."
noi-benh-ly-tuy-tang-case-14-3,noi,Một số bệnh lý tụy tạng,Tiêu hoá,"Bệnh nhân nam 48 tuổi, vào viện vì một đợt viêm tụy cấp nặng thứ hai trong năm, liên quan đến sử dụng nhiều rượu. Sau 2 tuần điều trị nội khoa tích cực (truyền dịch, giảm đau, dinh dưỡng tĩnh mạch), tình trạng đau bụng thuyên giảm. Tuy nhiên đến ngày thứ 16, bệnh nhân sốt cao 39.5°C kèm rét run, mạch 115 lần/phút, huyết áp 100/60 mmHg. Bụng trướng, đau nhiều nửa bụng trên. Xét nghiệm: Bạch cầu tăng 22 G/L (85% bạch cầu đa nhân trung tính), CRP 250 mg/L, Procalcitonin 5 ng/mL. Chụp CT bụng có tiêm thuốc cản quang phát hiện vùng hoại tử rộng > 50% nhu mô tụy, bên trong có nhiều bóng khí nhỏ lấm tấm, không có tắc nghẽn đường mật.",Nhóm kháng sinh nào sau đây có khả năng thâm nhập tốt nhất vào mô tụy hoại tử và thường được ưu tiên lựa chọn theo kinh nghiệm?,Penicillin G liều cao.,Macrolide (như Azithromycin).,Aminoglycoside (như Amikacin).,Carbapenem (như Meropenem).,,d,"Để có hiệu quả, kháng sinh phải đi qua được hàng rào tuần hoàn để ngấm vào mô hoại tử. Carbapenem (Imipenem, Meropenem) và Fluoroquinolone kết hợp Metronidazole là các nhóm có khả năng thâm nhập mô tụy rất tốt và bao phủ phổ vi khuẩn đường ruột (Gram âm và kỵ khí)."
noi-benh-ly-tuy-tang-case-14-4,noi,Một số bệnh lý tụy tạng,Tiêu hoá,"Bệnh nhân nam 48 tuổi, vào viện vì một đợt viêm tụy cấp nặng thứ hai trong năm, liên quan đến sử dụng nhiều rượu. Sau 2 tuần điều trị nội khoa tích cực (truyền dịch, giảm đau, dinh dưỡng tĩnh mạch), tình trạng đau bụng thuyên giảm. Tuy nhiên đến ngày thứ 16, bệnh nhân sốt cao 39.5°C kèm rét run, mạch 115 lần/phút, huyết áp 100/60 mmHg. Bụng trướng, đau nhiều nửa bụng trên. Xét nghiệm: Bạch cầu tăng 22 G/L (85% bạch cầu đa nhân trung tính), CRP 250 mg/L, Procalcitonin 5 ng/mL. Chụp CT bụng có tiêm thuốc cản quang phát hiện vùng hoại tử rộng > 50% nhu mô tụy, bên trong có nhiều bóng khí nhỏ lấm tấm, không có tắc nghẽn đường mật.","Theo nguyên tắc tiếp cận ""step-up approach"" hiện nay, thủ thuật ngoại khoa/can thiệp nào được chỉ định ưu tiên đầu tiên nếu bệnh nhân không đáp ứng với điều trị bảo tồn?",Cắt bỏ lách và đuôi tụy dự phòng chảy máu.,Dẫn lưu ổ đọng dịch qua da dưới hướng dẫn siêu âm hoặc CT.,Rửa ổ bụng liên tục qua ống dẫn lưu.,Phẫu thuật mở bụng cắt lọc mô hoại tử kinh điển.,,b,"Tiếp cận ""Step-up"" (Tăng bậc) là tiêu chuẩn hiện hành quản lý hoại tử tụy nhiễm trùng: bắt đầu bằng dẫn lưu tối thiểu (dẫn lưu qua da dưới hướng dẫn chẩn đoán hình ảnh hoặc dẫn lưu qua nội soi dạ dày). Chỉ phẫu thuật cắt lọc (necrosectomy) khi dẫn lưu thất bại."
noi-benh-ly-tuy-tang-case-14-5,noi,Một số bệnh lý tụy tạng,Tiêu hoá,"Bệnh nhân nam 48 tuổi, vào viện vì một đợt viêm tụy cấp nặng thứ hai trong năm, liên quan đến sử dụng nhiều rượu. Sau 2 tuần điều trị nội khoa tích cực (truyền dịch, giảm đau, dinh dưỡng tĩnh mạch), tình trạng đau bụng thuyên giảm. Tuy nhiên đến ngày thứ 16, bệnh nhân sốt cao 39.5°C kèm rét run, mạch 115 lần/phút, huyết áp 100/60 mmHg. Bụng trướng, đau nhiều nửa bụng trên. Xét nghiệm: Bạch cầu tăng 22 G/L (85% bạch cầu đa nhân trung tính), CRP 250 mg/L, Procalcitonin 5 ng/mL. Chụp CT bụng có tiêm thuốc cản quang phát hiện vùng hoại tử rộng > 50% nhu mô tụy, bên trong có nhiều bóng khí nhỏ lấm tấm, không có tắc nghẽn đường mật.",Cơ chế sinh lý bệnh chính dẫn đến huyết áp thấp (100/60 mmHg) và nhịp tim nhanh ở bệnh nhân này là do đâu?,Giãn mạch hệ thống do hội chứng đáp ứng viêm toàn thân (SIRS).,Chèn ép tĩnh mạch chủ dưới do nhu mô tụy sưng to.,Giảm thể tích tuần hoàn do mất nước qua da.,Suy tim cấp do nhồi máu cơ tim. https://onedrive.live.com/personal/2672550e42ddc7d4/_layouts/15/D,,a,"Sự giải phóng ồ ạt các cytokine viêm (TNF-α, IL-1, IL-6) từ mô hoại tử và phản ứng với vi khuẩn gây ra Hội chứng đáp ứng viêm hệ thống (SIRS). Cơ chế chính là giãn tĩnh mạch và động mạch hệ thống, tăng tính thấm mao mạch, dẫn đến sốc phân bố, tụt huyết áp và nhịp tim nhanh bù trừ. c.aspx?sourcedoc={186352b6-90cf-40c9-ba19-ae84e248ef20}&action=vie… 8/12"
noi-benh-ly-tuy-tang-case-15-1,noi,Một số bệnh lý tụy tạng,Tiêu hoá,"Bệnh nhân nam 68 tuổi, có tiền sử hút thuốc lá 40 bao.năm, đến viện khám vì da và củng mạc mắt vàng sậm dần trong 1 tháng nay. Bệnh nhân không sốt, không đau bụng, nhưng có ngứa da dữ dội, nước tiểu sậm màu như nước vối và phân nhạt màu như đất sét. Bệnh nhân chán ăn và sụt 6 kg. Khám lâm sàng: thể trạng suy mòn (BMI 18 kg/m²), không đau thượng vị, sờ thấy một khối lùng nhùng, căng, ấn không đau ở hạ sườn phải (dấu hiệu Courvoisier dương tính). Xét nghiệm: Bilirubin toàn phần 280 μmol/L, Bilirubin trực tiếp 240 μmol/L, AST 60 U/L, ALT 70 U/L, ALP (Phosphatase kiềm) 850 U/L. Siêu âm ổ bụng cho thấy giãn đường mật trong và ngoài gan, túi mật căng to không có sỏi, ống mật chủ giãn 15 mm.","Dựa trên hội chứng vàng da tắc mật không đau kèm túi mật căng to, chẩn đoán nào được nghĩ đến hàng đầu?",Viêm đường mật xơ hóa nguyên phát.,Sỏi ống mật chủ kích thước lớn.,Ung thư biểu mô đầu tụy.,Ung thư biểu mô tế bào gan.,,c,"Vàng da tắc mật tăng dần, không sốt, không đau (khác với tam chứng Charcot của sỏi), sụt cân và dấu hiệu Courvoisier dương tính (túi mật căng to, không đau ở bệnh nhân tắc mật) là biểu hiện kinh điển của khối u ác tính vùng periampullary, phổ biến nhất là ung thư đầu tụy chèn ép ống mật chủ."
noi-benh-ly-tuy-tang-case-15-2,noi,Một số bệnh lý tụy tạng,Tiêu hoá,"Bệnh nhân nam 68 tuổi, có tiền sử hút thuốc lá 40 bao.năm, đến viện khám vì da và củng mạc mắt vàng sậm dần trong 1 tháng nay. Bệnh nhân không sốt, không đau bụng, nhưng có ngứa da dữ dội, nước tiểu sậm màu như nước vối và phân nhạt màu như đất sét. Bệnh nhân chán ăn và sụt 6 kg. Khám lâm sàng: thể trạng suy mòn (BMI 18 kg/m²), không đau thượng vị, sờ thấy một khối lùng nhùng, căng, ấn không đau ở hạ sườn phải (dấu hiệu Courvoisier dương tính). Xét nghiệm: Bilirubin toàn phần 280 μmol/L, Bilirubin trực tiếp 240 μmol/L, AST 60 U/L, ALT 70 U/L, ALP (Phosphatase kiềm) 850 U/L. Siêu âm ổ bụng cho thấy giãn đường mật trong và ngoài gan, túi mật căng to không có sỏi, ống mật chủ giãn 15 mm.",Dấu ấn ung thư (tumor marker) nào sau đây có giá trị hỗ trợ chẩn đoán và theo dõi diễn tiến bệnh lý này?,Alpha-fetoprotein (AFP).,Prostate-specific antigen (PSA).,Kháng nguyên carcinoembryonic (CEA).,Carbohydrate antigen 19-9 (CA 19-9).,,d,"CA 19-9 là dấu ấn sinh học chuẩn trong chẩn đoán ung thư biểu mô tuyến của tụy. Nó có độ nhạy khoảng 80% và dùng để theo dõi đáp ứng điều trị, phát hiện tái phát. Tuy nhiên độ đặc hiệu không tuyệt đối vì có thể tăng trong viêm đường mật hoặc tắc mật."
noi-benh-ly-tuy-tang-case-15-3,noi,Một số bệnh lý tụy tạng,Tiêu hoá,"Bệnh nhân nam 68 tuổi, có tiền sử hút thuốc lá 40 bao.năm, đến viện khám vì da và củng mạc mắt vàng sậm dần trong 1 tháng nay. Bệnh nhân không sốt, không đau bụng, nhưng có ngứa da dữ dội, nước tiểu sậm màu như nước vối và phân nhạt màu như đất sét. Bệnh nhân chán ăn và sụt 6 kg. Khám lâm sàng: thể trạng suy mòn (BMI 18 kg/m²), không đau thượng vị, sờ thấy một khối lùng nhùng, căng, ấn không đau ở hạ sườn phải (dấu hiệu Courvoisier dương tính). Xét nghiệm: Bilirubin toàn phần 280 μmol/L, Bilirubin trực tiếp 240 μmol/L, AST 60 U/L, ALT 70 U/L, ALP (Phosphatase kiềm) 850 U/L. Siêu âm ổ bụng cho thấy giãn đường mật trong và ngoài gan, túi mật căng to không có sỏi, ống mật chủ giãn 15 mm.",Phương pháp chẩn đoán hình ảnh nào là tối ưu nhất để đánh giá giai đoạn khối u và khả năng cắt bỏ?,Chụp CT bụng đa thì chuyên biệt cho tụy.,Chụp X-quang đường mật ngược dòng (ERCP).,Siêu âm ổ bụng thông thường.,Chụp xạ hình xương toàn thân.,,a,"CT scan ổ bụng có tiêm thuốc cản quang đa thì (với lát cắt mỏng - pancreatic protocol) là phương tiện tốt nhất để xác định kích thước u, sự xâm lấn vào các mạch máu lân cận (động mạch mạc treo tràng trên, thân tạng, tĩnh mạch cửa) để quyết định khả năng mổ (resectability)."
noi-benh-ly-tuy-tang-case-15-4,noi,Một số bệnh lý tụy tạng,Tiêu hoá,"Bệnh nhân nam 68 tuổi, có tiền sử hút thuốc lá 40 bao.năm, đến viện khám vì da và củng mạc mắt vàng sậm dần trong 1 tháng nay. Bệnh nhân không sốt, không đau bụng, nhưng có ngứa da dữ dội, nước tiểu sậm màu như nước vối và phân nhạt màu như đất sét. Bệnh nhân chán ăn và sụt 6 kg. Khám lâm sàng: thể trạng suy mòn (BMI 18 kg/m²), không đau thượng vị, sờ thấy một khối lùng nhùng, căng, ấn không đau ở hạ sườn phải (dấu hiệu Courvoisier dương tính). Xét nghiệm: Bilirubin toàn phần 280 μmol/L, Bilirubin trực tiếp 240 μmol/L, AST 60 U/L, ALT 70 U/L, ALP (Phosphatase kiềm) 850 U/L. Siêu âm ổ bụng cho thấy giãn đường mật trong và ngoài gan, túi mật căng to không có sỏi, ống mật chủ giãn 15 mm.","Nếu khối u chưa có di căn xa, phẫu thuật mang tính triệt căn tiêu chuẩn được áp dụng cho vị trí tổn thương này là gì?",Mở ống mật chủ lấy sỏi và đặt dẫn lưu Kehr.,Cắt thùy gan phải kèm túi mật.,Phẫu thuật cắt tá tụy (Phẫu thuật Whipple).,Phẫu thuật cắt bỏ toàn bộ dạ dày.,,c,"Phẫu thuật Whipple (cắt khối tá tụy, bao gồm đầu tụy, tá tràng, phần xa dạ dày, đường mật ngoài gan và túi mật) là phẫu thuật triệt căn duy nhất cho ung thư đầu tụy."
noi-benh-ly-tuy-tang-case-15-5,noi,Một số bệnh lý tụy tạng,Tiêu hoá,"Bệnh nhân nam 68 tuổi, có tiền sử hút thuốc lá 40 bao.năm, đến viện khám vì da và củng mạc mắt vàng sậm dần trong 1 tháng nay. Bệnh nhân không sốt, không đau bụng, nhưng có ngứa da dữ dội, nước tiểu sậm màu như nước vối và phân nhạt màu như đất sét. Bệnh nhân chán ăn và sụt 6 kg. Khám lâm sàng: thể trạng suy mòn (BMI 18 kg/m²), không đau thượng vị, sờ thấy một khối lùng nhùng, căng, ấn không đau ở hạ sườn phải (dấu hiệu Courvoisier dương tính). Xét nghiệm: Bilirubin toàn phần 280 μmol/L, Bilirubin trực tiếp 240 μmol/L, AST 60 U/L, ALT 70 U/L, ALP (Phosphatase kiềm) 850 U/L. Siêu âm ổ bụng cho thấy giãn đường mật trong và ngoài gan, túi mật căng to không có sỏi, ống mật chủ giãn 15 mm.","Bệnh nhân ung thư tụy thường có tình trạng tăng đông máu, có thể biểu hiện bằng viêm tắc tĩnh mạch di chuyển (Hội chứng Trousseau). Cơ chế cốt lõi của hội chứng này là do đâu?",Khối u chèn ép trực tiếp vào hệ thống tĩnh mạch chủ dưới.,Bệnh nhân nằm bất động lâu ngày gây ứ trệ tuần hoàn ngoại vi.,Khối u tiết ra yếu tố tổ chức (tissue factor) kích hoạt dòng thác đông máu.,Tình trạng vàng da làm giảm tổng hợp các yếu tố chống đông tại gan.,,c,"Hội chứng Trousseau là tình trạng huyết khối tĩnh mạch sâu/viêm tĩnh mạch di chuyển tái diễn ở bệnh nhân ung thư tuyến (đặc biệt ung thư tụy, dạ dày, phổi). Cơ chế là do các tế bào ung thư chế tiết mucin và yếu tố tổ chức (Tissue Factor - procoagulant) vào máu, kích hoạt hệ thống đông máu."
noi-benh-ly-tuy-tang-case-16-1,noi,Một số bệnh lý tụy tạng,Tiêu hoá,"Bệnh nhân nam 62 tuổi, tiền sử hoàn toàn khỏe mạnh, đi khám vì tình trạng vàng da tăng dần trong 2 tuần, kèm cảm giác đầy bụng, đau tức rất nhẹ vùng thượng vị. Không sốt, phân bạc màu. Xét nghiệm có Bilirubin toàn phần 180 μmol/L, Bilirubin trực tiếp 150 μmol/L, men gan tăng nhẹ, CA 19-9 ở mức bình thường 15 U/mL. Chụp cắt lớp vi tính (CT) bụng đa thì thấy toàn bộ tuyến tụy phì đại lan tỏa, mất cấu trúc thùy múi tự nhiên, tạo hình ảnh giống ""khúc dồi"" (sausage-shaped pancreas) và có một lớp vỏ mỏng bao quanh nhu mô tụy (capsule-like rim). Không thấy giãn ống tụy chính, không có hạch mạc treo.",Hình ảnh CT đặc trưng và lâm sàng không có hội chứng nhiễm trùng ở bệnh nhân này gợi ý chẩn đoán nào nhất?,Viêm tụy cấp hoại tử thể phù nề.,Viêm tụy tự miễn (Autoimmune pancreatitis).,Viêm tụy mạn tính có vôi hóa.,Ung thư biểu mô tuyến tụy thể lan tỏa.,,b,"Hình ảnh tuyến tụy to lan tỏa hình ""khúc dồi"" (sausage- like), viền giảm tỷ trọng bao quanh tụy, hẹp đường mật gây vàng da tắc mật không đau là dấu hiệu hình ảnh kinh điển của Viêm tụy tự miễn (AIP). Rất dễ nhầm lẫn lâm sàng với ung thư đầu tụy."
noi-benh-ly-tuy-tang-case-16-2,noi,Một số bệnh lý tụy tạng,Tiêu hoá,"Bệnh nhân nam 62 tuổi, tiền sử hoàn toàn khỏe mạnh, đi khám vì tình trạng vàng da tăng dần trong 2 tuần, kèm cảm giác đầy bụng, đau tức rất nhẹ vùng thượng vị. Không sốt, phân bạc màu. Xét nghiệm có Bilirubin toàn phần 180 μmol/L, Bilirubin trực tiếp 150 μmol/L, men gan tăng nhẹ, CA 19-9 ở mức bình thường 15 U/mL. Chụp cắt lớp vi tính (CT) bụng đa thì thấy toàn bộ tuyến tụy phì đại lan tỏa, mất cấu trúc thùy múi tự nhiên, tạo hình ảnh giống ""khúc dồi"" (sausage-shaped pancreas) và có một lớp vỏ mỏng bao quanh nhu mô tụy (capsule-like rim). Không thấy giãn ống tụy chính, không có hạch mạc treo.",Xét nghiệm miễn dịch nào sau đây nếu tăng cao trong huyết thanh sẽ củng cố chắc chắn chẩn đoán này?,Kháng thể kháng nhân (ANA).,Kháng thể kháng dsDNA.,Yếu tố dạng thấp (RF).,Phân lớp kháng thể IgG4.,,d,"Ở viêm tụy tự miễn type 1 (thể hay gặp ở người lớn tuổi châu Á), nồng độ phân lớp globulin miễn dịch IgG4 trong huyết thanh thường tăng rất cao (> 2 lần giới hạn trên). Đây là dấu ấn huyết thanh quan trọng trong tiêu chuẩn chẩn đoán HISORt."
noi-benh-ly-tuy-tang-case-16-3,noi,Một số bệnh lý tụy tạng,Tiêu hoá,"Bệnh nhân nam 62 tuổi, tiền sử hoàn toàn khỏe mạnh, đi khám vì tình trạng vàng da tăng dần trong 2 tuần, kèm cảm giác đầy bụng, đau tức rất nhẹ vùng thượng vị. Không sốt, phân bạc màu. Xét nghiệm có Bilirubin toàn phần 180 μmol/L, Bilirubin trực tiếp 150 μmol/L, men gan tăng nhẹ, CA 19-9 ở mức bình thường 15 U/mL. Chụp cắt lớp vi tính (CT) bụng đa thì thấy toàn bộ tuyến tụy phì đại lan tỏa, mất cấu trúc thùy múi tự nhiên, tạo hình ảnh giống ""khúc dồi"" (sausage-shaped pancreas) và có một lớp vỏ mỏng bao quanh nhu mô tụy (capsule-like rim). Không thấy giãn ống tụy chính, không có hạch mạc treo.",Tổn thương vi thể (mô bệnh học) cốt lõi của thể bệnh lý tuyến tụy này là gì?,Xâm nhập dày đặc bạch cầu lympho và tương bào.,Hoại tử đông mô mỡ quanh tụy.,Tăng sinh ác tính tế bào biểu mô ống tụy.,Lắng đọng tinh thể cholesterol trong ống tuyến.,,a,"Mô bệnh học của AIP type 1 được đặc trưng bởi tình trạng xơ hóa xoắn ốc (storiform fibrosis), viêm tĩnh mạch tắc nghẽn, và đặc biệt là sự thâm nhiễm dày đặc của các tương bào (plasma cell) dương tính với IgG4 và lympho bào vào mô tụy."
noi-benh-ly-tuy-tang-case-16-4,noi,Một số bệnh lý tụy tạng,Tiêu hoá,"Bệnh nhân nam 62 tuổi, tiền sử hoàn toàn khỏe mạnh, đi khám vì tình trạng vàng da tăng dần trong 2 tuần, kèm cảm giác đầy bụng, đau tức rất nhẹ vùng thượng vị. Không sốt, phân bạc màu. Xét nghiệm có Bilirubin toàn phần 180 μmol/L, Bilirubin trực tiếp 150 μmol/L, men gan tăng nhẹ, CA 19-9 ở mức bình thường 15 U/mL. Chụp cắt lớp vi tính (CT) bụng đa thì thấy toàn bộ tuyến tụy phì đại lan tỏa, mất cấu trúc thùy múi tự nhiên, tạo hình ảnh giống ""khúc dồi"" (sausage-shaped pancreas) và có một lớp vỏ mỏng bao quanh nhu mô tụy (capsule-like rim). Không thấy giãn ống tụy chính, không có hạch mạc treo.","Phương pháp điều trị nội khoa được coi là lựa chọn đầu tay, mang lại đáp ứng lui bệnh ngoạn mục (đóng vai trò như một test chẩn đoán) là gì?",Nút mạch hóa chất động mạch tụy.,Hóa trị liệu toàn thân bằng Gemcitabine.,Truyền tĩnh mạch kháng sinh thế hệ mới.,Liệu pháp Glucocorticoid (Prednisolone).,,d,Corticosteroid (thường dùng Prednisolone đường uống) là liệu pháp chuẩn. Bệnh nhân AIP đáp ứng cực kỳ nhanh chóng và ngoạn mục với steroid; tuyến tụy thu nhỏ lại và tình trạng tắc mật giảm rõ rệt trong vòng 2-4 tuần. Thậm chí sự đáp ứng này được dùng như một tiêu chuẩn chẩn đoán hồi cứu.
noi-benh-ly-tuy-tang-case-16-5,noi,Một số bệnh lý tụy tạng,Tiêu hoá,"Bệnh nhân nam 62 tuổi, tiền sử hoàn toàn khỏe mạnh, đi khám vì tình trạng vàng da tăng dần trong 2 tuần, kèm cảm giác đầy bụng, đau tức rất nhẹ vùng thượng vị. Không sốt, phân bạc màu. Xét nghiệm có Bilirubin toàn phần 180 μmol/L, Bilirubin trực tiếp 150 μmol/L, men gan tăng nhẹ, CA 19-9 ở mức bình thường 15 U/mL. Chụp cắt lớp vi tính (CT) bụng đa thì thấy toàn bộ tuyến tụy phì đại lan tỏa, mất cấu trúc thùy múi tự nhiên, tạo hình ảnh giống ""khúc dồi"" (sausage-shaped pancreas) và có một lớp vỏ mỏng bao quanh nhu mô tụy (capsule-like rim). Không thấy giãn ống tụy chính, không có hạch mạc treo.",Viêm tụy tự miễn type 1 là biểu hiện tại tụy của bệnh lý hệ thống liên quan IgG4. Tổn thương ngoại tụy nào sau đây KHÔNG thuộc phổ bệnh lý này?,Bệnh đa xơ cứng ở hệ thần kinh trung ương.,Bệnh lý xơ hóa sau phúc mạc.,Viêm xơ đường mật liên quan IgG4.,Viêm mô đệm tuyến nước bọt tuyến lệ (Bệnh Mikulicz). https://onedrive.live.com/personal/2672550e42ddc7d4/_layouts/15/D,,a,"Phương án D là câu sai (đáp án đúng cho câu hỏi TRỪ). Bệnh lý liên quan IgG4 (IgG4-RD) là bệnh hệ thống, có thể biểu c.aspx?sourcedoc={186352b6-90cf-40c9-ba19-ae84e248ef20}&action=vie… 9/12 hiện ở đường mật (viêm xơ đường mật), tuyến nước bọt/lệ, thận, phổi, và xơ hóa sau phúc mạc. Bệnh đa xơ cứng (Multiple Sclerosis) là bệnh lý tự miễn thần kinh độc lập, không liên quan đến IgG4. Nguồn tham khảo: Phác đồ chuẩn đoán Viêm tụy tự miễn."
noi-benh-ly-tuy-tang-case-17-1,noi,Một số bệnh lý tụy tạng,Tiêu hoá,"Bệnh nhân nữ 52 tuổi, nhập viện vì viêm đường mật cấp. Bệnh nhân được chỉ định nội soi mật tụy ngược dòng (ERCP) để lấy sỏi ống mật chủ và đặt stent giải áp. Quá trình nội soi diễn ra khó khăn, cần bơm thuốc cản quang nhiều lần vào đường mật và ống tụy. Khoảng 8 giờ sau thủ thuật, bệnh nhân đột ngột xuất hiện đau dữ dội và liên tục ở vùng thượng vị, lan ra sau lưng, kèm buồn nôn. Khám thấy sinh hiệu ổn định, bụng có phản ứng thành bụng nhẹ vùng thượng vị. Xét nghiệm khẩn cấp: Bạch cầu 12 G/L, Amylase máu 1500 U/L, Lipase 4200 U/L. Siêu âm ổ bụng thấy nhu mô tụy phù nề.",Tình trạng cấp cứu nội khoa nào đã xảy ra trên bệnh nhân này?,Thủng tá tràng do dây dẫn ERCP.,Viêm phúc mạc toàn thể do vỡ túi mật.,Nhiễm khuẩn huyết đường mật.,Viêm tụy cấp sau ERCP.,,d,"Đau thượng vị lan ra lưng dữ dội khởi phát ngay sau khi làm ERCP, kèm men tụy (Amylase/Lipase) tăng > 3 lần bình thường là tiêu chuẩn chẩn đoán Viêm tụy cấp sau ERCP (PEP - Post-ERCP Pancreatitis), biến chứng phổ biến và nghiêm trọng nhất của thủ thuật này."
noi-benh-ly-tuy-tang-case-17-2,noi,Một số bệnh lý tụy tạng,Tiêu hoá,"Bệnh nhân nữ 52 tuổi, nhập viện vì viêm đường mật cấp. Bệnh nhân được chỉ định nội soi mật tụy ngược dòng (ERCP) để lấy sỏi ống mật chủ và đặt stent giải áp. Quá trình nội soi diễn ra khó khăn, cần bơm thuốc cản quang nhiều lần vào đường mật và ống tụy. Khoảng 8 giờ sau thủ thuật, bệnh nhân đột ngột xuất hiện đau dữ dội và liên tục ở vùng thượng vị, lan ra sau lưng, kèm buồn nôn. Khám thấy sinh hiệu ổn định, bụng có phản ứng thành bụng nhẹ vùng thượng vị. Xét nghiệm khẩn cấp: Bạch cầu 12 G/L, Amylase máu 1500 U/L, Lipase 4200 U/L. Siêu âm ổ bụng thấy nhu mô tụy phù nề.",Cơ chế sinh lý bệnh chính khởi phát tổn thương tụy trong trường hợp này là gì?,Tắc nghẽn cơ học do sỏi mật rơi vào nhu mô tụy.,Chảy máu ồ ạt từ động mạch vị tá tràng.,Phản ứng quá mẫn dị ứng với thuốc cản quang iốt.,Tăng áp lực thủy tĩnh trong ống tụy do bơm thuốc cản quang.,,d,"Quá trình làm ERCP (đặc biệt khi can thiệp khó, đặt ống thông vào ống tụy nhiều lần) kết hợp bơm thuốc cản quang làm tăng áp lực thủy tĩnh trong ống tụy chính, gây chấn thương cơ học và hóa học niêm mạc, kích hoạt sớm các enzyme tiêu protein (trypsinogen thành trypsin) ngay trong nhu mô tụy, khởi phát chuỗi viêm."
noi-benh-ly-tuy-tang-case-17-3,noi,Một số bệnh lý tụy tạng,Tiêu hoá,"Bệnh nhân nữ 52 tuổi, nhập viện vì viêm đường mật cấp. Bệnh nhân được chỉ định nội soi mật tụy ngược dòng (ERCP) để lấy sỏi ống mật chủ và đặt stent giải áp. Quá trình nội soi diễn ra khó khăn, cần bơm thuốc cản quang nhiều lần vào đường mật và ống tụy. Khoảng 8 giờ sau thủ thuật, bệnh nhân đột ngột xuất hiện đau dữ dội và liên tục ở vùng thượng vị, lan ra sau lưng, kèm buồn nôn. Khám thấy sinh hiệu ổn định, bụng có phản ứng thành bụng nhẹ vùng thượng vị. Xét nghiệm khẩn cấp: Bạch cầu 12 G/L, Amylase máu 1500 U/L, Lipase 4200 U/L. Siêu âm ổ bụng thấy nhu mô tụy phù nề.",Biện pháp điều trị dự phòng nào sau đây đã được chứng minh làm giảm đáng kể tỷ lệ mắc biến chứng này nếu được áp dụng ngay quanh thời điểm làm thủ thuật?,Truyền tĩnh mạch kháng sinh Cephalosporin thế hệ 3.,Tiêm bắp thuốc giảm đau Morphin sulfate.,Nhét thuốc Indomethacin đường trực tràng.,Bơm rửa dạ dày bằng nước muối sinh lý lạnh.,,c,"Theo hướng dẫn của ASGE và ESGE, đặt thuốc NSAIDs đường trực tràng (như Indomethacin hoặc Diclofenac 100mg) trước hoặc ngay sau khi làm ERCP giúp ức chế quá trình tổng hợp prostaglandin và chuỗi phản ứng viêm, làm giảm đáng kể nguy cơ và độ nặng của PEP."
noi-benh-ly-tuy-tang-case-17-4,noi,Một số bệnh lý tụy tạng,Tiêu hoá,"Bệnh nhân nữ 52 tuổi, nhập viện vì viêm đường mật cấp. Bệnh nhân được chỉ định nội soi mật tụy ngược dòng (ERCP) để lấy sỏi ống mật chủ và đặt stent giải áp. Quá trình nội soi diễn ra khó khăn, cần bơm thuốc cản quang nhiều lần vào đường mật và ống tụy. Khoảng 8 giờ sau thủ thuật, bệnh nhân đột ngột xuất hiện đau dữ dội và liên tục ở vùng thượng vị, lan ra sau lưng, kèm buồn nôn. Khám thấy sinh hiệu ổn định, bụng có phản ứng thành bụng nhẹ vùng thượng vị. Xét nghiệm khẩn cấp: Bạch cầu 12 G/L, Amylase máu 1500 U/L, Lipase 4200 U/L. Siêu âm ổ bụng thấy nhu mô tụy phù nề.",Yếu tố nào thuộc về bệnh nhân là nguy cơ độc lập cao nhất dễ dẫn đến biến chứng này?,Bệnh lý rối loạn chức năng cơ vòng Oddi.,Có tiền sử cắt túi mật nội soi trước đó.,Bệnh nhân là nam giới cao tuổi.,Sỏi ống mật chủ có kích thước lớn > 2 cm.,,a,"Các yếu tố nguy cơ kinh điển của PEP bao gồm: nữ giới, tuổi trẻ, nghi ngờ rối loạn chức năng cơ vòng Oddi (SOD), tiền sử đã từng bị PEP, ống mật chủ đường kính bình thường và can thiệp nhũ hoa khó khăn. SOD là một nguy cơ độc lập rất cao."
noi-benh-ly-tuy-tang-case-17-5,noi,Một số bệnh lý tụy tạng,Tiêu hoá,"Bệnh nhân nữ 52 tuổi, nhập viện vì viêm đường mật cấp. Bệnh nhân được chỉ định nội soi mật tụy ngược dòng (ERCP) để lấy sỏi ống mật chủ và đặt stent giải áp. Quá trình nội soi diễn ra khó khăn, cần bơm thuốc cản quang nhiều lần vào đường mật và ống tụy. Khoảng 8 giờ sau thủ thuật, bệnh nhân đột ngột xuất hiện đau dữ dội và liên tục ở vùng thượng vị, lan ra sau lưng, kèm buồn nôn. Khám thấy sinh hiệu ổn định, bụng có phản ứng thành bụng nhẹ vùng thượng vị. Xét nghiệm khẩn cấp: Bạch cầu 12 G/L, Amylase máu 1500 U/L, Lipase 4200 U/L. Siêu âm ổ bụng thấy nhu mô tụy phù nề.",Thái độ xử trí ban đầu phù hợp nhất cho tình trạng hiện tại của bệnh nhân là gì?,Chọc hút dịch tụy qua da dưới hướng dẫn siêu âm.,Đưa bệnh nhân đi nội soi ERCP lại để lấy stent ra.,Phẫu thuật mở bụng thăm dò cấp cứu ngay lập tức.,Điều trị hỗ trợ nội khoa với bù dịch và giảm đau.,,d,"PEP về bản chất vẫn là một đợt viêm tụy cấp. Việc quản lý ban đầu hoàn toàn tương tự viêm tụy cấp thông thường: nhịn ăn, bù dịch tĩnh mạch tích cực (Lactate Ringer) và kiểm soát đau. Không có chỉ định phẫu thuật hay làm lại ERCP ở giai đoạn cấp này trừ khi có bằng chứng thủng tạng."
noi-benh-ly-tuy-tang-case-18-1,noi,Một số bệnh lý tụy tạng,Tiêu hoá,"Bệnh nhân nữ 70 tuổi, đi siêu âm ổ bụng tổng quát định kỳ (không có triệu chứng đau bụng, không sụt cân, không vàng da) tình cờ phát hiện một tổn thương dạng nang ở tuyến tụy. Chụp cộng hưởng từ (MRI) mật tụy cho thấy một nang đa thùy kích thước 3.5 cm nằm ở vùng thân tụy. Điểm đặc trưng là nang này có sự thông thương trực tiếp với ống tụy chính. Ống tụy chính có đoạn bị giãn nhẹ 7 mm. Thành nang có một vài nốt sùi (mural nodules) kích thước 6 mm ngấm thuốc cản quang. Không thấy hạch ổ bụng.",Tổn thương có sự thông thương với ống tụy chính như mô tả gợi ý bệnh lý nào?,U thần kinh nội tiết dạng nang.,Nang giả tụy thứ phát.,U nhầy nhú trong ống tụy (IPMN).,Nang thanh dịch tuyến tụy.,,c,"U nhầy nhú trong ống tụy (Intraductal Papillary Mucinous Neoplasm - IPMN) đặc trưng bởi tổn thương dạng nang nhầy, và dấu hiệu chẩn đoán quan trọng nhất trên hình ảnh học là sự thông thương của nang với ống tụy chính hoặc ống nhánh. Nang giả tụy không có biểu mô nhầy, nang thanh dịch hầu như không bao giờ thông với ống tụy."
noi-benh-ly-tuy-tang-case-18-2,noi,Một số bệnh lý tụy tạng,Tiêu hoá,"Bệnh nhân nữ 70 tuổi, đi siêu âm ổ bụng tổng quát định kỳ (không có triệu chứng đau bụng, không sụt cân, không vàng da) tình cờ phát hiện một tổn thương dạng nang ở tuyến tụy. Chụp cộng hưởng từ (MRI) mật tụy cho thấy một nang đa thùy kích thước 3.5 cm nằm ở vùng thân tụy. Điểm đặc trưng là nang này có sự thông thương trực tiếp với ống tụy chính. Ống tụy chính có đoạn bị giãn nhẹ 7 mm. Thành nang có một vài nốt sùi (mural nodules) kích thước 6 mm ngấm thuốc cản quang. Không thấy hạch ổ bụng.",Đặc tính sinh lý bệnh quan trọng nhất của tổn thương này khiến bệnh nhân cần được đánh giá chuyên sâu là gì?,Tính chất lây lan qua đường máu đến gan nhanh chóng.,Khả năng tiết ra insulin gây hạ đường huyết đột ngột.,Tiềm năng tiến triển thành ung thư biểu mô tuyến ác tính.,Nguy cơ vỡ nang gây viêm phúc mạc hóa học cấp tính.,,c,"IPMN là một tổn thương tiền ung thư (premalignant). Nó có khả năng cao loạn sản và tiến triển thành ung thư biểu mô tuyến tụy xâm lấn (đặc biệt là IPMN ống chính hoặc dạng hỗn hợp). Do đó, việc theo dõi và can thiệp ngoại khoa kịp thời là cực kỳ quan trọng."
noi-benh-ly-tuy-tang-case-18-3,noi,Một số bệnh lý tụy tạng,Tiêu hoá,"Bệnh nhân nữ 70 tuổi, đi siêu âm ổ bụng tổng quát định kỳ (không có triệu chứng đau bụng, không sụt cân, không vàng da) tình cờ phát hiện một tổn thương dạng nang ở tuyến tụy. Chụp cộng hưởng từ (MRI) mật tụy cho thấy một nang đa thùy kích thước 3.5 cm nằm ở vùng thân tụy. Điểm đặc trưng là nang này có sự thông thương trực tiếp với ống tụy chính. Ống tụy chính có đoạn bị giãn nhẹ 7 mm. Thành nang có một vài nốt sùi (mural nodules) kích thước 6 mm ngấm thuốc cản quang. Không thấy hạch ổ bụng.","Phương tiện thăm dò nào sau đây là tiêu chuẩn vàng để quan sát chi tiết nốt sùi, đánh giá thành nang và kết hợp chọc hút dịch nang làm xét nghiệm tế bào học?",Siêu âm nội soi (EUS) có chọc hút kim nhỏ (FNA).,Chụp X-quang đường mật qua da (PTC).,Chụp PET-CT toàn thân với đồng vị phóng xạ.,Nội soi ổ bụng chẩn đoán sinh thiết trực tiếp.,,a,"Siêu âm nội soi (EUS) cung cấp hình ảnh độ phân giải cực cao về cấu trúc nang, vách nang, nốt sùi sùi. Đồng thời, qua EUS có thể dùng kim nhỏ chọc hút dịch nang (FNA) để xét nghiệm sinh c.aspx?sourcedoc={186352b6-90cf-40c9-ba19-ae84e248ef20}&action=vi… 10/12 hóa, tìm tế bào ác tính và đột biến gen (như KRAS)."
noi-benh-ly-tuy-tang-case-18-4,noi,Một số bệnh lý tụy tạng,Tiêu hoá,"Bệnh nhân nữ 70 tuổi, đi siêu âm ổ bụng tổng quát định kỳ (không có triệu chứng đau bụng, không sụt cân, không vàng da) tình cờ phát hiện một tổn thương dạng nang ở tuyến tụy. Chụp cộng hưởng từ (MRI) mật tụy cho thấy một nang đa thùy kích thước 3.5 cm nằm ở vùng thân tụy. Điểm đặc trưng là nang này có sự thông thương trực tiếp với ống tụy chính. Ống tụy chính có đoạn bị giãn nhẹ 7 mm. Thành nang có một vài nốt sùi (mural nodules) kích thước 6 mm ngấm thuốc cản quang. Không thấy hạch ổ bụng.","Dấu hiệu nào trên hình ảnh học của bệnh nhân này được xếp vào nhóm ""dấu hiệu nguy cơ cao"" (High-risk stigmata) đòi hỏi phải chỉ định phẫu thuật cắt bỏ?",Vị trí nang nằm ở vùng thân tụy.,Nốt sùi thành nang ngấm thuốc kích thước 6 mm.,Nang có vách đa thùy. https://onedrive.live.com/personal/2672550e42ddc7d4/_layouts/15/D,Có sự thông thương ống tụy.,,b,"Theo đồng thuận quốc tế Sendai/Fukuoka về IPMN, các dấu hiệu nguy cơ cao ác tính (High-risk stigmata) chỉ định phẫu thuật tuyệt đối bao gồm: vàng da tắc mật do u tụy, ống tụy chính giãn ≥ 10 mm, hoặc có nốt sùi thành nang (mural nodule) ≥ 5 mm ngấm thuốc. Bệnh nhân có nốt sùi 6 mm ngấm thuốc."
noi-benh-ly-tuy-tang-case-18-5,noi,Một số bệnh lý tụy tạng,Tiêu hoá,"Bệnh nhân nữ 70 tuổi, đi siêu âm ổ bụng tổng quát định kỳ (không có triệu chứng đau bụng, không sụt cân, không vàng da) tình cờ phát hiện một tổn thương dạng nang ở tuyến tụy. Chụp cộng hưởng từ (MRI) mật tụy cho thấy một nang đa thùy kích thước 3.5 cm nằm ở vùng thân tụy. Điểm đặc trưng là nang này có sự thông thương trực tiếp với ống tụy chính. Ống tụy chính có đoạn bị giãn nhẹ 7 mm. Thành nang có một vài nốt sùi (mural nodules) kích thước 6 mm ngấm thuốc cản quang. Không thấy hạch ổ bụng.","Nếu chọc hút dịch từ nang tụy này đem đi phân tích, kết quả sinh hóa nào sau đây là điển hình nhất để khẳng định bản chất nang này?",Nồng độ Amylase thấp và CEA cao.,Nồng độ Amylase cao và CEA thấp.,Nồng độ Amylase cao và CEA (Carcinoembryonic Antigen) cao.,Nồng độ Amylase thấp và CEA thấp.,,c,"Vì IPMN là khối u tiết nhầy (mucinous), dịch nang sẽ có nồng độ CEA rất cao (thường > 192 ng/mL). Đồng thời, vì nang thông thương với hệ thống ống tụy, dịch tuyến tụy giàu enzyme tràn vào nang làm nồng độ Amylase trong dịch nang rất cao. (Nang thanh dịch có cả CEA và Amylase đều thấp)."
noi-benh-ly-tuy-tang-case-19-1,noi,Một số bệnh lý tụy tạng,Tiêu hoá,"Bệnh nhân nữ 35 tuổi, đến khám vì các cơn chóng mặt, vã mồ hôi, hồi hộp đánh trống ngực và lú lẫn thường xuất hiện vào buổi sáng khi chưa ăn sáng hoặc sau khi tập thể dục cường độ cao. Tình trạng này thuyên giảm nhanh chóng ngay sau khi bệnh nhân uống nước đường hoặc ăn đồ ngọt. Bệnh nhân tự ăn vặt liên tục để phòng ngừa cơn mệt nên đã tăng 10 kg trong 6 tháng qua. Bệnh nhân không có tiền sử dùng thuốc hạ đường huyết, không có người nhà bị tiểu đường. Khám lâm sàng bình thường. Trong cơn lú lẫn tại viện, xét nghiệm đường huyết tĩnh mạch là 2.2 mmol/L.",Hội chứng lâm sàng của bệnh nhân phù hợp với nhóm nguyên nhân nào tại tuyến tụy?,U nội tiết tuyến tụy (Insulinoma).,Nang giả tụy chèn ép dạ dày.,Ung thư biểu mô tuyến tụy.,Viêm tụy cấp thể nhẹ.,,a,"Các cơn hạ đường huyết xảy ra khi đói (chóng mặt, vã mồ hôi), giảm khi ăn, kèm tăng cân do ăn bù là bệnh cảnh kinh điển của khối u thần kinh nội tiết tuyến tụy tiết insulin tự chủ (Insulinoma)."
noi-benh-ly-tuy-tang-case-19-2,noi,Một số bệnh lý tụy tạng,Tiêu hoá,"Bệnh nhân nữ 35 tuổi, đến khám vì các cơn chóng mặt, vã mồ hôi, hồi hộp đánh trống ngực và lú lẫn thường xuất hiện vào buổi sáng khi chưa ăn sáng hoặc sau khi tập thể dục cường độ cao. Tình trạng này thuyên giảm nhanh chóng ngay sau khi bệnh nhân uống nước đường hoặc ăn đồ ngọt. Bệnh nhân tự ăn vặt liên tục để phòng ngừa cơn mệt nên đã tăng 10 kg trong 6 tháng qua. Bệnh nhân không có tiền sử dùng thuốc hạ đường huyết, không có người nhà bị tiểu đường. Khám lâm sàng bình thường. Trong cơn lú lẫn tại viện, xét nghiệm đường huyết tĩnh mạch là 2.2 mmol/L.","Ba đặc điểm: triệu chứng thần kinh do hạ đường huyết, đường huyết tĩnh mạch thấp khi có triệu chứng, và hết triệu chứng sau khi bù glucose, được gọi chung là gì?",Tam chứng Whipple.,Tam chứng Beck.,Tam chứng Charcot.,Tam chứng Borchardt.,,a,"Tam chứng Whipple là tiêu chuẩn lâm sàng bắt buộc để nghĩ đến Insulinoma, bao gồm: (1) Triệu chứng của hạ đường huyết, (2) Bằng chứng đường huyết tĩnh mạch thực sự thấp (< 2.8 mmol/L) cùng lúc có triệu chứng, (3) Triệu chứng đảo ngược ngay khi cung cấp carbohydrate."
noi-benh-ly-tuy-tang-case-19-3,noi,Một số bệnh lý tụy tạng,Tiêu hoá,"Bệnh nhân nữ 35 tuổi, đến khám vì các cơn chóng mặt, vã mồ hôi, hồi hộp đánh trống ngực và lú lẫn thường xuất hiện vào buổi sáng khi chưa ăn sáng hoặc sau khi tập thể dục cường độ cao. Tình trạng này thuyên giảm nhanh chóng ngay sau khi bệnh nhân uống nước đường hoặc ăn đồ ngọt. Bệnh nhân tự ăn vặt liên tục để phòng ngừa cơn mệt nên đã tăng 10 kg trong 6 tháng qua. Bệnh nhân không có tiền sử dùng thuốc hạ đường huyết, không có người nhà bị tiểu đường. Khám lâm sàng bình thường. Trong cơn lú lẫn tại viện, xét nghiệm đường huyết tĩnh mạch là 2.2 mmol/L.",Tiêu chuẩn vàng (thăm dò chức năng động) để chẩn đoán xác định bệnh lý tiết hormone này là gì?,Chụp PET-CT toàn thân với 18F-FDG.,Nghiệm pháp nhịn đói 72 giờ có giám sát.,Xét nghiệm định lượng HbA1c huyết thanh.,Nghiệm pháp dung nạp glucose đường uống.,,b,"Tiêu chuẩn vàng để chẩn đoán là Nghiệm pháp nhịn đói dưới sự giám sát y tế (có thể kéo dài tới 72 giờ). Việc nhịn đói sẽ kích thích cơn hạ đường huyết. Khi có cơn hạ đường, máu sẽ được lấy để định lượng insulin và các peptide liên quan."
noi-benh-ly-tuy-tang-case-19-4,noi,Một số bệnh lý tụy tạng,Tiêu hoá,"Bệnh nhân nữ 35 tuổi, đến khám vì các cơn chóng mặt, vã mồ hôi, hồi hộp đánh trống ngực và lú lẫn thường xuất hiện vào buổi sáng khi chưa ăn sáng hoặc sau khi tập thể dục cường độ cao. Tình trạng này thuyên giảm nhanh chóng ngay sau khi bệnh nhân uống nước đường hoặc ăn đồ ngọt. Bệnh nhân tự ăn vặt liên tục để phòng ngừa cơn mệt nên đã tăng 10 kg trong 6 tháng qua. Bệnh nhân không có tiền sử dùng thuốc hạ đường huyết, không có người nhà bị tiểu đường. Khám lâm sàng bình thường. Trong cơn lú lẫn tại viện, xét nghiệm đường huyết tĩnh mạch là 2.2 mmol/L.","Nếu lấy máu tĩnh mạch vào đúng thời điểm đường huyết hạ (2.2 mmol/L), kết quả bộ xét nghiệm nội tiết nào sau đây là phù hợp nhất để khẳng định u nội tiết nội sinh?","Insulin tăng, C-peptide tăng, proinsulin tăng.","Insulin giảm, C-peptide giảm, proinsulin giảm.","Insulin giảm, C-peptide tăng, proinsulin tăng.","Insulin tăng, C-peptide giảm, proinsulin giảm.",,a,"Ở người bình thường, khi đường huyết hạ, tuyến tụy sẽ ngừng tiết insulin. Ở bệnh nhân Insulinoma, u tiết insulin tự chủ không chịu sự kiểm soát. Do đó trong cơn hạ đường huyết, nồng độ Insulin vẫn cao không phù hợp. Vì là insulin tự tổng hợp nội sinh, nó bị cắt từ proinsulin, nên nồng độ C-peptide và Proinsulin máu sẽ đồng thời tăng cao (khác biệt với việc tiêm lén insulin ngoại sinh thì C-peptide sẽ thấp)."
noi-benh-ly-tuy-tang-case-19-5,noi,Một số bệnh lý tụy tạng,Tiêu hoá,"Bệnh nhân nữ 35 tuổi, đến khám vì các cơn chóng mặt, vã mồ hôi, hồi hộp đánh trống ngực và lú lẫn thường xuất hiện vào buổi sáng khi chưa ăn sáng hoặc sau khi tập thể dục cường độ cao. Tình trạng này thuyên giảm nhanh chóng ngay sau khi bệnh nhân uống nước đường hoặc ăn đồ ngọt. Bệnh nhân tự ăn vặt liên tục để phòng ngừa cơn mệt nên đã tăng 10 kg trong 6 tháng qua. Bệnh nhân không có tiền sử dùng thuốc hạ đường huyết, không có người nhà bị tiểu đường. Khám lâm sàng bình thường. Trong cơn lú lẫn tại viện, xét nghiệm đường huyết tĩnh mạch là 2.2 mmol/L.","Sau khi định vị được một khối u đơn độc 1.5 cm ở đuôi tụy bằng siêu âm nội soi, phương pháp điều trị triệt căn tối ưu nhất là gì?",Phẫu thuật bóc tách (enucleation) khối u tụy.,Hóa trị toàn thân bằng 5-Fluorouracil.,Cắt toàn bộ tuyến tụy và dạ dày.,Đốt sóng cao tần (RFA) qua da.,,a,"Insulinoma thường là u lành tính (chỉ 10% ác tính), kích thước nhỏ và đơn độc. Phẫu thuật bóc tách khối u bảo tồn nhu mô tụy lành (enucleation) là phương pháp điều trị triệt căn ưu tiên, mang lại tỷ lệ chữa khỏi bệnh cao và tránh được các biến chứng thiếu hụt ngoại tiết/nội tiết tụy sau mổ."
noi-benh-ly-tuy-tang-case-20-1,noi,Một số bệnh lý tụy tạng,Tiêu hoá,"Bệnh nhân nam 65 tuổi, đang điều trị viêm tụy cấp do sỏi mật ngày thứ 3 tại khoa nội. Bệnh nhân đã hết đau bụng, siêu âm tụy chỉ phù nề nhẹ. Tuy nhiên, sáng nay bệnh nhân đột ngột khó thở nhiều, thở nhanh nông 30 lần/phút, vã mồ hôi. Khám thấy mạch 110 lần/phút, huyết áp 130/80 mmHg, SpO₂ tụt còn 82% khi thở khí trời. Nghe phổi có ran ẩm rải rác hai bên. X-quang phổi tại giường thấy hình ảnh mờ rải rác lan tỏa cả hai phế trường, kích thước bóng tim hoàn toàn bình thường. Không có tĩnh mạch cổ nổi, không phù hai chi dưới.","Dựa trên diễn biến suy hô hấp giảm oxy máu với phim phổi mờ hai bên và bóng tim không to, biến chứng nào sau đây là phù hợp nhất?",Phù phổi cấp huyết động do suy tim trái.,Hội chứng suy hô hấp cấp tiến triển (ARDS).,Nhồi máu động mạch phổi cấp tính.,Tràn dịch màng phổi dịch thấm lượng nhiều.,,b,"Suy hô hấp khởi phát cấp tính ở bệnh nhân có yếu tố nguy cơ (viêm tụy cấp), X-quang có thâm nhiễm mờ phế nang hai bên lan tỏa và không có bằng chứng của suy tim quá tải dịch (bóng tim bình thường) là tiêu chuẩn Berlin để chẩn đoán Hội chứng suy hô hấp cấp tiến triển (ARDS)."
noi-benh-ly-tuy-tang-case-20-2,noi,Một số bệnh lý tụy tạng,Tiêu hoá,"Bệnh nhân nam 65 tuổi, đang điều trị viêm tụy cấp do sỏi mật ngày thứ 3 tại khoa nội. Bệnh nhân đã hết đau bụng, siêu âm tụy chỉ phù nề nhẹ. Tuy nhiên, sáng nay bệnh nhân đột ngột khó thở nhiều, thở nhanh nông 30 lần/phút, vã mồ hôi. Khám thấy mạch 110 lần/phút, huyết áp 130/80 mmHg, SpO₂ tụt còn 82% khi thở khí trời. Nghe phổi có ran ẩm rải rác hai bên. X-quang phổi tại giường thấy hình ảnh mờ rải rác lan tỏa cả hai phế trường, kích thước bóng tim hoàn toàn bình thường. Không có tĩnh mạch cổ nổi, không phù hai chi dưới.",Cơ chế sinh lý bệnh cốt lõi dẫn đến tổn thương phổi trong bệnh cảnh viêm tụy cấp này là gì?,Tăng áp lực thủy tĩnh trong tĩnh mạch phổi do hẹp van hai lá.,Tổn thương màng phế nang mao mạch do enzym tụy và cytokine. https://onedrive.live.com/personal/2672550e42ddc7d4/_layouts/15/D,Sự tạo thành cục máu đông từ tĩnh mạch sâu chi dưới di chuyển lên.,Viêm phế quản phổi mủ do vi khuẩn phế cầu xâm nhập.,,b,"Viêm tụy cấp nặng giải phóng lượng lớn các enzyme tiêu c.aspx?sourcedoc={186352b6-90cf-40c9-ba19-ae84e248ef20}&action=vi… 11/12 hủy (như Phospholipase A2) và các cytokine viêm (TNF-alpha, IL- 1) vào hệ tuần hoàn. Các chất này tấn công và phá hủy trực tiếp lớp màng phế nang - mao mạch, làm tăng tính thấm, dẫn đến rò rỉ dịch giàu protein vào phế nang gây phù phổi tổn thương (không do tim)."
noi-benh-ly-tuy-tang-case-20-3,noi,Một số bệnh lý tụy tạng,Tiêu hoá,"Bệnh nhân nam 65 tuổi, đang điều trị viêm tụy cấp do sỏi mật ngày thứ 3 tại khoa nội. Bệnh nhân đã hết đau bụng, siêu âm tụy chỉ phù nề nhẹ. Tuy nhiên, sáng nay bệnh nhân đột ngột khó thở nhiều, thở nhanh nông 30 lần/phút, vã mồ hôi. Khám thấy mạch 110 lần/phút, huyết áp 130/80 mmHg, SpO₂ tụt còn 82% khi thở khí trời. Nghe phổi có ran ẩm rải rác hai bên. X-quang phổi tại giường thấy hình ảnh mờ rải rác lan tỏa cả hai phế trường, kích thước bóng tim hoàn toàn bình thường. Không có tĩnh mạch cổ nổi, không phù hai chi dưới.",Xét nghiệm nào sau đây cần được thực hiện khẩn cấp để đánh giá chính xác mức độ rối loạn trao đổi khí và toan kiềm?,Phân tích khí máu động mạch (ABG).,Siêu âm Doppler mạch máu chi dưới.,Chụp cộng hưởng từ lồng ngực.,Định lượng D-dimer trong huyết thanh.,,a,"Khí máu động mạch (ABG) là xét nghiệm bắt buộc để chẩn đoán ARDS. Nó cho phép tính tỷ số PaO2/FiO2 (chỉ số P/F), là tiêu chuẩn phân loại mức độ nặng của ARDS (nhẹ, trung bình, nặng) và quyết định chiến lược thở máy."
noi-benh-ly-tuy-tang-case-20-4,noi,Một số bệnh lý tụy tạng,Tiêu hoá,"Bệnh nhân nam 65 tuổi, đang điều trị viêm tụy cấp do sỏi mật ngày thứ 3 tại khoa nội. Bệnh nhân đã hết đau bụng, siêu âm tụy chỉ phù nề nhẹ. Tuy nhiên, sáng nay bệnh nhân đột ngột khó thở nhiều, thở nhanh nông 30 lần/phút, vã mồ hôi. Khám thấy mạch 110 lần/phút, huyết áp 130/80 mmHg, SpO₂ tụt còn 82% khi thở khí trời. Nghe phổi có ran ẩm rải rác hai bên. X-quang phổi tại giường thấy hình ảnh mờ rải rác lan tỏa cả hai phế trường, kích thước bóng tim hoàn toàn bình thường. Không có tĩnh mạch cổ nổi, không phù hai chi dưới.","Trong quản lý hô hấp cho bệnh nhân này, nếu phải đặt ống nội khí quản và thở máy xâm nhập, chiến lược nào sau đây là quan trọng nhất để bảo vệ phổi?",Cung cấp oxy với nồng độ (FiO2) 100% vĩnh viễn.,Giữ mức áp lực dương cuối kỳ thở ra (PEEP) bằng 0.,Cài đặt nhịp thở ở mức tối đa có thể.,Thở máy với thể tích lưu thông (Vt) thấp.,,d,"Chiến lược ""thở máy bảo vệ phổi"" là tiêu chuẩn vàng trong ARDS. Nguyên lý là sử dụng thể tích lưu thông thấp (Vt = 6 mL/kg cân nặng lý tưởng) để tránh chấn thương dung tích (volutrauma) và áp lực nền PEEP phù hợp để chống xẹp phế nang. Thở máy Vt cao sẽ xé rách phổi đã bị tổn thương."
noi-benh-ly-tuy-tang-case-20-5,noi,Một số bệnh lý tụy tạng,Tiêu hoá,"Bệnh nhân nam 65 tuổi, đang điều trị viêm tụy cấp do sỏi mật ngày thứ 3 tại khoa nội. Bệnh nhân đã hết đau bụng, siêu âm tụy chỉ phù nề nhẹ. Tuy nhiên, sáng nay bệnh nhân đột ngột khó thở nhiều, thở nhanh nông 30 lần/phút, vã mồ hôi. Khám thấy mạch 110 lần/phút, huyết áp 130/80 mmHg, SpO₂ tụt còn 82% khi thở khí trời. Nghe phổi có ran ẩm rải rác hai bên. X-quang phổi tại giường thấy hình ảnh mờ rải rác lan tỏa cả hai phế trường, kích thước bóng tim hoàn toàn bình thường. Không có tĩnh mạch cổ nổi, không phù hai chi dưới.","Để phân biệt biến chứng này với phù phổi cấp do suy tim, bác sĩ có thể sử dụng thêm chỉ số huyết động nào đo được qua siêu âm tim hoặc catheter?",Áp lực tĩnh mạch trung tâm (CVP) giảm.,Áp lực bít mao mạch phổi (PCWP) thấp hoặc bình thường.,Áp lực tâm thu động mạch phổi không thay đổi.,Phân suất tống máu thất trái (EF) giảm nặng.,,b,"ARDS là phù phổi tổn thương, do đó áp lực mao mạch phổi bình thường hoặc thấp. Trái lại, phù phổi cấp do tim liên quan đến tăng áp lực thủy tĩnh, làm tăng áp lực bít mao mạch phổi (PCWP > 18 mmHg). Siêu âm đánh giá chức năng thất trái và áp lực đổ đầy giúp phân biệt hai tình trạng này."
