id,subject,chapter,group,case_stem,question,option_a,option_b,option_c,option_d,option_e,correct_answer,explanation
noi-ap-xe-gan-mcq-001,noi,Áp xe gan,Tiêu hoá,,Yếu tố nguy cơ dịch tễ học quan trọng nhất đối với bệnh áp xe gan do amip là gì?,Nghề nghiệp tiếp xúc với gia cầm,Sống ở vùng khí hậu ôn đới lạnh,Điều kiện vệ sinh môi trường kém,Có tiền sử truyền máu nhiều lần,,c,Bệnh do Entamoeba histolytica lây truyền chủ yếu qua đường phân - miệng. Điều kiện vệ sinh kém ở vùng nhiệt đới là yếu tố nguy cơ quyết định. Nguồn: Bệnh học nội khoa YHN.
noi-ap-xe-gan-mcq-002,noi,Áp xe gan,Tiêu hoá,,Tác nhân vi khuẩn nào hiện nay là nguyên nhân phổ biến nhất gây áp xe gan sinh mủ ở các nước châu Á?,Escherichia coli,Klebsiella pneumoniae,Staphylococcus aureus,Pseudomonas aeruginosa,,b,"Klebsiella pneumoniae đã vượt qua E. coli để trở thành nguyên nhân hàng đầu gây áp xe gan do vi khuẩn tại châu Á, đặc biệt ở người tiểu đường. Nguồn: CURRENT Medical Diagnosis & Treatment 2026."
noi-ap-xe-gan-mcq-003,noi,Áp xe gan,Tiêu hoá,,Amip (Entamoeba histolytica) xâm nhập vào gan gây áp xe chủ yếu qua con đường nào?,Động mạch gan,Tĩnh mạch cửa,Đường mật,Đường bạch huyết,,b,"Amip xuyên qua niêm mạc đại tràng, theo dòng máu của tĩnh mạch cửa đi lên gan để gây bệnh. Nguồn: Bệnh học nội khoa YHN."
noi-ap-xe-gan-mcq-004,noi,Áp xe gan,Tiêu hoá,,"Đối với áp xe gan do vi khuẩn sinh mủ, đường xâm nhập phổ biến nhất của mầm bệnh là gì?",Đường tĩnh mạch cửa,Đường động mạch gan,Đường mật,Chấn thương trực tiếp,,c,"Nhiễm trùng ngược dòng từ đường mật (do sỏi, giun sỏi, u) là nguyên nhân cơ học và đường vào thường gặp nhất của vi khuẩn sinh mủ."
noi-ap-xe-gan-mcq-005,noi,Áp xe gan,Tiêu hoá,,Nhóm đối tượng nào có tỷ lệ mắc áp xe gan do amip cao nhất trên lâm sàng?,"Nữ giới, 20-40 tuổi","Nam giới, 20-40 tuổi","Nữ giới, trên 60 tuổi","Nam giới, trên 60 tuổi",,b,"Dịch tễ học kinh điển ghi nhận bệnh áp xe gan amip gặp chủ yếu ở nam giới trong độ tuổi lao động trẻ (20-40 tuổi), tỷ lệ nam/nữ có thể lên tới 10/1."
noi-ap-xe-gan-mcq-006,noi,Áp xe gan,Tiêu hoá,,Bệnh lý nền nào có mối liên quan chặt chẽ nhất với hội chứng áp xe gan xâm lấn do vi khuẩn Klebsiella pneumoniae?,Xơ gan do rượu,Suy thận mạn tính,Đái tháo đường,Tăng huyết áp,,c,Hầu hết bệnh nhân mắc hội chứng Klebsiella pneumoniae xâm lấn (gây áp xe gan và di căn nhiễm khuẩn) đều có bệnh nền đái tháo đường kiểm soát kém.
noi-ap-xe-gan-mcq-007,noi,Áp xe gan,Tiêu hoá,,Thể nào của Entamoeba histolytica trực tiếp gây tổn thương và hoại tử mô gan?,Thể bào nang,Thể hoạt động nhỏ (minuta),Thể hoạt động lớn (magna),Thể sinh sản,,c,"Thể hoạt động lớn (magna) ăn hồng cầu, có khả năng tiết enzyme phá hủy mô, là thể trực tiếp gây tổn thương niêm mạc ruột và nhu mô gan."
noi-ap-xe-gan-mcq-008,noi,Áp xe gan,Tiêu hoá,,Đặc điểm đại thể kinh điển của mủ áp xe gan do amip (khi chưa có bội nhiễm) là gì?,"Màu vàng nhạt, lợn cợn","Màu xanh sẫm, mùi rất hôi","Màu nâu chocolate, không mùi",Trắng đục như sữa,,c,"Mủ amip bản chất là tổ chức gan hoại tử chảy máu, do đó có màu nâu chocolate (hoặc màu mắm nêm), không có mùi hôi trừ khi bị bội nhiễm vi khuẩn."
noi-ap-xe-gan-mcq-009,noi,Áp xe gan,Tiêu hoá,,Cơ chế chính giúp amip gây hoại tử tế bào gan là gì?,Tiết nội độc tố gây sốc tế bào,Gây huyết khối tắc mạch dẫn đến thiếu máu cục bộ,Tiết enzyme tiêu protein và độc tố tạo lỗ thủng màng,Kích hoạt cơn bão cytokine tại chỗ,,c,Amip tiết ra các enzyme proteolytic và các độc tố tạo lỗ thủng (amoebapores) làm hoại tử mô gan nhanh chóng mà không tạo ra phản ứng xơ hóa sớm.
noi-ap-xe-gan-mcq-010,noi,Áp xe gan,Tiêu hoá,,Vị trí và số lượng tổn thương thường gặp nhất của áp xe gan do amip là gì?,Đơn độc ở thùy phải,Đơn độc ở thùy trái,Nhiều ổ rải rác ở thùy phải,Nhiều ổ rải rác cả hai thùy,,a,Hơn 80% áp xe gan do amip là ổ đơn độc và nằm ở thùy phải (do dòng chảy tĩnh mạch cửa từ đại tràng phải đổ chủ yếu về thùy phải gan).
noi-ap-xe-gan-mcq-011,noi,Áp xe gan,Tiêu hoá,,Tổn thương gan trong áp xe gan do vi khuẩn đi lên từ đường mật thường có đặc điểm gì?,Thường là một ổ khổng lồ ở bao gan,Thường là nhiều ổ nhỏ rải rác cả hai thùy,Luôn đơn độc ở phân thùy đuôi,Chỉ tập trung ở tĩnh mạch cửa,,b,"Vi khuẩn lan theo nhánh đường mật nên tổn thương thường đa ổ, nhỏ, rải rác dọc theo cây đường mật ở cả hai thùy gan."
noi-ap-xe-gan-mcq-012,noi,Áp xe gan,Tiêu hoá,,Sự khác biệt về mặt giải phẫu bệnh tại ổ áp xe gan do amip so với vi khuẩn ở giai đoạn sớm là gì?,Có vỏ bao xơ rất dày bao bọc,Không có vỏ bao xơ thực sự,Có quá trình canxi hóa mạnh mẽ,Chứa đầy mô hạt viêm mạn tính,,b,"Do amip liên tục tiết enzyme phá hủy mô, ổ áp xe lấn át nhu mô lành xung quanh và thường không tạo được vỏ xơ thực sự ở giai đoạn đầu. Nguồn: Bệnh học nội khoa YHN."
noi-ap-xe-gan-mcq-013,noi,Áp xe gan,Tiêu hoá,,Vì sao khi chọc hút mủ áp xe do amip thường hiếm khi tìm thấy ký sinh trùng ở phần mủ trung tâm?,Amip đã bị tiêu diệt bởi bạch cầu tại trung tâm,Amip chỉ tập trung ở ranh giới giữa mô hoại tử và mô lành,Phần mủ trung tâm có pH quá kiềm khiến amip tan vỡ,Amip lập tức biến thành thể bào nang khi tạo mủ,,b,"Đây là bẫy kinh điển. Amip thể magna cần nguồn dinh dưỡng (tế bào lành) nên tập trung hoạt động ở ranh giới vỏ ổ áp xe để tiếp tục phá hủy gan, vùng trung tâm chỉ là mảnh vụn hoại tử."
noi-ap-xe-gan-mcq-014,noi,Áp xe gan,Tiêu hoá,,Đặc điểm mủ chọc hút từ ổ áp xe gan do vi khuẩn kỵ khí thường là gì?,"Màu nâu, không có mùi","Trong suốt, không có tế bào bạch cầu","Màu vàng xanh, mùi rất hôi thối",Lẫn nhiều máu tươi đông đặc,,c,"Sự phân hủy mô của vi khuẩn kỵ khí sinh ra các khí có mùi đặc trưng thối khắm, mủ thường có màu vàng hoặc xanh lợn cợn mủ."
noi-ap-xe-gan-mcq-015,noi,Áp xe gan,Tiêu hoá,,Tam chứng Fontan kinh điển trong lâm sàng áp xe gan bao gồm các triệu chứng nào?,"Sốt, vàng da, đau hạ sườn phải","Sốt, đau hạ sườn phải, gan to","Sốt, gan to, cổ trướng","Vàng da, gan to, lách to",,b,"Tam chứng Fontan gồm: Sốt, đau hạ sườn phải và gan to (to mềm, ấn đau). Vàng da nằm trong tam chứng Charcot của viêm đường mật, rất dễ nhầm lẫn."
noi-ap-xe-gan-mcq-016,noi,Áp xe gan,Tiêu hoá,,Đặc điểm khởi phát sốt thường gặp nhất ở bệnh nhân áp xe gan do vi khuẩn là gì?,"Sốt nhẹ về chiều, kéo dài hàng tháng",Sốt theo cơn có chu kỳ cố định như sốt rét,Sốt cao đột ngột kèm rét run,Sốt hình sin không đáp ứng thuốc hạ sốt,,c,Áp xe gan do vi khuẩn sinh mủ thường có bệnh cảnh nhiễm trùng nhiễm độc cấp tính nặng nề với sốt cao đột ngột và rét run.
noi-ap-xe-gan-mcq-017,noi,Áp xe gan,Tiêu hoá,,Nghiệm pháp Rung gan (dấu hiệu Fontan) dương tính trong áp xe gan phản ánh tình trạng gì?,Sự tắc nghẽn tĩnh mạch cửa,Tình trạng viêm kích thích bao gan,Suy tế bào gan cấp tính,Ứ mật trong gan nặng nề,,b,"Rung gan dương tính do bao gan bị căng trướng hoặc viêm dính, gây đau chói khi có tác động lực cơ học rung vùng hạ sườn phải."
noi-ap-xe-gan-mcq-018,noi,Áp xe gan,Tiêu hoá,,Triệu chứng vàng da trên lâm sàng thường xuất hiện rõ rệt nhất trong trường hợp nào?,Áp xe gan do amip ổ nhỏ thùy phải,Áp xe gan do vi khuẩn có nguyên nhân tắc mật,Áp xe gan do amip thùy trái,Áp xe vi khuẩn đường máu,,b,"Vàng da ít gặp trong áp xe amip đơn thuần. Vàng da rõ rệt gợi ý áp xe do vi khuẩn thứ phát sau tắc mật (sỏi, u) hoặc ổ áp xe rất lớn chèn ép đường mật chính."
noi-ap-xe-gan-mcq-019,noi,Áp xe gan,Tiêu hoá,,"Bệnh nhân nam 35 tuổi, có tiền sử tiêu chảy nhày máu 1 tháng trước, nay sốt 38.5 độ C, đau tức hạ sườn phải, khám có điểm đau chói liên sườn. Bệnh lý nào được nghĩ đến nhiều nhất?",Viêm túi mật cấp,Ung thư biểu mô tế bào gan,Áp xe gan do amip,Áp xe gan do vi khuẩn,,c,"Tiền sử hội chứng lỵ (tiêu chảy nhày máu), tuổi trẻ, nam giới, kèm tam chứng Fontan và điểm đau chói liên sườn là bệnh cảnh kinh điển của áp xe gan amip."
noi-ap-xe-gan-mcq-020,noi,Áp xe gan,Tiêu hoá,,Dấu hiệu Ludlow trong chẩn đoán lâm sàng áp xe gan là gì?,Cảm giác căng tức toàn bộ bao gan,Khối phồng nhìn thấy rõ ở dưới sườn phải,Điểm đau chói cố định ở một khe liên sườn,Gan đập nhịp nhàng theo nhịp tim,,c,"Dấu hiệu Ludlow là điểm đau chói tại khe liên sườn, định vị vị trí ổ áp xe nằm sát bao gan ở mặt lồi, rất có giá trị chọn vị trí chọc hút mủ."
noi-ap-xe-gan-mcq-021,noi,Áp xe gan,Tiêu hoá,,Sự khác biệt điển hình về tiền sử tiêu hóa giữa áp xe gan do amip và áp xe gan do vi khuẩn là gì?,Áp xe amip có tiền sử nôn ra máu,Áp xe amip thường có tiền sử hội chứng lỵ,Áp xe vi khuẩn luôn kèm tiêu chảy phân mỡ,Cả hai đều có tiền sử táo bón kéo dài,,b,"Amip bắt đầu từ tổn thương loét ở đại tràng gây hội chứng lỵ (mót rặn, phân nhày máu), sau đó mới di chuyển lên gan. Vi khuẩn sinh mủ ít có tiền sử này."
noi-ap-xe-gan-mcq-022,noi,Áp xe gan,Tiêu hoá,,Bệnh nhân có ổ áp xe ở thùy trái của gan thường có biểu hiện lâm sàng nào dễ gây nhầm lẫn trên thực tế?,Đau vùng hố chậu phải nhầm với viêm ruột thừa,Đau thắt lưng nhầm với cơn đau quặn thận,Đau vùng thượng vị nhầm với bệnh lý dạ dày hoặc nhồi máu cơ tim,Đau quanh rốn nhầm với viêm tụy cấp,,c,"Áp xe thùy trái nằm ngay trên dạ dày và sát màng ngoài tim, do đó bệnh nhân thường đau thượng vị, buồn nôn, rất dễ chẩn đoán nhầm với viêm loét dạ dày - tá tràng."
noi-ap-xe-gan-mcq-023,noi,Áp xe gan,Tiêu hoá,,"Triệu chứng hô hấp (ho khan, đau ngực phải, giảm rì rào phế nang đáy phổi phải) trong áp xe gan thùy phải thường do cơ chế nào?",Vi khuẩn di căn qua đường máu lên nhu mô phổi,Phản ứng viêm kích thích cơ hoành và màng phổi kề cận,Tình trạng suy tim phải thứ phát gây ứ huyết phổi,Ký sinh trùng amip đẻ trứng tại phế nang,,b,"Ổ áp xe ở mặt lồi thùy phải gây viêm dính cơ hoành phải và phản ứng tràn dịch màng phổi thanh huyết kề cận (sympathetic effusion), tạo ra triệu chứng hô hấp."
noi-ap-xe-gan-mcq-024,noi,Áp xe gan,Tiêu hoá,,"Ở người cao tuổi, biểu hiện lâm sàng của áp xe gan do vi khuẩn có thể bị che lấp và xuất hiện không điển hình bằng các triệu chứng nào?",Rung gan luôn âm tính tuyệt đối,Vàng da sậm màu xuất hiện tức thì,"Sốt không rõ hoặc không sốt, kèm lú lẫn, suy nhược",Tiêu chảy cấp mất nước ồ ạt,,c,"Người cao tuổi hệ miễn dịch suy giảm, triệu chứng nhiễm trùng có thể bị ""cùn"" đi (blunted), bệnh nhân không sốt mà biểu hiện bằng thay đổi tri giác, mệt mỏi khó giải thích."
noi-ap-xe-gan-mcq-025,noi,Áp xe gan,Tiêu hoá,,"Để chẩn đoán phân biệt đau hạ sườn phải do áp xe gan nguyên phát và do viêm túi mật cấp, triệu chứng lâm sàng nào ít gặp trong áp xe gan?",Sốt cao kèm rét run,Dấu hiệu Rung gan dương tính,Nghiệm pháp Murphy dương tính,Đau tức liên tục vùng hạ sườn phải,,c,"Nghiệm pháp Murphy dương tính đặc hiệu cho tình trạng viêm túi mật cấp, không gặp trong áp xe gan đơn thuần trừ khi áp xe có nguồn gốc từ viêm túi mật lan sang."
noi-ap-xe-gan-mcq-026,noi,Áp xe gan,Tiêu hoá,,Bệnh cảnh lâm sàng nào sau đây ÍT ĐIỂN HÌNH NHẤT đối với áp xe gan do amip hoặc vi khuẩn?,Sốt cao liên tục không giảm,"Đau quặn thắt hạ sườn phải từng cơn, lan lên vai","Đau tức âm ỉ, cảm giác nặng vùng hạ sườn phải","Gan to, mật độ mềm, ấn đau tức",,b,"Đau quặn thắt từng cơn là tính chất điển hình của cơn đau quặn mật do sỏi. Đau trong áp xe gan do căng giãn bao gan thường là đau tức, âm ỉ và liên tục."
noi-ap-xe-gan-mcq-027,noi,Áp xe gan,Tiêu hoá,,"Phương tiện cận lâm sàng hình ảnh học đầu tay, rẻ tiền và phổ biến nhất để chẩn đoán áp xe gan là gì?",Chụp CT-scan ổ bụng có tiêm thuốc,Chụp MRI gan mật,Siêu âm ổ bụng,Chụp X-quang bụng không chuẩn bị,,c,"Siêu âm là xét nghiệm đầu tay do nhạy, không xâm lấn, giá rẻ, định vị được ổ áp xe và giúp hướng dẫn chọc hút mủ an toàn."
noi-ap-xe-gan-mcq-028,noi,Áp xe gan,Tiêu hoá,,Đặc điểm siêu âm điển hình của ổ áp xe gan amip ở giai đoạn đã hóa mủ hoàn toàn là gì?,Khối tăng âm hoàn toàn đồng nhất,"Khối giảm âm, ranh giới rõ, bờ đều",Hình ảnh bóng cản âm mạnh kèm theo khí,"Nhu mô gan thô, teo nhỏ, bờ không đều",,b,"Giai đoạn mủ hóa, siêu âm thấy ổ rỗng âm hoặc giảm âm, ranh giới rõ ràng. Có khí trong ổ áp xe (bóng cản) thường gợi ý áp xe do vi khuẩn sinh hơi chứ không phải amip."
noi-ap-xe-gan-mcq-029,noi,Áp xe gan,Tiêu hoá,,"Trong xét nghiệm máu thường quy của bệnh nhân áp xe gan cấp tính, đặc điểm nào sau đây là phổ biến nhất?",Giảm bạch cầu lympho sâu sắc,Tăng tỷ lệ bạch cầu ái toan rất cao,"Tăng số lượng bạch cầu, chủ yếu là bạch cầu đa nhân trung tính",Giảm tiểu cầu mức độ nặng,,c,Cả áp xe gan amip và vi khuẩn đều gây phản ứng viêm cấp tính với tình trạng tăng bạch cầu và tăng ưu thế tỷ lệ bạch cầu đa nhân trung tính.
noi-ap-xe-gan-mcq-030,noi,Áp xe gan,Tiêu hoá,,Điểm khác biệt quan trọng trong công thức máu giúp phân biệt áp xe gan do amip và áp xe gan do sán lá gan lớn là gì?,"Amip làm men gan tăng rất cao, sán lá gan thì không",Sán lá gan lớn thường kèm tăng bạch cầu ái toan rất cao,Sán lá gan lớn có chỉ số CRP luôn bình thường,Amip gây thiếu máu nhược sắc hồng cầu nhỏ,,b,"Đây là bẫy kinh điển: Ký sinh trùng đa bào (sán lá gan, giun đũa) gây phản ứng tăng bạch cầu ái toan (>15-20%). Amip là đơn bào nên bạch cầu ái toan máu thường bình thường."
noi-ap-xe-gan-mcq-031,noi,Áp xe gan,Tiêu hoá,,Huyết thanh chẩn đoán amip (phương pháp ELISA) có nhược điểm lớn nhất là gì khi ứng dụng trên lâm sàng ở vùng dịch tễ?,"Độ nhạy rất thấp, hay cho kết quả âm tính giả",Phản ứng chéo và dương tính giả nhiều với sán lá gan,Kháng thể tồn tại kéo dài nhiều tháng đến vài năm sau khi khỏi bệnh,Chỉ phát hiện được kháng thể ở giai đoạn lỵ ruột,,c,"Huyết thanh amip dương tính kéo dài rất lâu. Ở vùng dịch tễ, kết quả dương tính không phân biệt được bệnh nhân đang bị áp xe gan amip cấp hay chỉ là kháng thể của đợt nhiễm cũ."
noi-ap-xe-gan-mcq-032,noi,Áp xe gan,Tiêu hoá,,Vai trò của việc cấy máu trong quy trình chẩn đoán áp xe gan do vi khuẩn là gì?,Không có giá trị vì tỷ lệ dương tính luôn bằng không,"Có tỷ lệ dương tính lên đến 50%, giúp định danh vi khuẩn và kháng sinh đồ",Chỉ nên thực hiện khi bệnh nhân rơi vào sốc nhiễm khuẩn,Hoàn toàn thay thế được việc cấy mủ chọc hút từ gan,,b,Cấy máu dương tính trong khoảng 50% các trường hợp áp xe do vi khuẩn sinh mủ. Lấy máu cấy trước khi dùng kháng sinh là tiêu chuẩn quan trọng.
noi-ap-xe-gan-mcq-033,noi,Áp xe gan,Tiêu hoá,,Tiêu chuẩn vàng để chẩn đoán xác định chính xác tác nhân gây áp xe gan do vi khuẩn là gì?,Siêu âm thấy có bóng khí trong ổ áp xe,Huyết thanh chẩn đoán vi khuẩn đặc hiệu dương tính,Phân lập vi khuẩn từ bệnh phẩm mủ chọc hút ổ áp xe,Bệnh nhân đáp ứng tốt sau 3 ngày dùng kháng sinh thử nghiệm,,c,Việc lấy trực tiếp mủ tại ổ tổn thương mang đi nhuộm Gram và cấy là tiêu chuẩn vàng định danh chính xác vi khuẩn gây bệnh và làm kháng sinh đồ.
noi-ap-xe-gan-mcq-034,noi,Áp xe gan,Tiêu hoá,,Chỉ định chụp CT-scan ổ bụng có tiêm thuốc cản quang trong áp xe gan được ưu tiên trong trường hợp nào nhất?,Sàng lọc bệnh trong cộng đồng nguy cơ cao,Thay thế siêu âm để giảm chi phí xét nghiệm,"Siêu âm khó xác định, ổ áp xe đa thùy phức tạp hoặc nghi ngờ biến chứng",Đánh giá khả năng bài tiết mật của tế bào gan,,c,"CT-scan giúp đánh giá rõ rệt các tổn thương nhỏ, đa ổ, vị trí khó siêu âm (vòm gan), hoặc phân biệt áp xe với u hoại tử, đánh giá biến chứng vỡ."
noi-ap-xe-gan-mcq-035,noi,Áp xe gan,Tiêu hoá,,"Sự thay đổi của các enzyme gan (AST, ALT) trong áp xe gan không biến chứng thường ở mức độ nào?",Luôn tăng rất cao > 1000 U/L như viêm gan virus cấp,Giảm mạnh dưới mức giới hạn bình thường,Tăng nhẹ hoặc bình thường,Tăng tỷ lệ nghịch với kích thước khối áp xe,,c,"Áp xe gan là tổn thương khu trú. Nếu không có biến chứng viêm đường mật hoặc viêm gan toàn thể kèm theo, phần nhu mô lành vẫn bù trừ nên AST/ALT chỉ tăng nhẹ hoặc bình thường."
noi-ap-xe-gan-mcq-036,noi,Áp xe gan,Tiêu hoá,,Xét nghiệm nào sau đây BẮT BUỘC phải thực hiện và kiểm tra trước khi quyết định chọc hút ổ áp xe gan qua da?,Cấy máu 2 mẫu,Đo chức năng hô hấp,"Xét nghiệm đông máu cơ bản (PT, INR, Tiểu cầu)",Nội soi dạ dày tá tràng,,c,"Chọc hút gan là thủ thuật xâm lấn có rủi ro chảy máu cao, bắt buộc phải đảm bảo chức năng đông cầm máu trong giới hạn an toàn trước khi thực hiện."
noi-ap-xe-gan-mcq-037,noi,Áp xe gan,Tiêu hoá,,Thuốc kháng sinh nào là lựa chọn đầu tay và đặc hiệu nhất trong điều trị nội khoa áp xe gan do amip?,Ciprofloxacin,Metronidazole,Amoxicillin,Doxycycline,,b,Metronidazole (thuộc nhóm 5-nitroimidazole) là kháng sinh diệt amip thể mô (magna) hiệu quả nhất và là điều trị chuẩn mực đầu tay.
noi-ap-xe-gan-mcq-038,noi,Áp xe gan,Tiêu hoá,,Liều lượng và thời gian sử dụng Metronidazole đường tĩnh mạch/uống tiêu chuẩn cho người lớn mắc áp xe gan amip là bao nhiêu?,"250 mg x 2 lần/ngày, kéo dài 5 ngày","500 mg x 2 lần/ngày, kéo dài 14 ngày","750 mg x 3 lần/ngày, kéo dài 7-10 ngày","1000 mg x 1 lần/ngày, kéo dài 3 ngày",,c,"Liều chuẩn được khuyến cáo trong các guideline là 750mg dùng 3 lần/ngày (mỗi 8 giờ), kéo dài trong 7 đến 10 ngày để tiệt trừ amip trong gan."
noi-ap-xe-gan-mcq-039,noi,Áp xe gan,Tiêu hoá,,Tác dụng phụ thường gặp và bắt buộc phải dặn dò kỹ bệnh nhân khi sử dụng Metronidazole là gì?,Hội chứng xám (Gray baby syndrome),Đứt gân gót (Achilles tendon rupture),Hiệu ứng kiểu disulfiram (antabuse) khi dùng cùng rượu,Xuất huyết tiêu hóa ồ ạt,,c,"Metronidazole ức chế enzyme chuyển hóa rượu, gây tích tụ acetaldehyde dẫn đến triệu chứng đỏ mặt, nôn mửa, nhịp tim nhanh (hiệu ứng antabuse). Cấm uống rượu khi dùng thuốc."
noi-ap-xe-gan-mcq-040,noi,Áp xe gan,Tiêu hoá,,"Sau khi điều trị thành công áp xe gan amip bằng Metronidazole, bước điều trị tiếp theo được khuyến cáo để dự phòng tái phát là gì?",Phẫu thuật cắt bỏ vỏ bao ổ áp xe,Dùng thuốc diệt amip khu trú trong lòng ruột (luminal amoebicide),Uống kháng sinh dự phòng liên tục 6 tháng,Tiêm vắc xin phòng bệnh amip,,b,"Metronidazole tiệt trừ amip ở mô nhưng kém hiệu quả trong lòng ruột. Cần dùng Paromomycin hoặc Diloxanide furoate sau đó để diệt bào nang ở đại tràng, tránh tái nhiễm."
noi-ap-xe-gan-mcq-041,noi,Áp xe gan,Tiêu hoá,,Phác đồ kháng sinh kinh nghiệm ban đầu phù hợp nhất cho bệnh nhân áp xe gan do vi khuẩn mắc phải tại cộng đồng chưa có kết quả cấy là gì?,Cephalosporin thế hệ 3 kết hợp Metronidazole,Macrolide đơn trị liệu,Aminoglycoside kết hợp Penicillin V,Vancomycin kết hợp Linezolid,,a,Phác đồ cần bao phủ trực khuẩn Gram âm đường ruột (Cephalosporin TH3 như Ceftriaxone) và vi khuẩn kỵ khí (Metronidazole).
noi-ap-xe-gan-mcq-042,noi,Áp xe gan,Tiêu hoá,,Chỉ định chọc hút dẫn lưu ổ áp xe gan do amip được ƯU TIÊN TUYỆT ĐỐI trong trường hợp nào dưới đây?,Ổ áp xe < 3 cm nằm sâu ở thùy phải,Áp xe thùy trái kích thước lớn có nguy cơ vỡ,Bệnh nhân có huyết thanh chẩn đoán amip âm tính,Bệnh nhân hoàn toàn không có triệu chứng sốt,,b,"Áp xe amip thùy trái dễ vỡ vào khoang màng ngoài tim gây chèn ép tim cấp (tử vong nhanh). Do đó, áp xe thùy trái lớn là chỉ định chọc dẫn lưu khẩn cấp."
noi-ap-xe-gan-mcq-043,noi,Áp xe gan,Tiêu hoá,,Đâu là CHỐNG CHỈ ĐỊNH tương đối của thủ thuật chọc hút áp xe gan qua da?,Bệnh nhân đang sốt cao liên tục,Bệnh nhân có rối loạn đông máu nặng chưa điều chỉnh được,Bệnh nhân có tràn dịch màng phổi phản ứng lượng ít,Ổ áp xe nằm sát bao gan thùy phải,,b,Rối loạn đông máu (tiểu cầu < 50 G/L hoặc INR > 1.5 không đáp ứng truyền huyết tương) là chống chỉ định của thủ thuật chọc kim qua gan do rủi ro chảy máu nội tạng chết người.
noi-ap-xe-gan-mcq-044,noi,Áp xe gan,Tiêu hoá,,Cơ chế tác dụng chính của Metronidazole trên vi sinh vật kỵ khí và đơn bào amip là gì?,Ức chế enzym tổng hợp vách tế bào,Gắn vào tiểu phần 50S của ribosome ức chế tổng hợp protein,Khử nhóm nitro tạo các gốc tự do phá vỡ cấu trúc DNA,Đối kháng cạnh tranh với acid folic,,c,"Thuốc được khử độc tính chọn lọc trong tế bào vi khuẩn kỵ khí và đơn bào, sinh ra các sản phẩm trung gian phá vỡ chuỗi DNA, gây chết vi sinh vật."
noi-ap-xe-gan-mcq-045,noi,Áp xe gan,Tiêu hoá,,Mục tiêu thời gian điều trị kháng sinh tổng cộng (bao gồm cả tĩnh mạch và đường uống) đối với áp xe gan do vi khuẩn sinh mủ thường là bao lâu?,5-7 ngày,10-14 ngày,4-6 tuần,3-6 tháng,,c,"Áp xe vi khuẩn cần thời gian điều trị dài (thường 2 tuần tiêm truyền tĩnh mạch, sau đó chuyển sang uống) để tổng thời gian đạt 4-6 tuần nhằm tránh tái phát triệt để."
noi-ap-xe-gan-mcq-046,noi,Áp xe gan,Tiêu hoá,,"Khi điều trị áp xe gan amip bằng Metronidazole đơn thuần, thông thường triệu chứng lâm sàng (sốt, đau) sẽ cải thiện rõ rệt sau khoảng thời gian bao lâu?",12 giờ,72-96 giờ,10-14 ngày,1 tháng,,b,Khoảng 90% bệnh nhân áp xe gan amip hết sốt và cải thiện triệu chứng lâm sàng trong vòng 72 đến 96 giờ (3-4 ngày) sau khi bắt đầu dùng Metronidazole. Nếu không đỡ cần xét chọc hút.
noi-ap-xe-gan-mcq-047,noi,Áp xe gan,Tiêu hoá,,Biến chứng vỡ tự phát của ổ áp xe gan do amip ở thùy phải thường gặp nhất ở vị trí nào?,Vỡ vào khoang màng ngoài tim,Vỡ vào khoang màng phổi - phổi phải,Vỡ vào dạ dày và tá tràng,Vỡ vào thành bụng,,b,"Thùy phải nằm sát vòm hoành phải, khi vỡ ổ áp xe thường xuyên phá thủng cơ hoành và tràn mủ vào khoang màng phổi phải, hoặc tạo rò màng phổi - phế quản - gan."
noi-ap-xe-gan-mcq-048,noi,Áp xe gan,Tiêu hoá,,"Biến chứng nguy hiểm nhất, có tỷ lệ tử vong cao nhất nếu xảy ra đối với áp xe gan do amip ở thùy trái là gì?",Vỡ vào khoang màng phổi trái,Dò hở ra ngoài thành bụng trước,Vỡ vào khoang màng ngoài tim gây chèn ép tim cấp,Vỡ mủ vào ống tiêu hóa,,c,"Mủ tràn vào khoang màng ngoài tim gây ép tim cấp (Cardiac tamponade), làm trụy tim mạch tức khắc. Đây là biến chứng đe dọa mạng sống hàng đầu của áp xe thùy trái."
noi-ap-xe-gan-mcq-049,noi,Áp xe gan,Tiêu hoá,,Hội chứng nhiễm Klebsiella pneumoniae xâm lấn (Invasive K. pneumoniae syndrome) từ ổ áp xe gan nguy hiểm nhất ở đặc điểm nào sau đây?,Gây viêm nội nhãn cầu và viêm màng não di căn,Tổn thương phình vỡ động mạch chủ bụng,Gây vỡ lách tự phát,Tắc mạch máu mạc treo gây hoại tử ruột,,a,"Hội chứng Klebsiella xâm lấn đặc trưng bởi khả năng vi khuẩn theo đường máu di căn gây nhiễm trùng thứ phát ở các cơ quan xa, đặc biệt là viêm nội nhãn (mù lòa) và viêm màng não."
noi-ap-xe-gan-mcq-050,noi,Áp xe gan,Tiêu hoá,,Tiêu chuẩn đáng tin cậy nhất để đánh giá sự khỏi bệnh hoàn toàn và cho phép ngừng theo dõi ở bệnh nhân áp xe gan do amip là gì?,Hình ảnh ổ áp xe biến mất hoàn toàn trên siêu âm ngay sau điều trị,Huyết thanh chẩn đoán amip chuyển từ dương tính sang âm tính,"Bệnh nhân hết triệu chứng lâm sàng và các marker viêm (Bạch cầu, CRP) bình thường",Nhu mô gan tăng âm đồng nhất toàn bộ,,c,Lâm sàng và xét nghiệm viêm về bình thường là tiêu chuẩn quyết định. Ổ rỗng âm trên siêu âm hoặc kháng thể dương tính có thể tồn tại nhiều tháng đến nhiều năm dù đã sạch bệnh.
noi-ap-xe-gan-case-1-1,noi,Áp xe gan,Tiêu hoá,"Bệnh nhân nam 55 tuổi, là thợ xây, vào viện vì sốt và đau bụng. Bệnh diễn tiến khoảng 10 ngày nay với các triệu chứng sốt cao 39-40°C, rét run, kèm đau tức vùng hạ sườn phải, cơn đau âm ỉ, không lan, tăng lên khi hít sâu. Bệnh nhân mệt mỏi, ăn uống kém và sút 2 kg. Tiền sử có đái tháo đường type 2 được 5 năm nhưng điều trị không thường xuyên, không hút thuốc, thỉnh thoảng uống rượu. Khám toàn thân bệnh nhân tỉnh, vẻ mặt nhiễm trùng, môi khô lưỡi bẩn, sinh hiệu: mạch 110 lần/phút, huyết áp 100/60 mmHg, nhiệt độ 39.5°C, SpO₂ 97% khí trời, BMI 25 kg/m². Khám bụng thấy gan to 3 cm dưới bờ sườn, mật độ mềm, ấn đau tức; nghiệm pháp rung gan dương tính. Phổi thông khí rõ hai bên, không có ran. Khám tim mạch và các cơ quan khác chưa phát hiện bất thường. Cận lâm sàng ghi nhận: Bạch cầu 18.5 G/L (neutrophil 88%); CRP 250 mg/L; Glucose máu 15 mmol/L; AST 80 U/L, ALT 95 U/L, Phosphatase kiềm (ALP) 350 U/L, Bilirubin toàn phần 25 µmol/L. Siêu âm bụng cho thấy gan phải có một khối echo hỗn hợp, giới hạn tương đối rõ, bờ không đều, kích thước 8x9 cm, bên trong có nhiều vách và dịch không đồng nhất, không có dấu hiệu huyết khối tĩnh mạch cửa hay bệnh lý đường mật.",Chẩn đoán nào là phù hợp nhất với bệnh nhân này?,Viêm túi mật cấp.,Áp xe gan do vi khuẩn sinh mủ.,Ung thư biểu mô tế bào gan hoại tử.,Viêm gan cấp do virus.,,b,"Bệnh cảnh lâm sàng với hội chứng nhiễm trùng rầm rộ, đau hạ sườn phải và gan to, cận lâm sàng (hội chứng nhiễm trùng rầm rộ) và hình ảnh học (khối dịch hóa trong gan) là rất điển hình cho một ổ áp xe gan do vi khuẩn sinh mủ. Ung thư gan hoại tử có thể có hình ảnh tương tự nhưng thường không có hội chứng nhiễm trùng cấp tính rầm rộ như vậy."
noi-ap-xe-gan-case-1-2,noi,Áp xe gan,Tiêu hoá,"Bệnh nhân nam 55 tuổi, là thợ xây, vào viện vì sốt và đau bụng. Bệnh diễn tiến khoảng 10 ngày nay với các triệu chứng sốt cao 39-40°C, rét run, kèm đau tức vùng hạ sườn phải, cơn đau âm ỉ, không lan, tăng lên khi hít sâu. Bệnh nhân mệt mỏi, ăn uống kém và sút 2 kg. Tiền sử có đái tháo đường type 2 được 5 năm nhưng điều trị không thường xuyên, không hút thuốc, thỉnh thoảng uống rượu. Khám toàn thân bệnh nhân tỉnh, vẻ mặt nhiễm trùng, môi khô lưỡi bẩn, sinh hiệu: mạch 110 lần/phút, huyết áp 100/60 mmHg, nhiệt độ 39.5°C, SpO₂ 97% khí trời, BMI 25 kg/m². Khám bụng thấy gan to 3 cm dưới bờ sườn, mật độ mềm, ấn đau tức; nghiệm pháp rung gan dương tính. Phổi thông khí rõ hai bên, không có ran. Khám tim mạch và các cơ quan khác chưa phát hiện bất thường. Cận lâm sàng ghi nhận: Bạch cầu 18.5 G/L (neutrophil 88%); CRP 250 mg/L; Glucose máu 15 mmol/L; AST 80 U/L, ALT 95 U/L, Phosphatase kiềm (ALP) 350 U/L, Bilirubin toàn phần 25 µmol/L. Siêu âm bụng cho thấy gan phải có một khối echo hỗn hợp, giới hạn tương đối rõ, bờ không đều, kích thước 8x9 cm, bên trong có nhiều vách và dịch không đồng nhất, không có dấu hiệu huyết khối tĩnh mạch cửa hay bệnh lý đường mật.","Trong bối cảnh không có bằng chứng tắc nghẽn đường mật hoặc ổ nhiễm trùng trong ổ bụng, con đường nhiễm khuẩn nào phù hợp nhất với ổ áp xe gan sinh mủ này?",Nhiễm khuẩn huyết theo động mạch gan từ một ổ nhiễm khuẩn ngoài gan.,Vi khuẩn lan trực tiếp từ một tạng viêm nằm sát bề mặt gan.,Vi khuẩn theo tĩnh mạch cửa từ một ổ nhiễm trùng trong ổ bụng.,Vi khuẩn đi ngược dòng từ tá tràng qua hệ thống đường mật bị tắc.,,a,"Không có giãn đường mật hay ổ nhiễm trùng trong ổ bụng nên đường mật và tĩnh mạch cửa kém phù hợp. Trong áp xe gan sinh mủ không rõ nguồn, đặc biệt khi có đái tháo đường và nguy cơ nhiễm khuẩn huyết, vi khuẩn có thể đến gan theo động mạch gan. Tuy nhiên vẫn cần cấy máu và tìm ổ nhiễm nguyên phát."
noi-ap-xe-gan-case-1-3,noi,Áp xe gan,Tiêu hoá,"Bệnh nhân nam 55 tuổi, là thợ xây, vào viện vì sốt và đau bụng. Bệnh diễn tiến khoảng 10 ngày nay với các triệu chứng sốt cao 39-40°C, rét run, kèm đau tức vùng hạ sườn phải, cơn đau âm ỉ, không lan, tăng lên khi hít sâu. Bệnh nhân mệt mỏi, ăn uống kém và sút 2 kg. Tiền sử có đái tháo đường type 2 được 5 năm nhưng điều trị không thường xuyên, không hút thuốc, thỉnh thoảng uống rượu. Khám toàn thân bệnh nhân tỉnh, vẻ mặt nhiễm trùng, môi khô lưỡi bẩn, sinh hiệu: mạch 110 lần/phút, huyết áp 100/60 mmHg, nhiệt độ 39.5°C, SpO₂ 97% khí trời, BMI 25 kg/m². Khám bụng thấy gan to 3 cm dưới bờ sườn, mật độ mềm, ấn đau tức; nghiệm pháp rung gan dương tính. Phổi thông khí rõ hai bên, không có ran. Khám tim mạch và các cơ quan khác chưa phát hiện bất thường. Cận lâm sàng ghi nhận: Bạch cầu 18.5 G/L (neutrophil 88%); CRP 250 mg/L; Glucose máu 15 mmol/L; AST 80 U/L, ALT 95 U/L, Phosphatase kiềm (ALP) 350 U/L, Bilirubin toàn phần 25 µmol/L. Siêu âm bụng cho thấy gan phải có một khối echo hỗn hợp, giới hạn tương đối rõ, bờ không đều, kích thước 8x9 cm, bên trong có nhiều vách và dịch không đồng nhất, không có dấu hiệu huyết khối tĩnh mạch cửa hay bệnh lý đường mật.",Tác nhân vi sinh vật nào thường là nguyên nhân gây áp xe gan sinh mủ ở bệnh nhân đái tháo đường tại châu Á?,Entamoeba histolytica.,Klebsiella pneumoniae.,Staphylococcus aureus.,Streptococcus pyogenes.,,b,"Klebsiella pneumoniae, đặc biệt là các type huyết thanh K1/K2, được biết đến là nguyên nhân hàng đầu gây áp xe gan sinh mủ ở khu vực Đông Á, và thường liên quan đến bệnh nhân đái tháo đường. Vi khuẩn này có khả năng xâm lấn cao và có thể gây ra các biến chứng di căn nhiễm khuẩn."
noi-ap-xe-gan-case-1-4,noi,Áp xe gan,Tiêu hoá,"Bệnh nhân nam 55 tuổi, là thợ xây, vào viện vì sốt và đau bụng. Bệnh diễn tiến khoảng 10 ngày nay với các triệu chứng sốt cao 39-40°C, rét run, kèm đau tức vùng hạ sườn phải, cơn đau âm ỉ, không lan, tăng lên khi hít sâu. Bệnh nhân mệt mỏi, ăn uống kém và sút 2 kg. Tiền sử có đái tháo đường type 2 được 5 năm nhưng điều trị không thường xuyên, không hút thuốc, thỉnh thoảng uống rượu. Khám toàn thân bệnh nhân tỉnh, vẻ mặt nhiễm trùng, môi khô lưỡi bẩn, sinh hiệu: mạch 110 lần/phút, huyết áp 100/60 mmHg, nhiệt độ 39.5°C, SpO₂ 97% khí trời, BMI 25 kg/m². Khám bụng thấy gan to 3 cm dưới bờ sườn, mật độ mềm, ấn đau tức; nghiệm pháp rung gan dương tính. Phổi thông khí rõ hai bên, không có ran. Khám tim mạch và các cơ quan khác chưa phát hiện bất thường. Cận lâm sàng ghi nhận: Bạch cầu 18.5 G/L (neutrophil 88%); CRP 250 mg/L; Glucose máu 15 mmol/L; AST 80 U/L, ALT 95 U/L, Phosphatase kiềm (ALP) 350 U/L, Bilirubin toàn phần 25 µmol/L. Siêu âm bụng cho thấy gan phải có một khối echo hỗn hợp, giới hạn tương đối rõ, bờ không đều, kích thước 8x9 cm, bên trong có nhiều vách và dịch không đồng nhất, không có dấu hiệu huyết khối tĩnh mạch cửa hay bệnh lý đường mật.",Can thiệp điều trị nào là cấp thiết và quan trọng nhất bên cạnh việc sử dụng kháng sinh?,Chọc hút hoặc dẫn lưu mủ ổ áp xe qua da.,Phẫu thuật cắt gan bán phần.,Nội soi mật tụy ngược dòng (ERCP) để giải áp đường mật.,Dùng thuốc lợi tiểu để giảm phù nề gan.,,a,"Nguyên tắc chính trong điều trị áp xe gan là ""kháng sinh và dẫn lưu"". Đối với ổ áp xe lớn (> 5 cm), có vách hóa và bệnh nhân có biểu hiện nhiễm trùng nặng, việc chọc hút hoặc đặt ống dẫn lưu mủ qua da dưới hướng dẫn của siêu âm/CT là cực kỳ quan trọng để kiểm soát nguồn nhiễm trùng, giảm áp lực trong ổ áp xe và giúp kháng sinh thấm tốt hơn."
noi-ap-xe-gan-case-1-5,noi,Áp xe gan,Tiêu hoá,"Bệnh nhân nam 55 tuổi, là thợ xây, vào viện vì sốt và đau bụng. Bệnh diễn tiến khoảng 10 ngày nay với các triệu chứng sốt cao 39-40°C, rét run, kèm đau tức vùng hạ sườn phải, cơn đau âm ỉ, không lan, tăng lên khi hít sâu. Bệnh nhân mệt mỏi, ăn uống kém và sút 2 kg. Tiền sử có đái tháo đường type 2 được 5 năm nhưng điều trị không thường xuyên, không hút thuốc, thỉnh thoảng uống rượu. Khám toàn thân bệnh nhân tỉnh, vẻ mặt nhiễm trùng, môi khô lưỡi bẩn, sinh hiệu: mạch 110 lần/phút, huyết áp 100/60 mmHg, nhiệt độ 39.5°C, SpO₂ 97% khí trời, BMI 25 kg/m². Khám bụng thấy gan to 3 cm dưới bờ sườn, mật độ mềm, ấn đau tức; nghiệm pháp rung gan dương tính. Phổi thông khí rõ hai bên, không có ran. Khám tim mạch và các cơ quan khác chưa phát hiện bất thường. Cận lâm sàng ghi nhận: Bạch cầu 18.5 G/L (neutrophil 88%); CRP 250 mg/L; Glucose máu 15 mmol/L; AST 80 U/L, ALT 95 U/L, Phosphatase kiềm (ALP) 350 U/L, Bilirubin toàn phần 25 µmol/L. Siêu âm bụng cho thấy gan phải có một khối echo hỗn hợp, giới hạn tương đối rõ, bờ không đều, kích thước 8x9 cm, bên trong có nhiều vách và dịch không đồng nhất, không có dấu hiệu huyết khối tĩnh mạch cửa hay bệnh lý đường mật.",Biến chứng nguy hiểm nhất có thể xảy ra nếu ổ áp xe này không được điều trị kịp thời là gì?,Suy gan cấp.,Vỡ ổ áp xe gây viêm phúc mạc hoặc sốc nhiễm khuẩn.,Huyết khối tĩnh mạch cửa.,Di căn nhiễm khuẩn đến não.,,b,"Vỡ ổ áp xe là biến chứng đáng sợ nhất. Ổ áp xe có thể vỡ vào ổ bụng gây viêm phúc mạc toàn thể, vỡ vào màng phổi gây tràn mủ màng phổi, hoặc vỡ vào các cơ quan lân cận. Tất cả các tình huống này đều có thể dẫn đến sốc nhiễm khuẩn và có tỷ lệ tử vong rất cao."
noi-ap-xe-gan-case-2-1,noi,Áp xe gan,Tiêu hoá,"Bệnh nhân nam 40 tuổi, làm nghề hướng dẫn viên du lịch, vào viện vì đau bụng và sốt nhẹ. Khoảng 3 tuần trước, bệnh nhân có một đợt đi ngoài phân lỏng, có nhầy máu, tự khỏi sau vài ngày. Khoảng 1 tuần nay, bệnh nhân cảm thấy mệt mỏi, chán ăn, sốt nhẹ về chiều (37.8 - 38.5°C) và đau âm ỉ liên tục vùng hạ sườn phải. Bệnh nhân không rét run, không vàng da. Tiền sử khỏe mạnh, không có bệnh nền, không uống rượu. Cách đây 2 tháng, bệnh nhân có dẫn đoàn đi du lịch đến một vùng nông thôn ở Ấn Độ. Khám toàn thân: bệnh nhân tỉnh, không có vẻ nhiễm trùng nặng, sinh hiệu ổn. Khám bụng thấy gan to 2 cm dưới sườn, ấn đau tức, nghiệm pháp rung gan dương tính. Bụng mềm, không có phản ứng thành bụng. Phổi không ran. Cận lâm sàng: Bạch cầu 12.0 G/L (neutrophil 70%, eosinophil 8%); CRP 80 mg/L; AST 60 U/L, ALT 75 U/L, ALP 280 U/L. Siêu âm bụng cho thấy gan phải có một ổ tổn thương dạng dịch, giảm âm, hình tròn, bờ đều, không có vỏ bao rõ, kích thước 7x7 cm, nằm sát vòm hoành. Xét nghiệm huyết thanh chẩn đoán Entamoeba histolytica cho kết quả dương tính mạnh.",Nguyên nhân gây áp xe gan ở bệnh nhân này là gì?,Vi khuẩn Escherichia coli.,Ký sinh trùng Echinococcus granulosus (sán dây chó).,Vi khuẩn Mycobacterium tuberculosis.,Ký sinh trùng Entamoeba histolytica.,,d,"Bệnh cảnh bán cấp, tiền sử lỵ, yếu tố dịch tễ (du lịch đến vùng lưu hành), kết quả huyết thanh học dương tính và hình ảnh siêu âm điển hình đều hướng mạnh đến chẩn đoán áp xe gan do amip (Entamoeba histolytica)."
noi-ap-xe-gan-case-2-2,noi,Áp xe gan,Tiêu hoá,"Bệnh nhân nam 40 tuổi, làm nghề hướng dẫn viên du lịch, vào viện vì đau bụng và sốt nhẹ. Khoảng 3 tuần trước, bệnh nhân có một đợt đi ngoài phân lỏng, có nhầy máu, tự khỏi sau vài ngày. Khoảng 1 tuần nay, bệnh nhân cảm thấy mệt mỏi, chán ăn, sốt nhẹ về chiều (37.8 - 38.5°C) và đau âm ỉ liên tục vùng hạ sườn phải. Bệnh nhân không rét run, không vàng da. Tiền sử khỏe mạnh, không có bệnh nền, không uống rượu. Cách đây 2 tháng, bệnh nhân có dẫn đoàn đi du lịch đến một vùng nông thôn ở Ấn Độ. Khám toàn thân: bệnh nhân tỉnh, không có vẻ nhiễm trùng nặng, sinh hiệu ổn. Khám bụng thấy gan to 2 cm dưới sườn, ấn đau tức, nghiệm pháp rung gan dương tính. Bụng mềm, không có phản ứng thành bụng. Phổi không ran. Cận lâm sàng: Bạch cầu 12.0 G/L (neutrophil 70%, eosinophil 8%); CRP 80 mg/L; AST 60 U/L, ALT 75 U/L, ALP 280 U/L. Siêu âm bụng cho thấy gan phải có một ổ tổn thương dạng dịch, giảm âm, hình tròn, bờ đều, không có vỏ bao rõ, kích thước 7x7 cm, nằm sát vòm hoành. Xét nghiệm huyết thanh chẩn đoán Entamoeba histolytica cho kết quả dương tính mạnh.",Cơ chế bệnh sinh chính dẫn đến hình thành ổ áp xe gan do amip là gì?,Amip gây tắc nghẽn các vi mạch trong gan dẫn đến hoại tử.,"Amip gây ra một phản ứng dị ứng mạnh trong gan, tạo thành một ổ viêm u hạt.","Thể hoạt động (trophozoite) của amip xâm nhập vào niêm mạc đại tràng, theo tĩnh mạch cửa lên gan và gây hoại tử nhu mô gan bằng các enzyme tiêu protein.",Trứng amip theo đường bạch huyết lên gan và phát triển thành nang. https://onedrive.live.com/personal/2672550e42ddc7d4/_layouts/15/D,,c,"Thể hoạt động của E. histolytica sau khi gây bệnh ở đại tràng sẽ xâm nhập vào hệ tĩnh mạch cửa. Khi lên đến gan, chúng gây tắc các vi tĩnh mạch và tiết ra các enzyme (như hyaluronidase, collagenase) làm ly giải và hoại tử tế bào gan, tạo thành ổ áp xe chứa dịch hoại tử."
noi-ap-xe-gan-case-2-3,noi,Áp xe gan,Tiêu hoá,"Bệnh nhân nam 40 tuổi, làm nghề hướng dẫn viên du lịch, vào viện vì đau bụng và sốt nhẹ. Khoảng 3 tuần trước, bệnh nhân có một đợt đi ngoài phân lỏng, có nhầy máu, tự khỏi sau vài ngày. Khoảng 1 tuần nay, bệnh nhân cảm thấy mệt mỏi, chán ăn, sốt nhẹ về chiều (37.8 - 38.5°C) và đau âm ỉ liên tục vùng hạ sườn phải. Bệnh nhân không rét run, không vàng da. Tiền sử khỏe mạnh, không có bệnh nền, không uống rượu. Cách đây 2 tháng, bệnh nhân có dẫn đoàn đi du lịch đến một vùng nông thôn ở Ấn Độ. Khám toàn thân: bệnh nhân tỉnh, không có vẻ nhiễm trùng nặng, sinh hiệu ổn. Khám bụng thấy gan to 2 cm dưới sườn, ấn đau tức, nghiệm pháp rung gan dương tính. Bụng mềm, không có phản ứng thành bụng. Phổi không ran. Cận lâm sàng: Bạch cầu 12.0 G/L (neutrophil 70%, eosinophil 8%); CRP 80 mg/L; AST 60 U/L, ALT 75 U/L, ALP 280 U/L. Siêu âm bụng cho thấy gan phải có một ổ tổn thương dạng dịch, giảm âm, hình tròn, bờ đều, không có vỏ bao rõ, kích thước 7x7 cm, nằm sát vòm hoành. Xét nghiệm huyết thanh chẩn đoán Entamoeba histolytica cho kết quả dương tính mạnh.",Đặc điểm nào sau đây thường được mô tả về dịch mủ trong áp xe gan do amip?,Mủ màu xanh như mật.,Mủ có mùi hôi thối.,"Mủ đặc, màu trắng như kem.","Dịch mủ không mùi, màu nâu sô-cô-la (chocolate-like pus).",,d,Dịch trong ổ áp xe gan do amip không phải là mủ thật sự (không có nhiều bạch cầu trung tính) mà là các mảnh vỡ tế bào gan bị hoại tử. Nó có màu nâu c.aspx?sourcedoc={186352b6-90cf-40c9-ba19-ae84e248ef20}&action=vie… 1/12 đỏ hoặc nâu sô-cô-la đặc trưng do chứa máu và các sản phẩm thoái giáng của tế bào gan.
noi-ap-xe-gan-case-2-4,noi,Áp xe gan,Tiêu hoá,"Bệnh nhân nam 40 tuổi, làm nghề hướng dẫn viên du lịch, vào viện vì đau bụng và sốt nhẹ. Khoảng 3 tuần trước, bệnh nhân có một đợt đi ngoài phân lỏng, có nhầy máu, tự khỏi sau vài ngày. Khoảng 1 tuần nay, bệnh nhân cảm thấy mệt mỏi, chán ăn, sốt nhẹ về chiều (37.8 - 38.5°C) và đau âm ỉ liên tục vùng hạ sườn phải. Bệnh nhân không rét run, không vàng da. Tiền sử khỏe mạnh, không có bệnh nền, không uống rượu. Cách đây 2 tháng, bệnh nhân có dẫn đoàn đi du lịch đến một vùng nông thôn ở Ấn Độ. Khám toàn thân: bệnh nhân tỉnh, không có vẻ nhiễm trùng nặng, sinh hiệu ổn. Khám bụng thấy gan to 2 cm dưới sườn, ấn đau tức, nghiệm pháp rung gan dương tính. Bụng mềm, không có phản ứng thành bụng. Phổi không ran. Cận lâm sàng: Bạch cầu 12.0 G/L (neutrophil 70%, eosinophil 8%); CRP 80 mg/L; AST 60 U/L, ALT 75 U/L, ALP 280 U/L. Siêu âm bụng cho thấy gan phải có một ổ tổn thương dạng dịch, giảm âm, hình tròn, bờ đều, không có vỏ bao rõ, kích thước 7x7 cm, nằm sát vòm hoành. Xét nghiệm huyết thanh chẩn đoán Entamoeba histolytica cho kết quả dương tính mạnh.",Lựa chọn điều trị đầu tay và đặc hiệu cho bệnh nhân này là gì?,"Thuốc kháng amip tác dụng tại mô như Metronidazole, theo sau là một thuốc diệt amip trong lòng ruột.",Kháng sinh Ceftriaxone kết hợp Metronidazole.,Albendazole.,"Chọc hút ổ áp xe ngay lập tức, không cần dùng thuốc.",,a,"Metronidazole là thuốc lựa chọn hàng đầu cho áp xe gan do amip vì nó có tác dụng diệt amip tại các mô rất hiệu quả. Sau khi hoàn thành liệu trình điều trị tại mô, bệnh nhân cần được dùng thêm một thuốc diệt amip trong lòng ruột (như Paromomycin hoặc Iodoquinol) để loại bỏ hoàn toàn mầm bệnh ở đại tràng, ngăn ngừa tái phát. Chọc hút chỉ được chỉ định khi ổ áp xe quá lớn, dọa vỡ hoặc không đáp ứng với điều trị nội khoa."
noi-ap-xe-gan-case-2-5,noi,Áp xe gan,Tiêu hoá,"Bệnh nhân nam 40 tuổi, làm nghề hướng dẫn viên du lịch, vào viện vì đau bụng và sốt nhẹ. Khoảng 3 tuần trước, bệnh nhân có một đợt đi ngoài phân lỏng, có nhầy máu, tự khỏi sau vài ngày. Khoảng 1 tuần nay, bệnh nhân cảm thấy mệt mỏi, chán ăn, sốt nhẹ về chiều (37.8 - 38.5°C) và đau âm ỉ liên tục vùng hạ sườn phải. Bệnh nhân không rét run, không vàng da. Tiền sử khỏe mạnh, không có bệnh nền, không uống rượu. Cách đây 2 tháng, bệnh nhân có dẫn đoàn đi du lịch đến một vùng nông thôn ở Ấn Độ. Khám toàn thân: bệnh nhân tỉnh, không có vẻ nhiễm trùng nặng, sinh hiệu ổn. Khám bụng thấy gan to 2 cm dưới sườn, ấn đau tức, nghiệm pháp rung gan dương tính. Bụng mềm, không có phản ứng thành bụng. Phổi không ran. Cận lâm sàng: Bạch cầu 12.0 G/L (neutrophil 70%, eosinophil 8%); CRP 80 mg/L; AST 60 U/L, ALT 75 U/L, ALP 280 U/L. Siêu âm bụng cho thấy gan phải có một ổ tổn thương dạng dịch, giảm âm, hình tròn, bờ đều, không có vỏ bao rõ, kích thước 7x7 cm, nằm sát vòm hoành. Xét nghiệm huyết thanh chẩn đoán Entamoeba histolytica cho kết quả dương tính mạnh.","So với áp xe gan do vi khuẩn, áp xe gan do amip thường có đặc điểm lâm sàng nào?",Khởi phát cấp tính hơn.,"Biểu hiện lâm sàng rầm rộ hơn với sốt cao, rét run.","Biểu hiện lâm sàng thường bán cấp, ít rầm rộ hơn, bệnh nhân ít có vẻ nhiễm độc hơn.",Thường gặp ở nữ giới hơn.,,c,"Áp xe gan do amip thường có diễn biến bán cấp hoặc từ từ hơn so với áp xe gan sinh mủ. Sốt thường không cao, ít khi có rét run, và tổng trạng bệnh nhân ít bị ảnh hưởng hơn trong giai đoạn đầu. Áp xe gan sinh mủ thường có biểu hiện cấp tính và rầm rộ hơn nhiều."
noi-ap-xe-gan-case-3-1,noi,Áp xe gan,Tiêu hoá,"Bệnh nhân nữ 68 tuổi, vào viện vì sốt và vàng da. Bệnh nhân có tiền sử sỏi túi mật và sỏi ống mật chủ tái phát nhiều lần, đã được can thiệp ERCP lấy sỏi cách đây 2 năm. Khoảng 5 ngày nay, bệnh nhân xuất hiện sốt cao 39°C, rét run nhiều cơn, kèm đau quặn bụng vùng hạ sườn phải, sau đó vàng da và mắt tăng dần. Bệnh nhân không ho, không khó thở. Khám lúc vào viện: bệnh nhân tỉnh, mệt, da và củng mạc mắt vàng đậm. Sinh hiệu: mạch 115 lần/phút, huyết áp 95/60 mmHg, nhiệt độ 39.2°C. Bụng mềm, ấn đau vùng hạ sườn phải, túi mật không sờ thấy, nghiệm pháp Murphy âm tính. Gan không to. Cận lâm sàng: Bạch cầu 20.0 G/L (neutrophil 90%); CRP 300 mg/L; Bilirubin toàn phần 120 µmol/L (chủ yếu là trực tiếp); AST 250 U/L, ALT 300 U/L, ALP 800 U/L, GGT 900 U/L. Cấy máu dương tính với E. coli. Siêu âm bụng cho thấy đường mật trong và ngoài gan giãn, ống mật chủ giãn 1.5 cm có nhiều sỏi, trong gan có nhiều ổ giảm âm nhỏ, rải rác hai thùy, kích thước từ 1-3 cm.",Tình trạng của bệnh nhân là biến chứng của bệnh lý nền nào?,Bệnh lý tắc nghẽn đường mật (sỏi ống mật chủ).,Viêm túi mật mạn tính.,Xơ gan.,Viêm gan virus B mạn tính.,,a,"Bệnh cảnh lâm sàng và cận lâm sàng đều chỉ ra một tình trạng viêm đường mật cấp trên nền bệnh lý sỏi ống mật chủ. Các ổ áp xe gan nhỏ, nhiều ổ là một biến chứng nặng của viêm đường mật cấp."
noi-ap-xe-gan-case-3-2,noi,Áp xe gan,Tiêu hoá,"Bệnh nhân nữ 68 tuổi, vào viện vì sốt và vàng da. Bệnh nhân có tiền sử sỏi túi mật và sỏi ống mật chủ tái phát nhiều lần, đã được can thiệp ERCP lấy sỏi cách đây 2 năm. Khoảng 5 ngày nay, bệnh nhân xuất hiện sốt cao 39°C, rét run nhiều cơn, kèm đau quặn bụng vùng hạ sườn phải, sau đó vàng da và mắt tăng dần. Bệnh nhân không ho, không khó thở. Khám lúc vào viện: bệnh nhân tỉnh, mệt, da và củng mạc mắt vàng đậm. Sinh hiệu: mạch 115 lần/phút, huyết áp 95/60 mmHg, nhiệt độ 39.2°C. Bụng mềm, ấn đau vùng hạ sườn phải, túi mật không sờ thấy, nghiệm pháp Murphy âm tính. Gan không to. Cận lâm sàng: Bạch cầu 20.0 G/L (neutrophil 90%); CRP 300 mg/L; Bilirubin toàn phần 120 µmol/L (chủ yếu là trực tiếp); AST 250 U/L, ALT 300 U/L, ALP 800 U/L, GGT 900 U/L. Cấy máu dương tính với E. coli. Siêu âm bụng cho thấy đường mật trong và ngoài gan giãn, ống mật chủ giãn 1.5 cm có nhiều sỏi, trong gan có nhiều ổ giảm âm nhỏ, rải rác hai thùy, kích thước từ 1-3 cm.",Cơ chế bệnh sinh chính hình thành các ổ áp xe gan ở bệnh nhân này là gì?,Vi khuẩn từ ruột theo tĩnh mạch cửa lên gan.,Nhiễm trùng huyết từ một ổ nhiễm khuẩn ở da.,Lây lan trực tiếp từ túi mật bị viêm hoại tử.,"Vi khuẩn di chuyển ngược dòng từ tá tràng lên đường mật bị tắc nghẽn, gây viêm đường mật và sau đó hình thành các ổ vi áp xe trong gan.",,d,"Đây là cơ chế của áp xe gan đường mật. Sự tắc nghẽn đường mật (do sỏi) làm ứ trệ dịch mật, tạo môi trường thuận lợi cho vi khuẩn (thường là vi khuẩn gram âm đường ruột) từ tá tràng di chuyển ngược dòng lên và phát triển, gây viêm đường mật (cholangitis). Tình trạng viêm và áp lực cao trong đường mật có thể gây ra các ổ vi áp xe trong nhu mô gan."
noi-ap-xe-gan-case-3-3,noi,Áp xe gan,Tiêu hoá,"Bệnh nhân nữ 68 tuổi, vào viện vì sốt và vàng da. Bệnh nhân có tiền sử sỏi túi mật và sỏi ống mật chủ tái phát nhiều lần, đã được can thiệp ERCP lấy sỏi cách đây 2 năm. Khoảng 5 ngày nay, bệnh nhân xuất hiện sốt cao 39°C, rét run nhiều cơn, kèm đau quặn bụng vùng hạ sườn phải, sau đó vàng da và mắt tăng dần. Bệnh nhân không ho, không khó thở. Khám lúc vào viện: bệnh nhân tỉnh, mệt, da và củng mạc mắt vàng đậm. Sinh hiệu: mạch 115 lần/phút, huyết áp 95/60 mmHg, nhiệt độ 39.2°C. Bụng mềm, ấn đau vùng hạ sườn phải, túi mật không sờ thấy, nghiệm pháp Murphy âm tính. Gan không to. Cận lâm sàng: Bạch cầu 20.0 G/L (neutrophil 90%); CRP 300 mg/L; Bilirubin toàn phần 120 µmol/L (chủ yếu là trực tiếp); AST 250 U/L, ALT 300 U/L, ALP 800 U/L, GGT 900 U/L. Cấy máu dương tính với E. coli. Siêu âm bụng cho thấy đường mật trong và ngoài gan giãn, ống mật chủ giãn 1.5 cm có nhiều sỏi, trong gan có nhiều ổ giảm âm nhỏ, rải rác hai thùy, kích thước từ 1-3 cm.","Tình trạng lâm sàng của bệnh nhân (sốt rét run, vàng da, đau hạ sườn phải) được gọi là gì?",Tam chứng Virchow.,Tam chứng Beck.,Tam chứng Charcot.,Tam chứng Cushing.,,c,"Tam chứng Charcot, bao gồm sốt (thường kèm rét run), đau hạ sườn phải và vàng da, là bộ ba triệu chứng kinh điển của viêm đường mật cấp."
noi-ap-xe-gan-case-3-4,noi,Áp xe gan,Tiêu hoá,"Bệnh nhân nữ 68 tuổi, vào viện vì sốt và vàng da. Bệnh nhân có tiền sử sỏi túi mật và sỏi ống mật chủ tái phát nhiều lần, đã được can thiệp ERCP lấy sỏi cách đây 2 năm. Khoảng 5 ngày nay, bệnh nhân xuất hiện sốt cao 39°C, rét run nhiều cơn, kèm đau quặn bụng vùng hạ sườn phải, sau đó vàng da và mắt tăng dần. Bệnh nhân không ho, không khó thở. Khám lúc vào viện: bệnh nhân tỉnh, mệt, da và củng mạc mắt vàng đậm. Sinh hiệu: mạch 115 lần/phút, huyết áp 95/60 mmHg, nhiệt độ 39.2°C. Bụng mềm, ấn đau vùng hạ sườn phải, túi mật không sờ thấy, nghiệm pháp Murphy âm tính. Gan không to. Cận lâm sàng: Bạch cầu 20.0 G/L (neutrophil 90%); CRP 300 mg/L; Bilirubin toàn phần 120 µmol/L (chủ yếu là trực tiếp); AST 250 U/L, ALT 300 U/L, ALP 800 U/L, GGT 900 U/L. Cấy máu dương tính với E. coli. Siêu âm bụng cho thấy đường mật trong và ngoài gan giãn, ống mật chủ giãn 1.5 cm có nhiều sỏi, trong gan có nhiều ổ giảm âm nhỏ, rải rác hai thùy, kích thước từ 1-3 cm.",Ưu tiên hàng đầu trong xử trí cho bệnh nhân này là gì?,Dùng thuốc tan sỏi mật.,Dẫn lưu các ổ áp xe qua da.,Phẫu thuật cắt bỏ túi mật.,Bắt đầu ngay kháng sinh phổ rộng và tiến hành giải quyết tắc nghẽn đường mật (ví dụ: ERCP).,,d,"Ưu tiên hàng đầu là kiểm soát nhiễm trùng và giải quyết nguyên nhân gốc rễ. Bệnh nhân cần được hồi sức tích cực, sử dụng kháng sinh phổ rộng đường tĩnh mạch ngay lập tức. Quan trọng không kém là phải giải quyết tình trạng tắc nghẽn đường mật để loại bỏ nguồn nhiễm trùng, thường được thực hiện bằng thủ thuật nội soi mật tụy ngược dòng (ERCP) để lấy sỏi và dẫn lưu đường mật."
noi-ap-xe-gan-case-3-5,noi,Áp xe gan,Tiêu hoá,"Bệnh nhân nữ 68 tuổi, vào viện vì sốt và vàng da. Bệnh nhân có tiền sử sỏi túi mật và sỏi ống mật chủ tái phát nhiều lần, đã được can thiệp ERCP lấy sỏi cách đây 2 năm. Khoảng 5 ngày nay, bệnh nhân xuất hiện sốt cao 39°C, rét run nhiều cơn, kèm đau quặn bụng vùng hạ sườn phải, sau đó vàng da và mắt tăng dần. Bệnh nhân không ho, không khó thở. Khám lúc vào viện: bệnh nhân tỉnh, mệt, da và củng mạc mắt vàng đậm. Sinh hiệu: mạch 115 lần/phút, huyết áp 95/60 mmHg, nhiệt độ 39.2°C. Bụng mềm, ấn đau vùng hạ sườn phải, túi mật không sờ thấy, nghiệm pháp Murphy âm tính. Gan không to. Cận lâm sàng: Bạch cầu 20.0 G/L (neutrophil 90%); CRP 300 mg/L; Bilirubin toàn phần 120 µmol/L (chủ yếu là trực tiếp); AST 250 U/L, ALT 300 U/L, ALP 800 U/L, GGT 900 U/L. Cấy máu dương tính với E. coli. Siêu âm bụng cho thấy đường mật trong và ngoài gan giãn, ống mật chủ giãn 1.5 cm có nhiều sỏi, trong gan có nhiều ổ giảm âm nhỏ, rải rác hai thùy, kích thước từ 1-3 cm.","So với áp xe gan đơn độc, các ổ áp xe gan nhỏ, nhiều ổ do nguyên nhân đường mật thường có tiên lượng như thế nào?",Tốt hơn vì các ổ áp xe nhỏ hơn.,Dễ điều trị bằng kháng sinh đơn thuần hơn.,Nặng hơn vì khó dẫn lưu hết qua da và thường kèm theo nhiễm trùng huyết.,Tương tự như áp xe đơn độc.,,c,Tiên lượng thường nặng hơn. Các ổ áp xe nhỏ và lan tỏa thường không thể dẫn lưu hiệu quả bằng phương pháp chọc hút qua da. Việc kiểm soát nhiễm trùng phụ thuộc hoàn toàn vào kháng sinh và khả năng giải quyết triệt để tình trạng tắc nghẽn đường mật. Những bệnh nhân này cũng thường có nguy cơ nhiễm trùng huyết và sốc nhiễm khuẩn cao hơn.
noi-ap-xe-gan-case-4-1,noi,Áp xe gan,Tiêu hoá,"Bệnh nhân nam 62 tuổi, có tiền sử viêm túi thừa sigma tái phát, vào viện vì sốt và đau bụng âm ỉ vùng hạ vị và hạ sườn phải. Bệnh diễn tiến khoảng 2 tuần với các triệu chứng sốt từng cơn, mệt mỏi, chán ăn. Bệnh nhân không vàng da, không buồn nôn. Khám toàn thân bệnh nhân tỉnh, có vẻ mệt, nhiệt độ 38.6°C. Khám bụng thấy ấn đau nhẹ vùng hố chậu trái và đau tức nhiều hơn ở vùng hạ sườn phải, gan to 2 cm dưới sườn. Không có dấu hiệu phúc mạc. Cận lâm sàng có bạch cầu 16 G/L (neutrophil 85%), CRP 180 mg/L. Chức năng gan trong giới hạn gần như bình thường. Chụp CT scan bụng có cản quang cho thấy hình ảnh dày thành và thâm nhiễm mỡ xung quanh đại tràng sigma phù hợp với đợt viêm túi thừa cấp, đồng thời phát hiện một ổ áp xe lớn, có vỏ bao dày, kích thước 10 cm ở thùy gan phải. Cấy máu dương tính với Bacteroides fragilis.",Áp xe gan ở bệnh nhân này rất có thể là hậu quả của con đường lây lan nào?,Đường động mạch gan.,Lây lan trực tiếp.,Đường bạch huyết.,Đường tĩnh mạch cửa.,,d,"Viêm túi thừa là một ổ nhiễm trùng trong ổ bụng. Các vi khuẩn từ đây có thể xâm nhập vào các nhánh nhỏ của hệ tĩnh mạch mạc treo, sau đó theo dòng máu của tĩnh mạch cửa để c.aspx?sourcedoc={186352b6-90cf-40c9-ba19-ae84e248ef20}&action=vie… 2/12 đi lên gan, gây ra áp xe. Đây là con đường lây lan qua tĩnh mạch cửa (portal route)."
noi-ap-xe-gan-case-4-2,noi,Áp xe gan,Tiêu hoá,"Bệnh nhân nam 62 tuổi, có tiền sử viêm túi thừa sigma tái phát, vào viện vì sốt và đau bụng âm ỉ vùng hạ vị và hạ sườn phải. Bệnh diễn tiến khoảng 2 tuần với các triệu chứng sốt từng cơn, mệt mỏi, chán ăn. Bệnh nhân không vàng da, không buồn nôn. Khám toàn thân bệnh nhân tỉnh, có vẻ mệt, nhiệt độ 38.6°C. Khám bụng thấy ấn đau nhẹ vùng hố chậu trái và đau tức nhiều hơn ở vùng hạ sườn phải, gan to 2 cm dưới sườn. Không có dấu hiệu phúc mạc. Cận lâm sàng có bạch cầu 16 G/L (neutrophil 85%), CRP 180 mg/L. Chức năng gan trong giới hạn gần như bình thường. Chụp CT scan bụng có cản quang cho thấy hình ảnh dày thành và thâm nhiễm mỡ xung quanh đại tràng sigma phù hợp với đợt viêm túi thừa cấp, đồng thời phát hiện một ổ áp xe lớn, có vỏ bao dày, kích thước 10 cm ở thùy gan phải. Cấy máu dương tính với Bacteroides fragilis.",Tình trạng viêm và huyết khối nhiễm trùng của tĩnh mạch cửa do một ổ nhiễm trùng trong ổ bụng được gọi là gì?,Hội chứng Budd-Chiari.,Viêm phúc mạc.,Viêm đường mật.,Viêm tắc tĩnh mạch cửa (Pylephlebitis).,,d,"Pylephlebitis là một biến chứng hiếm gặp nhưng nghiêm trọng của các nhiễm trùng trong ổ bụng (như viêm ruột thừa, viêm túi thừa). Nó là tình trạng viêm và hình thành huyết khối nhiễm trùng trong lòng tĩnh mạch cửa hoặc các nhánh của nó, có thể dẫn đến áp xe gan."
noi-ap-xe-gan-case-4-3,noi,Áp xe gan,Tiêu hoá,"Bệnh nhân nam 62 tuổi, có tiền sử viêm túi thừa sigma tái phát, vào viện vì sốt và đau bụng âm ỉ vùng hạ vị và hạ sườn phải. Bệnh diễn tiến khoảng 2 tuần với các triệu chứng sốt từng cơn, mệt mỏi, chán ăn. Bệnh nhân không vàng da, không buồn nôn. Khám toàn thân bệnh nhân tỉnh, có vẻ mệt, nhiệt độ 38.6°C. Khám bụng thấy ấn đau nhẹ vùng hố chậu trái và đau tức nhiều hơn ở vùng hạ sườn phải, gan to 2 cm dưới sườn. Không có dấu hiệu phúc mạc. Cận lâm sàng có bạch cầu 16 G/L (neutrophil 85%), CRP 180 mg/L. Chức năng gan trong giới hạn gần như bình thường. Chụp CT scan bụng có cản quang cho thấy hình ảnh dày thành và thâm nhiễm mỡ xung quanh đại tràng sigma phù hợp với đợt viêm túi thừa cấp, đồng thời phát hiện một ổ áp xe lớn, có vỏ bao dày, kích thước 10 cm ở thùy gan phải. Cấy máu dương tính với Bacteroides fragilis.",Sự hiện diện của Bacteroides fragilis (một loại vi khuẩn kỵ khí) trong máu gợi ý nguồn nhiễm trùng từ đâu?,Từ đường tiết niệu.,Từ đường hô hấp trên.,Từ đường ruột (đại tràng).,Từ da và mô mềm.,,c,Bacteroides fragilis là loại vi khuẩn kỵ khí chiếm ưu thế trong hệ vi sinh vật của đại tràng. Việc phân lập được nó từ máu hoặc mủ ổ áp xe là một bằng chứng rất mạnh cho thấy nguồn gốc của nhiễm trùng là từ đường ruột.
noi-ap-xe-gan-case-4-4,noi,Áp xe gan,Tiêu hoá,"Bệnh nhân nam 62 tuổi, có tiền sử viêm túi thừa sigma tái phát, vào viện vì sốt và đau bụng âm ỉ vùng hạ vị và hạ sườn phải. Bệnh diễn tiến khoảng 2 tuần với các triệu chứng sốt từng cơn, mệt mỏi, chán ăn. Bệnh nhân không vàng da, không buồn nôn. Khám toàn thân bệnh nhân tỉnh, có vẻ mệt, nhiệt độ 38.6°C. Khám bụng thấy ấn đau nhẹ vùng hố chậu trái và đau tức nhiều hơn ở vùng hạ sườn phải, gan to 2 cm dưới sườn. Không có dấu hiệu phúc mạc. Cận lâm sàng có bạch cầu 16 G/L (neutrophil 85%), CRP 180 mg/L. Chức năng gan trong giới hạn gần như bình thường. Chụp CT scan bụng có cản quang cho thấy hình ảnh dày thành và thâm nhiễm mỡ xung quanh đại tràng sigma phù hợp với đợt viêm túi thừa cấp, đồng thời phát hiện một ổ áp xe lớn, có vỏ bao dày, kích thước 10 cm ở thùy gan phải. Cấy máu dương tính với Bacteroides fragilis.","Ngoài việc dẫn lưu ổ áp xe, phác đồ kháng sinh kinh nghiệm cho bệnh nhân này cần phải bao phủ những nhóm vi khuẩn nào?","Vi khuẩn gram âm hiếu khí, vi khuẩn gram dương và đặc biệt là vi khuẩn kỵ khí.",Chỉ cần bao phủ vi khuẩn gram dương.,Chỉ cần bao phủ vi khuẩn không điển hình.,Chỉ cần bao phủ vi khuẩn gram âm.,,a,"Do nguồn gốc nhiễm trùng từ đại tràng, phác đồ kháng sinh phải có phổ rộng, bao phủ các tác nhân thường gặp trong ruột, bao gồm vi khuẩn gram âm hiếu khí (như E. coli, Klebsiella) và đặc biệt là vi khuẩn kỵ khí (như Bacteroides, Clostridium). Metronidazole là thuốc được lựa chọn hàng đầu để điều trị vi khuẩn kỵ khí."
noi-ap-xe-gan-case-4-5,noi,Áp xe gan,Tiêu hoá,"Bệnh nhân nam 62 tuổi, có tiền sử viêm túi thừa sigma tái phát, vào viện vì sốt và đau bụng âm ỉ vùng hạ vị và hạ sườn phải. Bệnh diễn tiến khoảng 2 tuần với các triệu chứng sốt từng cơn, mệt mỏi, chán ăn. Bệnh nhân không vàng da, không buồn nôn. Khám toàn thân bệnh nhân tỉnh, có vẻ mệt, nhiệt độ 38.6°C. Khám bụng thấy ấn đau nhẹ vùng hố chậu trái và đau tức nhiều hơn ở vùng hạ sườn phải, gan to 2 cm dưới sườn. Không có dấu hiệu phúc mạc. Cận lâm sàng có bạch cầu 16 G/L (neutrophil 85%), CRP 180 mg/L. Chức năng gan trong giới hạn gần như bình thường. Chụp CT scan bụng có cản quang cho thấy hình ảnh dày thành và thâm nhiễm mỡ xung quanh đại tràng sigma phù hợp với đợt viêm túi thừa cấp, đồng thời phát hiện một ổ áp xe lớn, có vỏ bao dày, kích thước 10 cm ở thùy gan phải. Cấy máu dương tính với Bacteroides fragilis.",Thăm dò hình ảnh nào là tốt nhất để đánh giá cả bệnh lý nguyên nhân ở đại tràng và biến chứng áp xe gan?,Nội soi đại tràng.,Chụp cắt lớp vi tính (CT scan) ổ bụng có cản quang.,X-quang bụng không chuẩn bị.,Siêu âm bụng.,,b,"CT scan có cản quang là phương tiện hình ảnh tối ưu trong trường hợp này. Nó không chỉ cho phép chẩn đoán và đánh giá chính xác đặc điểm của ổ áp xe gan (kích thước, vị trí, tính chất) mà còn có thể xác định được nguồn nhiễm trùng nguyên phát trong ổ bụng như viêm túi thừa, viêm ruột thừa. Nội soi đại tràng bị chống chỉ định trong giai đoạn viêm cấp tính do nguy cơ thủng."
noi-ap-xe-gan-case-5-1,noi,Áp xe gan,Tiêu hoá,"Bệnh nhân nữ 45 tuổi, vào viện vì đau hạ sườn phải và khó thở. Bệnh nhân có tiền sử khỏe mạnh. Khoảng 2 tuần nay, bệnh nhân có sốt, đau hạ sườn phải và được chẩn đoán là áp xe gan phải, đã được điều trị bằng kháng sinh tĩnh mạch và chọc hút ra 150ml mủ. Tuy nhiên, 2 ngày gần đây bệnh nhân xuất hiện ho, đau ngực kiểu màng phổi bên phải và khó thở tăng dần. Khám lâm sàng bệnh nhân tỉnh, có vẻ mệt, nhịp thở 24 lần/phút, SpO₂ 93% khí trời, nhiệt độ 38.2°C. Khám hô hấp thấy rì rào phế nang ở đáy phổi phải giảm, gõ đục, rung thanh giảm. Khám bụng vẫn còn ấn đau tức vùng hạ sườn phải. Cận lâm sàng: Bạch cầu 17 G/L, CRP 200 mg/L. X-quang ngực thẳng cho thấy hình ảnh vòm hoành phải bị đẩy lên cao và có đường cong Damoiseau ở góc sườn hoành phải. Siêu âm màng phổi xác nhận có dịch lượng vừa. Chọc dò dịch màng phổi cho kết quả là dịch tiết, nhiều bạch cầu đa nhân trung tính.",Tình trạng khó thở và các dấu hiệu ở phổi của bệnh nhân là do biến chứng gì của áp xe gan?,Viêm phổi bệnh viện.,Suy tim cấp.,Biến chứng lồng ngực (pleuropulmonary complications).,Thuyên tắc phổi.,,c,"Các triệu chứng hô hấp xuất hiện ở bệnh nhân đang điều trị áp xe gan là dấu hiệu của các biến chứng lồng ngực, là nhóm biến chứng ngoài ổ bụng thường gặp nhất của áp xe gan."
noi-ap-xe-gan-case-5-2,noi,Áp xe gan,Tiêu hoá,"Bệnh nhân nữ 45 tuổi, vào viện vì đau hạ sườn phải và khó thở. Bệnh nhân có tiền sử khỏe mạnh. Khoảng 2 tuần nay, bệnh nhân có sốt, đau hạ sườn phải và được chẩn đoán là áp xe gan phải, đã được điều trị bằng kháng sinh tĩnh mạch và chọc hút ra 150ml mủ. Tuy nhiên, 2 ngày gần đây bệnh nhân xuất hiện ho, đau ngực kiểu màng phổi bên phải và khó thở tăng dần. Khám lâm sàng bệnh nhân tỉnh, có vẻ mệt, nhịp thở 24 lần/phút, SpO₂ 93% khí trời, nhiệt độ 38.2°C. Khám hô hấp thấy rì rào phế nang ở đáy phổi phải giảm, gõ đục, rung thanh giảm. Khám bụng vẫn còn ấn đau tức vùng hạ sườn phải. Cận lâm sàng: Bạch cầu 17 G/L, CRP 200 mg/L. X-quang ngực thẳng cho thấy hình ảnh vòm hoành phải bị đẩy lên cao và có đường cong Damoiseau ở góc sườn hoành phải. Siêu âm màng phổi xác nhận có dịch lượng vừa. Chọc dò dịch màng phổi cho kết quả là dịch tiết, nhiều bạch cầu đa nhân trung tính.",Cơ chế nào giải thích cho sự hình thành tràn dịch màng phổi ở bệnh nhân này?,Giảm albumin máu gây giảm áp lực keo.,Di căn nhiễm khuẩn theo đường máu đến phổi.,Phản ứng viêm cận kề (sympathetic effusion) do ổ áp xe nằm sát cơ hoành.,Vỡ trực tiếp ổ áp xe vào khoang màng phổi.,,c,"Do ổ áp xe nằm ngay dưới cơ hoành, quá trình viêm có thể lan tỏa qua cơ hoành, gây kích thích và làm tăng tính thấm của màng phổi lá thành, dẫn đến sự tiết dịch vào khoang màng phổi. Đây được gọi là tràn dịch màng phổi phản ứng hay cận kề. Dịch này ban đầu có thể vô trùng, nhưng sau đó có thể bị nhiễm khuẩn."
noi-ap-xe-gan-case-5-3,noi,Áp xe gan,Tiêu hoá,"Bệnh nhân nữ 45 tuổi, vào viện vì đau hạ sườn phải và khó thở. Bệnh nhân có tiền sử khỏe mạnh. Khoảng 2 tuần nay, bệnh nhân có sốt, đau hạ sườn phải và được chẩn đoán là áp xe gan phải, đã được điều trị bằng kháng sinh tĩnh mạch và chọc hút ra 150ml mủ. Tuy nhiên, 2 ngày gần đây bệnh nhân xuất hiện ho, đau ngực kiểu màng phổi bên phải và khó thở tăng dần. Khám lâm sàng bệnh nhân tỉnh, có vẻ mệt, nhịp thở 24 lần/phút, SpO₂ 93% khí trời, nhiệt độ 38.2°C. Khám hô hấp thấy rì rào phế nang ở đáy phổi phải giảm, gõ đục, rung thanh giảm. Khám bụng vẫn còn ấn đau tức vùng hạ sườn phải. Cận lâm sàng: Bạch cầu 17 G/L, CRP 200 mg/L. X-quang ngực thẳng cho thấy hình ảnh vòm hoành phải bị đẩy lên cao và có đường cong Damoiseau ở góc sườn hoành phải. Siêu âm màng phổi xác nhận có dịch lượng vừa. Chọc dò dịch màng phổi cho kết quả là dịch tiết, nhiều bạch cầu đa nhân trung tính.",Vị trí nào của ổ áp xe gan có nguy cơ cao nhất gây ra các biến chứng lồng ngực?,"Hạ phân thùy V, VI.",Vùng rốn gan.,Thùy gan trái.,"Các hạ phân thùy trên của gan phải (VII, VIII), nằm sát vòm hoành.",,d,"Các ổ áp xe nằm ở các vị trí cao và sau của gan phải (hạ phân thùy VII, VIII) tiếp xúc trực tiếp với cơ hoành và do đó có nguy cơ cao nhất gây ra các biến chứng tại lồng ngực như tràn dịch, viêm mủ màng phổi, hoặc vỡ vào nhu mô phổi."
noi-ap-xe-gan-case-5-4,noi,Áp xe gan,Tiêu hoá,"Bệnh nhân nữ 45 tuổi, vào viện vì đau hạ sườn phải và khó thở. Bệnh nhân có tiền sử khỏe mạnh. Khoảng 2 tuần nay, bệnh nhân có sốt, đau hạ sườn phải và được chẩn đoán là áp xe gan phải, đã được điều trị bằng kháng sinh tĩnh mạch và chọc hút ra 150ml mủ. Tuy nhiên, 2 ngày gần đây bệnh nhân xuất hiện ho, đau ngực kiểu màng phổi bên phải và khó thở tăng dần. Khám lâm sàng bệnh nhân tỉnh, có vẻ mệt, nhịp thở 24 lần/phút, SpO₂ 93% khí trời, nhiệt độ 38.2°C. Khám hô hấp thấy rì rào phế nang ở đáy phổi phải giảm, gõ đục, rung thanh giảm. Khám bụng vẫn còn ấn đau tức vùng hạ sườn phải. Cận lâm sàng: Bạch cầu 17 G/L, CRP 200 mg/L. X-quang ngực thẳng cho thấy hình ảnh vòm hoành phải bị đẩy lên cao và có đường cong Damoiseau ở góc sườn hoành phải. Siêu âm màng phổi xác nhận có dịch lượng vừa. Chọc dò dịch màng phổi cho kết quả là dịch tiết, nhiều bạch cầu đa nhân trung tính.","Ngoài tràn dịch màng phổi, biến chứng lồng ngực nghiêm trọng hơn có thể xảy ra là gì?",Viêm mủ màng phổi (empyema) hoặc áp xe phổi.,Tràn khí màng phổi.,Xơ phổi.,Tăng áp động mạch phổi.,,a,"Nếu ổ áp xe vỡ trực tiếp qua cơ hoành vào khoang màng phổi, nó sẽ gây ra viêm mủ màng phổi, một tình trạng nhiễm trùng nặng. Nếu nó vỡ vào nhu mô phổi, nó có thể tạo ra một đường rò gan-phế quản và gây ra áp xe phổi. Đây là những biến chứng rất nghiêm trọng."
noi-ap-xe-gan-case-5-5,noi,Áp xe gan,Tiêu hoá,"Bệnh nhân nữ 45 tuổi, vào viện vì đau hạ sườn phải và khó thở. Bệnh nhân có tiền sử khỏe mạnh. Khoảng 2 tuần nay, bệnh nhân có sốt, đau hạ sườn phải và được chẩn đoán là áp xe gan phải, đã được điều trị bằng kháng sinh tĩnh mạch và chọc hút ra 150ml mủ. Tuy nhiên, 2 ngày gần đây bệnh nhân xuất hiện ho, đau ngực kiểu màng phổi bên phải và khó thở tăng dần. Khám lâm sàng bệnh nhân tỉnh, có vẻ mệt, nhịp thở 24 lần/phút, SpO₂ 93% khí trời, nhiệt độ 38.2°C. Khám hô hấp thấy rì rào phế nang ở đáy phổi phải giảm, gõ đục, rung thanh giảm. Khám bụng vẫn còn ấn đau tức vùng hạ sườn phải. Cận lâm sàng: Bạch cầu 17 G/L, CRP 200 mg/L. X-quang ngực thẳng cho thấy hình ảnh vòm hoành phải bị đẩy lên cao và có đường cong Damoiseau ở góc sườn hoành phải. Siêu âm màng phổi xác nhận có dịch lượng vừa. Chọc dò dịch màng phổi cho kết quả là dịch tiết, nhiều bạch cầu đa nhân trung tính.",Hướng xử trí tiếp theo cho bệnh nhân này bên cạnh việc tiếp tục dùng kháng sinh là gì?,Chuyển sang kháng sinh điều trị vi khuẩn không điển hình.,Đặt dẫn lưu màng phổi và xem xét dẫn lưu lại ổ áp xe gan một cách hiệu quả hơn.,Chỉ cần dùng thuốc long đờm.,Dùng corticoid liều cao để chống viêm. https://onedrive.live.com/personal/2672550e42ddc7d4/_layouts/15/D,,b,"Việc xuất hiện biến chứng cho thấy việc kiểm soát ổ nhiễm trùng ban đầu (áp xe gan) chưa hiệu quả. Do đó, cần phải tối ưu hóa việc điều trị, bao gồm đặt dẫn lưu khoang màng phổi nếu có mủ hoặc dịch lượng nhiều gây khó thở, và quan trọng là phải đảm bảo ổ áp xe gan được dẫn lưu một cách triệt để để loại bỏ nguồn nhiễm trùng. c.aspx?sourcedoc={186352b6-90cf-40c9-ba19-ae84e248ef20}&action=vie… 3/12"
noi-ap-xe-gan-case-6-1,noi,Áp xe gan,Tiêu hoá,"Bệnh nhân nam 38 tuổi, tiền sử khỏe mạnh, đến khám vì đau âm ỉ hạ sườn phải và sụt cân. Bệnh nhân sút 5kg trong vòng 2 tháng, kèm theo mệt mỏi, ăn kém, không sốt. Bệnh nhân là nông dân, thường xuyên tiếp xúc với chó. Khám lâm sàng không có dấu hiệu nhiễm trùng cấp, không vàng da. Gan to 3 cm dưới sườn, chắc, bề mặt trơn láng, ấn không đau. Cận lâm sàng: Bạch cầu bình thường nhưng có tăng bạch cầu ái toan (Eosinophil 12%). Chức năng gan bình thường. AFP (Alpha-fetoprotein) bình thường. Siêu âm bụng cho thấy ở gan phải có một khối dạng nang lớn, hình cầu, kích thước 12 cm, có vỏ bao dày, vôi hóa, bên trong có nhiều nang con (daughter cysts) và màng bong ra (dấu hiệu ""water lily""). Huyết thanh chẩn đoán Echinococcus granulosus dương tính.",Chẩn đoán xác định của bệnh nhân là gì?,Nang gan đơn thuần.,Áp xe gan do amip.,Ung thư gan dạng nang.,Bệnh nang sán chó ở gan (Hydatid cyst).,,d,"Bệnh cảnh mạn tính, yếu tố dịch tễ (tiếp xúc chó), tăng bạch cầu ái toan và đặc biệt là hình ảnh siêu âm kinh điển (nang lớn, có vách, có nang con) là những bằng chứng không thể chối cãi của bệnh nang sán chó ở gan."
noi-ap-xe-gan-case-6-2,noi,Áp xe gan,Tiêu hoá,"Bệnh nhân nam 38 tuổi, tiền sử khỏe mạnh, đến khám vì đau âm ỉ hạ sườn phải và sụt cân. Bệnh nhân sút 5kg trong vòng 2 tháng, kèm theo mệt mỏi, ăn kém, không sốt. Bệnh nhân là nông dân, thường xuyên tiếp xúc với chó. Khám lâm sàng không có dấu hiệu nhiễm trùng cấp, không vàng da. Gan to 3 cm dưới sườn, chắc, bề mặt trơn láng, ấn không đau. Cận lâm sàng: Bạch cầu bình thường nhưng có tăng bạch cầu ái toan (Eosinophil 12%). Chức năng gan bình thường. AFP (Alpha-fetoprotein) bình thường. Siêu âm bụng cho thấy ở gan phải có một khối dạng nang lớn, hình cầu, kích thước 12 cm, có vỏ bao dày, vôi hóa, bên trong có nhiều nang con (daughter cysts) và màng bong ra (dấu hiệu ""water lily""). Huyết thanh chẩn đoán Echinococcus granulosus dương tính.",Cơ chế bệnh sinh của bệnh này là gì?,Ấu trùng sán xâm nhập trực tiếp qua da.,"Người bệnh nuốt phải trứng sán từ phân chó, ấu trùng nở ra ở ruột, xuyên qua thành ruột và theo đường máu đến gan, phát triển thành nang.",Do một phản ứng tự miễn của cơ thể tạo ra các nang trong gan.,Sán trưởng thành sống trong đường mật và đẻ trứng tạo thành nang.,,b,"Đây là chu trình lây nhiễm của Echinococcus granulosus. Người là vật chủ trung gian tình cờ. Sau khi nuốt phải trứng sán, ấu trùng (oncosphere) được giải phóng, xuyên qua thành ruột, theo tĩnh mạch cửa đến gan (là ""hàng rào lọc"" đầu tiên) và phát triển thành một cấu trúc dạng nang chứa đầy dịch và các đầu sán."
noi-ap-xe-gan-case-6-3,noi,Áp xe gan,Tiêu hoá,"Bệnh nhân nam 38 tuổi, tiền sử khỏe mạnh, đến khám vì đau âm ỉ hạ sườn phải và sụt cân. Bệnh nhân sút 5kg trong vòng 2 tháng, kèm theo mệt mỏi, ăn kém, không sốt. Bệnh nhân là nông dân, thường xuyên tiếp xúc với chó. Khám lâm sàng không có dấu hiệu nhiễm trùng cấp, không vàng da. Gan to 3 cm dưới sườn, chắc, bề mặt trơn láng, ấn không đau. Cận lâm sàng: Bạch cầu bình thường nhưng có tăng bạch cầu ái toan (Eosinophil 12%). Chức năng gan bình thường. AFP (Alpha-fetoprotein) bình thường. Siêu âm bụng cho thấy ở gan phải có một khối dạng nang lớn, hình cầu, kích thước 12 cm, có vỏ bao dày, vôi hóa, bên trong có nhiều nang con (daughter cysts) và màng bong ra (dấu hiệu ""water lily""). Huyết thanh chẩn đoán Echinococcus granulosus dương tính.",Tại sao việc chọc hút chẩn đoán nang này một cách thông thường lại bị chống chỉ định?,Vì dịch trong nang không có giá trị chẩn đoán.,Vì nang quá cứng không thể chọc hút được.,Vì nguy cơ chảy máu rất cao.,Vì nguy cơ làm rò rỉ dịch nang gây sốc phản vệ và gieo rắc ấu trùng ra ổ bụng.,,d,"Dịch bên trong nang sán chó chứa rất nhiều kháng nguyên của sán. Nếu nang bị vỡ hoặc rò rỉ trong quá trình chọc hút không đúng kỹ thuật, các kháng nguyên này có thể tràn vào tuần hoàn, gây ra một phản ứng phản vệ toàn thân, có thể tử vong. Ngoài ra, các đầu sán sống có thể bị gieo rắc vào khoang phúc mạc, phát triển thành các nang thứ phát."
noi-ap-xe-gan-case-6-4,noi,Áp xe gan,Tiêu hoá,"Bệnh nhân nam 38 tuổi, tiền sử khỏe mạnh, đến khám vì đau âm ỉ hạ sườn phải và sụt cân. Bệnh nhân sút 5kg trong vòng 2 tháng, kèm theo mệt mỏi, ăn kém, không sốt. Bệnh nhân là nông dân, thường xuyên tiếp xúc với chó. Khám lâm sàng không có dấu hiệu nhiễm trùng cấp, không vàng da. Gan to 3 cm dưới sườn, chắc, bề mặt trơn láng, ấn không đau. Cận lâm sàng: Bạch cầu bình thường nhưng có tăng bạch cầu ái toan (Eosinophil 12%). Chức năng gan bình thường. AFP (Alpha-fetoprotein) bình thường. Siêu âm bụng cho thấy ở gan phải có một khối dạng nang lớn, hình cầu, kích thước 12 cm, có vỏ bao dày, vôi hóa, bên trong có nhiều nang con (daughter cysts) và màng bong ra (dấu hiệu ""water lily""). Huyết thanh chẩn đoán Echinococcus granulosus dương tính.",Tăng bạch cầu ái toan (eosinophilia) trong máu gợi ý đến nhóm nguyên nhân nào?,Bệnh lý ác tính.,Nhiễm virus.,Nhiễm ký sinh trùng.,Nhiễm vi khuẩn gram âm.,,c,"Tăng bạch cầu ái toan là một phản ứng đặc trưng của hệ miễn dịch đối với các nhiễm trùng do giun sán (ký sinh trùng đa bào), mặc dù nó không phải lúc nào cũng xuất hiện và không đặc hiệu."
noi-ap-xe-gan-case-6-5,noi,Áp xe gan,Tiêu hoá,"Bệnh nhân nam 38 tuổi, tiền sử khỏe mạnh, đến khám vì đau âm ỉ hạ sườn phải và sụt cân. Bệnh nhân sút 5kg trong vòng 2 tháng, kèm theo mệt mỏi, ăn kém, không sốt. Bệnh nhân là nông dân, thường xuyên tiếp xúc với chó. Khám lâm sàng không có dấu hiệu nhiễm trùng cấp, không vàng da. Gan to 3 cm dưới sườn, chắc, bề mặt trơn láng, ấn không đau. Cận lâm sàng: Bạch cầu bình thường nhưng có tăng bạch cầu ái toan (Eosinophil 12%). Chức năng gan bình thường. AFP (Alpha-fetoprotein) bình thường. Siêu âm bụng cho thấy ở gan phải có một khối dạng nang lớn, hình cầu, kích thước 12 cm, có vỏ bao dày, vôi hóa, bên trong có nhiều nang con (daughter cysts) và màng bong ra (dấu hiệu ""water lily""). Huyết thanh chẩn đoán Echinococcus granulosus dương tính.","Phương pháp điều trị PAIR (Puncture, Aspiration, Injection, Re-aspiration) là một lựa chọn can thiệp cho bệnh lý này. Mục đích của việc tiêm một chất diệt ấu trùng (scolicidal agent) vào trong nang là gì?",Để giảm đau cho bệnh nhân.,Để làm tan vỏ nang.,"Để tiêu diệt các đầu sán (protoscolices) bên trong nang, ngăn ngừa tái phát và gieo rắc.",Để giảm áp lực bên trong nang.,,c,"Thủ thuật PAIR là một phương pháp điều trị ít xâm lấn. Sau khi chọc hút bớt dịch, một chất diệt ấu trùng (như cồn tuyệt đối hoặc dung dịch muối ưu trương) được tiêm vào nang để tiêu diệt các đầu sán bên trong, làm cho nang trở nên vô trùng. Sau đó dịch được hút ra lại. Việc này giúp ngăn ngừa khả năng tái phát từ các đầu sán còn sót lại và giảm nguy cơ gieo rắc nếu có rò rỉ."
noi-ap-xe-gan-case-7-1,noi,Áp xe gan,Tiêu hoá,"Bệnh nhân nữ 32 tuổi, đang mang thai 28 tuần, vào viện vì sốt và đau hạ sườn phải. Bệnh diễn tiến 4 ngày nay với sốt cao 39°C, đau tức hạ sườn phải, nôn và mệt mỏi. Bệnh nhân không có tiền sử bệnh gan mật hay đái tháo đường. Khám lâm sàng bệnh nhân tỉnh, có vẻ nhiễm trùng, nhiệt độ 38.8°C, mạch 105 lần/phút, huyết áp 110/70 mmHg. Bụng to do thai, ấn vào vùng hạ sườn phải bệnh nhân rất đau. Cận lâm sàng có bạch cầu 15 G/L (neutrophil 82%), CRP 150 mg/L. Chức năng gan tăng nhẹ. Siêu âm bụng cho thấy ở gan phải có một ổ áp xe kích thước 6x7 cm, thành dày, dịch không đồng nhất.",Đặc điểm nào của bệnh nhân làm cho việc lựa chọn phương tiện chẩn đoán hình ảnh và thuốc điều trị cần được cân nhắc đặc biệt?,Thai kỳ 28 tuần đang tiến triển.,Không có tiền sử đái tháo đường.,Tuổi dưới 35 của người bệnh.,Không có bệnh gan mật trước đó.,,a,"Thai kỳ không phải là nguyên nhân thường gặp của áp xe gan, nhưng làm thay đổi lựa chọn chẩn đoán hình ảnh và thuốc do phải hạn chế bức xạ ion hóa và tránh các thuốc có nguy cơ cho thai. Siêu âm và dẫn lưu dưới hướng dẫn siêu âm đặc biệt hữu ích."
noi-ap-xe-gan-case-7-2,noi,Áp xe gan,Tiêu hoá,"Bệnh nhân nữ 32 tuổi, đang mang thai 28 tuần, vào viện vì sốt và đau hạ sườn phải. Bệnh diễn tiến 4 ngày nay với sốt cao 39°C, đau tức hạ sườn phải, nôn và mệt mỏi. Bệnh nhân không có tiền sử bệnh gan mật hay đái tháo đường. Khám lâm sàng bệnh nhân tỉnh, có vẻ nhiễm trùng, nhiệt độ 38.8°C, mạch 105 lần/phút, huyết áp 110/70 mmHg. Bụng to do thai, ấn vào vùng hạ sườn phải bệnh nhân rất đau. Cận lâm sàng có bạch cầu 15 G/L (neutrophil 82%), CRP 150 mg/L. Chức năng gan tăng nhẹ. Siêu âm bụng cho thấy ở gan phải có một ổ áp xe kích thước 6x7 cm, thành dày, dịch không đồng nhất.",Những thay đổi sinh lý nào trong thai kỳ có thể làm việc kiểm soát nhiễm trùng gan mật phức tạp hơn?,Giảm hoàn toàn lưu lượng máu gan và tắc tĩnh mạch cửa sinh lý.,Tăng co bóp túi mật và tăng miễn dịch qua trung gian tế bào.,Ứ mật tương đối và điều hòa miễn dịch theo hướng dung nạp thai.,Tăng đào thải vi khuẩn qua mật và tăng hoạt tính bạch cầu trung tính.,,c,"Progesterone làm giảm vận động túi mật và đường mật; đồng thời thai kỳ tạo trạng thái điều hòa miễn dịch để dung nạp thai. Các thay đổi này có thể làm biểu hiện và kiểm soát nhiễm trùng phức tạp hơn, nhưng không đủ để xem thai kỳ là nguyên nhân độc lập của áp xe gan."
noi-ap-xe-gan-case-7-3,noi,Áp xe gan,Tiêu hoá,"Bệnh nhân nữ 32 tuổi, đang mang thai 28 tuần, vào viện vì sốt và đau hạ sườn phải. Bệnh diễn tiến 4 ngày nay với sốt cao 39°C, đau tức hạ sườn phải, nôn và mệt mỏi. Bệnh nhân không có tiền sử bệnh gan mật hay đái tháo đường. Khám lâm sàng bệnh nhân tỉnh, có vẻ nhiễm trùng, nhiệt độ 38.8°C, mạch 105 lần/phút, huyết áp 110/70 mmHg. Bụng to do thai, ấn vào vùng hạ sườn phải bệnh nhân rất đau. Cận lâm sàng có bạch cầu 15 G/L (neutrophil 82%), CRP 150 mg/L. Chức năng gan tăng nhẹ. Siêu âm bụng cho thấy ở gan phải có một ổ áp xe kích thước 6x7 cm, thành dày, dịch không đồng nhất.",Thách thức lớn nhất trong việc chẩn đoán hình ảnh áp xe gan ở phụ nữ có thai là gì?,Siêu âm không đủ an toàn cho thai nhi.,Không có thách thức nào đặc biệt.,Cần phải tránh các phương pháp sử dụng bức xạ ion hóa như CT scan.,Gan bị đẩy lên cao nên khó khảo sát.,,c,"Thách thức chính là việc hạn chế tối đa phơi nhiễm tia X cho thai nhi. Do đó, CT scan, dù là phương tiện rất tốt để chẩn đoán áp xe, thường được tránh sử dụng. Siêu âm là lựa chọn đầu tay vì an toàn. MRI không dùng bức xạ ion hóa cũng là một lựa chọn thay thế an toàn và hiệu quả nếu cần khảo sát kỹ hơn."
noi-ap-xe-gan-case-7-4,noi,Áp xe gan,Tiêu hoá,"Bệnh nhân nữ 32 tuổi, đang mang thai 28 tuần, vào viện vì sốt và đau hạ sườn phải. Bệnh diễn tiến 4 ngày nay với sốt cao 39°C, đau tức hạ sườn phải, nôn và mệt mỏi. Bệnh nhân không có tiền sử bệnh gan mật hay đái tháo đường. Khám lâm sàng bệnh nhân tỉnh, có vẻ nhiễm trùng, nhiệt độ 38.8°C, mạch 105 lần/phút, huyết áp 110/70 mmHg. Bụng to do thai, ấn vào vùng hạ sườn phải bệnh nhân rất đau. Cận lâm sàng có bạch cầu 15 G/L (neutrophil 82%), CRP 150 mg/L. Chức năng gan tăng nhẹ. Siêu âm bụng cho thấy ở gan phải có một ổ áp xe kích thước 6x7 cm, thành dày, dịch không đồng nhất.",Lựa chọn kháng sinh nào sau đây cần phải được sử dụng một cách thận trọng hoặc chống chỉ định trong thai kỳ?,Ceftriaxone (nhóm Cephalosporin).,Piperacillin/Tazobactam.,Metronidazole.,Ciprofloxacin (nhóm Quinolone).,,d,"Nhóm Quinolone (như Ciprofloxacin, Levofloxacin) thường bị chống chỉ định trong c.aspx?sourcedoc={186352b6-90cf-40c9-ba19-ae84e248ef20}&action=vie… 4/12 thai kỳ do các nghiên cứu trên động vật cho thấy nguy cơ gây tổn thương sụn khớp của thai nhi. Metronidazole từng gây tranh cãi nhưng hiện được coi là tương đối an toàn sau tam cá nguyệt thứ nhất. Cephalosporin và Penicillin thường được xem là an toàn."
noi-ap-xe-gan-case-7-5,noi,Áp xe gan,Tiêu hoá,"Bệnh nhân nữ 32 tuổi, đang mang thai 28 tuần, vào viện vì sốt và đau hạ sườn phải. Bệnh diễn tiến 4 ngày nay với sốt cao 39°C, đau tức hạ sườn phải, nôn và mệt mỏi. Bệnh nhân không có tiền sử bệnh gan mật hay đái tháo đường. Khám lâm sàng bệnh nhân tỉnh, có vẻ nhiễm trùng, nhiệt độ 38.8°C, mạch 105 lần/phút, huyết áp 110/70 mmHg. Bụng to do thai, ấn vào vùng hạ sườn phải bệnh nhân rất đau. Cận lâm sàng có bạch cầu 15 G/L (neutrophil 82%), CRP 150 mg/L. Chức năng gan tăng nhẹ. Siêu âm bụng cho thấy ở gan phải có một ổ áp xe kích thước 6x7 cm, thành dày, dịch không đồng nhất.",Hướng xử trí nào là phù hợp và an toàn nhất cho cả mẹ và con?,Dùng kháng sinh an toàn cho thai kỳ và tiến hành dẫn lưu ổ áp xe qua da dưới hướng dẫn siêu âm.,Điều trị bảo tồn bằng kháng sinh đơn thuần và theo dõi sát.,Chờ cho đến khi sinh xong mới bắt đầu điều trị. https://onedrive.live.com/personal/2672550e42ddc7d4/_layouts/15/D,Chấm dứt thai kỳ ngay lập tức để điều trị cho mẹ.,,a,"Hướng xử trí tối ưu là phải điều trị tích cực cho người mẹ trong khi vẫn đảm bảo an toàn cho thai nhi. Điều này bao gồm việc lựa chọn kháng sinh phù hợp với thai kỳ và tiến hành can thiệp dẫn lưu ổ áp xe (vốn là một thủ thuật tại chỗ, ít ảnh hưởng đến toàn thân và thai nhi) để kiểm soát nguồn nhiễm trùng. Chấm dứt thai kỳ hay trì hoãn điều trị đều không phải là lựa chọn tối ưu."
noi-ap-xe-gan-case-8-1,noi,Áp xe gan,Tiêu hoá,"Bệnh nhân nam 70 tuổi, tiền sử đái tháo đường, tăng huyết áp, vào viện vì lơ mơ và tụt huyết áp. Người nhà cho biết bệnh nhân có sốt và đau bụng hạ sườn phải 3 ngày nay nhưng tự điều trị ở nhà. Lúc vào viện, bệnh nhân lơ mơ, da tái lạnh, vã mồ hôi. Mạch 130 lần/phút, huyết áp 70/40 mmHg, nhịp thở 28 lần/phút, nhiệt độ 36.2°C (hạ thân nhiệt). Khám bụng có phản ứng thành bụng ở vùng 1/4 trên phải. Cận lâm sàng: Bạch cầu 25 G/L, Creatinin 250 µmol/L, Lactate máu 5.0 mmol/L, Procalcitonin > 10 ng/mL. Siêu âm tại giường cho thấy ổ áp xe lớn ở gan phải và có dịch tự do trong ổ bụng.",Tình trạng hiện tại của bệnh nhân được chẩn đoán là gì?,Hôn mê tăng áp lực thẩm thấu.,Sốc tim.,Sốc nhiễm khuẩn từ ổ áp xe gan bị vỡ.,Sốc phản vệ.,,c,"Bệnh nhân có một ổ nhiễm trùng rõ ràng (áp xe gan), kèm theo bằng chứng của rối loạn chức năng cơ quan (thần kinh, thận, lactate tăng) và tụt huyết áp cần dùng vận mạch. Đây là định nghĩa của sốc nhiễm khuẩn. Siêu âm thấy dịch tự do gợi ý ổ áp xe đã vỡ."
noi-ap-xe-gan-case-8-2,noi,Áp xe gan,Tiêu hoá,"Bệnh nhân nam 70 tuổi, tiền sử đái tháo đường, tăng huyết áp, vào viện vì lơ mơ và tụt huyết áp. Người nhà cho biết bệnh nhân có sốt và đau bụng hạ sườn phải 3 ngày nay nhưng tự điều trị ở nhà. Lúc vào viện, bệnh nhân lơ mơ, da tái lạnh, vã mồ hôi. Mạch 130 lần/phút, huyết áp 70/40 mmHg, nhịp thở 28 lần/phút, nhiệt độ 36.2°C (hạ thân nhiệt). Khám bụng có phản ứng thành bụng ở vùng 1/4 trên phải. Cận lâm sàng: Bạch cầu 25 G/L, Creatinin 250 µmol/L, Lactate máu 5.0 mmol/L, Procalcitonin > 10 ng/mL. Siêu âm tại giường cho thấy ổ áp xe lớn ở gan phải và có dịch tự do trong ổ bụng.",Hạ thân nhiệt ở bệnh nhân này có ý nghĩa gì?,"Là một trong những biểu hiện của đáp ứng viêm hệ thống nặng, thường là một dấu hiệu tiên lượng xấu.",Là một dấu hiệu của suy giáp đi kèm.,"Là một dấu hiệu tốt, cho thấy nhiễm trùng đang lui.",Do bệnh nhân không được đắp đủ ấm.,,a,"Sốt là phản ứng thường gặp, nhưng ở những bệnh nhân rất nặng hoặc người già, hệ miễn dịch có thể không phản ứng lại được, dẫn đến hạ thân nhiệt (< 36°C). Đây là một tiêu chuẩn trong hội chứng đáp ứng viêm hệ thống (SIRS) và thường là một dấu hiệu của tiên lượng rất nặng."
noi-ap-xe-gan-case-8-3,noi,Áp xe gan,Tiêu hoá,"Bệnh nhân nam 70 tuổi, tiền sử đái tháo đường, tăng huyết áp, vào viện vì lơ mơ và tụt huyết áp. Người nhà cho biết bệnh nhân có sốt và đau bụng hạ sườn phải 3 ngày nay nhưng tự điều trị ở nhà. Lúc vào viện, bệnh nhân lơ mơ, da tái lạnh, vã mồ hôi. Mạch 130 lần/phút, huyết áp 70/40 mmHg, nhịp thở 28 lần/phút, nhiệt độ 36.2°C (hạ thân nhiệt). Khám bụng có phản ứng thành bụng ở vùng 1/4 trên phải. Cận lâm sàng: Bạch cầu 25 G/L, Creatinin 250 µmol/L, Lactate máu 5.0 mmol/L, Procalcitonin > 10 ng/mL. Siêu âm tại giường cho thấy ổ áp xe lớn ở gan phải và có dịch tự do trong ổ bụng.",Cơ chế chính gây ra tụt huyết áp và suy đa cơ quan trong sốc nhiễm khuẩn là gì?,Suy chức năng co bóp của tim.,"Giãn mạch toàn thân không kiểm soát do các cytokine và các chất trung gian viêm, gây giảm sức cản mạch máu hệ thống.",Mất máu cấp tính.,Tắc nghẽn các mạch máu lớn.,,b,"Trong sốc nhiễm khuẩn, các độc tố của vi khuẩn và các cytokine gây ra một ""cơn bão viêm"", dẫn đến sản xuất hàng loạt các chất gây giãn mạch như nitric oxide (NO). Tình trạng giãn mạch toàn thân làm ""tụt"" sức cản mạch máu, gây tụt huyết áp nặng nề mặc dù cung lượng tim có thể bình thường hoặc tăng trong giai đoạn đầu (sốc nóng)."
noi-ap-xe-gan-case-8-4,noi,Áp xe gan,Tiêu hoá,"Bệnh nhân nam 70 tuổi, tiền sử đái tháo đường, tăng huyết áp, vào viện vì lơ mơ và tụt huyết áp. Người nhà cho biết bệnh nhân có sốt và đau bụng hạ sườn phải 3 ngày nay nhưng tự điều trị ở nhà. Lúc vào viện, bệnh nhân lơ mơ, da tái lạnh, vã mồ hôi. Mạch 130 lần/phút, huyết áp 70/40 mmHg, nhịp thở 28 lần/phút, nhiệt độ 36.2°C (hạ thân nhiệt). Khám bụng có phản ứng thành bụng ở vùng 1/4 trên phải. Cận lâm sàng: Bạch cầu 25 G/L, Creatinin 250 µmol/L, Lactate máu 5.0 mmol/L, Procalcitonin > 10 ng/mL. Siêu âm tại giường cho thấy ổ áp xe lớn ở gan phải và có dịch tự do trong ổ bụng.","Can thiệp nào sau đây cần được thực hiện khẩn cấp trong ""giờ vàng"" đầu tiên của sốc nhiễm khuẩn?",Dùng thuốc hạ sốt.,"Cấy máu, dùng kháng sinh phổ rộng liều cao, và bù dịch tích cực.",Đặt nội khí quản cho tất cả các bệnh nhân.,Chụp CT scan toàn thân.,,b,"Theo hướng dẫn của chiến dịch ""Sống sót sau nhiễm khuẩn"" (Surviving Sepsis Campaign), các hành động trong giờ đầu tiên là tối quan trọng, bao gồm: đo lactate, cấy máu trước khi dùng kháng sinh, sử dụng kháng sinh phổ rộng, bù dịch nhanh bằng tinh thể (30 mL/kg), và dùng thuốc vận mạch nếu tụt huyết áp không đáp ứng với bù dịch."
noi-ap-xe-gan-case-8-5,noi,Áp xe gan,Tiêu hoá,"Bệnh nhân nam 70 tuổi, tiền sử đái tháo đường, tăng huyết áp, vào viện vì lơ mơ và tụt huyết áp. Người nhà cho biết bệnh nhân có sốt và đau bụng hạ sườn phải 3 ngày nay nhưng tự điều trị ở nhà. Lúc vào viện, bệnh nhân lơ mơ, da tái lạnh, vã mồ hôi. Mạch 130 lần/phút, huyết áp 70/40 mmHg, nhịp thở 28 lần/phút, nhiệt độ 36.2°C (hạ thân nhiệt). Khám bụng có phản ứng thành bụng ở vùng 1/4 trên phải. Cận lâm sàng: Bạch cầu 25 G/L, Creatinin 250 µmol/L, Lactate máu 5.0 mmol/L, Procalcitonin > 10 ng/mL. Siêu âm tại giường cho thấy ổ áp xe lớn ở gan phải và có dịch tự do trong ổ bụng.","Ngoài việc hồi sức và dùng kháng sinh, xử trí nào là bắt buộc đối với ổ nhiễm trùng nguyên phát ở bệnh nhân này?",Chờ bệnh nhân ổn định huyết động hoàn toàn mới can thiệp.,Theo dõi kích thước ổ áp xe bằng siêu âm hàng ngày.,Can thiệp phẫu thuật hoặc dẫn lưu cấp cứu để kiểm soát nguồn nhiễm trùng (source control).,Chọc hút mủ để làm xét nghiệm.,,c,"""Kiểm soát nguồn nhiễm trùng"" (Source control) là một trong những nền tảng của điều trị sốc nhiễm khuẩn. Không thể điều trị thành công nếu ổ mủ (nguồn sản xuất vi khuẩn và độc tố) không được loại bỏ. Đối với áp xe gan vỡ gây viêm phúc mạc, bệnh nhân cần được phẫu thuật cấp cứu để rửa bụng và dẫn lưu ổ áp xe."
noi-ap-xe-gan-case-9-1,noi,Áp xe gan,Tiêu hoá,"Bệnh nhân nam 58 tuổi, tiền sử xơ gan do rượu, còn bù (Child-Pugh A), nhập viện vì đau bụng và sốt. Bệnh nhân sốt 38.5°C, đau tức hạ sườn phải 1 tuần nay. Khám có da củng mạc mắt vàng nhẹ, bụng báng mức độ ít, gan lách không sờ thấy. Cận lâm sàng: Tiểu cầu 80 G/L, Albumin 30 g/L, Bilirubin 40 µmol/L, AFP 500 ng/mL. Siêu âm bụng cho thấy trên nền gan thô, có một khối hỗn hợp âm ở hạ phân thùy VIII, kích thước 5 cm, có tăng sinh mạch máu ở ngoại vi trên Doppler màu. CT scan bụng 4 thì cho thấy khối này ngấm thuốc mạnh ở thì động mạch và thải thuốc nhanh ở thì tĩnh mạch (dấu hiệu ""wash-out""), trung tâm khối có vùng hoại tử không ngấm thuốc.",Chẩn đoán nào là phù hợp nhất với hình ảnh học và xét nghiệm của bệnh nhân?,U máu gan (Hemangioma) bị huyết khối.,Ung thư biểu mô tế bào gan (HCC) bị hoại tử và bội nhiễm. https://onedrive.live.com/personal/2672550e42ddc7d4/_layouts/15/D,Nang gan bội nhiễm.,Áp xe gan sinh mủ đơn thuần.,,b,"Bệnh nhân có các yếu tố nguy cơ (xơ gan), AFP tăng cao, và đặc điểm hình ảnh học kinh điển của HCC. Tình trạng sốt và các dấu hiệu viêm là do khối u bị hoại tử và có thể đã bị bội nhiễm, tạo ra một bệnh cảnh c.aspx?sourcedoc={186352b6-90cf-40c9-ba19-ae84e248ef20}&action=vie… 5/12 lâm sàng giống áp xe (áp xe hóa)."
noi-ap-xe-gan-case-9-2,noi,Áp xe gan,Tiêu hoá,"Bệnh nhân nam 58 tuổi, tiền sử xơ gan do rượu, còn bù (Child-Pugh A), nhập viện vì đau bụng và sốt. Bệnh nhân sốt 38.5°C, đau tức hạ sườn phải 1 tuần nay. Khám có da củng mạc mắt vàng nhẹ, bụng báng mức độ ít, gan lách không sờ thấy. Cận lâm sàng: Tiểu cầu 80 G/L, Albumin 30 g/L, Bilirubin 40 µmol/L, AFP 500 ng/mL. Siêu âm bụng cho thấy trên nền gan thô, có một khối hỗn hợp âm ở hạ phân thùy VIII, kích thước 5 cm, có tăng sinh mạch máu ở ngoại vi trên Doppler màu. CT scan bụng 4 thì cho thấy khối này ngấm thuốc mạnh ở thì động mạch và thải thuốc nhanh ở thì tĩnh mạch (dấu hiệu ""wash-out""), trung tâm khối có vùng hoại tử không ngấm thuốc.","Dấu hiệu ""ngấm thuốc mạnh ở thì động mạch và thải thuốc nhanh ở thì tĩnh mạch"" trên CT scan là đặc điểm điển hình của bệnh lý nào?",Ung thư biểu mô tế bào gan (HCC).,Di căn gan.,U tuyến gan (Adenoma).,Áp xe gan.,,a,"HCC là một khối u giàu mạch máu, chủ yếu được cấp máu từ động mạch gan. Do đó, trên CT scan đa thì, nó sẽ thể hiện sự tăng quang (ngấm thuốc) rất mạnh ở thì động mạch. Ở thì tĩnh mạch cửa và thì muộn, do máu từ tĩnh mạch cửa đi vào nhu mô gan lành xung quanh trong khi thuốc đã bị rửa trôi nhanh khỏi khối u, khối u sẽ trở nên giảm quang so với gan lành. Đây là dấu hiệu ""wash-in, wash-out"" rất đặc hiệu."
noi-ap-xe-gan-case-9-3,noi,Áp xe gan,Tiêu hoá,"Bệnh nhân nam 58 tuổi, tiền sử xơ gan do rượu, còn bù (Child-Pugh A), nhập viện vì đau bụng và sốt. Bệnh nhân sốt 38.5°C, đau tức hạ sườn phải 1 tuần nay. Khám có da củng mạc mắt vàng nhẹ, bụng báng mức độ ít, gan lách không sờ thấy. Cận lâm sàng: Tiểu cầu 80 G/L, Albumin 30 g/L, Bilirubin 40 µmol/L, AFP 500 ng/mL. Siêu âm bụng cho thấy trên nền gan thô, có một khối hỗn hợp âm ở hạ phân thùy VIII, kích thước 5 cm, có tăng sinh mạch máu ở ngoại vi trên Doppler màu. CT scan bụng 4 thì cho thấy khối này ngấm thuốc mạnh ở thì động mạch và thải thuốc nhanh ở thì tĩnh mạch (dấu hiệu ""wash-out""), trung tâm khối có vùng hoại tử không ngấm thuốc.",Cơ chế nào giải thích cho việc một khối u gan có thể biểu hiện giống như một ổ áp xe?,Khối u vỡ và gây ra phản ứng viêm của cơ thể.,Khối u sản xuất ra các chất gây sốt.,"Khối u phát triển quá nhanh so với nguồn cung cấp máu, dẫn đến hoại tử trung tâm và hóa lỏng, sau đó có thể bị bội nhiễm bởi vi khuẩn.",Khối u chèn ép vào đường mật gây viêm đường mật.,,c,"Các khối u ác tính, đặc biệt là HCC, thường có tốc độ phát triển nhanh. Khi khối u trở nên quá lớn, nguồn cấp máu ở trung tâm không đủ, dẫn đến thiếu máu, hoại tử và hóa lỏng. Vùng hoại tử này có thể bị bội nhiễm bởi vi khuẩn theo đường máu, tạo thành một ổ mủ thực sự bên trong khối u."
noi-ap-xe-gan-case-9-4,noi,Áp xe gan,Tiêu hoá,"Bệnh nhân nam 58 tuổi, tiền sử xơ gan do rượu, còn bù (Child-Pugh A), nhập viện vì đau bụng và sốt. Bệnh nhân sốt 38.5°C, đau tức hạ sườn phải 1 tuần nay. Khám có da củng mạc mắt vàng nhẹ, bụng báng mức độ ít, gan lách không sờ thấy. Cận lâm sàng: Tiểu cầu 80 G/L, Albumin 30 g/L, Bilirubin 40 µmol/L, AFP 500 ng/mL. Siêu âm bụng cho thấy trên nền gan thô, có một khối hỗn hợp âm ở hạ phân thùy VIII, kích thước 5 cm, có tăng sinh mạch máu ở ngoại vi trên Doppler màu. CT scan bụng 4 thì cho thấy khối này ngấm thuốc mạnh ở thì động mạch và thải thuốc nhanh ở thì tĩnh mạch (dấu hiệu ""wash-out""), trung tâm khối có vùng hoại tử không ngấm thuốc.",Yếu tố nào trong bệnh sử và cận lâm sàng của bệnh nhân này là gợi ý quan trọng nhất đến một bệnh lý ác tính?,Nền gan xơ và nồng độ AFP tăng cao.,Đau hạ sườn phải.,Giảm tiểu cầu.,Sốt.,,a,Bệnh cảnh xảy ra trên một bệnh nhân xơ gan (nguy cơ cao nhất của HCC) và có AFP (một chất chỉ điểm khối u) tăng rất cao là những bằng chứng mạnh mẽ nhất gợi ý nguyên nhân ác tính. Các triệu chứng lâm sàng như sốt và đau có thể gặp trong cả hai bệnh.
noi-ap-xe-gan-case-9-5,noi,Áp xe gan,Tiêu hoá,"Bệnh nhân nam 58 tuổi, tiền sử xơ gan do rượu, còn bù (Child-Pugh A), nhập viện vì đau bụng và sốt. Bệnh nhân sốt 38.5°C, đau tức hạ sườn phải 1 tuần nay. Khám có da củng mạc mắt vàng nhẹ, bụng báng mức độ ít, gan lách không sờ thấy. Cận lâm sàng: Tiểu cầu 80 G/L, Albumin 30 g/L, Bilirubin 40 µmol/L, AFP 500 ng/mL. Siêu âm bụng cho thấy trên nền gan thô, có một khối hỗn hợp âm ở hạ phân thùy VIII, kích thước 5 cm, có tăng sinh mạch máu ở ngoại vi trên Doppler màu. CT scan bụng 4 thì cho thấy khối này ngấm thuốc mạnh ở thì động mạch và thải thuốc nhanh ở thì tĩnh mạch (dấu hiệu ""wash-out""), trung tâm khối có vùng hoại tử không ngấm thuốc.",Hướng tiếp cận chẩn đoán và điều trị tiếp theo cho bệnh nhân này là gì?,Bắt đầu hóa trị toàn thân.,Điều trị kháng sinh phổ rộng trong 2 tuần rồi đánh giá lại.,Phẫu thuật cắt bỏ khối u ngay lập tức.,Chọc hút khối tổn thương để cấy vi khuẩn và làm tế bào học.,,d,"Trong trường hợp chẩn đoán không chắc chắn giữa áp xe và HCC hoại tử, việc chọc hút tổn thương dưới hướng dẫn của siêu âm/CT là một bước đi hợp lý. Mẫu bệnh phẩm thu được có thể được gửi đi soi tươi, nhuộm gram, cấy vi khuẩn để chẩn đoán nhiễm trùng, đồng thời gửi làm tế bào học (cytology) hoặc mô bệnh học (cell block) để tìm tế bào ác tính, giúp chẩn đoán xác định."
noi-ap-xe-gan-case-10-1,noi,Áp xe gan,Tiêu hoá,"Bệnh nhân nam 48 tuổi, tiền sử đái tháo đường và bệnh gout mạn tính, được điều trị áp xe gan phải do Klebsiella pneumoniae bằng kháng sinh và đã được dẫn lưu qua da. Sau 2 tuần điều trị, tình trạng sốt và đau bụng cải thiện, tuy nhiên bệnh nhân đột ngột bị nhìn mờ và đau nhức dữ dội ở mắt trái. Khám mắt cho thấy thị lực mắt trái giảm nặng, mi mắt sưng nề, kết mạc cương tụ, tiền phòng có mủ (dấu hiệu hypopyon). Bệnh nhân không có chấn thương mắt trước đó.",Tình trạng ở mắt của bệnh nhân là biến chứng gì?,Glôcôm góc đóng cấp.,Viêm kết mạc do dị ứng thuốc.,Tắc động mạch trung tâm võng mạc.,Viêm mủ nội nhãn di căn (Metastatic endophthalmitis).,,d,"Viêm mủ nội nhãn là tình trạng nhiễm trùng nặng nề bên trong nhãn cầu. Khi nó xảy ra do vi khuẩn từ một ổ nhiễm trùng ở xa theo đường máu đến mắt, nó được gọi là viêm mủ nội nhãn di căn hoặc nội sinh. Đây là một biến chứng đã được ghi nhận rõ của áp xe gan."
noi-ap-xe-gan-case-10-2,noi,Áp xe gan,Tiêu hoá,"Bệnh nhân nam 48 tuổi, tiền sử đái tháo đường và bệnh gout mạn tính, được điều trị áp xe gan phải do Klebsiella pneumoniae bằng kháng sinh và đã được dẫn lưu qua da. Sau 2 tuần điều trị, tình trạng sốt và đau bụng cải thiện, tuy nhiên bệnh nhân đột ngột bị nhìn mờ và đau nhức dữ dội ở mắt trái. Khám mắt cho thấy thị lực mắt trái giảm nặng, mi mắt sưng nề, kết mạc cương tụ, tiền phòng có mủ (dấu hiệu hypopyon). Bệnh nhân không có chấn thương mắt trước đó.",Cơ chế gây ra biến chứng này là gì?,Một phản ứng viêm tự miễn của cơ thể.,Vi khuẩn từ ổ áp xe gan theo đường máu di chuyển đến mắt và gây nhiễm trùng bên trong nhãn cầu.,Huyết khối từ tim di chuyển lên mắt.,Tăng nhãn áp thứ phát do điều trị kháng sinh.,,b,"Trong quá trình nhiễm khuẩn huyết từ ổ áp xe gan, vi khuẩn có thể vượt qua hàng rào máu-mắt, xâm nhập vào các cấu trúc bên trong nhãn cầu (dịch kính, võng mạc) và gây ra một phản ứng viêm và sinh mủ dữ dội."
noi-ap-xe-gan-case-10-3,noi,Áp xe gan,Tiêu hoá,"Bệnh nhân nam 48 tuổi, tiền sử đái tháo đường và bệnh gout mạn tính, được điều trị áp xe gan phải do Klebsiella pneumoniae bằng kháng sinh và đã được dẫn lưu qua da. Sau 2 tuần điều trị, tình trạng sốt và đau bụng cải thiện, tuy nhiên bệnh nhân đột ngột bị nhìn mờ và đau nhức dữ dội ở mắt trái. Khám mắt cho thấy thị lực mắt trái giảm nặng, mi mắt sưng nề, kết mạc cương tụ, tiền phòng có mủ (dấu hiệu hypopyon). Bệnh nhân không có chấn thương mắt trước đó.","Chủng vi khuẩn nào gây áp xe gan có mối liên quan đặc biệt mạnh mẽ với biến chứng di căn nhiễm khuẩn, đặc biệt là viêm mủ nội nhãn?",Staphylococcus aureus.,"Klebsiella pneumoniae, đặc biệt là type K1.",Bacteroides fragilis.,Escherichia coli.,,b,"Hội chứng áp xe gan do Klebsiella pneumoniae xâm lấn, đặc biệt là các chủng có type vỏ K1/K2, rất nổi tiếng với khả năng gây ra các biến chứng di căn nhiễm khuẩn ở các vị trí xa như mắt, não, phổi. Các chủng này có các yếu tố độc lực giúp chúng chống lại hệ miễn dịch và lan tràn trong cơ thể."
noi-ap-xe-gan-case-10-4,noi,Áp xe gan,Tiêu hoá,"Bệnh nhân nam 48 tuổi, tiền sử đái tháo đường và bệnh gout mạn tính, được điều trị áp xe gan phải do Klebsiella pneumoniae bằng kháng sinh và đã được dẫn lưu qua da. Sau 2 tuần điều trị, tình trạng sốt và đau bụng cải thiện, tuy nhiên bệnh nhân đột ngột bị nhìn mờ và đau nhức dữ dội ở mắt trái. Khám mắt cho thấy thị lực mắt trái giảm nặng, mi mắt sưng nề, kết mạc cương tụ, tiền phòng có mủ (dấu hiệu hypopyon). Bệnh nhân không có chấn thương mắt trước đó.",Đây có được xem là một cấp cứu nhãn khoa không và tại sao?,"Có, vì nó có thể dẫn đến mất thị lực vĩnh viễn và thậm chí mất nhãn cầu nếu không được can thiệp khẩn cấp.","Không, chỉ cần tiếp tục điều trị kháng sinh toàn thân là đủ.","Không, có thể điều trị bằng thuốc nhỏ mắt thông thường.","Có, nhưng chủ yếu vì lý do thẩm mỹ.",,a,"Viêm mủ nội nhãn là một trong những cấp cứu khẩn cấp nhất trong nhãn khoa. Tình trạng viêm và nhiễm trùng phá hủy các cấu trúc nhạy cảm của mắt rất nhanh chóng, đòi hỏi phải chẩn đoán và can thiệp ngay lập tức (tiêm kháng sinh nội nhãn, phẫu thuật cắt dịch kính) để hy vọng cứu vãn thị lực."
noi-ap-xe-gan-case-10-5,noi,Áp xe gan,Tiêu hoá,"Bệnh nhân nam 48 tuổi, tiền sử đái tháo đường và bệnh gout mạn tính, được điều trị áp xe gan phải do Klebsiella pneumoniae bằng kháng sinh và đã được dẫn lưu qua da. Sau 2 tuần điều trị, tình trạng sốt và đau bụng cải thiện, tuy nhiên bệnh nhân đột ngột bị nhìn mờ và đau nhức dữ dội ở mắt trái. Khám mắt cho thấy thị lực mắt trái giảm nặng, mi mắt sưng nề, kết mạc cương tụ, tiền phòng có mủ (dấu hiệu hypopyon). Bệnh nhân không có chấn thương mắt trước đó.","Ngoài mắt, cơ quan nào khác cũng là vị trí thường gặp của di căn nhiễm khuẩn từ áp xe gan do Klebsiella pneumoniae?",Thận.,Da và mô mềm.,Xương khớp.,"Hệ thần kinh trung ương (áp xe não, viêm màng não). https://onedrive.live.com/personal/2672550e42ddc7d4/_layouts/15/D",,d,"Hệ thần kinh trung ương là một đích đến thường gặp khác của K. pneumoniae di căn. Bệnh nhân có thể phát triển áp xe não, viêm màng não mủ, hoặc tụ mủ c.aspx?sourcedoc={186352b6-90cf-40c9-ba19-ae84e248ef20}&action=vie… 6/12 dưới màng cứng, cũng là những biến chứng cực kỳ nguy hiểm với tỷ lệ tử vong và di chứng cao."
noi-ap-xe-gan-case-11-1,noi,Áp xe gan,Tiêu hoá,"Bệnh nhân nam 35 tuổi, công nhân xây dựng, vào viện vì đau tức vùng hạ sườn phải và sốt nhẹ kéo dài 10 ngày nay. Bệnh sử ghi nhận cách đây 1 tháng bệnh nhân có đợt đi phân nhày máu kèm mót rặn, tự mua thuốc uống không rõ loại thì đỡ. Khám: tỉnh táo, mạch 90 l/p, huyết áp 120/80 mmHg, nhiệt độ 38.5°C, nhịp thở 20 l/p. Khám bụng thấy gan to dưới bờ sườn phải 3 cm, ấn đau tức, nghiệm pháp rung gan dương tính, ấn kẽ sườn dương tính. Không có vàng da niêm mạc. Siêu âm ổ bụng phát hiện một ổ tổn thương giảm âm đơn độc kích thước 7x8 cm ở phân thùy VII thùy gan phải, ranh giới rõ. Xét nghiệm: Bạch cầu 14 G/L (trung tính 75%), AST 45 U/L, ALT 40 U/L, Bilirubin toàn phần 15 μmol/L.",Chẩn đoán phù hợp nhất trên bệnh nhân này là gì?,Nang gan bẩm sinh bội nhiễm.,Áp xe gan do vi khuẩn.,Áp xe gan do amip.,Ung thư biểu mô tế bào gan.,,c,"Bệnh nhân trẻ tuổi, có tiền sử hội chứng lỵ trước đó, sốt, gan to đau, siêu âm có ổ giảm âm đơn độc thùy phải, không có vàng da, men gan bình thường. Đây là bệnh cảnh kinh điển của áp xe gan do amip. Các phương án C và D sai vì biểu hiện viêm cấp tính rõ rệt."
noi-ap-xe-gan-case-11-2,noi,Áp xe gan,Tiêu hoá,"Bệnh nhân nam 35 tuổi, công nhân xây dựng, vào viện vì đau tức vùng hạ sườn phải và sốt nhẹ kéo dài 10 ngày nay. Bệnh sử ghi nhận cách đây 1 tháng bệnh nhân có đợt đi phân nhày máu kèm mót rặn, tự mua thuốc uống không rõ loại thì đỡ. Khám: tỉnh táo, mạch 90 l/p, huyết áp 120/80 mmHg, nhiệt độ 38.5°C, nhịp thở 20 l/p. Khám bụng thấy gan to dưới bờ sườn phải 3 cm, ấn đau tức, nghiệm pháp rung gan dương tính, ấn kẽ sườn dương tính. Không có vàng da niêm mạc. Siêu âm ổ bụng phát hiện một ổ tổn thương giảm âm đơn độc kích thước 7x8 cm ở phân thùy VII thùy gan phải, ranh giới rõ. Xét nghiệm: Bạch cầu 14 G/L (trung tính 75%), AST 45 U/L, ALT 40 U/L, Bilirubin toàn phần 15 μmol/L.",Cơ chế bệnh sinh chính đưa tác nhân lây nhiễm đến gan trong bệnh cảnh này là gì?,Phát tán theo đường máu qua động mạch gan.,Lây lan trực tiếp từ tổn thương tạng lân cận.,Lan truyền ngược dòng qua hệ thống đường mật.,Xâm nhập và di chuyển theo tĩnh mạch cửa.,,d,"Entamoeba histolytica từ ruột già xâm nhập qua lớp niêm mạc đại tràng, vào các tĩnh mạch nhỏ của mạc treo rồi di chuyển theo hệ tĩnh mạch cửa để lên gan. Vi khuẩn đường ruột cũng có thể đi theo đường này, nhưng đường mật (đáp án A) mới là đường chính của áp xe gan vi khuẩn."
noi-ap-xe-gan-case-11-3,noi,Áp xe gan,Tiêu hoá,"Bệnh nhân nam 35 tuổi, công nhân xây dựng, vào viện vì đau tức vùng hạ sườn phải và sốt nhẹ kéo dài 10 ngày nay. Bệnh sử ghi nhận cách đây 1 tháng bệnh nhân có đợt đi phân nhày máu kèm mót rặn, tự mua thuốc uống không rõ loại thì đỡ. Khám: tỉnh táo, mạch 90 l/p, huyết áp 120/80 mmHg, nhiệt độ 38.5°C, nhịp thở 20 l/p. Khám bụng thấy gan to dưới bờ sườn phải 3 cm, ấn đau tức, nghiệm pháp rung gan dương tính, ấn kẽ sườn dương tính. Không có vàng da niêm mạc. Siêu âm ổ bụng phát hiện một ổ tổn thương giảm âm đơn độc kích thước 7x8 cm ở phân thùy VII thùy gan phải, ranh giới rõ. Xét nghiệm: Bạch cầu 14 G/L (trung tính 75%), AST 45 U/L, ALT 40 U/L, Bilirubin toàn phần 15 μmol/L.",Xét nghiệm nào sau đây có độ nhạy và độ đặc hiệu cao nhất để khẳng định tác nhân gây bệnh?,Sinh thiết gan dưới hướng dẫn siêu âm.,Soi phân trực tiếp tìm thể tư dưỡng.,Huyết thanh miễn dịch chẩn đoán amip.,Cấy máu ngoại vi phân lập vi khuẩn.,,c,Huyết thanh chẩn đoán amip (ELISA) có độ nhạy >95% ở bệnh nhân áp xe gan amip ngoài ruột. Soi phân có tỷ lệ dương tính rất thấp (<10%) vì giai đoạn này amip đã khu trú ở gan.
noi-ap-xe-gan-case-11-4,noi,Áp xe gan,Tiêu hoá,"Bệnh nhân nam 35 tuổi, công nhân xây dựng, vào viện vì đau tức vùng hạ sườn phải và sốt nhẹ kéo dài 10 ngày nay. Bệnh sử ghi nhận cách đây 1 tháng bệnh nhân có đợt đi phân nhày máu kèm mót rặn, tự mua thuốc uống không rõ loại thì đỡ. Khám: tỉnh táo, mạch 90 l/p, huyết áp 120/80 mmHg, nhiệt độ 38.5°C, nhịp thở 20 l/p. Khám bụng thấy gan to dưới bờ sườn phải 3 cm, ấn đau tức, nghiệm pháp rung gan dương tính, ấn kẽ sườn dương tính. Không có vàng da niêm mạc. Siêu âm ổ bụng phát hiện một ổ tổn thương giảm âm đơn độc kích thước 7x8 cm ở phân thùy VII thùy gan phải, ranh giới rõ. Xét nghiệm: Bạch cầu 14 G/L (trung tính 75%), AST 45 U/L, ALT 40 U/L, Bilirubin toàn phần 15 μmol/L.",Lựa chọn thuốc kháng sinh ưu tiên ban đầu cho bệnh nhân này là gì?,Ceftriaxone tiêm tĩnh mạch.,Metronidazole truyền tĩnh mạch.,Amoxicillin-Clavulanate uống.,Ciprofloxacin uống ngắt quãng.,,b,"Metronidazole là thuốc diệt amip mô tiêu chuẩn vàng, thấm tốt vào ổ áp xe gan và có hiệu quả điều trị nội khoa rất cao. Ceftriaxone hay Ciprofloxacin chỉ dùng cho áp xe vi khuẩn."
noi-ap-xe-gan-case-11-5,noi,Áp xe gan,Tiêu hoá,"Bệnh nhân nam 35 tuổi, công nhân xây dựng, vào viện vì đau tức vùng hạ sườn phải và sốt nhẹ kéo dài 10 ngày nay. Bệnh sử ghi nhận cách đây 1 tháng bệnh nhân có đợt đi phân nhày máu kèm mót rặn, tự mua thuốc uống không rõ loại thì đỡ. Khám: tỉnh táo, mạch 90 l/p, huyết áp 120/80 mmHg, nhiệt độ 38.5°C, nhịp thở 20 l/p. Khám bụng thấy gan to dưới bờ sườn phải 3 cm, ấn đau tức, nghiệm pháp rung gan dương tính, ấn kẽ sườn dương tính. Không có vàng da niêm mạc. Siêu âm ổ bụng phát hiện một ổ tổn thương giảm âm đơn độc kích thước 7x8 cm ở phân thùy VII thùy gan phải, ranh giới rõ. Xét nghiệm: Bạch cầu 14 G/L (trung tính 75%), AST 45 U/L, ALT 40 U/L, Bilirubin toàn phần 15 μmol/L.","Nếu không được điều trị, biến chứng vỡ của tổn thương tại vị trí phân thùy VII thường có xu hướng tràn vào khoang nào nhất?",Khoang màng phổi bên phải.,Đường tiêu hóa trên.,Ổ phúc mạc toàn thể.,Khoang màng ngoài tim.,,a,"Phân thùy VII và VIII nằm sát vòm hoành phải. Khi áp xe ở vị trí này tiến triển, nó có xu hướng ăn mòn cơ hoành và vỡ vào khoang màng phổi phải, gây tràn dịch màng phổi hoặc viêm mủ màng phổi."
noi-ap-xe-gan-case-12-1,noi,Áp xe gan,Tiêu hoá,"Bệnh nhân nữ 68 tuổi, tiền sử đái tháo đường type 2 và sỏi ống mật chủ chưa can thiệp, vào viện vì sốt cao rét run và đau hạ sườn phải ngày thứ 3. Khám: lơ mơ, mạch 115 l/p, huyết áp 85/55 mmHg, nhiệt độ 39.5°C, nhịp thở 25 l/p. Khám thấy củng mạc mắt vàng sậm, ấn đau nhiều vùng hạ sườn phải kèm đề kháng thành bụng nhẹ. Không có ban da. Xét nghiệm: Bạch cầu 22 G/L (trung tính 88%), Lactate 4.5 mmol/L, Creatinin 135 μmol/L, AST 120 U/L, ALT 115 U/L, Bilirubin toàn phần 85 μmol/L. Siêu âm gan mật có nhiều ổ khối giảm âm rải rác hai thùy gan kích thước 1-3 cm, đường mật trong gan giãn, sỏi ống mật chủ kích thước 15 mm.",Tình trạng ưu tiên hàng đầu cần giải quyết khẩn cấp trên bệnh nhân này là gì?,Sốc nhiễm khuẩn do áp xe gan mật.,Nhiễm trùng đường mật cấp tính.,Đợt cấp viêm gan virus mạn tính.,Cơn bão giáp trạng cấp tính.,,a,"Bệnh nhân có tam chứng Charcot, lơ mơ, huyết áp tụt, lactate tăng cao, khẳng định tình trạng sốc nhiễm khuẩn (septic shock) có đường vào từ đường mật gây áp xe gan đa ổ. Sốc nhiễm khuẩn là vấn đề đe dọa tính mạng cần ưu tiên hồi sức ngay."
noi-ap-xe-gan-case-12-2,noi,Áp xe gan,Tiêu hoá,"Bệnh nhân nữ 68 tuổi, tiền sử đái tháo đường type 2 và sỏi ống mật chủ chưa can thiệp, vào viện vì sốt cao rét run và đau hạ sườn phải ngày thứ 3. Khám: lơ mơ, mạch 115 l/p, huyết áp 85/55 mmHg, nhiệt độ 39.5°C, nhịp thở 25 l/p. Khám thấy củng mạc mắt vàng sậm, ấn đau nhiều vùng hạ sườn phải kèm đề kháng thành bụng nhẹ. Không có ban da. Xét nghiệm: Bạch cầu 22 G/L (trung tính 88%), Lactate 4.5 mmol/L, Creatinin 135 μmol/L, AST 120 U/L, ALT 115 U/L, Bilirubin toàn phần 85 μmol/L. Siêu âm gan mật có nhiều ổ khối giảm âm rải rác hai thùy gan kích thước 1-3 cm, đường mật trong gan giãn, sỏi ống mật chủ kích thước 15 mm.",Cơ chế sinh bệnh học chính giải thích hình ảnh tổn thương đa ổ trên hai thùy gan là gì?,Khuyết tật hàng rào miễn dịch qua trung gian tế bào.,Tắc nghẽn cơ học gây ứ trệ mủ và trào ngược.,Tổn thương vi mạch máu do bệnh đái tháo đường.,Vi khuẩn theo tĩnh mạch cửa phát tán hai thùy.,,b,"Áp xe gan đường mật thường đa ổ do sự tắc nghẽn ở ống mật chủ (sỏi) làm ứ trệ dịch mật nhiễm khuẩn, áp lực đường mật tăng cao khiến vi khuẩn trào ngược vào các vi quản mật lan tỏa khắp nhu mô gan."
noi-ap-xe-gan-case-12-3,noi,Áp xe gan,Tiêu hoá,"Bệnh nhân nữ 68 tuổi, tiền sử đái tháo đường type 2 và sỏi ống mật chủ chưa can thiệp, vào viện vì sốt cao rét run và đau hạ sườn phải ngày thứ 3. Khám: lơ mơ, mạch 115 l/p, huyết áp 85/55 mmHg, nhiệt độ 39.5°C, nhịp thở 25 l/p. Khám thấy củng mạc mắt vàng sậm, ấn đau nhiều vùng hạ sườn phải kèm đề kháng thành bụng nhẹ. Không có ban da. Xét nghiệm: Bạch cầu 22 G/L (trung tính 88%), Lactate 4.5 mmol/L, Creatinin 135 μmol/L, AST 120 U/L, ALT 115 U/L, Bilirubin toàn phần 85 μmol/L. Siêu âm gan mật có nhiều ổ khối giảm âm rải rác hai thùy gan kích thước 1-3 cm, đường mật trong gan giãn, sỏi ống mật chủ kích thước 15 mm.",Tổ hợp xử trí ban đầu nào phù hợp nhất trong giờ đầu ở bệnh nhân sốc nhiễm khuẩn do viêm đường mật?,"Lấy mẫu cấy máu, truyền dịch tinh thể và khởi trị kháng sinh phổ rộng sớm.","Chỉ dùng thuốc vận mạch, chưa cần kháng sinh khi chưa có kết quả cấy.",Dùng Metronidazole đơn độc và trì hoãn hồi sức dịch đến khi có CT.,Đưa đi ERCP ngay khi chưa bảo đảm đường thở và huyết động.,,a,"Hồi sức sốc nhiễm khuẩn phải tiến hành đồng thời: lấy cấy trước kháng sinh nếu không làm chậm điều trị, truyền dịch tinh thể, khởi trị kháng sinh phổ rộng và dùng vận mạch khi cần. Giải áp đường mật phải được thực hiện khẩn sau hồi sức ban đầu, không trì hoãn quá mức nhưng cũng không bỏ qua ổn định đường thở và huyết động."
noi-ap-xe-gan-case-12-4,noi,Áp xe gan,Tiêu hoá,"Bệnh nhân nữ 68 tuổi, tiền sử đái tháo đường type 2 và sỏi ống mật chủ chưa can thiệp, vào viện vì sốt cao rét run và đau hạ sườn phải ngày thứ 3. Khám: lơ mơ, mạch 115 l/p, huyết áp 85/55 mmHg, nhiệt độ 39.5°C, nhịp thở 25 l/p. Khám thấy củng mạc mắt vàng sậm, ấn đau nhiều vùng hạ sườn phải kèm đề kháng thành bụng nhẹ. Không có ban da. Xét nghiệm: Bạch cầu 22 G/L (trung tính 88%), Lactate 4.5 mmol/L, Creatinin 135 μmol/L, AST 120 U/L, ALT 115 U/L, Bilirubin toàn phần 85 μmol/L. Siêu âm gan mật có nhiều ổ khối giảm âm rải rác hai thùy gan kích thước 1-3 cm, đường mật trong gan giãn, sỏi ống mật chủ kích thước 15 mm.",Lựa chọn kháng sinh kinh nghiệm ban đầu phù hợp nhất cho bệnh nhân này là gì?,Piperacillin-Tazobactam tĩnh mạch.,Cefuroxime kết hợp với Azithromycin.,Ciprofloxacin đường uống liều cao.,Metronidazole kết hợp Fluconazole.,,a,"Vi khuẩn đường mật thường là Gram âm ruột (E. coli, Klebsiella) và yếm khí. Piperacillin-Tazobactam là kháng sinh phổ rộng bao phủ rất tốt cả hai nhóm này, phù hợp cho sốc nhiễm khuẩn. Các phương án khác phổ quá hẹp hoặc sai đường dùng."
noi-ap-xe-gan-case-12-5,noi,Áp xe gan,Tiêu hoá,"Bệnh nhân nữ 68 tuổi, tiền sử đái tháo đường type 2 và sỏi ống mật chủ chưa can thiệp, vào viện vì sốt cao rét run và đau hạ sườn phải ngày thứ 3. Khám: lơ mơ, mạch 115 l/p, huyết áp 85/55 mmHg, nhiệt độ 39.5°C, nhịp thở 25 l/p. Khám thấy củng mạc mắt vàng sậm, ấn đau nhiều vùng hạ sườn phải kèm đề kháng thành bụng nhẹ. Không có ban da. Xét nghiệm: Bạch cầu 22 G/L (trung tính 88%), Lactate 4.5 mmol/L, Creatinin 135 μmol/L, AST 120 U/L, ALT 115 U/L, Bilirubin toàn phần 85 μmol/L. Siêu âm gan mật có nhiều ổ khối giảm âm rải rác hai thùy gan kích thước 1-3 cm, đường mật trong gan giãn, sỏi ống mật chủ kích thước 15 mm.","Sau 24 giờ hồi sức tích cực và dùng kháng sinh, huyết áp bệnh nhân vẫn phụ thuộc thuốc vận mạch liều cao. Bước can thiệp tiếp theo có ý nghĩa quyết định nhất là gì?",Đổi sang kháng sinh nhóm Aminoglycoside đường tiêm.,Dẫn lưu đường mật xuyên gan qua da hoặc nội soi.,Tiến hành siêu âm tim qua thực quản tìm sùi van tim.,Tăng liều kháng sinh tĩnh mạch hiện tại lên gấp đôi. https://onedrive.live.com/personal/2672550e42ddc7d4/_layouts/15/D,,b,"Trong sốc nhiễm khuẩn do tắc nghẽn đường mật/áp xe, nguyên tắc bắt buộc là phải giải áp ổ nhiễm trùng (Source c.aspx?sourcedoc={186352b6-90cf-40c9-ba19-ae84e248ef20}&action=vie… 7/12 control). Dẫn lưu đường mật (PTBD hoặc ERCP đặt stent) là thủ thuật can thiệp sống còn khi nội khoa thất bại. Nguồn tham khảo: Surviving Sepsis Campaign Guidelines."
noi-ap-xe-gan-case-13-1,noi,Áp xe gan,Tiêu hoá,"Bệnh nhân nam 55 tuổi, tiền sử đái tháo đường type 2 kiểm soát kém, vào viện vì sốt và mắt phải mờ dần trong 2 ngày nay. Khám: tỉnh, mạch 100 l/p, huyết áp 130/80 mmHg, nhiệt độ 39°C. Khám mắt phải có thị lực giảm mạnh, xung huyết kết mạc, mủ tiền phòng. Khám bụng mềm, gan không lớn nhưng ấn tức vùng khe liên sườn 8-9 đường nách giữa bên phải. Không ho, không khó thở. Chụp cắt lớp vi tính ổ bụng có tiêm thuốc cản quang phát hiện một ổ áp xe thùy phải gan kích thước 5 cm, thành vỏ mỏng, bên trong có vách và nhiều bóng khí.",Nguyên nhân vi sinh vật nào có khả năng cao nhất gây ra bệnh cảnh lâm sàng này?,Escherichia coli.,Klebsiella pneumoniae.,Staphylococcus aureus.,Entamoeba histolytica.,,b,"Hội chứng áp xe gan do Klebsiella pneumoniae (K1/K2) xâm lấn thường gặp ở bệnh nhân đái tháo đường, đặc trưng bởi áp xe gan có bóng khí và tổn thương di căn xa như viêm nội nhãn (endophthalmitis), viêm màng não."
noi-ap-xe-gan-case-13-2,noi,Áp xe gan,Tiêu hoá,"Bệnh nhân nam 55 tuổi, tiền sử đái tháo đường type 2 kiểm soát kém, vào viện vì sốt và mắt phải mờ dần trong 2 ngày nay. Khám: tỉnh, mạch 100 l/p, huyết áp 130/80 mmHg, nhiệt độ 39°C. Khám mắt phải có thị lực giảm mạnh, xung huyết kết mạc, mủ tiền phòng. Khám bụng mềm, gan không lớn nhưng ấn tức vùng khe liên sườn 8-9 đường nách giữa bên phải. Không ho, không khó thở. Chụp cắt lớp vi tính ổ bụng có tiêm thuốc cản quang phát hiện một ổ áp xe thùy phải gan kích thước 5 cm, thành vỏ mỏng, bên trong có vách và nhiều bóng khí.",Biến chứng tại mắt của bệnh nhân được hình thành thông qua cơ chế bệnh sinh nào?,Vi khuẩn lan truyền theo đường máu động mạch.,Tắc nghẽn mạch máu do huyết khối tĩnh mạch.,Phản ứng dị ứng miễn dịch toàn thân lan tỏa.,Vi khuẩn xâm lấn trực tiếp qua màng não.,,a,Viêm nội nhãn nội sinh xảy ra do vi khuẩn từ ổ nhiễm trùng nguyên phát ở gan xâm nhập vào dòng máu (nhiễm khuẩn huyết) và lan truyền đến võng mạc/hắc mạc qua hệ động mạch mắt.
noi-ap-xe-gan-case-13-3,noi,Áp xe gan,Tiêu hoá,"Bệnh nhân nam 55 tuổi, tiền sử đái tháo đường type 2 kiểm soát kém, vào viện vì sốt và mắt phải mờ dần trong 2 ngày nay. Khám: tỉnh, mạch 100 l/p, huyết áp 130/80 mmHg, nhiệt độ 39°C. Khám mắt phải có thị lực giảm mạnh, xung huyết kết mạc, mủ tiền phòng. Khám bụng mềm, gan không lớn nhưng ấn tức vùng khe liên sườn 8-9 đường nách giữa bên phải. Không ho, không khó thở. Chụp cắt lớp vi tính ổ bụng có tiêm thuốc cản quang phát hiện một ổ áp xe thùy phải gan kích thước 5 cm, thành vỏ mỏng, bên trong có vách và nhiều bóng khí.",Thăm dò hoặc can thiệp nào sau đây cần thiết thực hiện sớm nhất để bảo tồn chức năng cơ quan đang bị đe dọa?,Chụp cộng hưởng từ sọ não tiêm thuốc đối quang từ.,Khám chuyên khoa mắt can thiệp hút mủ nội nhãn.,Siêu âm tim qua thành ngực đánh giá sùi van tim.,Sinh thiết tế bào gan dưới hướng dẫn siêu âm.,,b,Viêm nội nhãn do Klebsiella tiến triển rất nhanh gây mù lòa vĩnh viễn. Can thiệp của nhãn khoa (tiêm kháng sinh nội nhãn hoặc cắt dịch kính hút mủ) là một cấp cứu để cứu vãn thị lực.
noi-ap-xe-gan-case-13-4,noi,Áp xe gan,Tiêu hoá,"Bệnh nhân nam 55 tuổi, tiền sử đái tháo đường type 2 kiểm soát kém, vào viện vì sốt và mắt phải mờ dần trong 2 ngày nay. Khám: tỉnh, mạch 100 l/p, huyết áp 130/80 mmHg, nhiệt độ 39°C. Khám mắt phải có thị lực giảm mạnh, xung huyết kết mạc, mủ tiền phòng. Khám bụng mềm, gan không lớn nhưng ấn tức vùng khe liên sườn 8-9 đường nách giữa bên phải. Không ho, không khó thở. Chụp cắt lớp vi tính ổ bụng có tiêm thuốc cản quang phát hiện một ổ áp xe thùy phải gan kích thước 5 cm, thành vỏ mỏng, bên trong có vách và nhiều bóng khí.",Phương pháp quản lý đường huyết ưu tiên nhất cho bệnh nhân trong giai đoạn nhiễm trùng cấp tính này là gì?,Ngừng toàn bộ thuốc hạ đường huyết và theo dõi.,Tiếp tục duy trì thuốc viên hạ đường huyết uống.,Truyền tĩnh mạch liên tục các dung dịch đường ưu trương.,Sử dụng phác đồ Insulin tiêm dưới da nhiều mũi.,,d,"Trong tình trạng nhiễm trùng nặng cấp tính, bệnh nhân đái tháo đường có nguy cơ đề kháng insulin cao. Chuyển sang phác đồ Insulin dưới da (hoặc truyền tĩnh mạch nếu sốc) là tiêu chuẩn để kiểm soát đường huyết nghiêm ngặt, ngưng thuốc viên."
noi-ap-xe-gan-case-13-5,noi,Áp xe gan,Tiêu hoá,"Bệnh nhân nam 55 tuổi, tiền sử đái tháo đường type 2 kiểm soát kém, vào viện vì sốt và mắt phải mờ dần trong 2 ngày nay. Khám: tỉnh, mạch 100 l/p, huyết áp 130/80 mmHg, nhiệt độ 39°C. Khám mắt phải có thị lực giảm mạnh, xung huyết kết mạc, mủ tiền phòng. Khám bụng mềm, gan không lớn nhưng ấn tức vùng khe liên sườn 8-9 đường nách giữa bên phải. Không ho, không khó thở. Chụp cắt lớp vi tính ổ bụng có tiêm thuốc cản quang phát hiện một ổ áp xe thùy phải gan kích thước 5 cm, thành vỏ mỏng, bên trong có vách và nhiều bóng khí.",Tiên lượng phục hồi thị lực của bệnh nhân này phụ thuộc nhiều nhất vào yếu tố nào?,Kích thước ổ áp xe gan đo được trên siêu âm.,Thời điểm bắt đầu điều trị kháng sinh chuyên biệt.,Sự xuất hiện của các bóng khí trong khối áp xe.,Tốc độ suy giảm HbA1c trong tháng đầu tiên.,,b,Viêm nội nhãn nội sinh tiến triển cực kỳ nhanh phá hủy cấu trúc mắt. Việc phát hiện sớm và tiêm kháng sinh/can thiệp nội nhãn kịp thời quyết định khả năng giữ lại thị lực cho người bệnh. Nguồn tham khảo: Harrison's Principles of Internal Medicine.
noi-ap-xe-gan-case-14-1,noi,Áp xe gan,Tiêu hoá,"Bệnh nhân nam 42 tuổi, tiền sử nghiện rượu, vào viện trong tình trạng khó thở dữ dội và đau ngực phải. Tiền sử có sốt nhẹ và đau tức hạ sườn phải 2 tuần nay nhưng không đi khám. Khám: vật vã, mạch 120 l/p, huyết áp 100/60 mmHg, nhịp thở 30 l/p, SpO₂ 88% khí quyển. Khám phổi phải gõ đục, rì rào phế nang mất hoàn toàn từ lồng ngực giữa trở xuống. Khám tim nhịp đều, mờ nhẹ. Siêu âm tại giường (POCUS) thấy khoang màng phổi phải có lượng lớn dịch hồi âm không đồng nhất, gan thùy phải sát cơ hoành có khối tổn thương hỗn hợp âm ranh giới không rõ, vòm hoành phải mất liên tục.",Biến chứng lâm sàng nào sau đây đã xảy ra trên bệnh nhân này?,Viêm phổi hoại tử gây tràn mủ màng phổi thứ phát.,Áp xe gan vỡ vào khoang màng ngoài tim.,Khối áp xe gan rò rỉ mủ vào nhu mô phổi.,Áp xe gan vỡ trực tiếp vào khoang màng phổi.,,d,"Siêu âm cho thấy khối áp xe sát vòm hoành, đường gián đoạn vòm hoành và dịch màng phổi lượng lớn có hồi âm (mủ). Đây là bằng chứng của biến chứng áp xe gan vỡ vào khoang màng phổi phải."
noi-ap-xe-gan-case-14-2,noi,Áp xe gan,Tiêu hoá,"Bệnh nhân nam 42 tuổi, tiền sử nghiện rượu, vào viện trong tình trạng khó thở dữ dội và đau ngực phải. Tiền sử có sốt nhẹ và đau tức hạ sườn phải 2 tuần nay nhưng không đi khám. Khám: vật vã, mạch 120 l/p, huyết áp 100/60 mmHg, nhịp thở 30 l/p, SpO₂ 88% khí quyển. Khám phổi phải gõ đục, rì rào phế nang mất hoàn toàn từ lồng ngực giữa trở xuống. Khám tim nhịp đều, mờ nhẹ. Siêu âm tại giường (POCUS) thấy khoang màng phổi phải có lượng lớn dịch hồi âm không đồng nhất, gan thùy phải sát cơ hoành có khối tổn thương hỗn hợp âm ranh giới không rõ, vòm hoành phải mất liên tục.",Đặc điểm đại thể của dịch chọc hút màng phổi nào sau đây gợi ý mạnh mẽ nhất đến nguồn gốc từ amip?,Dịch sệt màu sô-cô-la không có vi khuẩn mọc.,Dịch hồng cầu dính kèm nhiều bạch cầu ái toan.,"Dịch mủ màu vàng xanh, nhiều bạch cầu lympho.",Dịch đục mùi thối khẳn đặc trưng của yếm khí.,,a,"Dịch mủ do amip kinh điển có màu nâu đỏ giống mắm nêm (anchovy paste) hoặc màu sô-cô-la, bao gồm tế bào gan hoại tử và máu non. Dịch này thường vô khuẩn khi cấy vi khuẩn thông thường."
noi-ap-xe-gan-case-14-3,noi,Áp xe gan,Tiêu hoá,"Bệnh nhân nam 42 tuổi, tiền sử nghiện rượu, vào viện trong tình trạng khó thở dữ dội và đau ngực phải. Tiền sử có sốt nhẹ và đau tức hạ sườn phải 2 tuần nay nhưng không đi khám. Khám: vật vã, mạch 120 l/p, huyết áp 100/60 mmHg, nhịp thở 30 l/p, SpO₂ 88% khí quyển. Khám phổi phải gõ đục, rì rào phế nang mất hoàn toàn từ lồng ngực giữa trở xuống. Khám tim nhịp đều, mờ nhẹ. Siêu âm tại giường (POCUS) thấy khoang màng phổi phải có lượng lớn dịch hồi âm không đồng nhất, gan thùy phải sát cơ hoành có khối tổn thương hỗn hợp âm ranh giới không rõ, vòm hoành phải mất liên tục.",Cận lâm sàng nào có giá trị cao nhất giúp đánh giá mức độ lan rộng của tổn thương và lên kế hoạch can thiệp?,Chụp cắt lớp vi tính ngực bụng có tiêm cản quang.,Nội soi phế quản ống mềm đánh giá đường thở.,Chụp cộng hưởng từ gan mật không tiêm thuốc đối quang.,Chụp X-quang ngực thẳng tư thế đứng.,,a,"CT ngực bụng có thuốc cản quang cho phép đánh giá đồng thời toàn bộ nhu mô gan, kích thước lỗ vỡ, lượng dịch màng phổi, tình trạng màng phổi (dày, vách hóa) để quyết định phương pháp dẫn lưu."
noi-ap-xe-gan-case-14-4,noi,Áp xe gan,Tiêu hoá,"Bệnh nhân nam 42 tuổi, tiền sử nghiện rượu, vào viện trong tình trạng khó thở dữ dội và đau ngực phải. Tiền sử có sốt nhẹ và đau tức hạ sườn phải 2 tuần nay nhưng không đi khám. Khám: vật vã, mạch 120 l/p, huyết áp 100/60 mmHg, nhịp thở 30 l/p, SpO₂ 88% khí quyển. Khám phổi phải gõ đục, rì rào phế nang mất hoàn toàn từ lồng ngực giữa trở xuống. Khám tim nhịp đều, mờ nhẹ. Siêu âm tại giường (POCUS) thấy khoang màng phổi phải có lượng lớn dịch hồi âm không đồng nhất, gan thùy phải sát cơ hoành có khối tổn thương hỗn hợp âm ranh giới không rõ, vòm hoành phải mất liên tục.",Xử trí cấp cứu ưu tiên nhất ngay sau khi đảm bảo thông khí và huyết động là gì?,Tiêm truyền tĩnh mạch Amphotericin B liều cao.,Bơm rửa khoang màng phổi bằng povidone-iodine.,Mở ngực cấp cứu làm sạch khoang màng phổi.,Dẫn lưu khoang màng phổi bằng ống thông lớn.,,d,Áp xe vỡ vào màng phổi gây suy hô hấp cấp do chèn ép và nhiễm độc. Đặt ống dẫn lưu màng phổi (ống lớn) cấp cứu là bắt buộc để giải phóng nhu mô phổi và thoát mủ ra ngoài. Mở ngực (A) là quá mức can thiệp ban đầu.
noi-ap-xe-gan-case-14-5,noi,Áp xe gan,Tiêu hoá,"Bệnh nhân nam 42 tuổi, tiền sử nghiện rượu, vào viện trong tình trạng khó thở dữ dội và đau ngực phải. Tiền sử có sốt nhẹ và đau tức hạ sườn phải 2 tuần nay nhưng không đi khám. Khám: vật vã, mạch 120 l/p, huyết áp 100/60 mmHg, nhịp thở 30 l/p, SpO₂ 88% khí quyển. Khám phổi phải gõ đục, rì rào phế nang mất hoàn toàn từ lồng ngực giữa trở xuống. Khám tim nhịp đều, mờ nhẹ. Siêu âm tại giường (POCUS) thấy khoang màng phổi phải có lượng lớn dịch hồi âm không đồng nhất, gan thùy phải sát cơ hoành có khối tổn thương hỗn hợp âm ranh giới không rõ, vòm hoành phải mất liên tục.","Bệnh nhân được dẫn lưu màng phổi ra 1500 ml dịch sô-cô-la. Sau 5 ngày dùng Metronidazole, sản lượng dịch dẫn lưu vẫn > 300 ml/ngày và có màu đục hôi, bệnh nhân sốt lại. Nguyên nhân thất bại điều trị khả dĩ nhất là gì?",Nhiễm trùng thứ phát do vi khuẩn xâm nhập ống dẫn lưu.,Hình thành đường rò từ tĩnh mạch cửa vào màng phổi.,Khối áp xe chèn ép cấp tính vào tâm nhĩ phải.,Đột biến kháng thuốc Metronidazole nguyên phát. https://onedrive.live.com/personal/2672550e42ddc7d4/_layouts/15/D,,a,"Đổi màu dịch từ sô-cô-la sang đục hôi kèm sốt lại sau nhiều ngày đặt ống dẫn lưu gợi ý tình trạng bội nhiễm vi khuẩn bệnh viện (nhiễm trùng thứ phát) qua hệ thống ống dẫn lưu màng phổi hở. c.aspx?sourcedoc={186352b6-90cf-40c9-ba19-ae84e248ef20}&action=vie… 8/12 Nguồn tham khảo: Bệnh học Nội khoa, Bộ môn Nội ĐHY Hà Nội."
noi-ap-xe-gan-case-15-1,noi,Áp xe gan,Tiêu hoá,"Bệnh nhân nữ 30 tuổi, nhân viên văn phòng, vào viện vì đau vùng thượng vị và mệt mỏi kéo dài 1 tháng. Bệnh nhân có thói quen ăn rau ngổ và rau cần sống. Khám: da niêm mạc hồng nhạt, mạch 85 l/p, huyết áp 110/70 mmHg, không sốt. Khám bụng thấy ấn tức vùng thượng vị, gan không lớn. Xét nghiệm: Bạch cầu 10 G/L, trong đó bạch cầu ái toan chiếm 35%. Siêu âm ổ bụng thấy gan trái có các vùng tổn thương giảm âm tập trung thành đám dạng chuỗi hạt kích thước 2-3 cm.",Định hướng nguyên nhân gây bệnh hợp lý nhất trên bệnh nhân này là gì?,Nhiễm giun đũa chó mèo Toxocara canis.,Viêm gan cấp tính do Entamoeba coli.,Nhiễm ký sinh trùng sán lá gan lớn.,Nhiễm ký sinh trùng sán lá gan nhỏ.,,c,"Ăn rau thủy sinh (rau ngổ, rau cần), tăng bạch cầu ái toan cao, tổn thương gan dạng chuỗi hạt/đường hầm là đặc trưng của nhiễm sán lá gan lớn (Fasciola hepatica/gigantica)."
noi-ap-xe-gan-case-15-2,noi,Áp xe gan,Tiêu hoá,"Bệnh nhân nữ 30 tuổi, nhân viên văn phòng, vào viện vì đau vùng thượng vị và mệt mỏi kéo dài 1 tháng. Bệnh nhân có thói quen ăn rau ngổ và rau cần sống. Khám: da niêm mạc hồng nhạt, mạch 85 l/p, huyết áp 110/70 mmHg, không sốt. Khám bụng thấy ấn tức vùng thượng vị, gan không lớn. Xét nghiệm: Bạch cầu 10 G/L, trong đó bạch cầu ái toan chiếm 35%. Siêu âm ổ bụng thấy gan trái có các vùng tổn thương giảm âm tập trung thành đám dạng chuỗi hạt kích thước 2-3 cm.",Giai đoạn sinh lý bệnh nào tương ứng với hình ảnh tổn thương đa ổ dạng chuỗi hạt trên siêu âm ổ bụng?,Ký sinh trùng tạo nang đóng kén tại tĩnh mạch gan.,Tắc nghẽn ống mật chủ do xác giun sán.,Giai đoạn trưởng thành đẻ trứng trong đường mật.,Ấu trùng đang di chuyển xuyên qua nhu mô gan.,,d,Hình ảnh chuỗi hạt/ống nhỏ giảm âm trên siêu âm phản ánh con đường ấu trùng sán đang đào hầm di chuyển xuyên qua bao gan và nhu mô gan để đi tới ống mật.
noi-ap-xe-gan-case-15-3,noi,Áp xe gan,Tiêu hoá,"Bệnh nhân nữ 30 tuổi, nhân viên văn phòng, vào viện vì đau vùng thượng vị và mệt mỏi kéo dài 1 tháng. Bệnh nhân có thói quen ăn rau ngổ và rau cần sống. Khám: da niêm mạc hồng nhạt, mạch 85 l/p, huyết áp 110/70 mmHg, không sốt. Khám bụng thấy ấn tức vùng thượng vị, gan không lớn. Xét nghiệm: Bạch cầu 10 G/L, trong đó bạch cầu ái toan chiếm 35%. Siêu âm ổ bụng thấy gan trái có các vùng tổn thương giảm âm tập trung thành đám dạng chuỗi hạt kích thước 2-3 cm.",Xét nghiệm đặc hiệu nhất để khẳng định chẩn đoán ở giai đoạn hiện tại là gì?,Định lượng nồng độ IgE toàn phần trong huyết thanh.,Tìm trứng sán trong phân bằng phương pháp tập trung.,Huyết thanh miễn dịch ELISA tìm kháng thể sán lá gan lớn.,Cấy dịch hút tá tràng phân lập ký sinh trùng.,,c,"Ở giai đoạn sán di chuyển trong nhu mô (giai đoạn cấp tính), sán chưa đẻ trứng nên xét nghiệm phân thường âm tính. ELISA phát hiện kháng thể có độ nhạy rất cao và là tiêu chuẩn chẩn đoán lúc này."
noi-ap-xe-gan-case-15-4,noi,Áp xe gan,Tiêu hoá,"Bệnh nhân nữ 30 tuổi, nhân viên văn phòng, vào viện vì đau vùng thượng vị và mệt mỏi kéo dài 1 tháng. Bệnh nhân có thói quen ăn rau ngổ và rau cần sống. Khám: da niêm mạc hồng nhạt, mạch 85 l/p, huyết áp 110/70 mmHg, không sốt. Khám bụng thấy ấn tức vùng thượng vị, gan không lớn. Xét nghiệm: Bạch cầu 10 G/L, trong đó bạch cầu ái toan chiếm 35%. Siêu âm ổ bụng thấy gan trái có các vùng tổn thương giảm âm tập trung thành đám dạng chuỗi hạt kích thước 2-3 cm.",Lựa chọn thuốc điều trị đặc hiệu tối ưu nhất cho bệnh lý này là gì?,Metronidazole truyền tĩnh mạch liên tục.,Triclabendazole liều uống duy nhất.,Albendazole uống kéo dài trong 28 ngày.,Praziquantel chia làm nhiều lần trong ngày.,,b,Triclabendazole là thuốc đặc trị duy nhất được Tổ chức Y tế Thế giới (WHO) khuyến cáo cho bệnh sán lá gan lớn. Praziquantel không có tác dụng với sán lá gan lớn (dù có tác dụng với sán lá gan nhỏ).
noi-ap-xe-gan-case-15-5,noi,Áp xe gan,Tiêu hoá,"Bệnh nhân nữ 30 tuổi, nhân viên văn phòng, vào viện vì đau vùng thượng vị và mệt mỏi kéo dài 1 tháng. Bệnh nhân có thói quen ăn rau ngổ và rau cần sống. Khám: da niêm mạc hồng nhạt, mạch 85 l/p, huyết áp 110/70 mmHg, không sốt. Khám bụng thấy ấn tức vùng thượng vị, gan không lớn. Xét nghiệm: Bạch cầu 10 G/L, trong đó bạch cầu ái toan chiếm 35%. Siêu âm ổ bụng thấy gan trái có các vùng tổn thương giảm âm tập trung thành đám dạng chuỗi hạt kích thước 2-3 cm.","Các biện pháp dự phòng sau đây đều có hiệu quả bảo vệ cá nhân khỏi bệnh lý này, TRỪ biện pháp nào?",Tránh ăn gỏi cá nước ngọt chưa được nấu chín.,Tránh ăn các loại rau thủy sinh chưa nấu chín.,Rửa sạch tay bằng xà phòng trước khi ăn uống.,Không uống nước lã từ ao hồ chưa qua xử lý.,,a,"Sán lá gan lớn lây qua ấu trùng nang bám trên rau thủy sinh hoặc bơi trong nước. Việc ăn gỏi cá nước ngọt (đáp án C) là đường lây của sán lá gan nhỏ (Clonorchis/Opisthorchis), không phải sán lá gan lớn. Nguồn tham khảo: Phác đồ điều trị Bệnh Sán lá gan lớn, Bộ Y tế."
noi-ap-xe-gan-case-16-1,noi,Áp xe gan,Tiêu hoá,"Bệnh nhân nam 45 tuổi, nhập viện vì sốt cao 39.5°C kèm lạnh run từng cơn và đau tức nhẹ toàn bụng. Tiền sử cách đây 2 tuần có đau hố chậu phải tự uống thuốc kháng sinh thì hết đau. Khám: tỉnh, mạch 110 l/p, huyết áp 120/75 mmHg. Không vàng da. Khám bụng ấn đau tức vùng dưới sườn phải và quanh rốn, không có phản ứng thành bụng. Cận lâm sàng: Bạch cầu 18 G/L (trung tính 85%), CRP 120 mg/L. Chụp CT scan ổ bụng cản quang cho thấy huyết khối bám một phần thành tĩnh mạch mạc treo tràng trên lan lên tĩnh mạch cửa nhánh phải, kèm theo nhiều nốt giảm tỷ trọng nhỏ rải rác ở thùy gan phải.",Bệnh cảnh lâm sàng của bệnh nhân phù hợp nhất với chẩn đoán nào sau đây?,Nhồi máu ruột non cấp tính do huyết khối động mạch.,Áp xe ruột thừa vỡ trực tiếp vào ổ phúc mạc.,Viêm tĩnh mạch cửa nhiễm khuẩn do ổ viêm ruột.,Viêm gan cấp tính thể teo gan vàng hoại tử.,,c,Hình ảnh huyết khối ở tĩnh mạch mạc treo lan lên tĩnh mạch cửa ở bệnh nhân có tiền sử nghi ngờ viêm ruột thừa là biểu hiện điển hình của viêm tĩnh mạch cửa nhiễm khuẩn (Pylephlebitis) biến chứng áp xe gan đa ổ.
noi-ap-xe-gan-case-16-2,noi,Áp xe gan,Tiêu hoá,"Bệnh nhân nam 45 tuổi, nhập viện vì sốt cao 39.5°C kèm lạnh run từng cơn và đau tức nhẹ toàn bụng. Tiền sử cách đây 2 tuần có đau hố chậu phải tự uống thuốc kháng sinh thì hết đau. Khám: tỉnh, mạch 110 l/p, huyết áp 120/75 mmHg. Không vàng da. Khám bụng ấn đau tức vùng dưới sườn phải và quanh rốn, không có phản ứng thành bụng. Cận lâm sàng: Bạch cầu 18 G/L (trung tính 85%), CRP 120 mg/L. Chụp CT scan ổ bụng cản quang cho thấy huyết khối bám một phần thành tĩnh mạch mạc treo tràng trên lan lên tĩnh mạch cửa nhánh phải, kèm theo nhiều nốt giảm tỷ trọng nhỏ rải rác ở thùy gan phải.",Cơ chế sinh bệnh học chính đưa vi khuẩn tạo thành các nốt ở gan trong trường hợp này là gì?,Lan truyền vi khuẩn theo tĩnh mạch mạc treo vào tĩnh mạch cửa.,Vi khuẩn xuyên thành ruột vào trực tiếp khoang phúc mạc.,Vi khuẩn di chuyển theo đường bạch huyết mạc treo.,Vi khuẩn lội ngược dòng từ tá tràng qua ống mật chủ.,,a,"Nhiễm trùng từ một ổ trong hệ tiêu hóa (như viêm ruột thừa, viêm túi thừa) gây viêm tắc tĩnh mạch dẫn lưu vùng đó. Vi khuẩn bong ra theo dòng tĩnh mạch mạc treo đi thẳng lên tĩnh mạch cửa vào gan gây áp xe."
noi-ap-xe-gan-case-16-3,noi,Áp xe gan,Tiêu hoá,"Bệnh nhân nam 45 tuổi, nhập viện vì sốt cao 39.5°C kèm lạnh run từng cơn và đau tức nhẹ toàn bụng. Tiền sử cách đây 2 tuần có đau hố chậu phải tự uống thuốc kháng sinh thì hết đau. Khám: tỉnh, mạch 110 l/p, huyết áp 120/75 mmHg. Không vàng da. Khám bụng ấn đau tức vùng dưới sườn phải và quanh rốn, không có phản ứng thành bụng. Cận lâm sàng: Bạch cầu 18 G/L (trung tính 85%), CRP 120 mg/L. Chụp CT scan ổ bụng cản quang cho thấy huyết khối bám một phần thành tĩnh mạch mạc treo tràng trên lan lên tĩnh mạch cửa nhánh phải, kèm theo nhiều nốt giảm tỷ trọng nhỏ rải rác ở thùy gan phải.",Cấy máu trên bệnh nhân này có khả năng cao nhất phân lập được nhóm vi khuẩn nào?,Streptococcus pneumoniae và Haemophilus influenzae.,Pseudomonas aeruginosa và Acinetobacter baumannii.,Staphylococcus aureus và Staphylococcus epidermidis.,Vi khuẩn Gram âm đường ruột và vi khuẩn yếm khí.,,d,"Nguyên nhân gây viêm tĩnh mạch cửa nhiễm khuẩn thường là hệ vi khuẩn chí ở ruột non/già, chủ yếu là sự kết hợp của vi khuẩn Gram âm ruột (E. coli) và vi khuẩn yếm khí (Bacteroides fragilis)."
noi-ap-xe-gan-case-16-4,noi,Áp xe gan,Tiêu hoá,"Bệnh nhân nam 45 tuổi, nhập viện vì sốt cao 39.5°C kèm lạnh run từng cơn và đau tức nhẹ toàn bụng. Tiền sử cách đây 2 tuần có đau hố chậu phải tự uống thuốc kháng sinh thì hết đau. Khám: tỉnh, mạch 110 l/p, huyết áp 120/75 mmHg. Không vàng da. Khám bụng ấn đau tức vùng dưới sườn phải và quanh rốn, không có phản ứng thành bụng. Cận lâm sàng: Bạch cầu 18 G/L (trung tính 85%), CRP 120 mg/L. Chụp CT scan ổ bụng cản quang cho thấy huyết khối bám một phần thành tĩnh mạch mạc treo tràng trên lan lên tĩnh mạch cửa nhánh phải, kèm theo nhiều nốt giảm tỷ trọng nhỏ rải rác ở thùy gan phải.","Bên cạnh kháng sinh kéo dài và kiểm soát ổ nhiễm nguyên phát, biện pháp nào có thể được cân nhắc khi huyết khối tĩnh mạch cửa lan rộng hoặc kéo dài?",Phẫu thuật cắt toàn bộ đại tràng ngay ở mọi trường hợp.,Lọc máu liên tục để loại bỏ huyết khối nhiễm khuẩn.,Điều trị chống đông sau khi đánh giá nguy cơ chảy máu của từng bệnh nhân.,Chọc hút từng nốt áp xe gan nhỏ dưới hướng dẫn siêu âm.,,c,"Kháng sinh và kiểm soát ổ nhiễm là nền tảng của pylephlebitis. Chống đông không bắt buộc cho mọi bệnh nhân nhưng có thể được cân nhắc khi huyết khối tiến triển, lan rộng, sốt dai dẳng hoặc có tình trạng tăng đông, sau khi đánh giá nguy cơ chảy máu."
noi-ap-xe-gan-case-16-5,noi,Áp xe gan,Tiêu hoá,"Bệnh nhân nam 45 tuổi, nhập viện vì sốt cao 39.5°C kèm lạnh run từng cơn và đau tức nhẹ toàn bụng. Tiền sử cách đây 2 tuần có đau hố chậu phải tự uống thuốc kháng sinh thì hết đau. Khám: tỉnh, mạch 110 l/p, huyết áp 120/75 mmHg. Không vàng da. Khám bụng ấn đau tức vùng dưới sườn phải và quanh rốn, không có phản ứng thành bụng. Cận lâm sàng: Bạch cầu 18 G/L (trung tính 85%), CRP 120 mg/L. Chụp CT scan ổ bụng cản quang cho thấy huyết khối bám một phần thành tĩnh mạch mạc treo tràng trên lan lên tĩnh mạch cửa nhánh phải, kèm theo nhiều nốt giảm tỷ trọng nhỏ rải rác ở thùy gan phải.","Nếu không được chẩn đoán và điều trị giải quyết triệt để, biến chứng mạn tính nguy hiểm nhất bệnh nhân có thể gặp phải là gì?",Tăng áp lực tĩnh mạch cửa trước xoang do xơ hóa.,Suy tim phải mạn tính do tăng áp phổi.,Xơ gan ứ mật nguyên phát tiến triển.,Ung thư biểu mô đường mật trong gan.,,a,"Huyết khối tĩnh mạch cửa do nhiễm trùng nếu không tan hoàn toàn sẽ dẫn tới tổ chức hóa, xơ hóa tĩnh mạch cửa (cavernous transformation), gây hội chứng tăng áp lực tĩnh mạch cửa mạn tính (trước xoang) với biến chứng xuất huyết tiêu hóa."
noi-ap-xe-gan-case-17-1,noi,Áp xe gan,Tiêu hoá,"Bệnh nhân nam 50 tuổi, tiền sử viêm loét đại tràng mạn tính, nhập viện vì sốt 38.5°C, đau tức hạ sườn phải lan lên vai phải ngày thứ 5. Khám: mạch 95 l/p, huyết áp 130/80 mmHg. Siêu âm ổ bụng ghi nhận một khối áp xe gan thùy phải, ranh giới khá rõ, kích thước 8x9 cm, vị trí nằm sát bao gan mặt hoành phải. Huyết thanh chẩn đoán amip dương tính. Bệnh nhân https://onedrive.live.com/personal/2672550e42ddc7d4/_layouts/15/D được chỉ định dùng Metronidazole truyền tĩnh mạch nhưng bác sĩ cân nhắc cần can thiệp ngoại khoa mổ rạch hoặc chọc hút.",Dấu hiệu nào trên bệnh nhân này là chỉ định quan trọng nhất đòi hỏi phải chọc hút dẫn lưu khối áp xe gan thay vì chỉ dùng thuốc đơn thuần?,Tiền sử mắc bệnh viêm loét đại tràng mạn tính.,Thể trạng bệnh nhân sốt cao liên tục không giảm.,Xét nghiệm huyết thanh chẩn đoán amip dương tính.,Kích thước khối áp xe lớn 8x9 cm nằm sát bao gan.,,d,"Chỉ định dẫn lưu áp xe gan amip (vốn đáp ứng rất tốt với nội khoa) bao gồm: kích thước lớn (> 5-10 cm tùy guideline), vị trí dọa vỡ (sát bao gan, sát cơ hoành, ở thùy trái dọa vỡ màng ngoài tim), hoặc không đáp ứng nội khoa sau 3-5 ngày."
noi-ap-xe-gan-case-17-2,noi,Áp xe gan,Tiêu hoá,"Bệnh nhân nam 50 tuổi, tiền sử viêm loét đại tràng mạn tính, nhập viện vì sốt 38.5°C, đau tức hạ sườn phải lan lên vai phải ngày thứ 5. Khám: mạch 95 l/p, huyết áp 130/80 mmHg. Siêu âm ổ bụng ghi nhận một khối áp xe gan thùy phải, ranh giới khá rõ, kích thước 8x9 cm, vị trí nằm sát bao gan mặt hoành phải. Huyết thanh chẩn đoán amip dương tính. Bệnh nhân https://onedrive.live.com/personal/2672550e42ddc7d4/_layouts/15/D được chỉ định dùng Metronidazole truyền tĩnh mạch nhưng bác sĩ cân nhắc cần can thiệp ngoại khoa mổ rạch hoặc chọc hút.",Cảm giác đau hạ sườn phải lan lên vai phải của bệnh nhân được giải thích bởi cơ chế giải phẫu sinh lý nào?,Giãn căng bao gan Glisson kích thích thần kinh giao cảm.,Chèn ép trực tiếp khối mủ vào đám rối thần kinh tạng.,Kích thích nhánh cảm giác của thần kinh hoành bên phải.,Tổn thương lan rộng ra các nhánh thần kinh gian sườn thấp.,,c,"Mặt hoành của gan và phần giữa cơ hoành được chi phối cảm giác bởi thần kinh hoành (C3-C5). Khi khối áp xe viêm sát cơ hoành phải, cơn đau được quy chiếu dọc thần kinh hoành lên vùng vai phải cùng mút rễ thần kinh."
noi-ap-xe-gan-case-17-3,noi,Áp xe gan,Tiêu hoá,"Bệnh nhân nam 50 tuổi, tiền sử viêm loét đại tràng mạn tính, nhập viện vì sốt 38.5°C, đau tức hạ sườn phải lan lên vai phải ngày thứ 5. Khám: mạch 95 l/p, huyết áp 130/80 mmHg. Siêu âm ổ bụng ghi nhận một khối áp xe gan thùy phải, ranh giới khá rõ, kích thước 8x9 cm, vị trí nằm sát bao gan mặt hoành phải. Huyết thanh chẩn đoán amip dương tính. Bệnh nhân https://onedrive.live.com/personal/2672550e42ddc7d4/_layouts/15/D được chỉ định dùng Metronidazole truyền tĩnh mạch nhưng bác sĩ cân nhắc cần can thiệp ngoại khoa mổ rạch hoặc chọc hút.",Bệnh nhân được tiến hành chọc hút ổ áp xe. Hình thái vi sinh vật nào của amip ít có khả năng tìm thấy nhất trong dịch mủ trung tâm ổ áp xe?,Thể kén bào nang không hoạt động.,Thể tư dưỡng ăn hồng cầu hoạt động.,Bạch cầu đa nhân trung tính thoái hóa.,Mảnh vụn tế bào gan nhu mô hoại tử.,,a,"Entamoeba histolytica xâm nhập mô và gây bệnh dưới dạng thể tư dưỡng (trophozoite). Thể kén (cyst) chỉ được hình thành trong lòng ruột già để lây nhiễm ra môi trường, không bao giờ xuất hiện ở mô gan."
noi-ap-xe-gan-case-17-4,noi,Áp xe gan,Tiêu hoá,"Bệnh nhân nam 50 tuổi, tiền sử viêm loét đại tràng mạn tính, nhập viện vì sốt 38.5°C, đau tức hạ sườn phải lan lên vai phải ngày thứ 5. Khám: mạch 95 l/p, huyết áp 130/80 mmHg. Siêu âm ổ bụng ghi nhận một khối áp xe gan thùy phải, ranh giới khá rõ, kích thước 8x9 cm, vị trí nằm sát bao gan mặt hoành phải. Huyết thanh chẩn đoán amip dương tính. Bệnh nhân https://onedrive.live.com/personal/2672550e42ddc7d4/_layouts/15/D được chỉ định dùng Metronidazole truyền tĩnh mạch nhưng bác sĩ cân nhắc cần can thiệp ngoại khoa mổ rạch hoặc chọc hút.","Sau 10 ngày dùng Metronidazole, bệnh nhân hết sốt, ổ áp xe thu nhỏ lại. Bước quản lý điều trị bắt buộc tiếp theo là gì?",Kéo dài truyền tĩnh mạch Metronidazole thêm 14 ngày.,Sử dụng Corticosteroid toàn thân để chống xơ hóa gan.,Sử dụng Paromomycin đường uống để diệt amip lòng ruột.,Phẫu thuật nội soi cắt bỏ phần gan chứa ổ áp xe cũ.,,c,Metronidazole diệt amip trong mô gan nhưng không diệt sạch amip sống cộng sinh trong lòng đại tràng. Cần dùng thuốc diệt amip tiếp xúc (như Paromomycin hoặc Diloxanide furoate) uống sau đó để tránh tái phát.
noi-ap-xe-gan-case-17-5,noi,Áp xe gan,Tiêu hoá,"Bệnh nhân nam 50 tuổi, tiền sử viêm loét đại tràng mạn tính, nhập viện vì sốt 38.5°C, đau tức hạ sườn phải lan lên vai phải ngày thứ 5. Khám: mạch 95 l/p, huyết áp 130/80 mmHg. Siêu âm ổ bụng ghi nhận một khối áp xe gan thùy phải, ranh giới khá rõ, kích thước 8x9 cm, vị trí nằm sát bao gan mặt hoành phải. Huyết thanh chẩn đoán amip dương tính. Bệnh nhân https://onedrive.live.com/personal/2672550e42ddc7d4/_layouts/15/D được chỉ định dùng Metronidazole truyền tĩnh mạch nhưng bác sĩ cân nhắc cần can thiệp ngoại khoa mổ rạch hoặc chọc hút.","Hai tháng sau, bệnh nhân đi khám lại thấy siêu âm vẫn còn hốc trống âm 3 cm tại vị trí cũ, không sốt, không đau. Thái độ xử trí tiếp theo phù hợp nhất là gì?",Bắt đầu phác đồ kháng sinh diệt khuẩn phổ rộng mới.,Chọc hút lại ổ tổn thương để làm xét nghiệm sinh hóa.,Trấn an bệnh nhân và tiếp tục theo dõi định kỳ.,Sinh thiết thành nang dưới siêu âm loại trừ khối u ác tính.,,c,"Các ổ áp xe gan amip sau khi điều trị khỏi về mặt lâm sàng cần thời gian rất dài (có thể lên tới 6-12 tháng) để nhu mô gan lấp đầy hốc trống. Nếu bệnh nhân hết triệu chứng lâm sàng, hốc trống âm là sẹo bình thường, chỉ cần theo dõi. Nguồn tham khảo: Bệnh học Nội khoa, Bộ môn Nội ĐHY Hà Nội."
noi-ap-xe-gan-case-18-1,noi,Áp xe gan,Tiêu hoá,"Bệnh nhân nam 60 tuổi, tiền sử phẫu thuật cắt túi mật nội soi do sỏi cách 2 năm, vào viện vì sốt cao 39°C, ớn lạnh và vàng da niêm mạc tăng dần ngày thứ 4. Khám: lơ mơ, mạch 110 l/p, huyết áp 95/60 mmHg. Khám bụng có gan to 4 cm dưới sườn, bờ tù, ấn đau. Xét nghiệm: Bạch cầu 20 G/L (trung tính 90%), Bilirubin toàn phần 110 μmol/L, Bilirubin trực tiếp 85 μmol/L, ALP 450 U/L, AST 80 U/L, ALT 75 U/L. Siêu âm thấy giãn nhẹ đường mật trong gan và nhiều ổ giảm âm rải rác thùy phải gan, kích thước 1-2 cm.",Yếu tố nào sau đây trên bệnh nhân này ủng hộ mạnh mẽ chẩn đoán áp xe gan do vi khuẩn hơn là do ký sinh trùng amip?,Bệnh nhân có biểu hiện sốt cao rét run từng cơn liên tục.,Có tình trạng gan to dưới bờ sườn với bờ tù ấn đau.,Mức độ tăng enzyme AST và ALT trong huyết thanh.,Tổn thương áp xe dạng đa ổ nhỏ kèm giãn đường mật.,,d,"Áp xe gan do vi khuẩn (đặc biệt nguồn gốc đường mật) thường ở người lớn tuổi, có bệnh lý mật tụy trước đó, lâm sàng có vàng da rõ, siêu âm hình ảnh đa ổ. Áp xe do amip thường trẻ, một ổ lớn, hiếm khi vàng da."
noi-ap-xe-gan-case-18-2,noi,Áp xe gan,Tiêu hoá,"Bệnh nhân nam 60 tuổi, tiền sử phẫu thuật cắt túi mật nội soi do sỏi cách 2 năm, vào viện vì sốt cao 39°C, ớn lạnh và vàng da niêm mạc tăng dần ngày thứ 4. Khám: lơ mơ, mạch 110 l/p, huyết áp 95/60 mmHg. Khám bụng có gan to 4 cm dưới sườn, bờ tù, ấn đau. Xét nghiệm: Bạch cầu 20 G/L (trung tính 90%), Bilirubin toàn phần 110 μmol/L, Bilirubin trực tiếp 85 μmol/L, ALP 450 U/L, AST 80 U/L, ALT 75 U/L. Siêu âm thấy giãn nhẹ đường mật trong gan và nhiều ổ giảm âm rải rác thùy phải gan, kích thước 1-2 cm.",Mức độ tăng cao của enzyme Alkaline Phosphatase (ALP) và Bilirubin trực tiếp chủ yếu phản ánh tình trạng sinh lý bệnh nào?,Sự hoại tử màng tế bào gan trên diện rộng.,Tình trạng ứ mật do tắc nghẽn hệ thống đường mật.,Sự phá hủy hồng cầu nội mạch ngoại vi ồ ạt.,Suy giảm chức năng tổng hợp albumin của gan.,,b,"ALP (Phosphatase kiềm) nằm ở màng tiểu quản mật. Khi có tắc nghẽn hoặc ứ trệ đường mật, sự tổng hợp ALP tăng lên và giải phóng vào máu kèm theo Bilirubin trực tiếp tăng mạnh."
noi-ap-xe-gan-case-18-3,noi,Áp xe gan,Tiêu hoá,"Bệnh nhân nam 60 tuổi, tiền sử phẫu thuật cắt túi mật nội soi do sỏi cách 2 năm, vào viện vì sốt cao 39°C, ớn lạnh và vàng da niêm mạc tăng dần ngày thứ 4. Khám: lơ mơ, mạch 110 l/p, huyết áp 95/60 mmHg. Khám bụng có gan to 4 cm dưới sườn, bờ tù, ấn đau. Xét nghiệm: Bạch cầu 20 G/L (trung tính 90%), Bilirubin toàn phần 110 μmol/L, Bilirubin trực tiếp 85 μmol/L, ALP 450 U/L, AST 80 U/L, ALT 75 U/L. Siêu âm thấy giãn nhẹ đường mật trong gan và nhiều ổ giảm âm rải rác thùy phải gan, kích thước 1-2 cm.",Bệnh nhân nhiễm khuẩn huyết nặng có nguy cơ diễn tiến thành hội chứng suy hô hấp cấp tiến triển (ARDS). Mẫu khí máu động mạch nào sau đây cảnh báo sớm nguy cơ này?,"PaO₂ bình thường, PaCO₂ tăng, pH máu giảm.","PaO₂ giảm, PaCO₂ tăng, HCO₃⁻ máu tăng.","PaO₂ tăng, PaCO₂ giảm, pH máu bình thường.","PaO₂ giảm, PaCO₂ giảm, pH máu tăng.",,d,"Trong giai đoạn sớm của ARDS hoặc tổn thương phổi cấp do nhiễm khuẩn huyết, bệnh nhân có tăng thông khí bù trừ gây giảm PaCO₂ (toan hóa hô hấp đảo ngược/kiềm hô hấp: pH tăng) kèm theo giảm oxy máu (PaO₂ giảm)."
noi-ap-xe-gan-case-18-4,noi,Áp xe gan,Tiêu hoá,"Bệnh nhân nam 60 tuổi, tiền sử phẫu thuật cắt túi mật nội soi do sỏi cách 2 năm, vào viện vì sốt cao 39°C, ớn lạnh và vàng da niêm mạc tăng dần ngày thứ 4. Khám: lơ mơ, mạch 110 l/p, huyết áp 95/60 mmHg. Khám bụng có gan to 4 cm dưới sườn, bờ tù, ấn đau. Xét nghiệm: Bạch cầu 20 G/L (trung tính 90%), Bilirubin toàn phần 110 μmol/L, Bilirubin trực tiếp 85 μmol/L, ALP 450 U/L, AST 80 U/L, ALT 75 U/L. Siêu âm thấy giãn nhẹ đường mật trong gan và nhiều ổ giảm âm rải rác thùy phải gan, kích thước 1-2 cm.","Dựa trên tiền sử bệnh lý đường mật, phổ kháng sinh kinh nghiệm ban đầu cần bao phủ chắc chắn nhóm tác nhân nào sau đây?",Vi khuẩn Staphylococcus epidermidis đa kháng.,Vi khuẩn Gram âm đường ruột và Enterococcus.,Vi khuẩn Streptococcus anginosus đường miệng.,Nấm men Candida albicans nội sinh lan tỏa.,,b,"Vi khuẩn gây bệnh đường mật thường gặp nhất là E. coli, Klebsiella, và cầu khuẩn ruột Enterococcus. Kháng sinh điều trị cần có phổ diệt Gram âm ruột và Enterococcus (ví dụ Piperacillin- Tazobactam)."
noi-ap-xe-gan-case-18-5,noi,Áp xe gan,Tiêu hoá,"Bệnh nhân nam 60 tuổi, tiền sử phẫu thuật cắt túi mật nội soi do sỏi cách 2 năm, vào viện vì sốt cao 39°C, ớn lạnh và vàng da niêm mạc tăng dần ngày thứ 4. Khám: lơ mơ, mạch 110 l/p, huyết áp 95/60 mmHg. Khám bụng có gan to 4 cm dưới sườn, bờ tù, ấn đau. Xét nghiệm: Bạch cầu 20 G/L (trung tính 90%), Bilirubin toàn phần 110 μmol/L, Bilirubin trực tiếp 85 μmol/L, ALP 450 U/L, AST 80 U/L, ALT 75 U/L. Siêu âm thấy giãn nhẹ đường mật trong gan và nhiều ổ giảm âm rải rác thùy phải gan, kích thước 1-2 cm.","Vài ngày sau, bệnh nhân đột ngột khó thở nhiều, ho khạc lượng lớn đờm mủ sệt mùi thối. Nghe phổi phải có tiếng ran nổ và tiếng thổi hang. Biến chứng nào vừa xảy ra?",Nhồi máu phổi cấp do thuyên tắc mạch máu.,Viêm mủ khoang màng phổi bên phải toàn thể.,Vỡ áp xe gan vào khoang màng ngoài tim cấp.,Khối áp xe gan rò rỉ thẳng vào cây phế quản.,,d,"Bệnh nhân khạc mủ lượng lớn đột ngột kèm hội chứng hang ở phổi phải là dấu hiệu vỡ áp xe gan xuyên qua cơ hoành, chọc thủng màng phổi tạng thẳng vào đường dẫn khí (rò gan-phế quản/hepato-bronchial fistula). Nguồn tham khảo: Harrison's Principles of Internal Medicine."
noi-ap-xe-gan-case-19-1,noi,Áp xe gan,Tiêu hoá,"Bệnh nhân nữ 45 tuổi, tiền sử ung thư vú đang hóa trị chu kỳ 3 (số lượng bạch cầu hạt < 0.5 G/L kéo dài 7 ngày), vào viện vì sốt dai dẳng 38.5°C không đáp ứng với kháng sinh phổ rộng (Meropenem + Vancomycin tĩnh mạch) sau 5 ngày điều trị. Khám: tỉnh, mạch 100 l/p, huyết áp 110/70 mmHg, không đau bụng rõ rệt. Chụp cắt lớp vi tính bụng có tiêm cản quang phát hiện nhiều nốt tổn thương nhỏ tỷ trọng thấp < 1 cm rải rác khắp nhu mô hai thùy gan và lách, có hình ảnh ""mắt bò"" (bull's-eye). https://onedrive.live.com/personal/2672550e42ddc7d4/_layouts/15/D",Nguyên nhân gây bệnh lý áp xe gan vi thể đa ổ trên bệnh nhân này nghĩ nhiều nhất đến nhóm vi sinh vật nào?,Vi khuẩn yếm khí Gram âm.,Nấm men xâm lấn nội tạng.,Trực khuẩn lao đa kháng thuốc.,Ký sinh trùng sốt rét ác tính.,,b,"Ở bệnh nhân giảm bạch cầu hạt kéo dài, sốt dai dẳng không đáp ứng kháng sinh phổ rộng, tổn thương gan lách dạng vi nốt (<1cm) là biểu hiện kinh điển của bệnh nấm Candida lan tỏa mạn tính (Hepatosplenic candidiasis)."
noi-ap-xe-gan-case-19-2,noi,Áp xe gan,Tiêu hoá,"Bệnh nhân nữ 45 tuổi, tiền sử ung thư vú đang hóa trị chu kỳ 3 (số lượng bạch cầu hạt < 0.5 G/L kéo dài 7 ngày), vào viện vì sốt dai dẳng 38.5°C không đáp ứng với kháng sinh phổ rộng (Meropenem + Vancomycin tĩnh mạch) sau 5 ngày điều trị. Khám: tỉnh, mạch 100 l/p, huyết áp 110/70 mmHg, không đau bụng rõ rệt. Chụp cắt lớp vi tính bụng có tiêm cản quang phát hiện nhiều nốt tổn thương nhỏ tỷ trọng thấp < 1 cm rải rác khắp nhu mô hai thùy gan và lách, có hình ảnh ""mắt bò"" (bull's-eye). https://onedrive.live.com/personal/2672550e42ddc7d4/_layouts/15/D","Hình ảnh ""mắt bò"" trên phim cắt lớp vi tính tương ứng với cấu trúc tổn thương mô bệnh học nào sau đây?",Nang ký sinh trùng có cấu trúc đầu sán cuộn bên trong.,Trung tâm hoại tử được viền bởi nấm và mô hạt sợi.,Khối u di căn bị hoại tử chảy máu trung tâm khối u.,Cục máu đông do tắc nghẽn mạch máu nuôi nhu mô gan.,,b,"Dấu hiệu ""mắt bò"" trên CT và siêu âm của nấm gan lách biểu hiện vùng hoại tử trung tâm (chứa nấm) được bao quanh bởi một vòng mô hạt viêm tăng sinh và vòng xơ viền bên ngoài."
noi-ap-xe-gan-case-19-3,noi,Áp xe gan,Tiêu hoá,"Bệnh nhân nữ 45 tuổi, tiền sử ung thư vú đang hóa trị chu kỳ 3 (số lượng bạch cầu hạt < 0.5 G/L kéo dài 7 ngày), vào viện vì sốt dai dẳng 38.5°C không đáp ứng với kháng sinh phổ rộng (Meropenem + Vancomycin tĩnh mạch) sau 5 ngày điều trị. Khám: tỉnh, mạch 100 l/p, huyết áp 110/70 mmHg, không đau bụng rõ rệt. Chụp cắt lớp vi tính bụng có tiêm cản quang phát hiện nhiều nốt tổn thương nhỏ tỷ trọng thấp < 1 cm rải rác khắp nhu mô hai thùy gan và lách, có hình ảnh ""mắt bò"" (bull's-eye). https://onedrive.live.com/personal/2672550e42ddc7d4/_layouts/15/D",Thăm dò không xâm lấn nào sau đây giúp củng cố chẩn đoán nguyên nhân do nấm xâm lấn nội tạng?,Kỹ thuật PCR khuếch đại DNA của virus Cytomegalovirus.,Định lượng nồng độ chất chỉ điểm khối u Alpha-fetoprotein.,Xét nghiệm kháng thể kháng nhân ANA và anti-dsDNA.,"Xét nghiệm kháng nguyên 1,3-beta-D-glucan trong huyết thanh.",,d,"Xét nghiệm sinh học phân tử Beta-D-glucan là thành phần vách tế bào nấm, là biomarker hữu ích có độ nhạy cao để chẩn đoán sớm nhiễm nấm xâm lấn (Candida, Aspergillus) trong máu."
noi-ap-xe-gan-case-19-4,noi,Áp xe gan,Tiêu hoá,"Bệnh nhân nữ 45 tuổi, tiền sử ung thư vú đang hóa trị chu kỳ 3 (số lượng bạch cầu hạt < 0.5 G/L kéo dài 7 ngày), vào viện vì sốt dai dẳng 38.5°C không đáp ứng với kháng sinh phổ rộng (Meropenem + Vancomycin tĩnh mạch) sau 5 ngày điều trị. Khám: tỉnh, mạch 100 l/p, huyết áp 110/70 mmHg, không đau bụng rõ rệt. Chụp cắt lớp vi tính bụng có tiêm cản quang phát hiện nhiều nốt tổn thương nhỏ tỷ trọng thấp < 1 cm rải rác khắp nhu mô hai thùy gan và lách, có hình ảnh ""mắt bò"" (bull's-eye). https://onedrive.live.com/personal/2672550e42ddc7d4/_layouts/15/D",Thuốc kháng nấm nào sau đây là lựa chọn kinh nghiệm tĩnh mạch ưu tiên cho bệnh cảnh nghi ngờ nhiễm Candida gan lách lan tỏa?,Thuốc kháng nấm Griseofulvin đường uống chia liều.,Thuốc kháng nấm Nystatin đường uống tại chỗ.,Thuốc kháng nấm Itraconazole đường uống liều cao.,Thuốc kháng nấm Echinocandin đường tĩnh mạch.,,d,"Trong nhiễm nấm Candida xâm lấn đe dọa tính mạng (đặc biệt nghi ngờ chủng kháng Fluconazole như C. glabrata, C. krusei), nhóm Echinocandin (Caspofungin, Micafungin) tĩnh mạch là lựa chọn ưu tiên theo guideline IDSA."
noi-ap-xe-gan-case-19-5,noi,Áp xe gan,Tiêu hoá,"Bệnh nhân nữ 45 tuổi, tiền sử ung thư vú đang hóa trị chu kỳ 3 (số lượng bạch cầu hạt < 0.5 G/L kéo dài 7 ngày), vào viện vì sốt dai dẳng 38.5°C không đáp ứng với kháng sinh phổ rộng (Meropenem + Vancomycin tĩnh mạch) sau 5 ngày điều trị. Khám: tỉnh, mạch 100 l/p, huyết áp 110/70 mmHg, không đau bụng rõ rệt. Chụp cắt lớp vi tính bụng có tiêm cản quang phát hiện nhiều nốt tổn thương nhỏ tỷ trọng thấp < 1 cm rải rác khắp nhu mô hai thùy gan và lách, có hình ảnh ""mắt bò"" (bull's-eye). https://onedrive.live.com/personal/2672550e42ddc7d4/_layouts/15/D","Khi số lượng bạch cầu hạt của bệnh nhân phục hồi về bình thường, tổn thương gan lách to lên và sốt cao hơn. Hiện tượng này được gọi là gì?",Nhiễm trùng thứ phát do vi khuẩn Gram dương.,Tiến triển di căn đa ổ ồ ạt của ung thư vú.,Hội chứng phục hồi miễn dịch viêm quá mức.,Tình trạng kháng thuốc kháng nấm thứ phát.,,c,"Hội chứng viêm phục hồi miễn dịch (IRIS) xảy ra khi tủy xương phục hồi sau hóa trị, bạch cầu tăng lên đột ngột phản ứng mãnh liệt với kháng nguyên nấm có sẵn ở gan lách, làm tổn thương viêm bùng lên giả tạo dù nấm đang bị tiêu diệt. Nguồn tham khảo: Infectious Diseases Society of America (IDSA) Guidelines for the Management of Candidiasis."
noi-ap-xe-gan-case-20-1,noi,Áp xe gan,Tiêu hoá,"Bệnh nhân nam 28 tuổi, không bệnh lý nền, vào viện vì sốt 39.5°C và đau tức hạ sườn phải 1 tuần. Khám: mạch 90 l/p, huyết áp 120/80 mmHg, ấn đau vùng hạ sườn phải. Siêu âm ổ bụng phát hiện khối áp xe đơn độc 6 cm ở thùy gan phải. Xét nghiệm huyết thanh kháng thể amip dương tính. Bệnh nhân được điều trị Metronidazole đường truyền tĩnh mạch với chẩn đoán áp xe gan do amip. Sau 5 ngày điều trị liên tục, bệnh nhân vẫn sốt 39°C, đau tức hạ sườn phải không giảm, kích thước áp xe trên siêu âm kiểm tra tăng lên 8.5 cm, dọa vỡ.","Đánh giá diễn biến lâm sàng hiện tại của bệnh nhân, kết luận nào sau đây là phù hợp nhất?",Bệnh nhân đang đáp ứng thuốc chậm nhưng bình thường.,Bệnh nhân đã thất bại với điều trị nội khoa đơn thuần.,Bệnh nhân xuất hiện phản ứng dị ứng với Metronidazole.,Bệnh nhân có biến chứng vỡ áp xe vào trong ổ bụng.,,b,"Áp xe gan amip thường đáp ứng lâm sàng rất tốt (hết sốt, giảm đau) sau 72-96 giờ dùng Metronidazole. Bệnh nhân sốt cao kéo dài và khối áp xe tăng kích thước sau 5 ngày là tiêu chuẩn của thất bại điều trị nội khoa."
noi-ap-xe-gan-case-20-2,noi,Áp xe gan,Tiêu hoá,"Bệnh nhân nam 28 tuổi, không bệnh lý nền, vào viện vì sốt 39.5°C và đau tức hạ sườn phải 1 tuần. Khám: mạch 90 l/p, huyết áp 120/80 mmHg, ấn đau vùng hạ sườn phải. Siêu âm ổ bụng phát hiện khối áp xe đơn độc 6 cm ở thùy gan phải. Xét nghiệm huyết thanh kháng thể amip dương tính. Bệnh nhân được điều trị Metronidazole đường truyền tĩnh mạch với chẩn đoán áp xe gan do amip. Sau 5 ngày điều trị liên tục, bệnh nhân vẫn sốt 39°C, đau tức hạ sườn phải không giảm, kích thước áp xe trên siêu âm kiểm tra tăng lên 8.5 cm, dọa vỡ.",Yếu tố nào sau đây KHÔNG PHẢI là cơ sở sinh lý bệnh lý giải sự thất bại điều trị nội khoa của các khối áp xe gan kích thước lớn?,Quá trình hoạt hóa nhanh chóng của kháng sinh bởi men gan ngoại vi.,Mạch máu phân bố kém ở vùng trung tâm hoại tử của áp xe.,Áp lực bên trong ổ áp xe cao gây cản trở tưới máu thuốc vào mủ.,Nguy cơ đồng nhiễm trùng cao với vi khuẩn từ đường tiêu hóa.,,a,"Câu hỏi yêu cầu tìm yếu tố KHÔNG PHẢI. Men gan ngoại vi không hoạt hóa phá hủy kháng sinh nhanh chóng trong trường hợp này. Sự thất bại nội khoa thường do khối mủ lớn thiếu mạch máu nuôi làm thuốc không ngấm được (A, B) hoặc do đồng nhiễm vi khuẩn (D)."
noi-ap-xe-gan-case-20-3,noi,Áp xe gan,Tiêu hoá,"Bệnh nhân nam 28 tuổi, không bệnh lý nền, vào viện vì sốt 39.5°C và đau tức hạ sườn phải 1 tuần. Khám: mạch 90 l/p, huyết áp 120/80 mmHg, ấn đau vùng hạ sườn phải. Siêu âm ổ bụng phát hiện khối áp xe đơn độc 6 cm ở thùy gan phải. Xét nghiệm huyết thanh kháng thể amip dương tính. Bệnh nhân được điều trị Metronidazole đường truyền tĩnh mạch với chẩn đoán áp xe gan do amip. Sau 5 ngày điều trị liên tục, bệnh nhân vẫn sốt 39°C, đau tức hạ sườn phải không giảm, kích thước áp xe trên siêu âm kiểm tra tăng lên 8.5 cm, dọa vỡ.",Hành động can thiệp ưu tiên nhất ở thời điểm hiện tại để ngăn ngừa biến chứng nguy hiểm cho bệnh nhân này là gì?,Tăng liều lượng Metronidazole lên gấp đôi liều hiện tại.,Đổi sang dùng kháng sinh Carbapenem tĩnh mạch đơn độc.,Chọc hút dẫn lưu mủ dưới hướng dẫn của siêu âm.,Phẫu thuật mổ mở cắt thùy phải gan cấp cứu khẩn.,,c,"Khi điều trị nội khoa thất bại hoặc áp xe kích thước lớn dọa vỡ (>5-10cm), chọc hút dẫn lưu mủ qua da dưới hướng dẫn siêu âm là phương pháp ưu tiên để giải áp ổ mủ và lấy dịch làm xét nghiệm."
noi-ap-xe-gan-case-20-4,noi,Áp xe gan,Tiêu hoá,"Bệnh nhân nam 28 tuổi, không bệnh lý nền, vào viện vì sốt 39.5°C và đau tức hạ sườn phải 1 tuần. Khám: mạch 90 l/p, huyết áp 120/80 mmHg, ấn đau vùng hạ sườn phải. Siêu âm ổ bụng phát hiện khối áp xe đơn độc 6 cm ở thùy gan phải. Xét nghiệm huyết thanh kháng thể amip dương tính. Bệnh nhân được điều trị Metronidazole đường truyền tĩnh mạch với chẩn đoán áp xe gan do amip. Sau 5 ngày điều trị liên tục, bệnh nhân vẫn sốt 39°C, đau tức hạ sườn phải không giảm, kích thước áp xe trên siêu âm kiểm tra tăng lên 8.5 cm, dọa vỡ.",Mẫu dịch mủ chọc hút từ khối áp xe của bệnh nhân này cần được ưu tiên gửi đi làm xét nghiệm nào sau đây để tối ưu hóa điều trị?,Xét nghiệm PCR tìm vật chất di truyền virus viêm gan B.,Nhuộm soi và cấy tìm vi khuẩn hiếu khí lẫn yếm khí.,Định lượng nồng độ kháng thể amip trong dịch mủ.,Làm tế bào học tìm tế bào ung thư biểu mô gan ác tính.,,b,Mủ chọc hút ra phải được cấy vi khuẩn (hiếu khí và yếm khí) để xác định có đồng nhiễm trùng hay chẩn đoán ban đầu là áp xe vi khuẩn chứ không phải amip. Cấy vi khuẩn quyết định phác đồ kháng sinh bổ sung.
noi-ap-xe-gan-case-20-5,noi,Áp xe gan,Tiêu hoá,"Bệnh nhân nam 28 tuổi, không bệnh lý nền, vào viện vì sốt 39.5°C và đau tức hạ sườn phải 1 tuần. Khám: mạch 90 l/p, huyết áp 120/80 mmHg, ấn đau vùng hạ sườn phải. Siêu âm ổ bụng phát hiện khối áp xe đơn độc 6 cm ở thùy gan phải. Xét nghiệm huyết thanh kháng thể amip dương tính. Bệnh nhân được điều trị Metronidazole đường truyền tĩnh mạch với chẩn đoán áp xe gan do amip. Sau 5 ngày điều trị liên tục, bệnh nhân vẫn sốt 39°C, đau tức hạ sườn phải không giảm, kích thước áp xe trên siêu âm kiểm tra tăng lên 8.5 cm, dọa vỡ.",Tiêu chuẩn nào sau đây được sử dụng chủ yếu để đánh giá bệnh nhân đã khỏi bệnh hoàn toàn về mặt lâm sàng trước khi cho xuất viện?,Siêu âm kiểm tra thấy hốc áp xe biến mất hoàn toàn không để lại sẹo.,"Bệnh nhân hết sốt, hết đau bụng và công thức máu về bình thường.",Xét nghiệm huyết thanh chẩn đoán amip chuyển từ dương sang âm tính.,Phim X-quang phổi cho thấy bóng gan thu nhỏ lại đúng kích thước sinh lý. https://onedrive.live.com/personal/2672550e42ddc7d4/_layouts/15/D,,b,"Lâm sàng (hết sốt, hết đau, xét nghiệm viêm về bình thường) là tiêu chuẩn quyết định kết thúc điều trị viện phí. Ổ trống âm trên siêu âm và kháng thể trong máu có thể tồn tại nhiều tháng đến nhiều năm sau khi đã khỏi bệnh hoàn toàn. c.aspx?sourcedoc={186352b6-90cf-40c9-ba19-ae84e248ef20}&action=vi… 11/12"
