id,subject,chapter,group,case_stem,question,option_a,option_b,option_c,option_d,option_e,correct_answer,explanation
noi-tri-mcq-001,noi,Trĩ,Tiêu hoá,,"Bệnh nhân nữ 35 tuổi, là nhân viên kế toán, đến khám vì đi ngoài ra máu và có khối sa ra ngoài hậu môn. Bệnh diễn tiến khoảng 6 tháng nay, ban đầu bệnh nhân chỉ thỉnh thoảng thấy có máu đỏ tươi, lượng ít, dính theo giấy vệ sinh sau khi đi ngoài. Khoảng 2 tháng gần đây, sau mỗi lần đi ngoài, bệnh nhân thấy có một khối nhỏ từ trong hậu môn sa ra ngoài, khối này có thể tự co lên được, kèm theo chảy máu thành giọt. Bệnh nhân thường xuyên bị táo bón, phân cứng, phải rặn nhiều khi đi vệ sinh. Bệnh nhân không đau bụng, không sụt cân, không sốt. Tiền sử mang thai và sinh thường một lần cách đây 3 năm. Lối sống tĩnh tại, ngồi nhiều, uống ít nước. Khám toàn thân bệnh nhân tỉnh, da niêm mạc hồng, sinh hiệu ổn định, SpO₂ 99% khí trời, BMI 24 kg/m². Khám bụng mềm, không chướng. Thăm khám vùng hậu môn ở tư thế nghiêng trái, không thấy tổn thương da xung quanh. Yêu cầu bệnh nhân rặn nhẹ, quan sát thấy có 3 khối trĩ ở vị trí 3h, 7h, 11h sa ra ngoài rìa hậu môn, niêm mạc màu hồng, mềm, sau đó tự co vào trong ống hậu môn khi bệnh nhân hết rặn. Thăm trực tràng bằng ngón tay không sờ thấy u cục, găng có dính ít máu đỏ tươi.

Dựa vào triệu chứng lâm sàng, bệnh trĩ của bệnh nhân được phân độ mấy?",Trĩ độ 3.,Trĩ độ 1.,Trĩ độ 4.,Trĩ độ 2.,,d,"Theo phân độ trĩ nội: Độ 1 (chỉ chảy máu, không sa), Độ 2 (sa khi rặn và tự co lên), Độ 3 (sa khi rặn, phải dùng tay đẩy lên), Độ 4 (sa thường xuyên, không đẩy lên được). Bệnh nhân này có búi trĩ sa ra khi rặn và tự co lên được, do đó được phân vào trĩ nội độ 2."
noi-tri-mcq-002,noi,Trĩ,Tiêu hoá,,"Bệnh nhân nữ 35 tuổi, là nhân viên kế toán, đến khám vì đi ngoài ra máu và có khối sa ra ngoài hậu môn. Bệnh diễn tiến khoảng 6 tháng nay, ban đầu bệnh nhân chỉ thỉnh thoảng thấy có máu đỏ tươi, lượng ít, dính theo giấy vệ sinh sau khi đi ngoài. Khoảng 2 tháng gần đây, sau mỗi lần đi ngoài, bệnh nhân thấy có một khối nhỏ từ trong hậu môn sa ra ngoài, khối này có thể tự co lên được, kèm theo chảy máu thành giọt. Bệnh nhân thường xuyên bị táo bón, phân cứng, phải rặn nhiều khi đi vệ sinh. Bệnh nhân không đau bụng, không sụt cân, không sốt. Tiền sử mang thai và sinh thường một lần cách đây 3 năm. Lối sống tĩnh tại, ngồi nhiều, uống ít nước. Khám toàn thân bệnh nhân tỉnh, da niêm mạc hồng, sinh hiệu ổn định, SpO₂ 99% khí trời, BMI 24 kg/m². Khám bụng mềm, không chướng. Thăm khám vùng hậu môn ở tư thế nghiêng trái, không thấy tổn thương da xung quanh. Yêu cầu bệnh nhân rặn nhẹ, quan sát thấy có 3 khối trĩ ở vị trí 3h, 7h, 11h sa ra ngoài rìa hậu môn, niêm mạc màu hồng, mềm, sau đó tự co vào trong ống hậu môn khi bệnh nhân hết rặn. Thăm trực tràng bằng ngón tay không sờ thấy u cục, găng có dính ít máu đỏ tươi.

Cơ chế bệnh sinh chính của bệnh trĩ là gì?",Do sự co thắt quá mức của cơ thắt trong hậu môn.,Do sự nhiễm trùng của các tuyến hậu môn.,"Do sự giãn nở và sa xuống của các đám rối tĩnh mạch ở ống hậu môn, cùng với sự suy yếu của các mô liên kết nâng đỡ.",Là một biểu hiện của bệnh viêm ruột mạn tính.,,c,"Thuyết cơ học được chấp nhận rộng rãi nhất. Do áp lực trong ổ bụng tăng thường xuyên (rặn, ho, mang thai...) và các yếu tố khác làm suy yếu hệ thống mô liên kết (dây chằng Park) có vai trò neo giữ các đám rối tĩnh mạch vào ống hậu môn. Hậu quả là các đám rối này bị giãn, ứ máu và sa dần xuống, tạo thành búi trĩ."
noi-tri-mcq-003,noi,Trĩ,Tiêu hoá,,"Bệnh nhân nữ 35 tuổi, là nhân viên kế toán, đến khám vì đi ngoài ra máu và có khối sa ra ngoài hậu môn. Bệnh diễn tiến khoảng 6 tháng nay, ban đầu bệnh nhân chỉ thỉnh thoảng thấy có máu đỏ tươi, lượng ít, dính theo giấy vệ sinh sau khi đi ngoài. Khoảng 2 tháng gần đây, sau mỗi lần đi ngoài, bệnh nhân thấy có một khối nhỏ từ trong hậu môn sa ra ngoài, khối này có thể tự co lên được, kèm theo chảy máu thành giọt. Bệnh nhân thường xuyên bị táo bón, phân cứng, phải rặn nhiều khi đi vệ sinh. Bệnh nhân không đau bụng, không sụt cân, không sốt. Tiền sử mang thai và sinh thường một lần cách đây 3 năm. Lối sống tĩnh tại, ngồi nhiều, uống ít nước. Khám toàn thân bệnh nhân tỉnh, da niêm mạc hồng, sinh hiệu ổn định, SpO₂ 99% khí trời, BMI 24 kg/m². Khám bụng mềm, không chướng. Thăm khám vùng hậu môn ở tư thế nghiêng trái, không thấy tổn thương da xung quanh. Yêu cầu bệnh nhân rặn nhẹ, quan sát thấy có 3 khối trĩ ở vị trí 3h, 7h, 11h sa ra ngoài rìa hậu môn, niêm mạc màu hồng, mềm, sau đó tự co vào trong ống hậu môn khi bệnh nhân hết rặn. Thăm trực tràng bằng ngón tay không sờ thấy u cục, găng có dính ít máu đỏ tươi.

Yếu tố nguy cơ nào sau đây là quan trọng nhất góp phần hình thành và làm nặng thêm bệnh trĩ ở bệnh nhân này?",Táo bón mạn tính và thói quen rặn nhiều.,Nghề nghiệp kế toán.,Tiền sử sinh thường.,Giới tính nữ.,,a,"Táo bón mạn tính buộc bệnh nhân phải rặn gắng sức khi đi đại tiện. Hành động này làm tăng áp lực trong ổ bụng một cách đột ngột và lặp đi lặp lại, là yếu tố cơ học chính thúc đẩy sự giãn và sa của các búi trĩ. Tất cả các yếu tố khác đều có thể góp phần nhưng táo bón là yếu tố quan trọng và có thể thay đổi được."
noi-tri-mcq-004,noi,Trĩ,Tiêu hoá,,"Bệnh nhân nữ 35 tuổi, là nhân viên kế toán, đến khám vì đi ngoài ra máu và có khối sa ra ngoài hậu môn. Bệnh diễn tiến khoảng 6 tháng nay, ban đầu bệnh nhân chỉ thỉnh thoảng thấy có máu đỏ tươi, lượng ít, dính theo giấy vệ sinh sau khi đi ngoài. Khoảng 2 tháng gần đây, sau mỗi lần đi ngoài, bệnh nhân thấy có một khối nhỏ từ trong hậu môn sa ra ngoài, khối này có thể tự co lên được, kèm theo chảy máu thành giọt. Bệnh nhân thường xuyên bị táo bón, phân cứng, phải rặn nhiều khi đi vệ sinh. Bệnh nhân không đau bụng, không sụt cân, không sốt. Tiền sử mang thai và sinh thường một lần cách đây 3 năm. Lối sống tĩnh tại, ngồi nhiều, uống ít nước. Khám toàn thân bệnh nhân tỉnh, da niêm mạc hồng, sinh hiệu ổn định, SpO₂ 99% khí trời, BMI 24 kg/m². Khám bụng mềm, không chướng. Thăm khám vùng hậu môn ở tư thế nghiêng trái, không thấy tổn thương da xung quanh. Yêu cầu bệnh nhân rặn nhẹ, quan sát thấy có 3 khối trĩ ở vị trí 3h, 7h, 11h sa ra ngoài rìa hậu môn, niêm mạc màu hồng, mềm, sau đó tự co vào trong ống hậu môn khi bệnh nhân hết rặn. Thăm trực tràng bằng ngón tay không sờ thấy u cục, găng có dính ít máu đỏ tươi.

Can thiệp điều trị nội khoa nào là nền tảng và cần được tư vấn đầu tiên cho bệnh nhân?",Dùng thuốc đặt hậu môn chứa corticoid.,"Thay đổi lối sống: tăng cường chất xơ, uống đủ nước và tránh rặn khi đi ngoài.",Ngâm hậu môn trong nước ấm.,Dùng thuốc tăng cường trương lực tĩnh mạch (ví dụ: Daflon).,,b,"Điều trị nền tảng của bệnh trĩ (đặc biệt ở giai đoạn sớm) là điều trị bảo tồn và thay đổi lối sống. Việc làm cho phân mềm, dễ di chuyển (bằng cách ăn nhiều chất xơ, uống đủ nước) và thay đổi thói quen đi đại tiện (không ngồi lâu, không rặn) sẽ làm giảm áp lực lên các búi trĩ, từ đó giảm triệu chứng chảy máu và sa."
noi-tri-mcq-005,noi,Trĩ,Tiêu hoá,,"Bệnh nhân nữ 35 tuổi, là nhân viên kế toán, đến khám vì đi ngoài ra máu và có khối sa ra ngoài hậu môn. Bệnh diễn tiến khoảng 6 tháng nay, ban đầu bệnh nhân chỉ thỉnh thoảng thấy có máu đỏ tươi, lượng ít, dính theo giấy vệ sinh sau khi đi ngoài. Khoảng 2 tháng gần đây, sau mỗi lần đi ngoài, bệnh nhân thấy có một khối nhỏ từ trong hậu môn sa ra ngoài, khối này có thể tự co lên được, kèm theo chảy máu thành giọt. Bệnh nhân thường xuyên bị táo bón, phân cứng, phải rặn nhiều khi đi vệ sinh. Bệnh nhân không đau bụng, không sụt cân, không sốt. Tiền sử mang thai và sinh thường một lần cách đây 3 năm. Lối sống tĩnh tại, ngồi nhiều, uống ít nước. Khám toàn thân bệnh nhân tỉnh, da niêm mạc hồng, sinh hiệu ổn định, SpO₂ 99% khí trời, BMI 24 kg/m². Khám bụng mềm, không chướng. Thăm khám vùng hậu môn ở tư thế nghiêng trái, không thấy tổn thương da xung quanh. Yêu cầu bệnh nhân rặn nhẹ, quan sát thấy có 3 khối trĩ ở vị trí 3h, 7h, 11h sa ra ngoài rìa hậu môn, niêm mạc màu hồng, mềm, sau đó tự co vào trong ống hậu môn khi bệnh nhân hết rặn. Thăm trực tràng bằng ngón tay không sờ thấy u cục, găng có dính ít máu đỏ tươi.

Nếu điều trị nội khoa thất bại, thủ thuật nào sau đây là phù hợp nhất cho trĩ độ 2-3?",Phẫu thuật cắt trĩ (phương pháp Milligan-Morgan).,Quang đông hồng ngoại.,Phẫu thuật khâu triệt mạch trĩ dưới hướng dẫn Doppler (THD).,Thắt trĩ bằng vòng cao su.,,d,"Thắt trĩ bằng vòng cao su là một thủ thuật ít xâm lấn, hiệu quả, chi phí thấp và được coi là lựa chọn hàng đầu cho trĩ nội độ 2 và một số trường hợp độ 3. Thủ thuật này sử dụng một vòng cao su nhỏ để thắt vào gốc búi trĩ, làm cắt đứt nguồn máu nuôi, khiến búi trĩ hoại tử và rụng đi sau vài ngày."
noi-tri-mcq-006,noi,Trĩ,Tiêu hoá,,"Bệnh nhân nam 50 tuổi, tài xế xe tải đường dài, đến phòng cấp cứu vì đau dữ dội vùng hậu môn. Bệnh nhân khai rằng, khoảng 2 ngày nay, sau một chuyến đi dài và ngồi nhiều, ông đột ngột thấy xuất hiện một khối nhỏ, căng, rất đau ở rìa hậu môn. Cơn đau liên tục, đau tăng khi ngồi hoặc đi lại, khiến bệnh nhân không thể chịu được. Bệnh nhân không sốt, không chảy máu. Tiền sử thỉnh thoảng bị táo bón, không có bệnh lý hậu môn trực tràng nào khác. Khám lâm sàng bệnh nhân tỉnh táo, tỏ ra rất đau. Sinh hiệu ổn định. Khám vùng hậu môn ở tư thế nghiêng trái, tại vị trí 5h ở rìa hậu môn, quan sát thấy một khối phồng, hình tròn, đường kính khoảng 1.5 cm, có màu xanh tím, căng bóng, sờ vào rất cứng và bệnh nhân cực kỳ đau. Bề mặt khối phồng không có dấu hiệu loét hay hoại tử.

Chẩn đoán phù hợp nhất với tình trạng của bệnh nhân là gì?",Nứt kẽ hậu môn cấp.,Trĩ ngoại tắc mạch.,Trĩ nội sa nghẹt.,Áp xe cạnh hậu môn.,,b,"Bệnh cảnh một khối u đau cấp tính, căng, màu xanh tím ở ngay rìa hậu môn là hình ảnh kinh điển của trĩ ngoại tắc mạch. Áp xe thường có thêm sưng nóng đỏ và sốt. Trĩ nội sa nghẹt là khối sa từ bên trong, thường lớn hơn và có màu tím sẫm lan tỏa."
noi-tri-mcq-007,noi,Trĩ,Tiêu hoá,,"Bệnh nhân nam 50 tuổi, tài xế xe tải đường dài, đến phòng cấp cứu vì đau dữ dội vùng hậu môn. Bệnh nhân khai rằng, khoảng 2 ngày nay, sau một chuyến đi dài và ngồi nhiều, ông đột ngột thấy xuất hiện một khối nhỏ, căng, rất đau ở rìa hậu môn. Cơn đau liên tục, đau tăng khi ngồi hoặc đi lại, khiến bệnh nhân không thể chịu được. Bệnh nhân không sốt, không chảy máu. Tiền sử thỉnh thoảng bị táo bón, không có bệnh lý hậu môn trực tràng nào khác. Khám lâm sàng bệnh nhân tỉnh táo, tỏ ra rất đau. Sinh hiệu ổn định. Khám vùng hậu môn ở tư thế nghiêng trái, tại vị trí 5h ở rìa hậu môn, quan sát thấy một khối phồng, hình tròn, đường kính khoảng 1.5 cm, có màu xanh tím, căng bóng, sờ vào rất cứng và bệnh nhân cực kỳ đau. Bề mặt khối phồng không có dấu hiệu loét hay hoại tử.

Cơ chế bệnh sinh của trĩ ngoại tắc mạch là gì?",Một vết rách ở niêm mạc ống hậu môn.,Sự sa xuống của đám rối trĩ nội.,Sự hình thành một cục máu đông (huyết khối) bên trong một tĩnh mạch thuộc đám rối trĩ ngoại.,Nhiễm trùng của một tuyến hậu môn gây tụ mủ.,,c,"Trĩ ngoại được bao phủ bởi da và nằm bên dưới đường lược. Khi một tĩnh mạch trong đám rối trĩ ngoại bị vỡ (thường do rặn, ngồi nhiều, gắng sức), máu sẽ thoát ra và tạo thành một cục máu đông trong mô dưới da, gây ra một khối căng và đau dữ dội do làm căng lớp da nhạy cảm bên trên."
noi-tri-mcq-008,noi,Trĩ,Tiêu hoá,,"Bệnh nhân nam 50 tuổi, tài xế xe tải đường dài, đến phòng cấp cứu vì đau dữ dội vùng hậu môn. Bệnh nhân khai rằng, khoảng 2 ngày nay, sau một chuyến đi dài và ngồi nhiều, ông đột ngột thấy xuất hiện một khối nhỏ, căng, rất đau ở rìa hậu môn. Cơn đau liên tục, đau tăng khi ngồi hoặc đi lại, khiến bệnh nhân không thể chịu được. Bệnh nhân không sốt, không chảy máu. Tiền sử thỉnh thoảng bị táo bón, không có bệnh lý hậu môn trực tràng nào khác. Khám lâm sàng bệnh nhân tỉnh táo, tỏ ra rất đau. Sinh hiệu ổn định. Khám vùng hậu môn ở tư thế nghiêng trái, tại vị trí 5h ở rìa hậu môn, quan sát thấy một khối phồng, hình tròn, đường kính khoảng 1.5 cm, có màu xanh tím, căng bóng, sờ vào rất cứng và bệnh nhân cực kỳ đau. Bề mặt khối phồng không có dấu hiệu loét hay hoại tử.

Triệu chứng lâm sàng nổi bật và đặc trưng nhất của trĩ ngoại tắc mạch là gì?",Chảy máu đỏ tươi lượng nhiều.,"Đau cấp tính, dữ dội và liên tục ở hậu môn.",Sốt cao và rét run.,Sa một khối lớn không đẩy lên được.,,b,"Đau là triệu chứng chủ đạo của trĩ ngoại tắc mạch. Cơn đau thường khởi phát đột ngột, dữ dội và liên tục do áp lực của khối huyết lên lớp da giàu cảm giác ở rìa hậu môn. Mức độ đau thường không tương xứng với kích thước nhỏ của tổn thương."
noi-tri-mcq-009,noi,Trĩ,Tiêu hoá,,"Bệnh nhân nam 50 tuổi, tài xế xe tải đường dài, đến phòng cấp cứu vì đau dữ dội vùng hậu môn. Bệnh nhân khai rằng, khoảng 2 ngày nay, sau một chuyến đi dài và ngồi nhiều, ông đột ngột thấy xuất hiện một khối nhỏ, căng, rất đau ở rìa hậu môn. Cơn đau liên tục, đau tăng khi ngồi hoặc đi lại, khiến bệnh nhân không thể chịu được. Bệnh nhân không sốt, không chảy máu. Tiền sử thỉnh thoảng bị táo bón, không có bệnh lý hậu môn trực tràng nào khác. Khám lâm sàng bệnh nhân tỉnh táo, tỏ ra rất đau. Sinh hiệu ổn định. Khám vùng hậu môn ở tư thế nghiêng trái, tại vị trí 5h ở rìa hậu môn, quan sát thấy một khối phồng, hình tròn, đường kính khoảng 1.5 cm, có màu xanh tím, căng bóng, sờ vào rất cứng và bệnh nhân cực kỳ đau. Bề mặt khối phồng không có dấu hiệu loét hay hoại tử.

Hướng xử trí nào là phù hợp nhất để giải quyết cơn đau nhanh chóng và hiệu quả cho bệnh nhân nếu bệnh nhân đến viện trong vòng 48-72 giờ đầu?",Thắt búi trĩ bằng vòng cao su.,Ngâm hậu môn nước ấm và dùng thuốc giảm đau đường uống.,Rạch nhỏ và lấy bỏ huyết khối tại phòng thủ thuật.,Dùng kháng sinh phổ rộng.,,c,"Nếu bệnh nhân đến sớm trong vòng 48-72 giờ đầu khi huyết khối còn khu trú và cơn đau còn dữ dội, can thiệp tốt nhất là một thủ thuật đơn giản tại chỗ: gây tê tại chỗ, rạch một đường nhỏ trên bề mặt khối phồng và dùng kẹp lấy bỏ toàn bộ huyết khối. Thủ thuật này giúp giảm đau tức thì và rút ngắn thời gian hồi phục."
noi-tri-mcq-010,noi,Trĩ,Tiêu hoá,,"Bệnh nhân nam 50 tuổi, tài xế xe tải đường dài, đến phòng cấp cứu vì đau dữ dội vùng hậu môn. Bệnh nhân khai rằng, khoảng 2 ngày nay, sau một chuyến đi dài và ngồi nhiều, ông đột ngột thấy xuất hiện một khối nhỏ, căng, rất đau ở rìa hậu môn. Cơn đau liên tục, đau tăng khi ngồi hoặc đi lại, khiến bệnh nhân không thể chịu được. Bệnh nhân không sốt, không chảy máu. Tiền sử thỉnh thoảng bị táo bón, không có bệnh lý hậu môn trực tràng nào khác. Khám lâm sàng bệnh nhân tỉnh táo, tỏ ra rất đau. Sinh hiệu ổn định. Khám vùng hậu môn ở tư thế nghiêng trái, tại vị trí 5h ở rìa hậu môn, quan sát thấy một khối phồng, hình tròn, đường kính khoảng 1.5 cm, có màu xanh tím, căng bóng, sờ vào rất cứng và bệnh nhân cực kỳ đau. Bề mặt khối phồng không có dấu hiệu loét hay hoại tử.

Nếu không được can thiệp, diễn biến tự nhiên của một khối trĩ ngoại tắc mạch thường như thế nào?",Luôn cần phẫu thuật cắt trĩ cấp cứu.,Luôn gây ra chảy máu ồ ạt.,Luôn tiến triển thành áp xe và rò hậu môn.,Cơn đau sẽ tự thuyên giảm sau vài ngày đến một tuần và huyết khối sẽ được cơ thể tự hấp thu hoặc tự vỡ ra.,,d,"Trĩ ngoại tắc mạch là một bệnh lý lành tính và tự giới hạn. Nếu không can thiệp, hệ thống miễn dịch của cơ thể sẽ dần dần ly giải và hấp thu cục máu đông, cơn đau sẽ giảm dần sau khoảng 4-5 ngày và khối phồng sẽ biến mất sau vài tuần. Đôi khi, da trên bề mặt có thể bị hoại tử và huyết khối tự thoát ra ngoài."
noi-tri-mcq-011,noi,Trĩ,Tiêu hoá,,"Bệnh nhân nữ 42 tuổi, nhân viên bán hàng, đến khám vì có khối sa ra ngoài hậu môn sau khi đi ngoài. Bệnh nhân có tiền sử bị trĩ nhiều năm, thường xuyên bị chảy máu và sa búi trĩ sau khi đi ngoài nhưng khối sa thường tự co lên được. Khoảng 1 tuần nay, sau một đợt táo bón, bệnh nhân thấy khối sa ra ngoài không tự co lên được nữa, phải dùng tay đẩy nhẹ thì mới lên. Việc này gây cho bệnh nhân cảm giác rất vướng víu, khó chịu và ẩm ướt ở hậu môn. Bệnh nhân không đau nhiều, thỉnh thoảng có chảy máu ít. Bệnh nhân phải đứng nhiều do yêu cầu công việc. Khám hậu môn ở tư thế sản khoa, yêu cầu bệnh nhân rặn, thấy một khối trĩ lớn ở vị trí 7h sa ra ngoài, vượt qua rìa hậu môn, sau khi bệnh nhân ngưng rặn, khối trĩ không tự co vào, bác sĩ phải dùng tay đẩy nhẹ thì khối trĩ mới vào trong ống hậu môn. Thăm trực tràng mềm mại.

Bệnh trĩ của bệnh nhân đã tiến triển đến độ mấy?",Trĩ độ 2.,Trĩ độ 1.,Trĩ độ 4.,Trĩ độ 3.,,d,"Theo phân độ, trĩ nội độ 3 được định nghĩa là búi trĩ sa ra ngoài khi đi đại tiện hoặc gắng sức, không thể tự co lên mà phải dùng tay đẩy lên. Tình trạng của bệnh nhân hoàn toàn phù hợp với mô tả này."
noi-tri-mcq-012,noi,Trĩ,Tiêu hoá,,"Bệnh nhân nữ 42 tuổi, nhân viên bán hàng, đến khám vì có khối sa ra ngoài hậu môn sau khi đi ngoài. Bệnh nhân có tiền sử bị trĩ nhiều năm, thường xuyên bị chảy máu và sa búi trĩ sau khi đi ngoài nhưng khối sa thường tự co lên được. Khoảng 1 tuần nay, sau một đợt táo bón, bệnh nhân thấy khối sa ra ngoài không tự co lên được nữa, phải dùng tay đẩy nhẹ thì mới lên. Việc này gây cho bệnh nhân cảm giác rất vướng víu, khó chịu và ẩm ướt ở hậu môn. Bệnh nhân không đau nhiều, thỉnh thoảng có chảy máu ít. Bệnh nhân phải đứng nhiều do yêu cầu công việc. Khám hậu môn ở tư thế sản khoa, yêu cầu bệnh nhân rặn, thấy một khối trĩ lớn ở vị trí 7h sa ra ngoài, vượt qua rìa hậu môn, sau khi bệnh nhân ngưng rặn, khối trĩ không tự co vào, bác sĩ phải dùng tay đẩy nhẹ thì khối trĩ mới vào trong ống hậu môn. Thăm trực tràng mềm mại.

Cảm giác ẩm ướt, ngứa ngáy ở hậu môn mà bệnh nhân gặp phải có thể do cơ chế nào?",Do dị ứng với giấy vệ sinh.,Do nhiễm nấm Candida.,Do búi trĩ sa ra ngoài làm rò rỉ dịch nhầy từ niêm mạc trực tràng ra vùng da quanh hậu môn.,Do vệ sinh cá nhân không tốt.,,c,"Niêm mạc của búi trĩ nội (vốn là niêm mạc trực tràng) có các tuyến tiết dịch nhầy. Khi búi trĩ sa ra ngoài, lớp dịch nhầy này sẽ tiếp xúc và gây kích ứng lớp da nhạy cảm quanh hậu môn, gây ra cảm giác ẩm ướt và ngứa."
noi-tri-mcq-013,noi,Trĩ,Tiêu hoá,,"Bệnh nhân nữ 42 tuổi, nhân viên bán hàng, đến khám vì có khối sa ra ngoài hậu môn sau khi đi ngoài. Bệnh nhân có tiền sử bị trĩ nhiều năm, thường xuyên bị chảy máu và sa búi trĩ sau khi đi ngoài nhưng khối sa thường tự co lên được. Khoảng 1 tuần nay, sau một đợt táo bón, bệnh nhân thấy khối sa ra ngoài không tự co lên được nữa, phải dùng tay đẩy nhẹ thì mới lên. Việc này gây cho bệnh nhân cảm giác rất vướng víu, khó chịu và ẩm ướt ở hậu môn. Bệnh nhân không đau nhiều, thỉnh thoảng có chảy máu ít. Bệnh nhân phải đứng nhiều do yêu cầu công việc. Khám hậu môn ở tư thế sản khoa, yêu cầu bệnh nhân rặn, thấy một khối trĩ lớn ở vị trí 7h sa ra ngoài, vượt qua rìa hậu môn, sau khi bệnh nhân ngưng rặn, khối trĩ không tự co vào, bác sĩ phải dùng tay đẩy nhẹ thì khối trĩ mới vào trong ống hậu môn. Thăm trực tràng mềm mại.

Yếu tố nghề nghiệp nào góp phần làm nặng thêm bệnh trĩ của bệnh nhân?",Tiếp xúc với hóa chất.,"Phải đứng hoặc ngồi lâu, làm tăng áp lực tĩnh mạch ở vùng chậu.","Căng thẳng, stress.",Phải nói nhiều.,,b,"Việc phải đứng hoặc ngồi ở một tư thế quá lâu sẽ làm giảm sự hồi lưu của máu tĩnh mạch từ vùng chậu và chi dưới về tim. Điều này làm tăng áp lực và gây ứ trệ máu trong các đám rối tĩnh mạch trĩ, làm cho bệnh nặng hơn."
noi-tri-mcq-014,noi,Trĩ,Tiêu hoá,,"Bệnh nhân nữ 42 tuổi, nhân viên bán hàng, đến khám vì có khối sa ra ngoài hậu môn sau khi đi ngoài. Bệnh nhân có tiền sử bị trĩ nhiều năm, thường xuyên bị chảy máu và sa búi trĩ sau khi đi ngoài nhưng khối sa thường tự co lên được. Khoảng 1 tuần nay, sau một đợt táo bón, bệnh nhân thấy khối sa ra ngoài không tự co lên được nữa, phải dùng tay đẩy nhẹ thì mới lên. Việc này gây cho bệnh nhân cảm giác rất vướng víu, khó chịu và ẩm ướt ở hậu môn. Bệnh nhân không đau nhiều, thỉnh thoảng có chảy máu ít. Bệnh nhân phải đứng nhiều do yêu cầu công việc. Khám hậu môn ở tư thế sản khoa, yêu cầu bệnh nhân rặn, thấy một khối trĩ lớn ở vị trí 7h sa ra ngoài, vượt qua rìa hậu môn, sau khi bệnh nhân ngưng rặn, khối trĩ không tự co vào, bác sĩ phải dùng tay đẩy nhẹ thì khối trĩ mới vào trong ống hậu môn. Thăm trực tràng mềm mại.

Đối với trĩ nội độ 3, ngoài các biện pháp nội khoa, phương pháp điều trị nào thường được chỉ định?",Dùng thuốc bôi tại chỗ.,Chờ đợi và theo dõi.,"Các thủ thuật can thiệp (thắt vòng cao su, tiêm xơ) hoặc phẫu thuật.",Chỉ cần thay đổi chế độ ăn là đủ.,,c,"Trĩ độ 3 thường có triệu chứng ảnh hưởng nhiều đến chất lượng cuộc sống và ít đáp ứng với điều trị nội khoa đơn thuần. Do đó, các phương pháp can thiệp thường được chỉ định. Tùy thuộc vào kích thước búi trĩ và mong muốn của bệnh nhân, bác sĩ có thể lựa chọn các thủ thuật như thắt vòng cao su cho các búi trĩ nhỏ hoặc các phương pháp phẫu thuật (cắt trĩ kinh điển, phẫu thuật Longo, THD) cho các trường hợp nặng hơn."
noi-tri-mcq-015,noi,Trĩ,Tiêu hoá,,"Bệnh nhân nữ 42 tuổi, nhân viên bán hàng, đến khám vì có khối sa ra ngoài hậu môn sau khi đi ngoài. Bệnh nhân có tiền sử bị trĩ nhiều năm, thường xuyên bị chảy máu và sa búi trĩ sau khi đi ngoài nhưng khối sa thường tự co lên được. Khoảng 1 tuần nay, sau một đợt táo bón, bệnh nhân thấy khối sa ra ngoài không tự co lên được nữa, phải dùng tay đẩy nhẹ thì mới lên. Việc này gây cho bệnh nhân cảm giác rất vướng víu, khó chịu và ẩm ướt ở hậu môn. Bệnh nhân không đau nhiều, thỉnh thoảng có chảy máu ít. Bệnh nhân phải đứng nhiều do yêu cầu công việc. Khám hậu môn ở tư thế sản khoa, yêu cầu bệnh nhân rặn, thấy một khối trĩ lớn ở vị trí 7h sa ra ngoài, vượt qua rìa hậu môn, sau khi bệnh nhân ngưng rặn, khối trĩ không tự co vào, bác sĩ phải dùng tay đẩy nhẹ thì khối trĩ mới vào trong ống hậu môn. Thăm trực tràng mềm mại.

Phẫu thuật cắt trĩ theo phương pháp Longo (PPH) hoạt động dựa trên nguyên lý nào?",Cắt bỏ trực tiếp từng búi trĩ riêng lẻ.,Thắt tất cả các động mạch nuôi búi trĩ.,Đốt các búi trĩ bằng tia laser.,"Sử dụng một dụng cụ dập-cắt tự động để cắt và khâu một khoanh niêm mạc phía trên đường lược, nhằm kéo búi trĩ lên và triệt mạch máu nuôi.",,d,"Phẫu thuật Longo (PPH - Procedure for Prolapse and Hemorrhoids) không cắt trực tiếp búi trĩ. Thay vào đó, nó giải quyết ""gốc rễ"" của bệnh là sự sa của lớp niêm mạc. Bằng cách cắt đi một khoanh niêm mạc và dưới niêm mạc ở phía trên búi trĩ (vùng ít cảm giác đau), máy sẽ đồng thời khâu nối lại. Điều này có hai tác dụng: (1) Kéo lớp đệm hậu môn và các búi trĩ bị sa trở về đúng vị trí giải phẫu; (2) Cắt đứt các nhánh mạch máu đi đến búi trĩ, làm chúng teo nhỏ lại."
noi-tri-mcq-016,noi,Trĩ,Tiêu hoá,,"Bệnh nhân nam 45 tuổi, công nhân xây dựng, được đưa vào cấp cứu vì một khối lớn, sưng tím, rất đau ở hậu môn. Bệnh nhân có tiền sử trĩ nội nhiều năm nhưng chưa điều trị. Sáng nay, sau khi đi ngoài gắng sức, bệnh nhân thấy toàn bộ vùng hậu môn sưng nề, sa ra ngoài một khối lớn màu tím sẫm, không thể đẩy vào được, đau dữ dội đến mức không thể ngồi hay đi lại. Bệnh nhân không sốt. Khám lâm sàng bệnh nhân vật vã vì đau. Khám vùng hậu môn thấy toàn bộ chu vi rìa hậu môn bị một khối sưng nề, phù mọng, màu tím sẫm, xen kẽ có những vùng niêm mạc bị loét và hoại tử đen. Sờ vào khối rất căng và đau. Không thể thăm trực tràng do bệnh nhân quá đau và khối sa quá lớn.

Biến chứng cấp tính mà bệnh nhân đang gặp phải là gì?",Trĩ nội sa nghẹt.,Trĩ ngoại tắc mạch.,Sa trực tràng.,Áp xe hậu môn.,,a,"Đây là bệnh cảnh điển hình của trĩ nội sa nghẹt, một cấp cứu của chuyên khoa hậu môn trực tràng. Nó xảy ra khi các búi trĩ nội (thường là độ 3 hoặc 4) bị sa ra ngoài và không thể co vào hay đẩy lên được, dẫn đến các biến chứng về mạch máu."
noi-tri-mcq-017,noi,Trĩ,Tiêu hoá,,"Bệnh nhân nam 45 tuổi, công nhân xây dựng, được đưa vào cấp cứu vì một khối lớn, sưng tím, rất đau ở hậu môn. Bệnh nhân có tiền sử trĩ nội nhiều năm nhưng chưa điều trị. Sáng nay, sau khi đi ngoài gắng sức, bệnh nhân thấy toàn bộ vùng hậu môn sưng nề, sa ra ngoài một khối lớn màu tím sẫm, không thể đẩy vào được, đau dữ dội đến mức không thể ngồi hay đi lại. Bệnh nhân không sốt. Khám lâm sàng bệnh nhân vật vã vì đau. Khám vùng hậu môn thấy toàn bộ chu vi rìa hậu môn bị một khối sưng nề, phù mọng, màu tím sẫm, xen kẽ có những vùng niêm mạc bị loét và hoại tử đen. Sờ vào khối rất căng và đau. Không thể thăm trực tràng do bệnh nhân quá đau và khối sa quá lớn.

Cơ chế chính gây ra tình trạng sa nghẹt của búi trĩ là gì?",Do khối u ác tính chèn ép.,"Búi trĩ nội bị sa ra ngoài và bị cơ thắt hậu môn co thắt lại, cản trở sự hồi lưu của máu tĩnh mạch, gây phù nề và huyết khối.",Nhiễm trùng lan tỏa của vùng hậu môn.,Sự hình thành huyết khối bên trong búi trĩ ngoại.,,b,"Vòng luẩn quẩn bắt đầu khi búi trĩ sa ra ngoài và bị cơ thắt hậu môn siết lại. Điều này cản trở dòng máu tĩnh mạch trở về, trong khi máu động mạch vẫn được bơm đến. Hậu quả là các búi trĩ bị ứ máu, phù nề ngày càng to, càng làm cho sự co thắt của cơ thắt trở nên chặt hơn. Tình trạng ứ trệ kéo dài sẽ dẫn đến hình thành huyết khối và cuối cùng là hoại tử."
noi-tri-mcq-018,noi,Trĩ,Tiêu hoá,,"Bệnh nhân nam 45 tuổi, công nhân xây dựng, được đưa vào cấp cứu vì một khối lớn, sưng tím, rất đau ở hậu môn. Bệnh nhân có tiền sử trĩ nội nhiều năm nhưng chưa điều trị. Sáng nay, sau khi đi ngoài gắng sức, bệnh nhân thấy toàn bộ vùng hậu môn sưng nề, sa ra ngoài một khối lớn màu tím sẫm, không thể đẩy vào được, đau dữ dội đến mức không thể ngồi hay đi lại. Bệnh nhân không sốt. Khám lâm sàng bệnh nhân vật vã vì đau. Khám vùng hậu môn thấy toàn bộ chu vi rìa hậu môn bị một khối sưng nề, phù mọng, màu tím sẫm, xen kẽ có những vùng niêm mạc bị loét và hoại tử đen. Sờ vào khối rất căng và đau. Không thể thăm trực tràng do bệnh nhân quá đau và khối sa quá lớn.

Tại sao tình trạng này lại gây đau dữ dội?",Do nhiễm trùng.,Do loét niêm mạc.,Do sự co thắt của cơ thắt hậu môn.,"Do sự căng giãn đột ngột của các mô, tình trạng thiếu máu cục bộ và hoại tử, kích thích các đầu dây thần kinh cảm giác.",,d,"Cơn đau dữ dội là do nhiều yếu tố kết hợp: sự phù nề và căng giãn quá mức của các mô, tình trạng thiếu máu nuôi dưỡng do mạch máu bị chèn ép, và sự hoại tử của niêm mạc, tất cả đều kích hoạt mạnh mẽ các thụ thể cảm giác đau."
noi-tri-mcq-019,noi,Trĩ,Tiêu hoá,,"Bệnh nhân nam 45 tuổi, công nhân xây dựng, được đưa vào cấp cứu vì một khối lớn, sưng tím, rất đau ở hậu môn. Bệnh nhân có tiền sử trĩ nội nhiều năm nhưng chưa điều trị. Sáng nay, sau khi đi ngoài gắng sức, bệnh nhân thấy toàn bộ vùng hậu môn sưng nề, sa ra ngoài một khối lớn màu tím sẫm, không thể đẩy vào được, đau dữ dội đến mức không thể ngồi hay đi lại. Bệnh nhân không sốt. Khám lâm sàng bệnh nhân vật vã vì đau. Khám vùng hậu môn thấy toàn bộ chu vi rìa hậu môn bị một khối sưng nề, phù mọng, màu tím sẫm, xen kẽ có những vùng niêm mạc bị loét và hoại tử đen. Sờ vào khối rất căng và đau. Không thể thăm trực tràng do bệnh nhân quá đau và khối sa quá lớn.

Hướng xử trí nào là phù hợp nhất cho bệnh nhân này?",Cho bệnh nhân về nhà ngâm nước ấm và dùng thuốc giảm đau.,"Điều trị nội khoa bảo tồn tích cực (giảm đau, giảm phù nề) và xem xét phẫu thuật cắt trĩ cấp cứu hoặc bán cấp.",Dùng kháng sinh liều cao.,Cố gắng đẩy khối trĩ lên ngay lập tức tại phòng cấp cứu.,,b,"Xử trí trĩ sa nghẹt vẫn còn tranh cãi. Tuy nhiên, hướng tiếp cận phổ biến là bắt đầu bằng điều trị nội khoa tích cực tại bệnh viện, bao gồm: giảm đau toàn thân, dùng các thuốc giảm phù nề (đắp gạc lạnh, dùng các dung dịch ưu trương tại chỗ), và nghỉ ngơi tại giường. Nếu sau vài ngày tình trạng phù nề giảm bớt, có thể xem xét phẫu thuật bán cấp. Phẫu thuật cắt trĩ cấp cứu được chỉ định khi có hoại tử lan rộng hoặc điều trị nội khoa thất bại."
noi-tri-mcq-020,noi,Trĩ,Tiêu hoá,,"Bệnh nhân nam 45 tuổi, công nhân xây dựng, được đưa vào cấp cứu vì một khối lớn, sưng tím, rất đau ở hậu môn. Bệnh nhân có tiền sử trĩ nội nhiều năm nhưng chưa điều trị. Sáng nay, sau khi đi ngoài gắng sức, bệnh nhân thấy toàn bộ vùng hậu môn sưng nề, sa ra ngoài một khối lớn màu tím sẫm, không thể đẩy vào được, đau dữ dội đến mức không thể ngồi hay đi lại. Bệnh nhân không sốt. Khám lâm sàng bệnh nhân vật vã vì đau. Khám vùng hậu môn thấy toàn bộ chu vi rìa hậu môn bị một khối sưng nề, phù mọng, màu tím sẫm, xen kẽ có những vùng niêm mạc bị loét và hoại tử đen. Sờ vào khối rất căng và đau. Không thể thăm trực tràng do bệnh nhân quá đau và khối sa quá lớn.

Phẫu thuật cắt trĩ trong giai đoạn cấp tính (sa nghẹt) có nguy cơ gì cao hơn so với phẫu thuật theo chương trình?",Chảy máu sau mổ.,Không có nguy cơ gì đặc biệt.,Nhiễm trùng và hẹp hậu môn.,Tái phát.,,c,"Phẫu thuật trong môi trường đang bị viêm, phù nề và có thể đã hoại tử sẽ khó khăn hơn. Việc xác định ranh giới giữa mô lành và mô bệnh không rõ ràng, làm tăng nguy cơ cắt bỏ quá nhiều hoặc quá ít mô. Nguy cơ nhiễm trùng vết mổ và các biến chứng lâu dài như hẹp hậu môn (do sẹo co rút) cũng cao hơn đáng kể so với phẫu thuật theo kế hoạch."
noi-tri-mcq-021,noi,Trĩ,Tiêu hoá,,"Bệnh nhân nữ 28 tuổi, mang thai lần đầu ở tuần thứ 32, đến khám vì chảy máu và đau rát hậu môn. Bệnh nhân cho biết tình trạng táo bón bắt đầu xuất hiện từ 3 tháng giữa của thai kỳ và ngày càng nặng hơn. Khoảng 2 tuần nay, mỗi lần đi ngoài phân cứng, bệnh nhân cảm thấy đau như dao cắt ở hậu môn và sau đó thấy có vệt máu đỏ tươi trên giấy vệ sinh. Cơn đau kéo dài âm ỉ vài giờ sau khi đi ngoài. Bệnh nhân rất sợ đi đại tiện. Khám lâm sàng bệnh nhân tỉnh táo, sinh hiệu ổn. Khám hậu môn ở tư thế nghiêng trái, khi banh nhẹ hai mép hậu môn, quan sát thấy ở vị trí 6h (mép sau) có một vết rách nông, hình vợt, bờ rõ, đáy có thể thấy các thớ của cơ thắt trong. Vết rách rất đau khi chạm vào. Thăm trực tràng khó thực hiện do bệnh nhân quá đau và cơ thắt co chặt.

Chẩn đoán nào là phù hợp nhất với bệnh nhân này?",Nứt kẽ hậu môn cấp.,Trĩ nội độ 2.,Trĩ ngoại tắc mạch.,Áp xe cạnh hậu môn.,,a,"Tam chứng kinh điển của nứt kẽ hậu môn cấp là: đau xé hậu môn khi đi ngoài, chảy máu đỏ tươi lượng ít, và co thắt cơ thắt hậu môn. Vị trí ở đường giữa sau (6h) cũng là vị trí thường gặp nhất."
noi-tri-mcq-022,noi,Trĩ,Tiêu hoá,,"Bệnh nhân nữ 28 tuổi, mang thai lần đầu ở tuần thứ 32, đến khám vì chảy máu và đau rát hậu môn. Bệnh nhân cho biết tình trạng táo bón bắt đầu xuất hiện từ 3 tháng giữa của thai kỳ và ngày càng nặng hơn. Khoảng 2 tuần nay, mỗi lần đi ngoài phân cứng, bệnh nhân cảm thấy đau như dao cắt ở hậu môn và sau đó thấy có vệt máu đỏ tươi trên giấy vệ sinh. Cơn đau kéo dài âm ỉ vài giờ sau khi đi ngoài. Bệnh nhân rất sợ đi đại tiện. Khám lâm sàng bệnh nhân tỉnh táo, sinh hiệu ổn. Khám hậu môn ở tư thế nghiêng trái, khi banh nhẹ hai mép hậu môn, quan sát thấy ở vị trí 6h (mép sau) có một vết rách nông, hình vợt, bờ rõ, đáy có thể thấy các thớ của cơ thắt trong. Vết rách rất đau khi chạm vào. Thăm trực tràng khó thực hiện do bệnh nhân quá đau và cơ thắt co chặt.

Cơ chế chính gây ra nứt kẽ hậu môn là gì?",Do sự giãn nở của các tĩnh mạch trĩ.,Sự lây nhiễm của virus Herpes Simplex.,"Một vòng luẩn quẩn: phân cứng làm rách niêm mạc ống hậu môn, gây đau và co thắt cơ thắt trong, co thắt làm giảm tưới máu, khiến vết nứt khó lành và càng đau hơn.",Do dị ứng thức ăn.,,c,"Đây chính là vòng xoắn bệnh lý của nứt kẽ hậu môn. Một khối phân cứng và to đi qua làm rách lớp niêm mạc mỏng manh của ống hậu môn. Vết rách này gây đau dữ dội, dẫn đến phản xạ co thắt mạnh và kéo dài của cơ thắt trong. Sự co thắt này làm giảm lưu lượng máu đến vùng vết nứt, khiến nó chậm lành và dễ bị rách lại trong lần đi ngoài tiếp theo."
noi-tri-mcq-023,noi,Trĩ,Tiêu hoá,,"Bệnh nhân nữ 28 tuổi, mang thai lần đầu ở tuần thứ 32, đến khám vì chảy máu và đau rát hậu môn. Bệnh nhân cho biết tình trạng táo bón bắt đầu xuất hiện từ 3 tháng giữa của thai kỳ và ngày càng nặng hơn. Khoảng 2 tuần nay, mỗi lần đi ngoài phân cứng, bệnh nhân cảm thấy đau như dao cắt ở hậu môn và sau đó thấy có vệt máu đỏ tươi trên giấy vệ sinh. Cơn đau kéo dài âm ỉ vài giờ sau khi đi ngoài. Bệnh nhân rất sợ đi đại tiện. Khám lâm sàng bệnh nhân tỉnh táo, sinh hiệu ổn. Khám hậu môn ở tư thế nghiêng trái, khi banh nhẹ hai mép hậu môn, quan sát thấy ở vị trí 6h (mép sau) có một vết rách nông, hình vợt, bờ rõ, đáy có thể thấy các thớ của cơ thắt trong. Vết rách rất đau khi chạm vào. Thăm trực tràng khó thực hiện do bệnh nhân quá đau và cơ thắt co chặt.

Tại sao bệnh trĩ và nứt kẽ hậu môn lại thường gặp ở phụ nữ mang thai?","Do stress, lo âu.",Do ít vận động.,Do chế độ ăn của phụ nữ mang thai thường thiếu chất.,"Do thay đổi nội tiết tố (progesterone) làm giãn tĩnh mạch và giảm nhu động ruột, kết hợp với áp lực của tử cung chèn ép.",,d,"Trong thai kỳ, nồng độ progesterone tăng cao làm giãn cơ trơn, bao gồm cả thành tĩnh mạch (góp phần gây trĩ) và cơ trơn của ruột (gây giảm nhu động, dẫn đến táo bón). Đồng thời, tử cung ngày càng lớn sẽ chèn ép vào các tĩnh mạch vùng chậu, cản trở hồi lưu máu và chèn ép vào đại tràng, làm nặng thêm cả hai tình trạng."
noi-tri-mcq-024,noi,Trĩ,Tiêu hoá,,"Bệnh nhân nữ 28 tuổi, mang thai lần đầu ở tuần thứ 32, đến khám vì chảy máu và đau rát hậu môn. Bệnh nhân cho biết tình trạng táo bón bắt đầu xuất hiện từ 3 tháng giữa của thai kỳ và ngày càng nặng hơn. Khoảng 2 tuần nay, mỗi lần đi ngoài phân cứng, bệnh nhân cảm thấy đau như dao cắt ở hậu môn và sau đó thấy có vệt máu đỏ tươi trên giấy vệ sinh. Cơn đau kéo dài âm ỉ vài giờ sau khi đi ngoài. Bệnh nhân rất sợ đi đại tiện. Khám lâm sàng bệnh nhân tỉnh táo, sinh hiệu ổn. Khám hậu môn ở tư thế nghiêng trái, khi banh nhẹ hai mép hậu môn, quan sát thấy ở vị trí 6h (mép sau) có một vết rách nông, hình vợt, bờ rõ, đáy có thể thấy các thớ của cơ thắt trong. Vết rách rất đau khi chạm vào. Thăm trực tràng khó thực hiện do bệnh nhân quá đau và cơ thắt co chặt.

Mục tiêu chính của điều trị bảo tồn nứt kẽ hậu môn cấp là gì?",Làm tê liệt cơ thắt hậu môn.,Dùng kháng sinh để diệt vi khuẩn.,Cắt bỏ vết nứt.,Phá vỡ vòng luẩn quẩn bằng cách làm mềm phân và làm giãn cơ thắt trong.,,d,"Điều trị bảo tồn nhằm mục đích phá vỡ vòng luẩn quẩn ""đau- co thắt-thiếu máu"". Việc làm mềm phân (bằng chất xơ, thuốc nhuận tràng) giúp giảm tổn thương khi đi ngoài. Việc làm giãn cơ thắt trong (bằng ngâm nước ấm, thuốc bôi) giúp giảm đau và quan trọng là cải thiện tưới máu đến vết nứt, tạo điều kiện cho nó tự lành."
noi-tri-mcq-025,noi,Trĩ,Tiêu hoá,,"Bệnh nhân nữ 28 tuổi, mang thai lần đầu ở tuần thứ 32, đến khám vì chảy máu và đau rát hậu môn. Bệnh nhân cho biết tình trạng táo bón bắt đầu xuất hiện từ 3 tháng giữa của thai kỳ và ngày càng nặng hơn. Khoảng 2 tuần nay, mỗi lần đi ngoài phân cứng, bệnh nhân cảm thấy đau như dao cắt ở hậu môn và sau đó thấy có vệt máu đỏ tươi trên giấy vệ sinh. Cơn đau kéo dài âm ỉ vài giờ sau khi đi ngoài. Bệnh nhân rất sợ đi đại tiện. Khám lâm sàng bệnh nhân tỉnh táo, sinh hiệu ổn. Khám hậu môn ở tư thế nghiêng trái, khi banh nhẹ hai mép hậu môn, quan sát thấy ở vị trí 6h (mép sau) có một vết rách nông, hình vợt, bờ rõ, đáy có thể thấy các thớ của cơ thắt trong. Vết rách rất đau khi chạm vào. Thăm trực tràng khó thực hiện do bệnh nhân quá đau và cơ thắt co chặt.

Loại thuốc bôi tại chỗ nào sau đây có tác dụng làm giãn cơ thắt trong và được sử dụng để điều trị nứt kẽ hậu môn?",Thuốc bôi co mạch (phenylephrine).,Thuốc mỡ kháng sinh.,Thuốc mỡ chứa Nitroglycerin (GTN) hoặc thuốc chẹn kênh calci (Diltiazem).,Thuốc bôi chứa corticoid.,,c,"Các thuốc mỡ chứa Nitroglycerin (GTN) hoặc Diltiazem có tác dụng làm giãn cơ trơn tại chỗ bằng cách tăng cung cấp nitric oxide hoặc chẹn kênh calci. Khi bôi vào ống hậu môn, chúng giúp làm giảm áp lực của cơ thắt trong, từ đó giảm đau và tăng lưu lượng máu tới vết nứt, thúc đẩy quá trình liền sẹo."
noi-tri-mcq-026,noi,Trĩ,Tiêu hoá,,"Bệnh nhân nam 60 tuổi, tiền sử táo bón mạn tính, đến khám vì chảy máu hậu môn và cảm giác có một ""mẩu da thừa"" ở hậu môn. Bệnh nhân cho biết ông bị trĩ ngoại tắc mạch cách đây 2 năm, đã tự điều trị tại nhà và cơn đau đã hết, nhưng sau đó để lại một mẩu da thừa mềm, không đau ở rìa hậu môn, gây khó khăn khi vệ sinh và đôi khi bị viêm, ngứa. Gần đây, bệnh nhân thấy có chảy máu đỏ tươi lượng ít khi đi ngoài. Khám hậu môn thấy ở vị trí 3h có một nếp da thừa dài khoảng 1 cm, mềm, cùng màu với da xung quanh, không đau khi sờ. Nội soi ống hậu môn phát hiện các búi trĩ nội độ 1 ở các vị trí khác, là nguồn gây chảy máu.

""Mẩu da thừa"" ở hậu môn của bệnh nhân được gọi là gì?",Lỗ rò hậu môn.,Polyp hậu môn.,Da thừa hậu môn (Skin tag).,Sùi mào gà.,,c,"Đây là hình ảnh và bệnh sử điển hình của da thừa hậu môn, một tổn thương lành tính rất phổ biến."
noi-tri-mcq-027,noi,Trĩ,Tiêu hoá,,"Bệnh nhân nam 60 tuổi, tiền sử táo bón mạn tính, đến khám vì chảy máu hậu môn và cảm giác có một ""mẩu da thừa"" ở hậu môn. Bệnh nhân cho biết ông bị trĩ ngoại tắc mạch cách đây 2 năm, đã tự điều trị tại nhà và cơn đau đã hết, nhưng sau đó để lại một mẩu da thừa mềm, không đau ở rìa hậu môn, gây khó khăn khi vệ sinh và đôi khi bị viêm, ngứa. Gần đây, bệnh nhân thấy có chảy máu đỏ tươi lượng ít khi đi ngoài. Khám hậu môn thấy ở vị trí 3h có một nếp da thừa dài khoảng 1 cm, mềm, cùng màu với da xung quanh, không đau khi sờ. Nội soi ống hậu môn phát hiện các búi trĩ nội độ 1 ở các vị trí khác, là nguồn gây chảy máu.

Cơ chế hình thành da thừa hậu môn thường gặp nhất là gì?",Là di chứng còn lại sau khi một khối trĩ ngoại tắc mạch tự thoái triển.,Do vệ sinh không tốt.,Là một dạng u lành tính của da.,Do nhiễm virus HPV.,,a,"Khi một khối trĩ ngoại tắc mạch hình thành, nó làm căng giãn lớp da bên trên. Sau khi huyết khối được hấp thu, lớp da bị căng giãn này không co lại hoàn toàn mà bị chùng xuống, tạo thành một mẩu da thừa. Đây là nguyên nhân thường gặp nhất. Nó cũng có thể là di chứng của nứt kẽ hậu môn mạn tính."
noi-tri-mcq-028,noi,Trĩ,Tiêu hoá,,"Bệnh nhân nam 60 tuổi, tiền sử táo bón mạn tính, đến khám vì chảy máu hậu môn và cảm giác có một ""mẩu da thừa"" ở hậu môn. Bệnh nhân cho biết ông bị trĩ ngoại tắc mạch cách đây 2 năm, đã tự điều trị tại nhà và cơn đau đã hết, nhưng sau đó để lại một mẩu da thừa mềm, không đau ở rìa hậu môn, gây khó khăn khi vệ sinh và đôi khi bị viêm, ngứa. Gần đây, bệnh nhân thấy có chảy máu đỏ tươi lượng ít khi đi ngoài. Khám hậu môn thấy ở vị trí 3h có một nếp da thừa dài khoảng 1 cm, mềm, cùng màu với da xung quanh, không đau khi sờ. Nội soi ống hậu môn phát hiện các búi trĩ nội độ 1 ở các vị trí khác, là nguồn gây chảy máu.

Da thừa hậu môn có phải là một dạng của bệnh trĩ không và nó có nguy cơ ác tính không?","Có, đó là trĩ ngoại độ 1 và có nguy cơ ác tính.","Không, nó chỉ là nếp da bị chùng xuống và hoàn toàn lành tính.","Có, đó là một dạng polyp tiền ung thư.","Không, nhưng nó sẽ tiến triển thành áp xe.",,b,"Da thừa hậu môn không phải là trĩ. Nó không chứa các cấu trúc mạch máu giãn nở như búi trĩ và không được phân độ. Nó là một tổn thương hoàn toàn lành tính, không có khả năng trở thành ung thư."
noi-tri-mcq-029,noi,Trĩ,Tiêu hoá,,"Bệnh nhân nam 60 tuổi, tiền sử táo bón mạn tính, đến khám vì chảy máu hậu môn và cảm giác có một ""mẩu da thừa"" ở hậu môn. Bệnh nhân cho biết ông bị trĩ ngoại tắc mạch cách đây 2 năm, đã tự điều trị tại nhà và cơn đau đã hết, nhưng sau đó để lại một mẩu da thừa mềm, không đau ở rìa hậu môn, gây khó khăn khi vệ sinh và đôi khi bị viêm, ngứa. Gần đây, bệnh nhân thấy có chảy máu đỏ tươi lượng ít khi đi ngoài. Khám hậu môn thấy ở vị trí 3h có một nếp da thừa dài khoảng 1 cm, mềm, cùng màu với da xung quanh, không đau khi sờ. Nội soi ống hậu môn phát hiện các búi trĩ nội độ 1 ở các vị trí khác, là nguồn gây chảy máu.

Triệu chứng chính mà da thừa hậu môn gây ra là gì?",Đau dữ dội.,Sốt.,"Khó khăn trong việc vệ sinh, gây ẩm ướt, ngứa và viêm da thứ phát.",Chảy máu ồ ạt.,,c,"Bản thân da thừa không gây đau hay chảy máu. Vấn đề chính là nó tạo ra các nếp gấp khiến việc làm sạch vùng hậu môn sau khi đi ngoài trở nên khó khăn. Phân và hơi ẩm có thể bị đọng lại, gây kích ứng da, viêm nhiễm và ngứa ngáy khó chịu."
noi-tri-mcq-030,noi,Trĩ,Tiêu hoá,,"Bệnh nhân nam 60 tuổi, tiền sử táo bón mạn tính, đến khám vì chảy máu hậu môn và cảm giác có một ""mẩu da thừa"" ở hậu môn. Bệnh nhân cho biết ông bị trĩ ngoại tắc mạch cách đây 2 năm, đã tự điều trị tại nhà và cơn đau đã hết, nhưng sau đó để lại một mẩu da thừa mềm, không đau ở rìa hậu môn, gây khó khăn khi vệ sinh và đôi khi bị viêm, ngứa. Gần đây, bệnh nhân thấy có chảy máu đỏ tươi lượng ít khi đi ngoài. Khám hậu môn thấy ở vị trí 3h có một nếp da thừa dài khoảng 1 cm, mềm, cùng màu với da xung quanh, không đau khi sờ. Nội soi ống hậu môn phát hiện các búi trĩ nội độ 1 ở các vị trí khác, là nguồn gây chảy máu.

Hướng xử trí phù hợp nhất cho da thừa hậu môn nếu nó gây ra triệu chứng khó chịu cho bệnh nhân?",Dùng thuốc bôi kháng sinh.,"Theo dõi định kỳ, không cần can thiệp.",Dùng thuốc điều trị trĩ đường uống.,Cắt bỏ bằng một tiểu phẫu đơn giản tại phòng khám.,,d,"Nếu da thừa không gây triệu chứng, không cần điều trị. Tuy nhiên, nếu nó gây ra các vấn đề về vệ sinh và ảnh hưởng đến chất lượng cuộc sống, phương pháp điều trị hiệu quả và triệt để nhất là cắt bỏ nó bằng một tiểu phẫu đơn giản với gây tê tại chỗ."
noi-tri-mcq-031,noi,Trĩ,Tiêu hoá,,"Bệnh nhân nữ 38 tuổi, đến khám vì đi ngoài ra máu. Bệnh nhân hoàn toàn không có triệu chứng đau, rát hay sa búi trĩ. Bệnh nhân chỉ tình cờ phát hiện có máu đỏ tươi, lượng ít, phủ thành vệt trên khuôn phân cứng sau một đợt táo bón. Tình trạng này thỉnh thoảng lặp lại. Bệnh nhân không có các dấu hiệu báo động đỏ. Khám hậu môn bên ngoài không thấy bất thường. Thăm trực tràng không sờ thấy u cục. Nội soi ống hậu môn (anoscope) cho thấy niêm mạc ống hậu môn bình thường, ngoại trừ ở vị trí 7h và 11h, các đám rối tĩnh mạch trĩ trong phồng lên, niêm mạc trên bề mặt hơi xung huyết nhưng không sa xuống dưới đường lược khi bệnh nhân rặn.

Bệnh trĩ của bệnh nhân được phân độ là gì?",Trĩ độ 3.,Trĩ độ 2.,Trĩ hỗn hợp.,Trĩ độ 1.,,d,"Trĩ độ 1 được định nghĩa là các búi trĩ chỉ phồng lên trong lòng ống hậu môn và có thể gây chảy máu, nhưng không sa ra ngoài ngay cả khi rặn. Tình trạng của bệnh nhân hoàn toàn phù hợp với mô tả này."
noi-tri-mcq-032,noi,Trĩ,Tiêu hoá,,"Bệnh nhân nữ 38 tuổi, đến khám vì đi ngoài ra máu. Bệnh nhân hoàn toàn không có triệu chứng đau, rát hay sa búi trĩ. Bệnh nhân chỉ tình cờ phát hiện có máu đỏ tươi, lượng ít, phủ thành vệt trên khuôn phân cứng sau một đợt táo bón. Tình trạng này thỉnh thoảng lặp lại. Bệnh nhân không có các dấu hiệu báo động đỏ. Khám hậu môn bên ngoài không thấy bất thường. Thăm trực tràng không sờ thấy u cục. Nội soi ống hậu môn (anoscope) cho thấy niêm mạc ống hậu môn bình thường, ngoại trừ ở vị trí 7h và 11h, các đám rối tĩnh mạch trĩ trong phồng lên, niêm mạc trên bề mặt hơi xung huyết nhưng không sa xuống dưới đường lược khi bệnh nhân rặn.

Cơ chế chính gây chảy máu trong trĩ nội là gì?",Do khối u bị hoại tử.,Do vỡ các tĩnh mạch trĩ ngoại.,Do sự đi qua của khối phân cứng làm trầy xước lớp niêm mạc mỏng manh trên bề mặt búi trĩ nội.,Do nhiễm trùng gây loét.,,c,"Búi trĩ nội được bao phủ bởi lớp niêm mạc mỏng manh của trực tràng. Khi một khối phân cứng, to đi qua ống hậu môn, nó sẽ cọ xát và làm trầy xước bề mặt của các búi trĩ bị sung huyết, gây chảy máu từ các mao mạch và tiểu động mạch bên trong."
noi-tri-mcq-033,noi,Trĩ,Tiêu hoá,,"Bệnh nhân nữ 38 tuổi, đến khám vì đi ngoài ra máu. Bệnh nhân hoàn toàn không có triệu chứng đau, rát hay sa búi trĩ. Bệnh nhân chỉ tình cờ phát hiện có máu đỏ tươi, lượng ít, phủ thành vệt trên khuôn phân cứng sau một đợt táo bón. Tình trạng này thỉnh thoảng lặp lại. Bệnh nhân không có các dấu hiệu báo động đỏ. Khám hậu môn bên ngoài không thấy bất thường. Thăm trực tràng không sờ thấy u cục. Nội soi ống hậu môn (anoscope) cho thấy niêm mạc ống hậu môn bình thường, ngoại trừ ở vị trí 7h và 11h, các đám rối tĩnh mạch trĩ trong phồng lên, niêm mạc trên bề mặt hơi xung huyết nhưng không sa xuống dưới đường lược khi bệnh nhân rặn.

Đặc điểm của chảy máu do trĩ nội thường là gì?",Máu đông thành cục.,"Máu đỏ tươi, không lẫn vào phân, xảy ra cuối bãi.",Luôn kèm theo đau bụng dữ dội.,"Máu đen, lẫn vào phân.",,b,"Vì vị trí chảy máu ở rất thấp (ống hậu môn), máu có màu đỏ tươi và thường không bị trộn lẫn vào khối phân. Bệnh nhân thường mô tả máu phủ bên ngoài khuôn phân, dính vào giấy vệ sinh, hoặc nhỏ giọt xuống bồn cầu sau khi phân đã ra hết."
noi-tri-mcq-034,noi,Trĩ,Tiêu hoá,,"Bệnh nhân nữ 38 tuổi, đến khám vì đi ngoài ra máu. Bệnh nhân hoàn toàn không có triệu chứng đau, rát hay sa búi trĩ. Bệnh nhân chỉ tình cờ phát hiện có máu đỏ tươi, lượng ít, phủ thành vệt trên khuôn phân cứng sau một đợt táo bón. Tình trạng này thỉnh thoảng lặp lại. Bệnh nhân không có các dấu hiệu báo động đỏ. Khám hậu môn bên ngoài không thấy bất thường. Thăm trực tràng không sờ thấy u cục. Nội soi ống hậu môn (anoscope) cho thấy niêm mạc ống hậu môn bình thường, ngoại trừ ở vị trí 7h và 11h, các đám rối tĩnh mạch trĩ trong phồng lên, niêm mạc trên bề mặt hơi xung huyết nhưng không sa xuống dưới đường lược khi bệnh nhân rặn.

Can thiệp nào là phù hợp nhất cho bệnh nhân trĩ độ 1 chỉ có triệu chứng chảy máu không thường xuyên?","Điều trị nội khoa bảo tồn (chế độ ăn giàu chất xơ, uống đủ nước, tránh rặn).",Thắt trĩ bằng vòng cao su.,Phẫu thuật cắt trĩ ngay lập tức.,Dùng thuốc xổ mạnh.,,a,"Đối với trĩ độ 1, điều trị luôn bắt đầu bằng các biện pháp bảo tồn. Việc thay đổi lối sống để có khuôn phân mềm và dễ đi ngoài thường là đủ để kiểm soát các đợt chảy máu không thường xuyên. Các can thiệp thủ thuật chỉ được xem xét nếu chảy máu nhiều, dai dẳng gây thiếu máu mặc dù đã điều trị nội khoa tối ưu."
noi-tri-mcq-035,noi,Trĩ,Tiêu hoá,,"Bệnh nhân nữ 38 tuổi, đến khám vì đi ngoài ra máu. Bệnh nhân hoàn toàn không có triệu chứng đau, rát hay sa búi trĩ. Bệnh nhân chỉ tình cờ phát hiện có máu đỏ tươi, lượng ít, phủ thành vệt trên khuôn phân cứng sau một đợt táo bón. Tình trạng này thỉnh thoảng lặp lại. Bệnh nhân không có các dấu hiệu báo động đỏ. Khám hậu môn bên ngoài không thấy bất thường. Thăm trực tràng không sờ thấy u cục. Nội soi ống hậu môn (anoscope) cho thấy niêm mạc ống hậu môn bình thường, ngoại trừ ở vị trí 7h và 11h, các đám rối tĩnh mạch trĩ trong phồng lên, niêm mạc trên bề mặt hơi xung huyết nhưng không sa xuống dưới đường lược khi bệnh nhân rặn.

Thuốc tăng cường trương lực tĩnh mạch (venotonic agents) như Daflon có vai trò gì trong điều trị các đợt trĩ cấp?","Giúp giảm các triệu chứng cấp tính như chảy máu, đau và phù nề.",Không có vai trò gì.,Dùng để phòng ngừa hình thành trĩ.,Có thể làm teo nhỏ búi trĩ vĩnh viễn.,,a,"Các thuốc tăng cường trương lực tĩnh mạch được chứng minh là có hiệu quả trong việc làm giảm các triệu chứng trong đợt cấp của bệnh trĩ. Chúng có tác dụng chống viêm, giảm phù nề và cải thiện trương lực tĩnh mạch, từ đó giúp giảm thời gian và mức độ nặng của các triệu chứng cấp. Tuy nhiên, chúng không có tác dụng điều trị khỏi bệnh hay làm thay đổi độ sa của búi trĩ về lâu dài."
noi-tri-mcq-036,noi,Trĩ,Tiêu hoá,,"Bệnh nhân nữ 65 tuổi, có tiền sử xơ gan Child-Pugh B, cổ trướng và đã được thắt tĩnh mạch thực quản dự phòng. Bệnh nhân đến khám vì đi ngoài ra máu đỏ tươi lượng nhiều. Bệnh nhân khai rằng mỗi lần đi ngoài, máu chảy thành tia hoặc thành giọt kéo dài, khiến bệnh nhân hoa mắt. Tình trạng này đã có từ lâu nhưng gần đây nặng hơn. Nội soi dạ dày cách đây 1 tháng không thấy chảy máu. Khám thấy bệnh nhân có da niêm mạc nhợt, các dấu hiệu của bệnh gan mạn. Nội soi ống hậu môn cho thấy các búi trĩ nội lớn, căng phồng, xung huyết. Cận lâm sàng: Hemoglobin 8.0 g/L, Tiểu cầu 60 G/L, PT(INR) 1.8.

Tình trạng chảy máu trĩ nặng ở bệnh nhân này có thể bị làm trầm trọng hơn bởi yếu tố nào liên quan đến bệnh gan nền?",Bệnh não gan.,Tăng áp lực tĩnh mạch cửa và rối loạn đông máu.,Nhiễm virus viêm gan.,Vàng da.,,b,"Bệnh nhân xơ gan có hai yếu tố chính làm cho chảy máu trĩ trở nên nghiêm trọng: (1) Tăng áp lực tĩnh mạch cửa làm các búi trĩ luôn trong tình trạng căng phồng, sung huyết; (2) Suy giảm chức năng gan dẫn đến giảm sản xuất các yếu tố đông máu và giảm số lượng tiểu cầu, làm cho máu khó đông và chảy máu kéo dài."
noi-tri-mcq-037,noi,Trĩ,Tiêu hoá,,"Bệnh nhân nữ 65 tuổi, có tiền sử xơ gan Child-Pugh B, cổ trướng và đã được thắt tĩnh mạch thực quản dự phòng. Bệnh nhân đến khám vì đi ngoài ra máu đỏ tươi lượng nhiều. Bệnh nhân khai rằng mỗi lần đi ngoài, máu chảy thành tia hoặc thành giọt kéo dài, khiến bệnh nhân hoa mắt. Tình trạng này đã có từ lâu nhưng gần đây nặng hơn. Nội soi dạ dày cách đây 1 tháng không thấy chảy máu. Khám thấy bệnh nhân có da niêm mạc nhợt, các dấu hiệu của bệnh gan mạn. Nội soi ống hậu môn cho thấy các búi trĩ nội lớn, căng phồng, xung huyết. Cận lâm sàng: Hemoglobin 8.0 g/L, Tiểu cầu 60 G/L, PT(INR) 1.8.

Cơ chế nào giải thích mối liên quan giữa tăng áp lực tĩnh mạch cửa và bệnh trĩ?","Vòng nối giữa hệ tĩnh mạch cửa (qua tĩnh mạch trực tràng trên) và hệ tĩnh mạch chủ (qua tĩnh mạch trực tràng giữa và dưới) bị tăng áp lực, làm giãn các đám rối tĩnh mạch trĩ.",Cổ trướng làm tăng áp lực ổ bụng.,"Xơ gan gây suy dinh dưỡng, làm yếu mô liên kết.",Tăng áp lực tĩnh mạch cửa gây ra tình trạng viêm toàn thân.,,a,"Các đám rối tĩnh mạch trĩ là một trong những vị trí có vòng nối cửa-chủ. Khi áp lực trong hệ cửa tăng cao, máu sẽ chảy ngược vào tĩnh mạch trực tràng trên, làm tăng áp lực và gây giãn nở các đám rối tĩnh mạch trĩ trong và trĩ ngoài. Trĩ ở bệnh nhân xơ gan thực chất là biểu hiện của tăng áp lực tĩnh mạch cửa."
noi-tri-mcq-038,noi,Trĩ,Tiêu hoá,,"Bệnh nhân nữ 65 tuổi, có tiền sử xơ gan Child-Pugh B, cổ trướng và đã được thắt tĩnh mạch thực quản dự phòng. Bệnh nhân đến khám vì đi ngoài ra máu đỏ tươi lượng nhiều. Bệnh nhân khai rằng mỗi lần đi ngoài, máu chảy thành tia hoặc thành giọt kéo dài, khiến bệnh nhân hoa mắt. Tình trạng này đã có từ lâu nhưng gần đây nặng hơn. Nội soi dạ dày cách đây 1 tháng không thấy chảy máu. Khám thấy bệnh nhân có da niêm mạc nhợt, các dấu hiệu của bệnh gan mạn. Nội soi ống hậu môn cho thấy các búi trĩ nội lớn, căng phồng, xung huyết. Cận lâm sàng: Hemoglobin 8.0 g/L, Tiểu cầu 60 G/L, PT(INR) 1.8.

Tại sao việc can thiệp thủ thuật hoặc phẫu thuật cho bệnh trĩ ở bệnh nhân xơ gan nặng lại rất nguy hiểm?",Vì các búi trĩ ở bệnh nhân xơ gan không đáp ứng với can thiệp.,Vì bệnh nhân thường bị suy thận đi kèm.,Vì bệnh nhân thường không tuân thủ điều trị.,Vì nguy cơ chảy máu không kiểm soát được và nhiễm trùng rất cao do rối loạn đông máu và suy giảm miễn dịch.,,d,"Bất kỳ một can thiệp xâm lấn nào, dù là nhỏ, trên một bệnh nhân có rối loạn đông máu nặng (INR kéo dài, tiểu cầu thấp) đều có nguy cơ rất cao gây chảy máu không cầm được. Ngoài ra, bệnh nhân xơ gan cũng bị suy giảm chức năng miễn dịch, làm tăng nguy cơ nhiễm trùng vết thương."
noi-tri-mcq-039,noi,Trĩ,Tiêu hoá,,"Bệnh nhân nữ 65 tuổi, có tiền sử xơ gan Child-Pugh B, cổ trướng và đã được thắt tĩnh mạch thực quản dự phòng. Bệnh nhân đến khám vì đi ngoài ra máu đỏ tươi lượng nhiều. Bệnh nhân khai rằng mỗi lần đi ngoài, máu chảy thành tia hoặc thành giọt kéo dài, khiến bệnh nhân hoa mắt. Tình trạng này đã có từ lâu nhưng gần đây nặng hơn. Nội soi dạ dày cách đây 1 tháng không thấy chảy máu. Khám thấy bệnh nhân có da niêm mạc nhợt, các dấu hiệu của bệnh gan mạn. Nội soi ống hậu môn cho thấy các búi trĩ nội lớn, căng phồng, xung huyết. Cận lâm sàng: Hemoglobin 8.0 g/L, Tiểu cầu 60 G/L, PT(INR) 1.8.

Hướng xử trí ưu tiên cho tình trạng chảy máu trĩ cấp ở bệnh nhân này là gì?",Đặt một quả bóng chèn vào trực tràng.,Phẫu thuật cắt trĩ cấp cứu.,"Điều trị nội khoa bảo tồn tối đa, bồi hoàn các yếu tố đông máu và xem xét các can thiệp cầm máu tại chỗ ít xâm lấn.",Bắt đầu ngay thuốc chẹn beta.,,c,"Do nguy cơ phẫu thuật rất cao, hướng xử trí ban đầu là cố gắng cầm máu bằng các biện pháp bảo tồn, bao gồm nằm nghỉ, điều chỉnh rối loạn đông máu (truyền huyết tương tươi đông lạnh, tiểu cầu). Các biện pháp cầm máu tại chỗ qua nội soi như tiêm xơ hoặc khâu cầm máu có thể được xem xét một cách thận trọng."
noi-tri-mcq-040,noi,Trĩ,Tiêu hoá,,"Bệnh nhân nữ 65 tuổi, có tiền sử xơ gan Child-Pugh B, cổ trướng và đã được thắt tĩnh mạch thực quản dự phòng. Bệnh nhân đến khám vì đi ngoài ra máu đỏ tươi lượng nhiều. Bệnh nhân khai rằng mỗi lần đi ngoài, máu chảy thành tia hoặc thành giọt kéo dài, khiến bệnh nhân hoa mắt. Tình trạng này đã có từ lâu nhưng gần đây nặng hơn. Nội soi dạ dày cách đây 1 tháng không thấy chảy máu. Khám thấy bệnh nhân có da niêm mạc nhợt, các dấu hiệu của bệnh gan mạn. Nội soi ống hậu môn cho thấy các búi trĩ nội lớn, căng phồng, xung huyết. Cận lâm sàng: Hemoglobin 8.0 g/L, Tiểu cầu 60 G/L, PT(INR) 1.8.

Đối với bệnh nhân xơ gan, phương pháp can thiệp nào có thể được xem xét để kiểm soát tăng áp lực tĩnh mạch cửa, từ đó có thể làm giảm chảy máu do trĩ?",Đặt thông cửa chủ trong gan qua tĩnh mạch cảnh (TIPS).,Ghép gan.,Thắt tĩnh mạch thực quản.,Dùng thuốc lợi tiểu.,,a,"TIPS là một thủ thuật tạo ra một đường thông nhân tạo bên trong gan, nối trực tiếp một nhánh của tĩnh mạch cửa với một nhánh của tĩnh mạch gan. Đường thông này hoạt động như một shunt, cho phép máu từ hệ cửa đi tắt về hệ chủ, từ đó làm giảm áp lực tĩnh mạch cửa một cách hiệu quả. Việc giảm áp lực này sẽ làm giảm áp lực trong các búi trĩ và có thể giúp kiểm soát tình trạng chảy máu."
noi-tri-mcq-041,noi,Trĩ,Tiêu hoá,,"Bệnh nhân nữ 48 tuổi, đến khám vì một khối sa ở hậu môn. Bệnh nhân có tiền sử bị trĩ nhiều năm. Khám thấy ở vị trí 11h, có một khối sa từ trong ra ngoài, phần gốc bên trong có niêm mạc màu hồng của trĩ nội, phần ngọn bên ngoài có lớp da phủ của trĩ ngoại, hai phần này thông với nhau thành một khối chung. Khối này sa ra ngoài khi đi ngoài và phải dùng tay đẩy lên. Bệnh nhân thường xuyên cảm thấy vướng víu và chảy máu.

Loại trĩ mà bệnh nhân mắc phải được gọi là gì?",Trĩ nội.,Trĩ ngoại.,Trĩ hỗn hợp.,Trĩ vòng.,,c,Bệnh nhân có một khối trĩ duy nhất bao gồm cả thành phần trĩ nội (bên trên đường lược) và trĩ ngoại (bên dưới đường lược) liên kết với nhau. Đây là định nghĩa của trĩ hỗn hợp.
noi-tri-mcq-042,noi,Trĩ,Tiêu hoá,,"Bệnh nhân nữ 48 tuổi, đến khám vì một khối sa ở hậu môn. Bệnh nhân có tiền sử bị trĩ nhiều năm. Khám thấy ở vị trí 11h, có một khối sa từ trong ra ngoài, phần gốc bên trong có niêm mạc màu hồng của trĩ nội, phần ngọn bên ngoài có lớp da phủ của trĩ ngoại, hai phần này thông với nhau thành một khối chung. Khối này sa ra ngoài khi đi ngoài và phải dùng tay đẩy lên. Bệnh nhân thường xuyên cảm thấy vướng víu và chảy máu.

Định nghĩa của trĩ hỗn hợp là gì?",Búi trĩ nội và búi trĩ ngoại ở cùng một vị trí bị sa và liên kết với nhau thành một khối duy nhất.,Bệnh nhân có cả trĩ nội và trĩ ngoại ở các vị trí khác nhau.,Trĩ có biến chứng huyết khối.,Bệnh nhân có cả trĩ và nứt kẽ hậu môn.,,a,"Trĩ hỗn hợp xảy ra khi búi trĩ nội bị sa quá nhiều, kéo theo cả phần trĩ ngoại tương ứng ở phía dưới, làm mất ranh giới giữa hai đám rối tĩnh mạch và tạo thành một khối liên tục từ trong ra ngoài."
noi-tri-mcq-043,noi,Trĩ,Tiêu hoá,,"Bệnh nhân nữ 48 tuổi, đến khám vì một khối sa ở hậu môn. Bệnh nhân có tiền sử bị trĩ nhiều năm. Khám thấy ở vị trí 11h, có một khối sa từ trong ra ngoài, phần gốc bên trong có niêm mạc màu hồng của trĩ nội, phần ngọn bên ngoài có lớp da phủ của trĩ ngoại, hai phần này thông với nhau thành một khối chung. Khối này sa ra ngoài khi đi ngoài và phải dùng tay đẩy lên. Bệnh nhân thường xuyên cảm thấy vướng víu và chảy máu.

Đường lược (hay đường răng cưa) có vai trò gì trong phân loại bệnh trĩ?",Không có vai trò gì.,Là ranh giới giải phẫu để phân biệt giữa trĩ nội (nằm trên đường lược) và trĩ ngoại (nằm dưới đường lược).,Là vị trí thường xảy ra nứt kẽ hậu môn.,Là nơi các dây chằng treo trĩ bám vào.,,b,"Đường lược là một ranh giới giải phẫu và sinh lý học rất quan trọng trong ống hậu môn. Về mặt giải phẫu, nó phân chia đám rối tĩnh mạch trĩ trong và trĩ ngoài. Về mặt sinh lý, vùng niêm mạc phía trên đường lược (trĩ nội) ít nhạy cảm với đau, trong khi vùng da phía dưới (trĩ ngoại) lại rất giàu cảm giác đau. Điều này giải thích tại sao các can thiệp vào trĩ nội ít đau hơn."
noi-tri-mcq-044,noi,Trĩ,Tiêu hoá,,"Bệnh nhân nữ 48 tuổi, đến khám vì một khối sa ở hậu môn. Bệnh nhân có tiền sử bị trĩ nhiều năm. Khám thấy ở vị trí 11h, có một khối sa từ trong ra ngoài, phần gốc bên trong có niêm mạc màu hồng của trĩ nội, phần ngọn bên ngoài có lớp da phủ của trĩ ngoại, hai phần này thông với nhau thành một khối chung. Khối này sa ra ngoài khi đi ngoài và phải dùng tay đẩy lên. Bệnh nhân thường xuyên cảm thấy vướng víu và chảy máu.

Đối với trĩ hỗn hợp lớn và có triệu chứng, phương pháp điều trị nào thường được chỉ định?",Phẫu thuật cắt trĩ.,Chỉ cần điều trị nội khoa.,Thắt trĩ bằng vòng cao su.,Tiêm xơ.,,a,"Do trĩ hỗn hợp có cả thành phần trĩ ngoại (có da che phủ), các thủ thuật như thắt vòng cao su hay tiêm xơ không thể áp dụng được cho toàn bộ búi trĩ. Do đó, phẫu thuật cắt bỏ là phương pháp điều trị triệt để và phù hợp nhất cho các trường hợp trĩ hỗn hợp lớn, gây triệu chứng nhiều."
noi-tri-mcq-045,noi,Trĩ,Tiêu hoá,,"Bệnh nhân nữ 48 tuổi, đến khám vì một khối sa ở hậu môn. Bệnh nhân có tiền sử bị trĩ nhiều năm. Khám thấy ở vị trí 11h, có một khối sa từ trong ra ngoài, phần gốc bên trong có niêm mạc màu hồng của trĩ nội, phần ngọn bên ngoài có lớp da phủ của trĩ ngoại, hai phần này thông với nhau thành một khối chung. Khối này sa ra ngoài khi đi ngoài và phải dùng tay đẩy lên. Bệnh nhân thường xuyên cảm thấy vướng víu và chảy máu.

Phẫu thuật cắt trĩ kinh điển (như phương pháp Milligan-Morgan) có nguyên tắc là gì?",Cắt một khoanh niêm mạc phía trên búi trĩ.,Đốt bỏ toàn bộ vùng trĩ.,"Cắt bỏ từng búi trĩ riêng lẻ, để lại các cầu da niêm mạc ở giữa.",Khâu thắt các động mạch nuôi búi trĩ.,,c,"Nguyên tắc của các phương pháp phẫu thuật cắt trĩ kinh điển là cắt bỏ riêng lẻ từng búi trĩ chính (ở các vị trí 3h, 7h, 11h), thắt lại cuống mạch ở gốc. Khoảng trống giữa các vết mổ được để hở (phương pháp mở như Milligan- Morgan) hoặc khâu lại (phương pháp kín như Ferguson). Việc để lại các cầu da-niêm mạc lành ở giữa các vết mổ là cực kỳ quan trọng để tránh biến chứng hẹp hậu môn sau này."
noi-tri-mcq-046,noi,Trĩ,Tiêu hoá,,"Bệnh nhân nam 55 tuổi, đến khám vì ngứa và chảy dịch hậu môn. Bệnh nhân có tiền sử phẫu thuật cắt trĩ theo phương pháp Milligan-Morgan cách đây 10 năm. Sau phẫu thuật, bệnh nhân thường xuyên bị són phân lỏng và hơi khi ho hoặc gắng sức. Bệnh nhân cũng cảm thấy khó khăn trong việc làm sạch hoàn toàn sau khi đi ngoài, gây ẩm ướt và ngứa ngáy. Khám hậu môn thấy có sẹo mổ cũ, trương lực cơ thắt lúc nghỉ giảm. Bệnh nhân không phân biệt được rõ giữa hơi và phân. Đo áp lực hậu môn trực tràng cho thấy áp lực lúc nghỉ của cơ thắt trong giảm đáng kể.

Tình trạng són phân và hơi của bệnh nhân là biến chứng gì của phẫu thuật cắt trĩ?",Hẹp hậu môn.,Rò hậu môn.,Mất tự chủ hậu môn (són phân).,Tái phát trĩ.,,c,"Són phân (fecal incontinence) là một biến chứng đáng sợ và ảnh hưởng nặng nề đến chất lượng cuộc sống sau phẫu thuật hậu môn trực tràng, bao gồm cả phẫu thuật cắt trĩ. Các triệu chứng của bệnh nhân là điển hình cho tình trạng này."
noi-tri-mcq-047,noi,Trĩ,Tiêu hoá,,"Bệnh nhân nam 55 tuổi, đến khám vì ngứa và chảy dịch hậu môn. Bệnh nhân có tiền sử phẫu thuật cắt trĩ theo phương pháp Milligan-Morgan cách đây 10 năm. Sau phẫu thuật, bệnh nhân thường xuyên bị són phân lỏng và hơi khi ho hoặc gắng sức. Bệnh nhân cũng cảm thấy khó khăn trong việc làm sạch hoàn toàn sau khi đi ngoài, gây ẩm ướt và ngứa ngáy. Khám hậu môn thấy có sẹo mổ cũ, trương lực cơ thắt lúc nghỉ giảm. Bệnh nhân không phân biệt được rõ giữa hơi và phân. Đo áp lực hậu môn trực tràng cho thấy áp lực lúc nghỉ của cơ thắt trong giảm đáng kể.

Cơ chế nào có thể gây ra biến chứng mất tự chủ sau phẫu thuật cắt trĩ?",Do sự hình thành sẹo xơ.,Do nhiễm trùng vết mổ.,Do chế độ ăn không đủ chất xơ.,Do tổn thương các cơ thắt hậu môn (đặc biệt là cơ thắt trong) trong quá trình phẫu thuật.,,d,"Trong quá trình phẫu tích cắt bỏ búi trĩ, nếu phẫu thuật viên đi quá sâu hoặc cắt quá rộng, có thể làm tổn thương một phần của cơ thắt trong hoặc cơ thắt ngoài. Cơ thắt trong đặc biệt dễ bị tổn thương. Ngoài ra, việc cắt bỏ quá nhiều da ống hậu môn (anoderm), nơi có các thụ thể cảm giác tinh tế, cũng làm mất khả năng phân biệt giữa hơi và phân."
noi-tri-mcq-048,noi,Trĩ,Tiêu hoá,,"Bệnh nhân nam 55 tuổi, đến khám vì ngứa và chảy dịch hậu môn. Bệnh nhân có tiền sử phẫu thuật cắt trĩ theo phương pháp Milligan-Morgan cách đây 10 năm. Sau phẫu thuật, bệnh nhân thường xuyên bị són phân lỏng và hơi khi ho hoặc gắng sức. Bệnh nhân cũng cảm thấy khó khăn trong việc làm sạch hoàn toàn sau khi đi ngoài, gây ẩm ướt và ngứa ngáy. Khám hậu môn thấy có sẹo mổ cũ, trương lực cơ thắt lúc nghỉ giảm. Bệnh nhân không phân biệt được rõ giữa hơi và phân. Đo áp lực hậu môn trực tràng cho thấy áp lực lúc nghỉ của cơ thắt trong giảm đáng kể.

Cơ thắt trong hậu môn có vai trò gì trong việc duy trì sự tự chủ?",Giúp phân biệt giữa hơi và phân.,Chịu trách nhiệm cho việc co thắt chủ động khi nín đi ngoài.,"Chịu trách nhiệm chính cho trương lực lúc nghỉ của ống hậu môn (khoảng 85%), giúp giữ kín hậu môn một cách không chủ ý.",Không có vai trò quan trọng.,,c,"Cơ thắt trong là một cơ trơn, hoạt động không theo ý muốn. Nó luôn ở trong trạng thái co thắt nhẹ, tạo ra phần lớn áp lực của ống hậu môn lúc nghỉ, giúp ngăn chặn sự rò rỉ không chủ ý của phân và hơi. Cơ thắt ngoài là cơ vân, chịu trách nhiệm cho việc co thắt chủ động để nín đi ngoài khi cần thiết."
noi-tri-mcq-049,noi,Trĩ,Tiêu hoá,,"Bệnh nhân nam 55 tuổi, đến khám vì ngứa và chảy dịch hậu môn. Bệnh nhân có tiền sử phẫu thuật cắt trĩ theo phương pháp Milligan-Morgan cách đây 10 năm. Sau phẫu thuật, bệnh nhân thường xuyên bị són phân lỏng và hơi khi ho hoặc gắng sức. Bệnh nhân cũng cảm thấy khó khăn trong việc làm sạch hoàn toàn sau khi đi ngoài, gây ẩm ướt và ngứa ngáy. Khám hậu môn thấy có sẹo mổ cũ, trương lực cơ thắt lúc nghỉ giảm. Bệnh nhân không phân biệt được rõ giữa hơi và phân. Đo áp lực hậu môn trực tràng cho thấy áp lực lúc nghỉ của cơ thắt trong giảm đáng kể.

Biến chứng này thường liên quan đến kỹ thuật phẫu thuật như thế nào?",Do không dùng kháng sinh dự phòng.,Do sử dụng dao điện.,Do cắt bỏ quá ít mô trĩ.,"Do cắt bỏ quá nhiều mô, làm tổn thương lớp cơ bên dưới hoặc cắt bỏ quá nhiều da ống hậu môn nhạy cảm.",,d,"Phẫu thuật cắt trĩ đòi hỏi sự tinh tế và tôn trọng giải phẫu. Việc cắt bỏ quá nhiều mô, đặc biệt là cắt phạm vào lớp cơ thắt hoặc loại bỏ các cầu da-niêm mạc, là những lỗi kỹ thuật có thể dẫn đến các biến chứng như mất tự chủ hoặc hẹp hậu môn."
noi-tri-mcq-050,noi,Trĩ,Tiêu hoá,,"Bệnh nhân nam 55 tuổi, đến khám vì ngứa và chảy dịch hậu môn. Bệnh nhân có tiền sử phẫu thuật cắt trĩ theo phương pháp Milligan-Morgan cách đây 10 năm. Sau phẫu thuật, bệnh nhân thường xuyên bị són phân lỏng và hơi khi ho hoặc gắng sức. Bệnh nhân cũng cảm thấy khó khăn trong việc làm sạch hoàn toàn sau khi đi ngoài, gây ẩm ướt và ngứa ngáy. Khám hậu môn thấy có sẹo mổ cũ, trương lực cơ thắt lúc nghỉ giảm. Bệnh nhân không phân biệt được rõ giữa hơi và phân. Đo áp lực hậu môn trực tràng cho thấy áp lực lúc nghỉ của cơ thắt trong giảm đáng kể.

Hướng điều trị cho tình trạng mất tự chủ mức độ nhẹ đến trung bình sau phẫu thuật thường bao gồm những gì?",Các bài tập vật lý trị liệu cho cơ sàn chậu (bài tập Kegel) và phản hồi sinh học (biofeedback).,Dùng thuốc cầm tiêu chảy (loperamide) suốt đời.,Không có phương pháp điều trị nào.,Phẫu thuật lại ngay lập tức.,,a,"Đối với các trường hợp mất tự chủ không hoàn toàn, điều trị bảo tồn là lựa chọn đầu tiên. Các bài tập Kegel giúp tăng cường sức mạnh của cơ thắt ngoài và cơ nâng hậu môn. Phản hồi sinh học giúp bệnh nhân học cách nhận biết và kiểm soát tốt hơn các cơ sàn chậu. Chế độ ăn điều chỉnh để phân có khuôn tốt cũng rất quan trọng. Các can thiệp phẫu thuật phức tạp hơn chỉ được xem xét khi điều trị bảo tồn thất bại."
noi-tri-mcq-051,noi,Trĩ,Tiêu hoá,,"Bệnh nhân nam 35 tuổi, nhân viên văn phòng, đến khám vì đi ngoài ra máu đỏ tươi nhỏ giọt cuối bãi phân suốt 1 tháng nay. Bệnh nhân không đau vùng hậu môn, thỉnh thoảng thấy một khối sa ra ngoài khi rặn đại tiện nhưng sau đó tự co lên được. Tiền sử táo bón mạn tính nhiều năm, thường xuyên ngồi lâu, không dị ứng thuốc. Khám toàn thân: mạch 80 lần/phút, huyết áp 120/70 mmHg, nhịp thở 16 lần/phút, không sốt, BMI 24 kg/m². Khám bụng mềm, không sờ thấy u cục. Thăm khám hậu môn trực tràng bằng tay không sờ thấy khối u cứng, cơ thắt hậu môn bình thường, rút găng có ít máu đỏ tươi. Xét nghiệm: Hemoglobin 125 g/L, tiểu cầu 250 x 10⁹/L.

Chẩn đoán phù hợp nhất ở bệnh nhân này là gì?",Nứt kẽ hậu môn mạn tính.,Trĩ ngoại tắc mạch cấp.,Trĩ nội phân độ II.,Polyp trực tràng chảy máu.,,c,"Bệnh nhân có biểu hiện chảy máu đỏ tươi sau đại tiện, không đau, kèm khối lồi ra ngoài tự co lên được là bệnh cảnh kinh điển của trĩ nội độ II. Nứt kẽ hậu môn và trĩ ngoại tắc mạch thường kèm đau dữ dội."
noi-tri-mcq-052,noi,Trĩ,Tiêu hoá,,"Bệnh nhân nam 35 tuổi, nhân viên văn phòng, đến khám vì đi ngoài ra máu đỏ tươi nhỏ giọt cuối bãi phân suốt 1 tháng nay. Bệnh nhân không đau vùng hậu môn, thỉnh thoảng thấy một khối sa ra ngoài khi rặn đại tiện nhưng sau đó tự co lên được. Tiền sử táo bón mạn tính nhiều năm, thường xuyên ngồi lâu, không dị ứng thuốc. Khám toàn thân: mạch 80 lần/phút, huyết áp 120/70 mmHg, nhịp thở 16 lần/phút, không sốt, BMI 24 kg/m². Khám bụng mềm, không sờ thấy u cục. Thăm khám hậu môn trực tràng bằng tay không sờ thấy khối u cứng, cơ thắt hậu môn bình thường, rút găng có ít máu đỏ tươi. Xét nghiệm: Hemoglobin 125 g/L, tiểu cầu 250 x 10⁹/L.

Cấu trúc giải phẫu nào bị suy yếu trực tiếp gây ra bệnh lý này?",Hệ thống dây chằng Parks.,Cơ thắt ngoài hậu môn.,Lớp niêm mạc trực tràng dưới.,Hệ thống tĩnh mạch mạc treo.,,a,"Trĩ nội hình thành do sự giãn nở của đám rối tĩnh mạch trĩ trong và sự đứt gãy, suy yếu của hệ thống dây chằng treo búi trĩ (dây chằng Parks), làm cho lớp đệm mạch máu sa xuống ống hậu môn."
noi-tri-mcq-053,noi,Trĩ,Tiêu hoá,,"Bệnh nhân nam 35 tuổi, nhân viên văn phòng, đến khám vì đi ngoài ra máu đỏ tươi nhỏ giọt cuối bãi phân suốt 1 tháng nay. Bệnh nhân không đau vùng hậu môn, thỉnh thoảng thấy một khối sa ra ngoài khi rặn đại tiện nhưng sau đó tự co lên được. Tiền sử táo bón mạn tính nhiều năm, thường xuyên ngồi lâu, không dị ứng thuốc. Khám toàn thân: mạch 80 lần/phút, huyết áp 120/70 mmHg, nhịp thở 16 lần/phút, không sốt, BMI 24 kg/m². Khám bụng mềm, không sờ thấy u cục. Thăm khám hậu môn trực tràng bằng tay không sờ thấy khối u cứng, cơ thắt hậu môn bình thường, rút găng có ít máu đỏ tươi. Xét nghiệm: Hemoglobin 125 g/L, tiểu cầu 250 x 10⁹/L.

Thăm dò nào sau đây được ưu tiên chỉ định tiếp theo?",Nội soi đại trực tràng toàn bộ.,Chụp cắt lớp vi tính ổ bụng.,Siêu âm nội soi qua đường hậu môn.,Nội soi ống cứng hậu môn trực tràng.,,d,"Ở bệnh nhân nam trẻ tuổi (35 tuổi) có triệu chứng chảy máu đường tiêu hóa dưới rõ ràng từ vùng hậu môn, nội soi ống cứng hoặc ống mềm vùng hậu môn trực tràng là chỉ định ưu tiên để xác định búi trĩ và loại trừ tổn thương trực tràng thấp."
noi-tri-mcq-054,noi,Trĩ,Tiêu hoá,,"Bệnh nhân nam 35 tuổi, nhân viên văn phòng, đến khám vì đi ngoài ra máu đỏ tươi nhỏ giọt cuối bãi phân suốt 1 tháng nay. Bệnh nhân không đau vùng hậu môn, thỉnh thoảng thấy một khối sa ra ngoài khi rặn đại tiện nhưng sau đó tự co lên được. Tiền sử táo bón mạn tính nhiều năm, thường xuyên ngồi lâu, không dị ứng thuốc. Khám toàn thân: mạch 80 lần/phút, huyết áp 120/70 mmHg, nhịp thở 16 lần/phút, không sốt, BMI 24 kg/m². Khám bụng mềm, không sờ thấy u cục. Thăm khám hậu môn trực tràng bằng tay không sờ thấy khối u cứng, cơ thắt hậu môn bình thường, rút găng có ít máu đỏ tươi. Xét nghiệm: Hemoglobin 125 g/L, tiểu cầu 250 x 10⁹/L.

Xử trí ban đầu nào sau đây là phù hợp nhất?",Tiêm thuốc xơ hóa tĩnh mạch.,Thắt trĩ bằng vòng cao su.,Phẫu thuật cắt bỏ búi trĩ.,Bổ sung nhiều chất xơ hòa tan.,,d,"Đối với trĩ nội độ II mới chẩn đoán, biện pháp quản lý đầu tay là điều trị nội khoa bảo tồn, trọng tâm là thay đổi lối sống, bổ sung chất xơ hòa tan và uống đủ nước để chống táo bón."
noi-tri-mcq-055,noi,Trĩ,Tiêu hoá,,"Bệnh nhân nam 35 tuổi, nhân viên văn phòng, đến khám vì đi ngoài ra máu đỏ tươi nhỏ giọt cuối bãi phân suốt 1 tháng nay. Bệnh nhân không đau vùng hậu môn, thỉnh thoảng thấy một khối sa ra ngoài khi rặn đại tiện nhưng sau đó tự co lên được. Tiền sử táo bón mạn tính nhiều năm, thường xuyên ngồi lâu, không dị ứng thuốc. Khám toàn thân: mạch 80 lần/phút, huyết áp 120/70 mmHg, nhịp thở 16 lần/phút, không sốt, BMI 24 kg/m². Khám bụng mềm, không sờ thấy u cục. Thăm khám hậu môn trực tràng bằng tay không sờ thấy khối u cứng, cơ thắt hậu môn bình thường, rút găng có ít máu đỏ tươi. Xét nghiệm: Hemoglobin 125 g/L, tiểu cầu 250 x 10⁹/L.

Nếu không điều trị, biến chứng mạn tính nào dễ xảy ra nhất?",Rò hậu môn phức tạp.,Ung thư biểu mô tuyến.,Thiếu máu hồng cầu nhỏ.,Hẹp cơ vòng hậu môn.,,c,"Chảy máu rỉ rả kéo dài từ búi trĩ nội theo thời gian sẽ dẫn đến tình trạng mất máu mạn tính, biểu hiện bằng thiếu máu hồng cầu nhỏ nhược sắc do thiếu sắt. Trĩ không có nguy cơ tiến triển thành ung thư."
noi-tri-mcq-056,noi,Trĩ,Tiêu hoá,,"Bệnh nhân nam 55 tuổi, thợ xây, đến khám vì búi trĩ sa ra ngoài thường xuyên khi đại tiện và phải dùng tay đẩy lên mới vào được. Tình trạng này kéo dài 6 tháng nay kèm theo rỉ dịch nhầy ẩm ướt và ngứa quanh hậu môn. Bệnh nhân không sụt cân, không đau bụng, tiền sử đái tháo đường type 2 đang kiểm soát tốt bằng Metformin. Khám toàn thân: mạch 85 lần/phút, huyết áp 130/85 mmHg, không sốt. Khám hậu môn: niêm mạc quanh hậu môn viêm đỏ nhẹ, có búi tĩnh mạch giãn sa ra ngoài rìa hậu môn, mềm, đẩy lên dễ dàng. Thăm trực tràng không chạm u cục, tuyến tiền liệt không to. Xét nghiệm máu ẩn trong phân dương tính.

Phân độ lâm sàng nào là chính xác nhất cho bệnh nhân này?",Trĩ nội phân độ II.,Trĩ nội phân độ III.,Trĩ nội phân độ IV.,Trĩ nội phân độ I.,,b,"Búi trĩ sa ra ngoài khi đại tiện và không thể tự co lên, bắt buộc phải dùng tay đẩy vào là tiêu chuẩn vàng để chẩn đoán phân độ trĩ nội độ III theo phân loại Goligher."
noi-tri-mcq-057,noi,Trĩ,Tiêu hoá,,"Bệnh nhân nam 55 tuổi, thợ xây, đến khám vì búi trĩ sa ra ngoài thường xuyên khi đại tiện và phải dùng tay đẩy lên mới vào được. Tình trạng này kéo dài 6 tháng nay kèm theo rỉ dịch nhầy ẩm ướt và ngứa quanh hậu môn. Bệnh nhân không sụt cân, không đau bụng, tiền sử đái tháo đường type 2 đang kiểm soát tốt bằng Metformin. Khám toàn thân: mạch 85 lần/phút, huyết áp 130/85 mmHg, không sốt. Khám hậu môn: niêm mạc quanh hậu môn viêm đỏ nhẹ, có búi tĩnh mạch giãn sa ra ngoài rìa hậu môn, mềm, đẩy lên dễ dàng. Thăm trực tràng không chạm u cục, tuyến tiền liệt không to. Xét nghiệm máu ẩn trong phân dương tính.

Cơ chế sinh lý bệnh chính gây rỉ dịch nhầy ở bệnh nhân này là gì?",Viêm nhiễm vi khuẩn đường ruột mạn tính.,Rò rỉ dịch tiêu hóa từ phần đại tràng.,Bài tiết dịch từ niêm mạc trực tràng sa.,Tăng sinh quá mức tuyến bã nhờn.,,c,"Búi trĩ nội được bao phủ bởi biểu mô trụ của niêm mạc trực tràng. Khi sa ra ngoài ống hậu môn, các tế bào đài ở niêm mạc này tiếp tục bài tiết dịch nhầy, gây ra tình trạng ẩm ướt và ngứa ngáy quanh rìa hậu môn."
noi-tri-mcq-058,noi,Trĩ,Tiêu hoá,,"Bệnh nhân nam 55 tuổi, thợ xây, đến khám vì búi trĩ sa ra ngoài thường xuyên khi đại tiện và phải dùng tay đẩy lên mới vào được. Tình trạng này kéo dài 6 tháng nay kèm theo rỉ dịch nhầy ẩm ướt và ngứa quanh hậu môn. Bệnh nhân không sụt cân, không đau bụng, tiền sử đái tháo đường type 2 đang kiểm soát tốt bằng Metformin. Khám toàn thân: mạch 85 lần/phút, huyết áp 130/85 mmHg, không sốt. Khám hậu môn: niêm mạc quanh hậu môn viêm đỏ nhẹ, có búi tĩnh mạch giãn sa ra ngoài rìa hậu môn, mềm, đẩy lên dễ dàng. Thăm trực tràng không chạm u cục, tuyến tiền liệt không to. Xét nghiệm máu ẩn trong phân dương tính.

Cận lâm sàng nào bắt buộc phải thực hiện để loại trừ nguyên nhân ác tính?",Xét nghiệm chất chỉ điểm khối u CEA.,Chụp cộng hưởng từ vùng chậu.,Siêu âm ổ bụng tổng quát.,Nội soi đại tràng toàn bộ.,,d,"Mặc dù bệnh nhân có trĩ nội độ III sa rõ, nhưng ở độ tuổi > 50 kèm đi ngoài có máu ẩn dương tính, nội soi đại tràng toàn bộ là bắt buộc để loại trừ các tổn thương ác tính (ung thư đại trực tràng) đi kèm."
noi-tri-mcq-059,noi,Trĩ,Tiêu hoá,,"Bệnh nhân nam 55 tuổi, thợ xây, đến khám vì búi trĩ sa ra ngoài thường xuyên khi đại tiện và phải dùng tay đẩy lên mới vào được. Tình trạng này kéo dài 6 tháng nay kèm theo rỉ dịch nhầy ẩm ướt và ngứa quanh hậu môn. Bệnh nhân không sụt cân, không đau bụng, tiền sử đái tháo đường type 2 đang kiểm soát tốt bằng Metformin. Khám toàn thân: mạch 85 lần/phút, huyết áp 130/85 mmHg, không sốt. Khám hậu môn: niêm mạc quanh hậu môn viêm đỏ nhẹ, có búi tĩnh mạch giãn sa ra ngoài rìa hậu môn, mềm, đẩy lên dễ dàng. Thăm trực tràng không chạm u cục, tuyến tiền liệt không to. Xét nghiệm máu ẩn trong phân dương tính.

Phương pháp can thiệp thủ thuật nào thường được ưu tiên lựa chọn?",Phẫu thuật cắt trĩ bằng máy cắt nối.,Khâu triệt mạch trĩ dưới hướng dẫn siêu âm.,Thắt búi trĩ bằng vòng thun cao su.,Quang đông bằng tia hồng ngoại tại chỗ.,,c,"Đối với trĩ nội độ III hoặc độ II thất bại với điều trị nội khoa, thủ thuật thắt búi trĩ bằng vòng cao su (Rubber band ligation) là một can thiệp xâm lấn tối thiểu rẻ tiền, hiệu quả cao và được ưu tiên thực hiện tại phòng khám."
noi-tri-mcq-060,noi,Trĩ,Tiêu hoá,,"Bệnh nhân nam 55 tuổi, thợ xây, đến khám vì búi trĩ sa ra ngoài thường xuyên khi đại tiện và phải dùng tay đẩy lên mới vào được. Tình trạng này kéo dài 6 tháng nay kèm theo rỉ dịch nhầy ẩm ướt và ngứa quanh hậu môn. Bệnh nhân không sụt cân, không đau bụng, tiền sử đái tháo đường type 2 đang kiểm soát tốt bằng Metformin. Khám toàn thân: mạch 85 lần/phút, huyết áp 130/85 mmHg, không sốt. Khám hậu môn: niêm mạc quanh hậu môn viêm đỏ nhẹ, có búi tĩnh mạch giãn sa ra ngoài rìa hậu môn, mềm, đẩy lên dễ dàng. Thăm trực tràng không chạm u cục, tuyến tiền liệt không to. Xét nghiệm máu ẩn trong phân dương tính.

Nếu bệnh nhân đau dữ dội ngay sau can thiệp thủ thuật, nguyên nhân nào là khả dĩ nhất?",Tắc mạch máu lớn vùng mạc treo.,Thủng niêm mạc trực tràng cấp tính.,Vị trí can thiệp nằm dưới đường lược.,Nhiễm trùng hoại tử lan rộng vùng chậu.,,c,"Vùng niêm mạc phía trên đường lược (đường răng cưa) được chi phối bởi thần kinh tự chủ nên không có cảm giác đau. Nếu vòng cao su bị thắt nhầm vào vùng da có thần kinh cảm giác thân thể (dưới đường lược), bệnh nhân sẽ có cảm giác đau chói dữ dội ngay lập tức."
noi-tri-mcq-061,noi,Trĩ,Tiêu hoá,,"Bệnh nhân nữ 28 tuổi, giáo viên, vào viện cấp cứu vì đau nhức dữ dội vùng hậu môn khởi phát đột ngột cách đây 24 giờ sau khi cố rặn đại tiện. Bệnh nhân đau liên tục, không thể ngồi hoặc đi lại bình thường, chưa dùng thuốc giảm đau. Tiền sử hoàn toàn khỏe mạnh, không có bệnh lý nội khoa. Khám toàn thân: mạch 95 lần/phút, huyết áp 110/70 mmHg, nhiệt độ 37 độ C. Khám hậu môn: ngay rìa hậu môn có một khối sưng nề màu xanh tím, kích thước 1.5 cm, căng bóng, ấn vào cực kỳ đau. Cơ thắt hậu môn tăng trương lực. Thăm trực tràng không thực hiện được do bệnh nhân quá đau.

Chẩn đoán lâm sàng có khả năng cao nhất là gì?",Trĩ ngoại tắc mạch cấp tính.,Trĩ nội sa hoại tử hoàn toàn.,Áp xe quanh hậu môn cấp.,Nứt kẽ hậu môn nhiễm trùng.,,a,"Khối sưng căng bóng màu xanh tím xuất hiện đột ngột ở rìa hậu môn kèm đau dữ dội (thường sau rặn mạnh, khuân vác nặng) là dấu hiệu đặc trưng của trĩ ngoại tắc mạch (nhồi máu tĩnh mạch trĩ ngoài)."
noi-tri-mcq-062,noi,Trĩ,Tiêu hoá,,"Bệnh nhân nữ 28 tuổi, giáo viên, vào viện cấp cứu vì đau nhức dữ dội vùng hậu môn khởi phát đột ngột cách đây 24 giờ sau khi cố rặn đại tiện. Bệnh nhân đau liên tục, không thể ngồi hoặc đi lại bình thường, chưa dùng thuốc giảm đau. Tiền sử hoàn toàn khỏe mạnh, không có bệnh lý nội khoa. Khám toàn thân: mạch 95 lần/phút, huyết áp 110/70 mmHg, nhiệt độ 37 độ C. Khám hậu môn: ngay rìa hậu môn có một khối sưng nề màu xanh tím, kích thước 1.5 cm, căng bóng, ấn vào cực kỳ đau. Cơ thắt hậu môn tăng trương lực. Thăm trực tràng không thực hiện được do bệnh nhân quá đau.

Đặc điểm giải phẫu nào giải thích mức độ đau dữ dội của bệnh nhân?",Bị bao bọc bởi lớp cơ thắt trong hậu môn.,Nằm trong vùng cấp máu của động mạch trực tràng trên.,Chịu chi phối của các nhánh thần kinh thân thể.,Chịu chi phối của hệ thần kinh tự chủ.,,c,"Búi trĩ ngoại nằm dưới đường lược, được bao phủ bởi lớp biểu mô vảy (da) và được chi phối bởi các nhánh thần kinh cảm giác thân thể (somatic nerves). Do đó, khi tĩnh mạch bị tắc mạch, bệnh nhân có cảm giác đau nhức cực kỳ dữ dội."
noi-tri-mcq-063,noi,Trĩ,Tiêu hoá,,"Bệnh nhân nữ 28 tuổi, giáo viên, vào viện cấp cứu vì đau nhức dữ dội vùng hậu môn khởi phát đột ngột cách đây 24 giờ sau khi cố rặn đại tiện. Bệnh nhân đau liên tục, không thể ngồi hoặc đi lại bình thường, chưa dùng thuốc giảm đau. Tiền sử hoàn toàn khỏe mạnh, không có bệnh lý nội khoa. Khám toàn thân: mạch 95 lần/phút, huyết áp 110/70 mmHg, nhiệt độ 37 độ C. Khám hậu môn: ngay rìa hậu môn có một khối sưng nề màu xanh tím, kích thước 1.5 cm, căng bóng, ấn vào cực kỳ đau. Cơ thắt hậu môn tăng trương lực. Thăm trực tràng không thực hiện được do bệnh nhân quá đau.

Chỉ định cận lâm sàng nào là hợp lý nhất tại thời điểm hiện tại?",Nội soi trực tràng bằng ống mềm.,Không cần xét nghiệm hình ảnh chuyên sâu.,Siêu âm phần mềm vùng hậu môn.,Chụp cộng hưởng từ vùng chậu.,,b,Trĩ ngoại tắc mạch cấp tính là chẩn đoán dựa hoàn toàn vào hỏi bệnh sử và thăm khám lâm sàng bằng mắt thường. Không có chỉ định thực hiện các xét nghiệm hình ảnh hay nội soi khi bệnh nhân đang rất đau.
noi-tri-mcq-064,noi,Trĩ,Tiêu hoá,,"Bệnh nhân nữ 28 tuổi, giáo viên, vào viện cấp cứu vì đau nhức dữ dội vùng hậu môn khởi phát đột ngột cách đây 24 giờ sau khi cố rặn đại tiện. Bệnh nhân đau liên tục, không thể ngồi hoặc đi lại bình thường, chưa dùng thuốc giảm đau. Tiền sử hoàn toàn khỏe mạnh, không có bệnh lý nội khoa. Khám toàn thân: mạch 95 lần/phút, huyết áp 110/70 mmHg, nhiệt độ 37 độ C. Khám hậu môn: ngay rìa hậu môn có một khối sưng nề màu xanh tím, kích thước 1.5 cm, căng bóng, ấn vào cực kỳ đau. Cơ thắt hậu môn tăng trương lực. Thăm trực tràng không thực hiện được do bệnh nhân quá đau.

Hướng xử trí tối ưu nhất mang lại hiệu quả giảm đau nhanh chóng là gì?",Ngâm hậu môn trong nước ấm liên tục.,Bôi thuốc mỡ chứa corticoid tại chỗ.,Thắt khối sưng bằng vòng cao su.,Tiểu phẫu rạch lấy khối máu tụ.,,d,"Nếu bệnh nhân đến sớm (đặc biệt trong vòng 72 giờ đầu) và khối máu tụ gây đau nhiều, tiểu phẫu gây tê tại chỗ để rạch lấy cục máu đông (thrombectomy) là biện pháp mang lại hiệu quả giảm đau triệt để và nhanh chóng nhất."
noi-tri-mcq-065,noi,Trĩ,Tiêu hoá,,"Bệnh nhân nữ 28 tuổi, giáo viên, vào viện cấp cứu vì đau nhức dữ dội vùng hậu môn khởi phát đột ngột cách đây 24 giờ sau khi cố rặn đại tiện. Bệnh nhân đau liên tục, không thể ngồi hoặc đi lại bình thường, chưa dùng thuốc giảm đau. Tiền sử hoàn toàn khỏe mạnh, không có bệnh lý nội khoa. Khám toàn thân: mạch 95 lần/phút, huyết áp 110/70 mmHg, nhiệt độ 37 độ C. Khám hậu môn: ngay rìa hậu môn có một khối sưng nề màu xanh tím, kích thước 1.5 cm, căng bóng, ấn vào cực kỳ đau. Cơ thắt hậu môn tăng trương lực. Thăm trực tràng không thực hiện được do bệnh nhân quá đau.

Nếu từ chối thủ thuật và chọn điều trị nội khoa, di chứng nào thường gặp nhất sau khi bệnh thoái lui?",Sa trực tràng toàn bộ mạn tính.,Hình thành mẩu da thừa hậu môn.,Rò hậu môn trực trực tràng phức tạp.,Hẹp thực thể ống hậu môn.,,b,"Khối trĩ ngoại tắc mạch nếu điều trị bảo tồn nội khoa sẽ mất nhiều tuần để tự tiêu. Quá trình thoái triển này thường để lại lớp da thừa nhăn nheo ở rìa hậu môn (skin tags), có thể gây khó khăn trong vệ sinh và ngứa."
noi-tri-mcq-066,noi,Trĩ,Tiêu hoá,,"Bệnh nhân nam 62 tuổi, nông dân, nhập viện vì khối sa vùng hậu môn sưng to và đau nhức không thể đẩy vào trong được suốt 2 ngày nay. Bệnh nhân có tiền sử trĩ sa nhiều năm nhưng thường tự đẩy lên được. Kèm theo có đại tiện khó và sốt nhẹ. Khám toàn thân: mạch 100 lần/phút, huyết áp 140/90 mmHg, nhiệt độ 37.8 độ C. Khám tại chỗ: toàn bộ chu vi hậu môn có các búi tĩnh mạch sa ra ngoài, sưng nề mạnh, màu đỏ sẫm xen lẫn các mảng đen tím, rỉ dịch hôi, ấn rất đau. Không có dấu hiệu căng chướng bụng hay phản ứng thành bụng. Bạch cầu máu ngoại vi 14 x 10⁹/L.

Tình trạng lâm sàng hiện tại phù hợp nhất với chẩn đoán nào?",Sa trực tràng nghẹt cấp tính.,Trĩ nội phân độ IV nghẹt.,Khối u hắc tố vùng hậu môn.,Hoại tử cơ thắt ngoài hậu môn.,,b,"Búi trĩ nội sa liên tục ra ngoài, không thể đẩy vào trong, kèm sưng đau, thay đổi màu sắc (mảng đen tím) và có hội chứng nhiễm trùng là tình trạng cấp cứu: trĩ nội phân độ IV có biến chứng nghẹt và hoại tử."
noi-tri-mcq-067,noi,Trĩ,Tiêu hoá,,"Bệnh nhân nam 62 tuổi, nông dân, nhập viện vì khối sa vùng hậu môn sưng to và đau nhức không thể đẩy vào trong được suốt 2 ngày nay. Bệnh nhân có tiền sử trĩ sa nhiều năm nhưng thường tự đẩy lên được. Kèm theo có đại tiện khó và sốt nhẹ. Khám toàn thân: mạch 100 lần/phút, huyết áp 140/90 mmHg, nhiệt độ 37.8 độ C. Khám tại chỗ: toàn bộ chu vi hậu môn có các búi tĩnh mạch sa ra ngoài, sưng nề mạnh, màu đỏ sẫm xen lẫn các mảng đen tím, rỉ dịch hôi, ấn rất đau. Không có dấu hiệu căng chướng bụng hay phản ứng thành bụng. Bạch cầu máu ngoại vi 14 x 10⁹/L.

Đặc điểm nào sau đây KHÔNG đúng khi phân loại bệnh lý này?",Dựa vào khả năng tự co lên của búi sa.,Phân độ chỉ áp dụng cho nhóm búi tĩnh mạch trên đường lược.,Dựa vào mức độ sa của búi tĩnh mạch.,Dựa vào số lượng máu chảy khi đại tiện.,,d,Hệ thống phân độ trĩ nội của Goligher dựa hoàn toàn vào mức độ sa và khả năng tự co lên của búi tĩnh mạch lồi qua đường lược. Phân độ này KHÔNG sử dụng triệu chứng chảy máu nhiều hay ít làm tiêu chí phân loại.
noi-tri-mcq-068,noi,Trĩ,Tiêu hoá,,"Bệnh nhân nam 62 tuổi, nông dân, nhập viện vì khối sa vùng hậu môn sưng to và đau nhức không thể đẩy vào trong được suốt 2 ngày nay. Bệnh nhân có tiền sử trĩ sa nhiều năm nhưng thường tự đẩy lên được. Kèm theo có đại tiện khó và sốt nhẹ. Khám toàn thân: mạch 100 lần/phút, huyết áp 140/90 mmHg, nhiệt độ 37.8 độ C. Khám tại chỗ: toàn bộ chu vi hậu môn có các búi tĩnh mạch sa ra ngoài, sưng nề mạnh, màu đỏ sẫm xen lẫn các mảng đen tím, rỉ dịch hôi, ấn rất đau. Không có dấu hiệu căng chướng bụng hay phản ứng thành bụng. Bạch cầu máu ngoại vi 14 x 10⁹/L.

Mục đích quan trọng nhất của công thức máu và CRP trong trường hợp này là gì?",Theo dõi tình trạng rối loạn đông máu.,Tầm soát bệnh lý máu ác tính tiềm ẩn.,Xác định mức độ đáp ứng viêm toàn thân.,Đánh giá mức độ thiếu máu mạn tính.,,c,"Do bệnh nhân có sốt, búi trĩ hoại tử đổi màu, việc làm công thức máu (bạch cầu) và CRP giúp xác định và đánh giá mức độ hội chứng đáp ứng viêm toàn thân (SIRS) và nhiễm trùng do hoại tử tổ chức trĩ nghẹt gây ra."
noi-tri-mcq-069,noi,Trĩ,Tiêu hoá,,"Bệnh nhân nam 62 tuổi, nông dân, nhập viện vì khối sa vùng hậu môn sưng to và đau nhức không thể đẩy vào trong được suốt 2 ngày nay. Bệnh nhân có tiền sử trĩ sa nhiều năm nhưng thường tự đẩy lên được. Kèm theo có đại tiện khó và sốt nhẹ. Khám toàn thân: mạch 100 lần/phút, huyết áp 140/90 mmHg, nhiệt độ 37.8 độ C. Khám tại chỗ: toàn bộ chu vi hậu môn có các búi tĩnh mạch sa ra ngoài, sưng nề mạnh, màu đỏ sẫm xen lẫn các mảng đen tím, rỉ dịch hôi, ấn rất đau. Không có dấu hiệu căng chướng bụng hay phản ứng thành bụng. Bạch cầu máu ngoại vi 14 x 10⁹/L.

Lựa chọn điều trị ưu tiên cho bệnh nhân này là gì?",Dùng tay cố gắng đẩy búi sa vào trong.,Phẫu thuật cắt bỏ tổ chức trĩ cấp cứu.,Tiêm thuốc xơ hóa tĩnh mạch cấp cứu.,Điều trị nội khoa bảo tồn bằng kháng sinh.,,b,Trĩ nghẹt hoại tử diện rộng là chống chỉ định của việc cố đẩy vào trong hay tiêm xơ. Bệnh nhân cần được sử dụng kháng sinh phổ rộng và tiến hành phẫu thuật cắt bỏ mô trĩ hoại tử cấp cứu để tránh nhiễm trùng tầng sinh môn.
noi-tri-mcq-070,noi,Trĩ,Tiêu hoá,,"Bệnh nhân nam 62 tuổi, nông dân, nhập viện vì khối sa vùng hậu môn sưng to và đau nhức không thể đẩy vào trong được suốt 2 ngày nay. Bệnh nhân có tiền sử trĩ sa nhiều năm nhưng thường tự đẩy lên được. Kèm theo có đại tiện khó và sốt nhẹ. Khám toàn thân: mạch 100 lần/phút, huyết áp 140/90 mmHg, nhiệt độ 37.8 độ C. Khám tại chỗ: toàn bộ chu vi hậu môn có các búi tĩnh mạch sa ra ngoài, sưng nề mạnh, màu đỏ sẫm xen lẫn các mảng đen tím, rỉ dịch hôi, ấn rất đau. Không có dấu hiệu căng chướng bụng hay phản ứng thành bụng. Bạch cầu máu ngoại vi 14 x 10⁹/L.

Biến chứng cấp tính nào thường gặp nhất trong ngày đầu tiên sau can thiệp ngoại khoa?",Bí tiểu tiện cấp tính.,Hẹp ống hậu môn sớm.,Tràn khí màng bụng.,Rò phân qua vết mổ.,,a,"Sau phẫu thuật cắt trĩ kinh điển vùng hậu môn trực tràng, do đau và phản xạ co thắt cơ sàn chậu - cơ thắt niệu đạo, bí tiểu cấp tính là biến chứng rất thường gặp trong 24 giờ đầu, đòi hỏi phải theo dõi và có thể cần đặt sonde tiểu."
noi-tri-mcq-071,noi,Trĩ,Tiêu hoá,,"Bệnh nhân nữ 30 tuổi, mang thai con so tuần thứ 34, đến khám vì thấy có khối lồi ra ở hậu môn sau mỗi lần đi tiêu. Tình trạng này mới xuất hiện khoảng 3 tuần nay, kèm theo đau rát nhẹ và thi thoảng có máu dính giấy vệ sinh. Bệnh nhân hay bị táo bón thai kỳ, uống ít nước. Khám toàn thân: mạch 88 lần/phút, huyết áp 110/70 mmHg, thai nhi phát triển bình thường. Khám hậu môn: thấy búi niêm mạc lồi ra ngoài rìa hậu môn khi bệnh nhân rặn, màu hồng nhạt, tự co lên ngay sau đó, không có huyết khối. Không có vết nứt kẽ hay đường rò.

Phân loại mức độ tổn thương hiện tại của bệnh nhân là gì?",Trĩ nội phân độ III.,Trĩ nội phân độ II.,Trĩ nội phân độ I.,Trĩ ngoại cấp tính.,,b,Búi niêm mạc sa lồi ra ngoài rìa hậu môn khi rặn đại tiện và có thể tự co lên ngay lập tức mà không cần hỗ trợ tay được phân loại là trĩ nội độ II.
noi-tri-mcq-072,noi,Trĩ,Tiêu hoá,,"Bệnh nhân nữ 30 tuổi, mang thai con so tuần thứ 34, đến khám vì thấy có khối lồi ra ở hậu môn sau mỗi lần đi tiêu. Tình trạng này mới xuất hiện khoảng 3 tuần nay, kèm theo đau rát nhẹ và thi thoảng có máu dính giấy vệ sinh. Bệnh nhân hay bị táo bón thai kỳ, uống ít nước. Khám toàn thân: mạch 88 lần/phút, huyết áp 110/70 mmHg, thai nhi phát triển bình thường. Khám hậu môn: thấy búi niêm mạc lồi ra ngoài rìa hậu môn khi bệnh nhân rặn, màu hồng nhạt, tự co lên ngay sau đó, không có huyết khối. Không có vết nứt kẽ hay đường rò.

Yếu tố sinh lý nào đóng vai trò thứ phát làm trầm trọng thêm bệnh lý ở thai phụ này?",Tử cung lớn chèn ép tĩnh mạch chủ dưới.,Tăng nhu động ruột do thay đổi nội tiết.,Sự giảm tiết hormon progesterone thai kỳ.,Giảm áp lực trong ổ bụng khi nằm ngửa.,,a,"Trĩ thai kỳ thường xuất hiện trong quý 3 do sự kết hợp của táo bón mạn tính, hormone progesterone gây giãn tĩnh mạch, và đặc biệt là áp lực cơ học do tử cung mang thai kích thước lớn chèn ép tĩnh mạch chủ dưới và hệ tĩnh mạch chậu, gây ứ trệ máu tĩnh mạch trĩ."
noi-tri-mcq-073,noi,Trĩ,Tiêu hoá,,"Bệnh nhân nữ 30 tuổi, mang thai con so tuần thứ 34, đến khám vì thấy có khối lồi ra ở hậu môn sau mỗi lần đi tiêu. Tình trạng này mới xuất hiện khoảng 3 tuần nay, kèm theo đau rát nhẹ và thi thoảng có máu dính giấy vệ sinh. Bệnh nhân hay bị táo bón thai kỳ, uống ít nước. Khám toàn thân: mạch 88 lần/phút, huyết áp 110/70 mmHg, thai nhi phát triển bình thường. Khám hậu môn: thấy búi niêm mạc lồi ra ngoài rìa hậu môn khi bệnh nhân rặn, màu hồng nhạt, tự co lên ngay sau đó, không có huyết khối. Không có vết nứt kẽ hay đường rò.

Thăm dò cận lâm sàng nào được khuyến cáo ở bệnh nhân này?",Chụp cắt lớp vi tính tiểu khung.,Chỉ cần thăm khám lâm sàng trực tiếp.,Nội soi đại tràng ống mềm không mê.,Chụp X-quang bụng đứng không chuẩn bị.,,b,"Đối với thai phụ 34 tuần có triệu chứng điển hình của trĩ và không có dấu hiệu báo động, thăm khám lâm sàng bằng mắt thường là đủ để định bệnh. Mọi can thiệp hình ảnh học và nội soi đều không cần thiết và mang lại rủi ro cho thai kỳ."
noi-tri-mcq-074,noi,Trĩ,Tiêu hoá,,"Bệnh nhân nữ 30 tuổi, mang thai con so tuần thứ 34, đến khám vì thấy có khối lồi ra ở hậu môn sau mỗi lần đi tiêu. Tình trạng này mới xuất hiện khoảng 3 tuần nay, kèm theo đau rát nhẹ và thi thoảng có máu dính giấy vệ sinh. Bệnh nhân hay bị táo bón thai kỳ, uống ít nước. Khám toàn thân: mạch 88 lần/phút, huyết áp 110/70 mmHg, thai nhi phát triển bình thường. Khám hậu môn: thấy búi niêm mạc lồi ra ngoài rìa hậu môn khi bệnh nhân rặn, màu hồng nhạt, tự co lên ngay sau đó, không có huyết khối. Không có vết nứt kẽ hay đường rò.

Phương pháp quản lý an toàn và phù hợp nhất hiện tại là gì?",Thắt vòng cao su tại phòng khám.,Điều chỉnh chế độ ăn và ngâm nước ấm.,Tiêm thuốc xơ hóa vùng dưới niêm mạc.,Phẫu thuật cắt trĩ bằng sóng cao tần.,,b,"Điều trị trĩ trong thai kỳ chủ yếu là nội khoa bảo tồn, đảm bảo an toàn tối đa cho mẹ và bé. Thay đổi lối sống (ăn nhiều xơ, uống nước), ngâm hậu môn bằng nước ấm và có thể dùng thuốc bôi tại chỗ là lựa chọn hàng đầu. Các can thiệp thủ thuật thường bị chống chỉ định."
noi-tri-mcq-075,noi,Trĩ,Tiêu hoá,,"Bệnh nhân nữ 30 tuổi, mang thai con so tuần thứ 34, đến khám vì thấy có khối lồi ra ở hậu môn sau mỗi lần đi tiêu. Tình trạng này mới xuất hiện khoảng 3 tuần nay, kèm theo đau rát nhẹ và thi thoảng có máu dính giấy vệ sinh. Bệnh nhân hay bị táo bón thai kỳ, uống ít nước. Khám toàn thân: mạch 88 lần/phút, huyết áp 110/70 mmHg, thai nhi phát triển bình thường. Khám hậu môn: thấy búi niêm mạc lồi ra ngoài rìa hậu môn khi bệnh nhân rặn, màu hồng nhạt, tự co lên ngay sau đó, không có huyết khối. Không có vết nứt kẽ hay đường rò.

Tiên lượng tự nhiên thường gặp nhất của khối lồi này sau khi sinh xong là gì?",Tiến triển thành trĩ nội phân độ IV.,Chuyển thành trĩ ngoại tắc mạch.,Gây băng huyết sau sinh nghiêm trọng.,Tự thuyên giảm và co nhỏ đáng kể.,,d,"Sau khi sinh, áp lực ổ bụng giảm và nội tiết tố trở về bình thường, đa phần trĩ xuất hiện trong thai kỳ sẽ tự thuyên giảm kích thước đáng kể hoặc biến mất hoàn toàn."
noi-tri-mcq-076,noi,Trĩ,Tiêu hoá,,"Bệnh nhân nam 45 tuổi, tài xế xe tải, phàn nàn về tình trạng ngứa rát hậu môn và ra máu đỏ tươi thành tia khi đi cầu kéo dài 2 tháng. Khối trĩ sa ra ngoài tự co lên được. Bác sĩ chỉ định điều trị nội khoa bảo tồn, trong đó có kê đơn nhóm thuốc Flavonoid (Diosmin/Hesperidin). Bệnh nhân thắc mắc về cơ chế tác dụng của loại thuốc này. Khám thực thể thấy búi trĩ ở vị trí 3 giờ và 7 giờ, niêm mạc trực tràng hồng hào, không có khối u.

Tình trạng của bệnh nhân được phân loại lâm sàng như thế nào?",Trĩ nội phân độ II.,Trĩ nội phân độ IV.,Trĩ nội phân độ III.,Trĩ nội phân độ I.,,a,Khối tĩnh mạch sa ra ngoài hậu môn khi đi cầu và sau đó tự co lên được là đặc điểm nhận diện của trĩ nội độ II.
noi-tri-mcq-077,noi,Trĩ,Tiêu hoá,,"Bệnh nhân nam 45 tuổi, tài xế xe tải, phàn nàn về tình trạng ngứa rát hậu môn và ra máu đỏ tươi thành tia khi đi cầu kéo dài 2 tháng. Khối trĩ sa ra ngoài tự co lên được. Bác sĩ chỉ định điều trị nội khoa bảo tồn, trong đó có kê đơn nhóm thuốc Flavonoid (Diosmin/Hesperidin). Bệnh nhân thắc mắc về cơ chế tác dụng của loại thuốc này. Khám thực thể thấy búi trĩ ở vị trí 3 giờ và 7 giờ, niêm mạc trực tràng hồng hào, không có khối u.

Cơ chế tác dụng phù hợp nhất của nhóm flavonoid dùng hỗ trợ bệnh trĩ là gì?",Tái tạo hoàn toàn hệ thống dây chằng nâng đỡ hậu môn.,Thắt chọn lọc toàn bộ động mạch nuôi búi trĩ qua đường uống.,Phá hủy nội mạc búi trĩ để tạo xơ hóa và cố định niêm mạc.,Tăng trương lực tĩnh mạch và giảm tính thấm mao mạch vi tuần hoàn.,,d,"Flavonoid vi hạt tinh chế có tác dụng tăng trương lực tĩnh mạch, giảm tính thấm mao mạch và phù nề, nhờ đó có thể giảm triệu chứng trong đợt cấp. Thuốc không tái tạo dây chằng và không thay thế thủ thuật khi có chỉ định."
noi-tri-mcq-078,noi,Trĩ,Tiêu hoá,,"Bệnh nhân nam 45 tuổi, tài xế xe tải, phàn nàn về tình trạng ngứa rát hậu môn và ra máu đỏ tươi thành tia khi đi cầu kéo dài 2 tháng. Khối trĩ sa ra ngoài tự co lên được. Bác sĩ chỉ định điều trị nội khoa bảo tồn, trong đó có kê đơn nhóm thuốc Flavonoid (Diosmin/Hesperidin). Bệnh nhân thắc mắc về cơ chế tác dụng của loại thuốc này. Khám thực thể thấy búi trĩ ở vị trí 3 giờ và 7 giờ, niêm mạc trực tràng hồng hào, không có khối u.

Để đánh giá toàn diện nguy cơ chảy máu đường tiêu hóa, bước tiếp theo cần làm gì?",Thực hiện nội soi đại tràng ống mềm.,Chụp mạch máu mạc treo tràng dưới.,Xét nghiệm tủy đồ tìm nguyên nhân.,Đo áp lực tĩnh mạch cửa qua gan.,,a,"Ở bệnh nhân trung niên nam giới có đi cầu ra máu tươi, dù khám thấy trĩ, vẫn cần thực hiện nội soi đại tràng ống mềm toàn bộ để đánh giá toàn diện, phòng bỏ sót các nguyên nhân chảy máu nghiêm trọng khác như polyp hay ung thư đại tràng đoạn cao."
noi-tri-mcq-079,noi,Trĩ,Tiêu hoá,,"Bệnh nhân nam 45 tuổi, tài xế xe tải, phàn nàn về tình trạng ngứa rát hậu môn và ra máu đỏ tươi thành tia khi đi cầu kéo dài 2 tháng. Khối trĩ sa ra ngoài tự co lên được. Bác sĩ chỉ định điều trị nội khoa bảo tồn, trong đó có kê đơn nhóm thuốc Flavonoid (Diosmin/Hesperidin). Bệnh nhân thắc mắc về cơ chế tác dụng của loại thuốc này. Khám thực thể thấy búi trĩ ở vị trí 3 giờ và 7 giờ, niêm mạc trực tràng hồng hào, không có khối u.

Ngoài việc sử dụng thuốc, thay đổi lối sống nào có tác dụng trực tiếp làm giảm áp lực vùng tiểu khung?",Hạn chế thời gian ngồi xổm khi đại tiện.,Giảm thiểu các bài tập aerobic cường độ cao.,Uống kháng sinh dự phòng định kỳ hàng tháng.,Tăng cường sử dụng thực phẩm lên men.,,a,"Áp lực vùng tiểu khung và hậu môn tăng vọt khi duy trì tư thế ngồi xổm hoặc ngồi bệ xí quá lâu. Lời khuyên cốt lõi trong thay đổi hành vi là rút ngắn thời gian ngồi đại tiện, không mang điện thoại vào nhà vệ sinh và tránh rặn mạnh."
noi-tri-mcq-080,noi,Trĩ,Tiêu hoá,,"Bệnh nhân nam 45 tuổi, tài xế xe tải, phàn nàn về tình trạng ngứa rát hậu môn và ra máu đỏ tươi thành tia khi đi cầu kéo dài 2 tháng. Khối trĩ sa ra ngoài tự co lên được. Bác sĩ chỉ định điều trị nội khoa bảo tồn, trong đó có kê đơn nhóm thuốc Flavonoid (Diosmin/Hesperidin). Bệnh nhân thắc mắc về cơ chế tác dụng của loại thuốc này. Khám thực thể thấy búi trĩ ở vị trí 3 giờ và 7 giờ, niêm mạc trực tràng hồng hào, không có khối u.

Nếu bệnh nhân tiếp tục rặn nhiều, cấu trúc nào bị đứt gãy dẫn đến khối tĩnh mạch không thể tự co lên được nữa?",Lớp cơ dọc thành trực tràng.,Dây chằng treo búi trĩ Parks.,Mạng lưới thần kinh đám rối hạ vị.,Cơ thắt trong ống hậu môn.,,b,"Dây chằng Parks là hệ thống mô liên kết neo giữ lớp đệm mạch máu trĩ vào cơ thắt trong ống hậu môn. Rặn nhiều lâu ngày làm giãn nở búi tĩnh mạch kéo theo đứt gãy hệ thống dây chằng này, khiến búi trĩ sa vĩnh viễn (độ III, độ IV)."
noi-tri-mcq-081,noi,Trĩ,Tiêu hoá,,"Bệnh nhân nam 58 tuổi, tiền sử xơ gan do rượu Child- Pugh B, nhập viện vì đi ngoài ra máu đỏ tươi số lượng lớn (khoảng 300 ml) không kèm phân. Bệnh nhân không đau bụng, không sốt. Khám toàn thân: da sạm, củng mạc mắt vàng, có sao mạch trước ngực, báng bụng lượng vừa. Mạch 105 lần/phút, huyết áp 90/60 mmHg. Khám hậu môn bằng mỏ vịt phát hiện các tĩnh mạch giãn lớn ngoằn ngoèo, căng phồng dưới niêm mạc trực tràng thấp, đang rỉ máu, không có cuống hay búi rõ rệt lồi qua đường lược.

Nguyên nhân gây xuất huyết tiêu hóa có khả năng cao nhất là gì?",Chảy máu từ tổn thương loét niêm mạc trực tràng.,Biến chứng chảy máu của trĩ nội độ III.,Vỡ tĩnh mạch trực tràng giãn do tăng áp cửa.,Ung thư trực tràng thấp xâm lấn mạch máu.,,c,"Bệnh nhân có tiền sử xơ gan, báng bụng (tăng áp tĩnh mạch cửa) bị chảy máu ồ ạt kèm hình ảnh nội soi thấy búi tĩnh mạch giãn ngoằn ngoèo không tạo cuống rõ là bệnh cảnh giãn tĩnh mạch trực tràng (Rectal varices), cần chẩn đoán phân biệt với trĩ (Hemorrhoids)."
noi-tri-mcq-082,noi,Trĩ,Tiêu hoá,,"Bệnh nhân nam 58 tuổi, tiền sử xơ gan do rượu Child- Pugh B, nhập viện vì đi ngoài ra máu đỏ tươi số lượng lớn (khoảng 300 ml) không kèm phân. Bệnh nhân không đau bụng, không sốt. Khám toàn thân: da sạm, củng mạc mắt vàng, có sao mạch trước ngực, báng bụng lượng vừa. Mạch 105 lần/phút, huyết áp 90/60 mmHg. Khám hậu môn bằng mỏ vịt phát hiện các tĩnh mạch giãn lớn ngoằn ngoèo, căng phồng dưới niêm mạc trực tràng thấp, đang rỉ máu, không có cuống hay búi rõ rệt lồi qua đường lược.

Cơ chế tuần hoàn bàng hệ nào giải thích sự xuất hiện của các tĩnh mạch giãn này?",Nối tĩnh mạch trực tràng trên và tĩnh mạch chủ dưới.,Nối tĩnh mạch trực tràng giữa và tĩnh mạch chậu ngoài.,Nối tĩnh mạch mạc treo tràng trên và tĩnh mạch lách.,Nối tĩnh mạch trực tràng dưới và tĩnh mạch thẹn trong.,,a,"Giãn tĩnh mạch trực tràng hình thành do vòng nối cửa - chủ ở vùng chậu. Khi áp lực tĩnh mạch cửa tăng cao, máu từ tĩnh mạch trực tràng trên (thuộc hệ cửa) sẽ dội ngược, đi qua các tĩnh mạch bàng hệ giãn nở để nối thông với tĩnh mạch trực tràng giữa và dưới (đổ về tĩnh mạch chủ dưới)."
noi-tri-mcq-083,noi,Trĩ,Tiêu hoá,,"Bệnh nhân nam 58 tuổi, tiền sử xơ gan do rượu Child- Pugh B, nhập viện vì đi ngoài ra máu đỏ tươi số lượng lớn (khoảng 300 ml) không kèm phân. Bệnh nhân không đau bụng, không sốt. Khám toàn thân: da sạm, củng mạc mắt vàng, có sao mạch trước ngực, báng bụng lượng vừa. Mạch 105 lần/phút, huyết áp 90/60 mmHg. Khám hậu môn bằng mỏ vịt phát hiện các tĩnh mạch giãn lớn ngoằn ngoèo, căng phồng dưới niêm mạc trực tràng thấp, đang rỉ máu, không có cuống hay búi rõ rệt lồi qua đường lược.

Thăm dò nào cần thiết nhất để đánh giá toàn diện tình trạng giãn mạch và cầm máu?",Nội soi thực quản dạ dày tá tràng.,Siêu âm Doppler mạch máu vùng chậu.,Chụp cắt lớp vi tính đa dãy mạch máu.,Nội soi trực tràng bằng ống mềm can thiệp.,,d,"Bệnh nhân đang xuất huyết tiêu hóa dưới có rối loạn huyết động, nội soi trực tràng (hoặc đại trực tràng) cấp cứu là tiêu chuẩn vàng để xác định chính xác vị trí tĩnh mạch vỡ và tiến hành can thiệp cầm máu trực tiếp."
noi-tri-mcq-084,noi,Trĩ,Tiêu hoá,,"Bệnh nhân nam 58 tuổi, tiền sử xơ gan do rượu Child- Pugh B, nhập viện vì đi ngoài ra máu đỏ tươi số lượng lớn (khoảng 300 ml) không kèm phân. Bệnh nhân không đau bụng, không sốt. Khám toàn thân: da sạm, củng mạc mắt vàng, có sao mạch trước ngực, báng bụng lượng vừa. Mạch 105 lần/phút, huyết áp 90/60 mmHg. Khám hậu môn bằng mỏ vịt phát hiện các tĩnh mạch giãn lớn ngoằn ngoèo, căng phồng dưới niêm mạc trực tràng thấp, đang rỉ máu, không có cuống hay búi rõ rệt lồi qua đường lược.

Phương pháp cầm máu tại chỗ nào được ưu tiên thực hiện qua nội soi?",Phun bột cầm máu hóa học diện rộng.,Tiêm Epinephrine quanh tổn thương.,Đốt điện đông cao tần toàn bộ niêm mạc.,Khâu thắt tĩnh mạch bằng vòng cao su.,,d,"Tương tự như giãn tĩnh mạch thực quản, thắt tĩnh mạch trực tràng qua nội soi bằng vòng cao su (Endoscopic band ligation) là can thiệp cơ học hiệu quả và an toàn để kiểm soát chảy máu điểm do vỡ tĩnh mạch vùng trực tràng thấp."
noi-tri-mcq-085,noi,Trĩ,Tiêu hoá,,"Bệnh nhân nam 58 tuổi, tiền sử xơ gan do rượu Child- Pugh B, nhập viện vì đi ngoài ra máu đỏ tươi số lượng lớn (khoảng 300 ml) không kèm phân. Bệnh nhân không đau bụng, không sốt. Khám toàn thân: da sạm, củng mạc mắt vàng, có sao mạch trước ngực, báng bụng lượng vừa. Mạch 105 lần/phút, huyết áp 90/60 mmHg. Khám hậu môn bằng mỏ vịt phát hiện các tĩnh mạch giãn lớn ngoằn ngoèo, căng phồng dưới niêm mạc trực tràng thấp, đang rỉ máu, không có cuống hay búi rõ rệt lồi qua đường lược.

Chống chỉ định can thiệp nào sau đây tuyệt đối cần tránh trên nền bệnh nhân này?",Phẫu thuật cắt bỏ mạng tĩnh mạch vùng hậu môn.,Truyền huyết tương tươi đông lạnh bù trừ.,Đặt đường truyền tĩnh mạch trung tâm.,Sử dụng thuốc giảm áp lực tĩnh mạch cửa.,,a,"Việc phẫu thuật cắt bỏ mạng lưới tĩnh mạch tại vùng hậu môn - trực tràng (tương tự như phẫu thuật trĩ kinh điển) là cực kỳ nguy hiểm, chống chỉ định tuyệt đối vì áp lực tĩnh mạch rất lớn sẽ gây xuất huyết ồ ạt không thể kiểm soát, đồng thời bệnh nhân xơ gan có rối loạn đông máu nặng."
noi-tri-mcq-086,noi,Trĩ,Tiêu hoá,,"Bệnh nhân nữ 48 tuổi, nhân viên bán hàng, tiền sử trĩ nội độ II được chẩn đoán cách đây 1 năm. Bệnh nhân đã áp dụng chế độ ăn nhiều chất xơ, uống đủ nước và sử dụng thuốc trợ tĩnh mạch thành từng đợt nhưng búi trĩ vẫn sa ra ngoài khi đại tiện và tự co lên, thỉnh thoảng chảy máu đỏ tươi. Gần đây mức độ sa thường xuyên hơn và bệnh nhân cảm thấy khó chịu nhiều ảnh hưởng chất lượng sống. Khám: không có khối sưng đau cấp tính, niêm mạc bình thường. Xét nghiệm: Hemoglobin 115 g/L.

Đánh giá mức độ tổn thương của bệnh nhân ở thời điểm hiện tại?",Trĩ ngoại biến chứng chảy máu.,Trĩ nội phân độ II kháng trị.,Trĩ nội phân độ I.,Trĩ nội phân độ IV sa thường trực.,,b,"Bệnh nhân vẫn mô tả búi trĩ sa ra tự co lên được (độ II), nhưng triệu chứng chảy máu và sa gây khó chịu vẫn dai dẳng dù đã thực hiện điều trị nội khoa tích cực đúng tiêu chuẩn. Đây được coi là trĩ nội độ II thất bại với điều trị nội khoa (kháng trị)."
noi-tri-mcq-087,noi,Trĩ,Tiêu hoá,,"Bệnh nhân nữ 48 tuổi, nhân viên bán hàng, tiền sử trĩ nội độ II được chẩn đoán cách đây 1 năm. Bệnh nhân đã áp dụng chế độ ăn nhiều chất xơ, uống đủ nước và sử dụng thuốc trợ tĩnh mạch thành từng đợt nhưng búi trĩ vẫn sa ra ngoài khi đại tiện và tự co lên, thỉnh thoảng chảy máu đỏ tươi. Gần đây mức độ sa thường xuyên hơn và bệnh nhân cảm thấy khó chịu nhiều ảnh hưởng chất lượng sống. Khám: không có khối sưng đau cấp tính, niêm mạc bình thường. Xét nghiệm: Hemoglobin 115 g/L.

Cấu trúc vi thể chính tạo nên búi tĩnh mạch trĩ là gì?",Đám rối tĩnh mạch dưới niêm mạc.,Mạng lưới mao mạch bạch huyết.,Các xoang động mạch cơ trơn.,Tổ chức hạch lympho mạn tính.,,a,"Về mặt bản chất vi thể, búi trĩ không chỉ là tĩnh mạch đơn thuần mà là một lớp đệm mạch máu chứa hệ thống các đám rối tĩnh mạch dưới niêm mạc và các cầu nối động - tĩnh mạch dồi dào mạch máu."
noi-tri-mcq-088,noi,Trĩ,Tiêu hoá,,"Bệnh nhân nữ 48 tuổi, nhân viên bán hàng, tiền sử trĩ nội độ II được chẩn đoán cách đây 1 năm. Bệnh nhân đã áp dụng chế độ ăn nhiều chất xơ, uống đủ nước và sử dụng thuốc trợ tĩnh mạch thành từng đợt nhưng búi trĩ vẫn sa ra ngoài khi đại tiện và tự co lên, thỉnh thoảng chảy máu đỏ tươi. Gần đây mức độ sa thường xuyên hơn và bệnh nhân cảm thấy khó chịu nhiều ảnh hưởng chất lượng sống. Khám: không có khối sưng đau cấp tính, niêm mạc bình thường. Xét nghiệm: Hemoglobin 115 g/L.

Cận lâm sàng nào giúp xác định chính xác số lượng và vị trí búi trĩ?",Soi hậu môn trực tràng ống cứng.,Siêu âm ổ bụng qua thành bụng.,Chụp X-quang đại tràng cản quang.,Xét nghiệm máu vi thể trong phân.,,a,"Soi hậu môn trực tràng ống cứng (Anoscopy) là công cụ quan trọng, rẻ tiền nhất để nhìn trực tiếp niêm mạc ống hậu môn, xác định vị trí các búi trĩ nội (thường ở múi giờ 3, 7, 11) và tình trạng viêm rỉ máu."
noi-tri-mcq-089,noi,Trĩ,Tiêu hoá,,"Bệnh nhân nữ 48 tuổi, nhân viên bán hàng, tiền sử trĩ nội độ II được chẩn đoán cách đây 1 năm. Bệnh nhân đã áp dụng chế độ ăn nhiều chất xơ, uống đủ nước và sử dụng thuốc trợ tĩnh mạch thành từng đợt nhưng búi trĩ vẫn sa ra ngoài khi đại tiện và tự co lên, thỉnh thoảng chảy máu đỏ tươi. Gần đây mức độ sa thường xuyên hơn và bệnh nhân cảm thấy khó chịu nhiều ảnh hưởng chất lượng sống. Khám: không có khối sưng đau cấp tính, niêm mạc bình thường. Xét nghiệm: Hemoglobin 115 g/L.

Can thiệp xâm lấn tối thiểu nào là lựa chọn phù hợp nhất tiếp theo?",Tiêm corticoid tác dụng kéo dài.,Cắt bỏ toàn bộ đại tràng chậu hông.,Mở thông hồi tràng ra da tạm thời.,Thắt búi trĩ bằng vòng cao su.,,d,"Khi trĩ nội độ II kháng trị nội khoa và ảnh hưởng chất lượng sống, chỉ định bước tiếp theo là thủ thuật xâm lấn tối thiểu, trong đó thắt bằng vòng cao su là lựa chọn hàng đầu và phổ biến."
noi-tri-mcq-090,noi,Trĩ,Tiêu hoá,,"Bệnh nhân nữ 48 tuổi, nhân viên bán hàng, tiền sử trĩ nội độ II được chẩn đoán cách đây 1 năm. Bệnh nhân đã áp dụng chế độ ăn nhiều chất xơ, uống đủ nước và sử dụng thuốc trợ tĩnh mạch thành từng đợt nhưng búi trĩ vẫn sa ra ngoài khi đại tiện và tự co lên, thỉnh thoảng chảy máu đỏ tươi. Gần đây mức độ sa thường xuyên hơn và bệnh nhân cảm thấy khó chịu nhiều ảnh hưởng chất lượng sống. Khám: không có khối sưng đau cấp tính, niêm mạc bình thường. Xét nghiệm: Hemoglobin 115 g/L.

Đặc điểm nào là ưu điểm chính của phương pháp can thiệp thủ thuật so với phẫu thuật kinh điển?",Không gây đau đớn do vùng can thiệp vô cảm.,Mở rộng được đường kính ống hậu môn.,Phòng ngừa hoàn toàn ung thư biểu mô trực tràng.,Cắt bỏ triệt để mọi nguyên nhân gây táo bón.,,a,"Thủ thuật thắt vòng thun áp dụng đối với búi trĩ nội nằm phía trên đường lược. Vùng biểu mô trụ này chỉ nhận phân bố từ thần kinh tạng (thần kinh tự chủ), không có thụ thể đau cảm giác nông, nên ưu điểm lớn nhất là thực hiện không gây đau đớn, bệnh nhân có thể ra về ngay trong ngày."
noi-tri-mcq-091,noi,Trĩ,Tiêu hoá,,"Bệnh nhân nữ 65 tuổi, có 4 người con, đến khám vì thấy khối lòi ra ở hậu môn, ban đầu chỉ xuất hiện khi đi tiêu, nay lòi ra liên tục khi đi lại. Bệnh nhân hay bị són tiểu khi ho. Khám hậu môn: thấy một khối màu đỏ sẫm lồi ra ngoài hình vòng cung tròn, có các nếp niêm mạc đồng tâm, rỉ dịch nhầy. Không thấy các búi tĩnh mạch riêng biệt màu xanh tím lồi thành đám. Khám vùng chậu có biểu hiện sa thành trước âm đạo nhẹ.

Chẩn đoán phân biệt nào cần được đặt ra hàng đầu với bệnh lý trĩ nội sa?",Khối u hắc tố hậu môn ác tính.,Sa trực tràng qua đường hậu môn.,Polyp tuyến ống trực tràng có cuống.,Viêm quanh lỗ rò hậu môn mạn tính.,,b,"Bệnh nhân nữ lớn tuổi, có nhiều lần sinh đẻ, xuất hiện khối lòi lọt ra ở hậu môn, rỉ dịch nhầy. Bệnh cảnh này cần phân biệt chẩn đoán sắc bén giữa trĩ nội độ IV và sa trực tràng toàn bộ (Rectal prolapse), do hướng xử trí hoàn toàn khác nhau."
noi-tri-mcq-092,noi,Trĩ,Tiêu hoá,,"Bệnh nhân nữ 65 tuổi, có 4 người con, đến khám vì thấy khối lòi ra ở hậu môn, ban đầu chỉ xuất hiện khi đi tiêu, nay lòi ra liên tục khi đi lại. Bệnh nhân hay bị són tiểu khi ho. Khám hậu môn: thấy một khối màu đỏ sẫm lồi ra ngoài hình vòng cung tròn, có các nếp niêm mạc đồng tâm, rỉ dịch nhầy. Không thấy các búi tĩnh mạch riêng biệt màu xanh tím lồi thành đám. Khám vùng chậu có biểu hiện sa thành trước âm đạo nhẹ.

Dấu hiệu thực thể ""các nếp niêm mạc đồng tâm"" đặc trưng cho tình trạng nào?",Phì đại nhú hậu môn dưới đường lược.,Giãn nở đám rối tĩnh mạch trĩ ngoài.,Sự sa xuống của toàn bộ thành trực tràng.,Tổn thương viêm loét đại tràng chảy máu.,,c,"Hình ảnh ""các nếp niêm mạc xếp vòng tròn đồng tâm"" quanh trục hậu môn là tiêu chuẩn lâm sàng đặc trưng phân biệt sa trực tràng toàn bộ với trĩ sa (trĩ sa có các nếp dọc chạy theo các múi riêng biệt)."
noi-tri-mcq-093,noi,Trĩ,Tiêu hoá,,"Bệnh nhân nữ 65 tuổi, có 4 người con, đến khám vì thấy khối lòi ra ở hậu môn, ban đầu chỉ xuất hiện khi đi tiêu, nay lòi ra liên tục khi đi lại. Bệnh nhân hay bị són tiểu khi ho. Khám hậu môn: thấy một khối màu đỏ sẫm lồi ra ngoài hình vòng cung tròn, có các nếp niêm mạc đồng tâm, rỉ dịch nhầy. Không thấy các búi tĩnh mạch riêng biệt màu xanh tím lồi thành đám. Khám vùng chậu có biểu hiện sa thành trước âm đạo nhẹ.

Thăm dò chức năng nào hữu ích để đánh giá tổng thể hệ thống cơ nâng đỡ vùng chậu?",Nội soi thực quản dạ dày tá tràng toàn bộ.,Đo áp lực hậu môn trực tràng độ phân giải cao.,Xét nghiệm sinh hóa men gan và bilirubin.,Chụp cắt lớp vi tính bụng có tiêm cản quang.,,b,Bệnh nhân sa trực tràng kèm són tiểu khi ho gợi ý hội chứng sa sàn chậu (Pelvic organ prolapse). Đo áp lực hậu môn trực tràng là thăm dò chức năng cần thiết để đánh giá sức co thắt cơ vòng hậu môn và chẩn đoán mức độ suy yếu cơ chậu trước can thiệp.
noi-tri-mcq-094,noi,Trĩ,Tiêu hoá,,"Bệnh nhân nữ 65 tuổi, có 4 người con, đến khám vì thấy khối lòi ra ở hậu môn, ban đầu chỉ xuất hiện khi đi tiêu, nay lòi ra liên tục khi đi lại. Bệnh nhân hay bị són tiểu khi ho. Khám hậu môn: thấy một khối màu đỏ sẫm lồi ra ngoài hình vòng cung tròn, có các nếp niêm mạc đồng tâm, rỉ dịch nhầy. Không thấy các búi tĩnh mạch riêng biệt màu xanh tím lồi thành đám. Khám vùng chậu có biểu hiện sa thành trước âm đạo nhẹ.

Nếu được chẩn đoán xác định là sa trực tràng toàn bộ, hướng giải quyết tối ưu là gì?",Điều trị nội khoa bảo tồn suốt đời.,Can thiệp phẫu thuật cố định trực tràng.,Thắt vòng cao su tại phòng khám ngoại trú.,Tiêm xơ hóa vào các nếp niêm mạc sa.,,b,"Khác với trĩ có thể thắt dây thun hay bảo tồn, sa trực tràng toàn bộ ở người trưởng thành không thể tự khỏi, điều trị triệt để bắt buộc phải thông qua phẫu thuật cố định trực tràng (Rectopexy) qua đường bụng hoặc đường đáy chậu."
noi-tri-mcq-095,noi,Trĩ,Tiêu hoá,,"Bệnh nhân nữ 65 tuổi, có 4 người con, đến khám vì thấy khối lòi ra ở hậu môn, ban đầu chỉ xuất hiện khi đi tiêu, nay lòi ra liên tục khi đi lại. Bệnh nhân hay bị són tiểu khi ho. Khám hậu môn: thấy một khối màu đỏ sẫm lồi ra ngoài hình vòng cung tròn, có các nếp niêm mạc đồng tâm, rỉ dịch nhầy. Không thấy các búi tĩnh mạch riêng biệt màu xanh tím lồi thành đám. Khám vùng chậu có biểu hiện sa thành trước âm đạo nhẹ.

Biến chứng nào ít liên quan nhất đến tình trạng yếu cơ sàn chậu ở bệnh nhân này?",Trĩ ngoại tắc mạch do huyết khối.,Đại tiện mất tự chủ phân mạn tính.,Tiểu không tự chủ khi gắng sức.,Sa tạng sinh dục đường âm đạo.,,a,"Yếu cơ sàn chậu dẫn đến sự tụt xuống của các tạng chậu, gây són tiểu, sa âm đạo, đại tiện không tự chủ. Trĩ ngoại tắc mạch là biến chứng của rối loạn vi tuần hoàn tĩnh mạch sau rặn mạnh, không phải hệ quả trực tiếp của yếu màng nâng đỡ cơ sàn chậu."
noi-tri-mcq-096,noi,Trĩ,Tiêu hoá,,"Bệnh nhân nam 42 tuổi, thợ mộc, đến khám do đi ngoài phân cứng, phải rặn nhiều và thấy máu lốm đốm đỏ tươi trên giấy vệ sinh khoảng 2 tuần nay. Đôi khi có cảm giác cộm nhẹ ở hậu môn nhưng không sa khối gì ra ngoài. Tiền sử khỏe mạnh. Sinh hiệu bình thường. Thăm khám hậu môn không thấy bất thường ở rìa hậu môn. Soi hậu môn ống cứng phát hiện 2 búi tĩnh mạch lồi nhẹ ở vị trí 3 giờ và 11 giờ trên đường lược, niêm mạc trơn láng, không viêm loét.

Chẩn đoán phân độ bệnh lý nào là chính xác nhất?",Trĩ nội phân độ I chảy máu.,Trĩ nội phân độ II nghẹt cấp.,Trĩ nội phân độ III viêm tấy.,Trĩ ngoại không có biến chứng.,,a,Có búi tĩnh mạch cương to rỉ máu nằm lồi phía trên đường lược nhưng chưa hề sa lọt ra ngoài ống hậu môn là tiêu chuẩn lâm sàng của trĩ nội độ I.
noi-tri-mcq-097,noi,Trĩ,Tiêu hoá,,"Bệnh nhân nam 42 tuổi, thợ mộc, đến khám do đi ngoài phân cứng, phải rặn nhiều và thấy máu lốm đốm đỏ tươi trên giấy vệ sinh khoảng 2 tuần nay. Đôi khi có cảm giác cộm nhẹ ở hậu môn nhưng không sa khối gì ra ngoài. Tiền sử khỏe mạnh. Sinh hiệu bình thường. Thăm khám hậu môn không thấy bất thường ở rìa hậu môn. Soi hậu môn ống cứng phát hiện 2 búi tĩnh mạch lồi nhẹ ở vị trí 3 giờ và 11 giờ trên đường lược, niêm mạc trơn láng, không viêm loét.

Ranh giới giải phẫu nào dùng để phân biệt hai loại búi tĩnh mạch ở vùng này?",Van trực tràng ngang Houston.,Đường lược (đường răng cưa).,Lớp cơ dọc thành trực tràng.,Cơ thắt ngoài ống hậu môn.,,b,"Đường lược (Dentate line) là mốc giải phẫu nội soi quan trọng. Các búi tĩnh mạch xuất phát phía trên đường này là trĩ nội (được lợp bởi niêm mạc trực tràng), xuất phát phía dưới đường này là trĩ ngoại (được lợp bởi da hay anoderm)."
noi-tri-mcq-098,noi,Trĩ,Tiêu hoá,,"Bệnh nhân nam 42 tuổi, thợ mộc, đến khám do đi ngoài phân cứng, phải rặn nhiều và thấy máu lốm đốm đỏ tươi trên giấy vệ sinh khoảng 2 tuần nay. Đôi khi có cảm giác cộm nhẹ ở hậu môn nhưng không sa khối gì ra ngoài. Tiền sử khỏe mạnh. Sinh hiệu bình thường. Thăm khám hậu môn không thấy bất thường ở rìa hậu môn. Soi hậu môn ống cứng phát hiện 2 búi tĩnh mạch lồi nhẹ ở vị trí 3 giờ và 11 giờ trên đường lược, niêm mạc trơn láng, không viêm loét.

Ở bệnh nhân chưa có nguy cơ ung thư cao, thăm dò nào đã đủ để đưa ra chẩn đoán xác định?",Nội soi đại tràng toàn bộ ống mềm.,Soi hậu môn trực tràng ống cứng.,Chụp cộng hưởng từ tiểu khung.,Đo vận tốc dẫn truyền dây thần kinh thẹn.,,b,"Bệnh nhân trẻ tuổi, không có tiền sử gia đình bất thường hay báo động sụt cân, việc soi hậu môn ống cứng ngay tại phòng khám là phương pháp khảo sát nhanh gọn, chính xác và đủ để chẩn đoán xác định bệnh lý trĩ nội, không nhất thiết nội soi toàn bộ ở lần tiếp cận đầu."
noi-tri-mcq-099,noi,Trĩ,Tiêu hoá,,"Bệnh nhân nam 42 tuổi, thợ mộc, đến khám do đi ngoài phân cứng, phải rặn nhiều và thấy máu lốm đốm đỏ tươi trên giấy vệ sinh khoảng 2 tuần nay. Đôi khi có cảm giác cộm nhẹ ở hậu môn nhưng không sa khối gì ra ngoài. Tiền sử khỏe mạnh. Sinh hiệu bình thường. Thăm khám hậu môn không thấy bất thường ở rìa hậu môn. Soi hậu môn ống cứng phát hiện 2 búi tĩnh mạch lồi nhẹ ở vị trí 3 giờ và 11 giờ trên đường lược, niêm mạc trơn láng, không viêm loét.

Lời khuyên về chế độ dinh dưỡng nào đóng vai trò cốt lõi trong quản lý bệnh?",Hạn chế hoàn toàn các loại trái cây tươi.,Tăng lượng đạm động vật và chất béo.,Chuyển sang chế độ ăn hoàn toàn lỏng.,Uống đủ 2-3 lít nước và ăn nhiều chất xơ.,,d,"Táo bón, phân cứng buộc rặn nhiều là căn nguyên cốt lõi gây kích ứng đám rối tĩnh mạch trực tràng. Bổ sung chất xơ và nước đầy đủ là phương pháp thay đổi dinh dưỡng rẻ tiền nhưng là chìa khóa then chốt ngăn trĩ tiến triển."
noi-tri-mcq-100,noi,Trĩ,Tiêu hoá,,"Bệnh nhân nam 42 tuổi, thợ mộc, đến khám do đi ngoài phân cứng, phải rặn nhiều và thấy máu lốm đốm đỏ tươi trên giấy vệ sinh khoảng 2 tuần nay. Đôi khi có cảm giác cộm nhẹ ở hậu môn nhưng không sa khối gì ra ngoài. Tiền sử khỏe mạnh. Sinh hiệu bình thường. Thăm khám hậu môn không thấy bất thường ở rìa hậu môn. Soi hậu môn ống cứng phát hiện 2 búi tĩnh mạch lồi nhẹ ở vị trí 3 giờ và 11 giờ trên đường lược, niêm mạc trơn láng, không viêm loét.

Thuốc đặt hậu môn tại chỗ thường chứa thành phần nào giúp giảm triệu chứng cấp?",Thuốc ức chế thụ thể sinh hoc TNF-alpha.,Enzyme phân giải protein hoại tử mô.,Kháng sinh diệt vi khuẩn kỵ khí mạnh.,Các chất corticoid và thuốc tê tại chỗ.,,d,"Điều trị triệu chứng đợt bùng phát trĩ ngoài thuốc uống trợ tĩnh mạch, các thuốc viên đặt hậu môn hoặc thuốc mỡ bôi tại chỗ thường phối hợp Corticoid (nhằm giảm hiện tượng viêm nề) và thuốc gây tê tại chỗ như Lidocaine (giảm rát, giảm cảm giác cộm)."
noi-tri-case-1-1,noi,Trĩ,Tiêu hoá,"Bệnh nhân nữ 35 tuổi, là nhân viên kế toán, đến khám vì đi ngoài ra máu và có khối sa ra ngoài hậu môn. Bệnh diễn tiến khoảng 6 tháng nay, ban đầu bệnh nhân chỉ thỉnh thoảng thấy có máu đỏ tươi, lượng ít, dính theo giấy vệ sinh sau khi đi ngoài. Khoảng 2 tháng gần đây, sau mỗi lần đi ngoài, bệnh nhân thấy có một khối nhỏ từ trong hậu môn sa ra ngoài, khối này có thể tự co lên được, kèm theo chảy máu thành giọt. Bệnh nhân thường xuyên bị táo bón, phân cứng, phải rặn nhiều khi đi vệ sinh. Bệnh nhân không đau bụng, không sụt cân, không sốt. Tiền sử mang thai và sinh thường một lần cách đây 3 năm. Lối sống tĩnh tại, ngồi nhiều, uống ít nước. Khám toàn thân bệnh nhân tỉnh, da niêm mạc hồng, sinh hiệu ổn định, SpO₂ 99% khí trời, BMI 24 kg/m². Khám bụng mềm, không chướng. Thăm khám vùng hậu môn ở tư thế nghiêng trái, không thấy tổn thương da xung quanh. Yêu cầu bệnh nhân rặn nhẹ, quan sát thấy có 3 khối trĩ ở vị trí 3h, 7h, 11h sa ra ngoài rìa hậu môn, niêm mạc màu hồng, mềm, sau đó tự co vào trong ống hậu môn khi bệnh nhân hết rặn. Thăm trực tràng bằng ngón tay không sờ thấy u cục, găng có dính ít máu đỏ tươi.","Dựa vào triệu chứng lâm sàng, bệnh trĩ của bệnh nhân được phân độ mấy?",Trĩ độ 3.,Trĩ độ 1.,Trĩ độ 4.,Trĩ độ 2.,,d,"Theo phân độ trĩ nội: Độ 1 (chỉ chảy máu, không sa), Độ 2 (sa khi rặn và tự co lên), Độ 3 (sa khi rặn, phải dùng tay đẩy lên), Độ 4 (sa thường xuyên, không đẩy lên được). Bệnh nhân này có búi trĩ sa ra khi rặn và tự co lên được, do đó được phân vào trĩ nội độ 2."
noi-tri-case-1-2,noi,Trĩ,Tiêu hoá,"Bệnh nhân nữ 35 tuổi, là nhân viên kế toán, đến khám vì đi ngoài ra máu và có khối sa ra ngoài hậu môn. Bệnh diễn tiến khoảng 6 tháng nay, ban đầu bệnh nhân chỉ thỉnh thoảng thấy có máu đỏ tươi, lượng ít, dính theo giấy vệ sinh sau khi đi ngoài. Khoảng 2 tháng gần đây, sau mỗi lần đi ngoài, bệnh nhân thấy có một khối nhỏ từ trong hậu môn sa ra ngoài, khối này có thể tự co lên được, kèm theo chảy máu thành giọt. Bệnh nhân thường xuyên bị táo bón, phân cứng, phải rặn nhiều khi đi vệ sinh. Bệnh nhân không đau bụng, không sụt cân, không sốt. Tiền sử mang thai và sinh thường một lần cách đây 3 năm. Lối sống tĩnh tại, ngồi nhiều, uống ít nước. Khám toàn thân bệnh nhân tỉnh, da niêm mạc hồng, sinh hiệu ổn định, SpO₂ 99% khí trời, BMI 24 kg/m². Khám bụng mềm, không chướng. Thăm khám vùng hậu môn ở tư thế nghiêng trái, không thấy tổn thương da xung quanh. Yêu cầu bệnh nhân rặn nhẹ, quan sát thấy có 3 khối trĩ ở vị trí 3h, 7h, 11h sa ra ngoài rìa hậu môn, niêm mạc màu hồng, mềm, sau đó tự co vào trong ống hậu môn khi bệnh nhân hết rặn. Thăm trực tràng bằng ngón tay không sờ thấy u cục, găng có dính ít máu đỏ tươi.",Cơ chế bệnh sinh chính của bệnh trĩ là gì?,Do sự co thắt quá mức của cơ thắt trong hậu môn.,Do sự nhiễm trùng của các tuyến hậu môn.,"Do sự giãn nở và sa xuống của các đám rối tĩnh mạch ở ống hậu môn, cùng với sự suy yếu của các mô liên kết nâng đỡ.",Là một biểu hiện của bệnh viêm ruột mạn tính.,,c,"Thuyết cơ học được chấp nhận rộng rãi nhất. Do áp lực trong ổ bụng tăng thường xuyên (rặn, ho, mang thai...) và các yếu tố khác làm suy yếu hệ thống mô liên kết (dây chằng Park) có vai trò neo giữ các đám rối tĩnh mạch vào ống hậu môn. Hậu quả là các đám rối này bị giãn, ứ máu và sa dần xuống, tạo thành búi trĩ."
noi-tri-case-1-3,noi,Trĩ,Tiêu hoá,"Bệnh nhân nữ 35 tuổi, là nhân viên kế toán, đến khám vì đi ngoài ra máu và có khối sa ra ngoài hậu môn. Bệnh diễn tiến khoảng 6 tháng nay, ban đầu bệnh nhân chỉ thỉnh thoảng thấy có máu đỏ tươi, lượng ít, dính theo giấy vệ sinh sau khi đi ngoài. Khoảng 2 tháng gần đây, sau mỗi lần đi ngoài, bệnh nhân thấy có một khối nhỏ từ trong hậu môn sa ra ngoài, khối này có thể tự co lên được, kèm theo chảy máu thành giọt. Bệnh nhân thường xuyên bị táo bón, phân cứng, phải rặn nhiều khi đi vệ sinh. Bệnh nhân không đau bụng, không sụt cân, không sốt. Tiền sử mang thai và sinh thường một lần cách đây 3 năm. Lối sống tĩnh tại, ngồi nhiều, uống ít nước. Khám toàn thân bệnh nhân tỉnh, da niêm mạc hồng, sinh hiệu ổn định, SpO₂ 99% khí trời, BMI 24 kg/m². Khám bụng mềm, không chướng. Thăm khám vùng hậu môn ở tư thế nghiêng trái, không thấy tổn thương da xung quanh. Yêu cầu bệnh nhân rặn nhẹ, quan sát thấy có 3 khối trĩ ở vị trí 3h, 7h, 11h sa ra ngoài rìa hậu môn, niêm mạc màu hồng, mềm, sau đó tự co vào trong ống hậu môn khi bệnh nhân hết rặn. Thăm trực tràng bằng ngón tay không sờ thấy u cục, găng có dính ít máu đỏ tươi.",Yếu tố nguy cơ nào sau đây là quan trọng nhất góp phần hình thành và làm nặng thêm bệnh trĩ ở bệnh nhân này?,Táo bón mạn tính và thói quen rặn nhiều.,Nghề nghiệp kế toán.,Tiền sử sinh thường.,Giới tính nữ.,,a,"Táo bón mạn tính buộc bệnh nhân phải rặn gắng sức khi đi đại tiện. Hành động này làm tăng áp lực trong ổ bụng một cách đột ngột và lặp đi lặp lại, là yếu tố cơ học chính thúc đẩy sự giãn và sa của các búi trĩ. Tất cả các yếu tố khác đều có thể góp phần nhưng táo bón là yếu tố quan trọng và có thể thay đổi được."
noi-tri-case-1-4,noi,Trĩ,Tiêu hoá,"Bệnh nhân nữ 35 tuổi, là nhân viên kế toán, đến khám vì đi ngoài ra máu và có khối sa ra ngoài hậu môn. Bệnh diễn tiến khoảng 6 tháng nay, ban đầu bệnh nhân chỉ thỉnh thoảng thấy có máu đỏ tươi, lượng ít, dính theo giấy vệ sinh sau khi đi ngoài. Khoảng 2 tháng gần đây, sau mỗi lần đi ngoài, bệnh nhân thấy có một khối nhỏ từ trong hậu môn sa ra ngoài, khối này có thể tự co lên được, kèm theo chảy máu thành giọt. Bệnh nhân thường xuyên bị táo bón, phân cứng, phải rặn nhiều khi đi vệ sinh. Bệnh nhân không đau bụng, không sụt cân, không sốt. Tiền sử mang thai và sinh thường một lần cách đây 3 năm. Lối sống tĩnh tại, ngồi nhiều, uống ít nước. Khám toàn thân bệnh nhân tỉnh, da niêm mạc hồng, sinh hiệu ổn định, SpO₂ 99% khí trời, BMI 24 kg/m². Khám bụng mềm, không chướng. Thăm khám vùng hậu môn ở tư thế nghiêng trái, không thấy tổn thương da xung quanh. Yêu cầu bệnh nhân rặn nhẹ, quan sát thấy có 3 khối trĩ ở vị trí 3h, 7h, 11h sa ra ngoài rìa hậu môn, niêm mạc màu hồng, mềm, sau đó tự co vào trong ống hậu môn khi bệnh nhân hết rặn. Thăm trực tràng bằng ngón tay không sờ thấy u cục, găng có dính ít máu đỏ tươi.",Can thiệp điều trị nội khoa nào là nền tảng và cần được tư vấn đầu tiên cho bệnh nhân?,Dùng thuốc đặt hậu môn chứa corticoid.,"Thay đổi lối sống: tăng cường chất xơ, uống đủ nước và tránh rặn khi đi ngoài.",Ngâm hậu môn trong nước ấm.,Dùng thuốc tăng cường trương lực tĩnh mạch (ví dụ: Daflon).,,b,"Điều trị nền tảng của bệnh trĩ (đặc biệt ở giai đoạn sớm) là điều trị bảo tồn và thay đổi lối sống. Việc làm cho phân mềm, dễ di chuyển (bằng cách ăn nhiều chất xơ, uống đủ nước) và thay đổi thói quen đi đại tiện (không ngồi lâu, không rặn) sẽ làm giảm áp lực lên các búi trĩ, từ đó giảm triệu chứng chảy máu và sa."
noi-tri-case-1-5,noi,Trĩ,Tiêu hoá,"Bệnh nhân nữ 35 tuổi, là nhân viên kế toán, đến khám vì đi ngoài ra máu và có khối sa ra ngoài hậu môn. Bệnh diễn tiến khoảng 6 tháng nay, ban đầu bệnh nhân chỉ thỉnh thoảng thấy có máu đỏ tươi, lượng ít, dính theo giấy vệ sinh sau khi đi ngoài. Khoảng 2 tháng gần đây, sau mỗi lần đi ngoài, bệnh nhân thấy có một khối nhỏ từ trong hậu môn sa ra ngoài, khối này có thể tự co lên được, kèm theo chảy máu thành giọt. Bệnh nhân thường xuyên bị táo bón, phân cứng, phải rặn nhiều khi đi vệ sinh. Bệnh nhân không đau bụng, không sụt cân, không sốt. Tiền sử mang thai và sinh thường một lần cách đây 3 năm. Lối sống tĩnh tại, ngồi nhiều, uống ít nước. Khám toàn thân bệnh nhân tỉnh, da niêm mạc hồng, sinh hiệu ổn định, SpO₂ 99% khí trời, BMI 24 kg/m². Khám bụng mềm, không chướng. Thăm khám vùng hậu môn ở tư thế nghiêng trái, không thấy tổn thương da xung quanh. Yêu cầu bệnh nhân rặn nhẹ, quan sát thấy có 3 khối trĩ ở vị trí 3h, 7h, 11h sa ra ngoài rìa hậu môn, niêm mạc màu hồng, mềm, sau đó tự co vào trong ống hậu môn khi bệnh nhân hết rặn. Thăm trực tràng bằng ngón tay không sờ thấy u cục, găng có dính ít máu đỏ tươi.","Nếu điều trị nội khoa thất bại, thủ thuật nào sau đây là phù hợp nhất cho trĩ độ 2-3?",Phẫu thuật cắt trĩ (phương pháp Milligan-Morgan).,Quang đông hồng ngoại.,Phẫu thuật khâu triệt mạch trĩ dưới hướng dẫn Doppler (THD).,Thắt trĩ bằng vòng cao su.,,d,"Thắt trĩ bằng vòng cao su là một thủ thuật ít xâm lấn, hiệu quả, chi phí thấp và được coi là lựa chọn hàng đầu cho trĩ nội độ 2 và một số trường hợp độ 3. Thủ thuật này sử dụng một vòng cao su nhỏ để thắt vào gốc búi trĩ, làm cắt đứt nguồn máu nuôi, khiến búi trĩ hoại tử và rụng đi sau vài ngày."
noi-tri-case-2-1,noi,Trĩ,Tiêu hoá,"Bệnh nhân nam 50 tuổi, tài xế xe tải đường dài, đến phòng cấp cứu vì đau dữ dội vùng hậu môn. Bệnh nhân khai rằng, khoảng 2 ngày nay, sau một chuyến đi dài và ngồi nhiều, ông đột ngột thấy xuất hiện một khối nhỏ, căng, rất đau ở rìa hậu môn. Cơn đau liên tục, đau tăng khi ngồi hoặc đi lại, khiến bệnh nhân không thể chịu được. Bệnh nhân không sốt, không chảy máu. Tiền sử thỉnh thoảng bị táo bón, không có bệnh lý hậu môn trực tràng nào khác. Khám lâm sàng bệnh nhân tỉnh táo, tỏ ra rất đau. Sinh hiệu ổn định. Khám vùng hậu môn ở tư thế nghiêng trái, tại vị trí 5h ở rìa hậu môn, quan sát thấy một khối phồng, hình tròn, đường kính khoảng 1.5 cm, có màu xanh tím, căng bóng, sờ vào rất cứng và bệnh nhân cực kỳ đau. Bề mặt khối phồng không có dấu hiệu loét hay hoại tử.",Chẩn đoán phù hợp nhất với tình trạng của bệnh nhân là gì?,Nứt kẽ hậu môn cấp.,Trĩ ngoại tắc mạch.,Trĩ nội sa nghẹt.,Áp xe cạnh hậu môn.,,b,"Bệnh cảnh một khối u đau cấp tính, căng, màu xanh tím ở ngay rìa hậu môn là hình ảnh kinh điển của trĩ ngoại tắc mạch. Áp xe thường có thêm sưng nóng đỏ và sốt. Trĩ nội sa nghẹt là khối sa từ bên trong, thường lớn hơn và có màu tím sẫm lan tỏa."
noi-tri-case-2-2,noi,Trĩ,Tiêu hoá,"Bệnh nhân nam 50 tuổi, tài xế xe tải đường dài, đến phòng cấp cứu vì đau dữ dội vùng hậu môn. Bệnh nhân khai rằng, khoảng 2 ngày nay, sau một chuyến đi dài và ngồi nhiều, ông đột ngột thấy xuất hiện một khối nhỏ, căng, rất đau ở rìa hậu môn. Cơn đau liên tục, đau tăng khi ngồi hoặc đi lại, khiến bệnh nhân không thể chịu được. Bệnh nhân không sốt, không chảy máu. Tiền sử thỉnh thoảng bị táo bón, không có bệnh lý hậu môn trực tràng nào khác. Khám lâm sàng bệnh nhân tỉnh táo, tỏ ra rất đau. Sinh hiệu ổn định. Khám vùng hậu môn ở tư thế nghiêng trái, tại vị trí 5h ở rìa hậu môn, quan sát thấy một khối phồng, hình tròn, đường kính khoảng 1.5 cm, có màu xanh tím, căng bóng, sờ vào rất cứng và bệnh nhân cực kỳ đau. Bề mặt khối phồng không có dấu hiệu loét hay hoại tử.",Cơ chế bệnh sinh của trĩ ngoại tắc mạch là gì?,Một vết rách ở niêm mạc ống hậu môn.,Sự sa xuống của đám rối trĩ nội.,Sự hình thành một cục máu đông (huyết khối) bên trong một tĩnh mạch thuộc đám rối trĩ ngoại.,Nhiễm trùng của một tuyến hậu môn gây tụ mủ.,,c,"Trĩ ngoại được bao phủ bởi da và nằm bên dưới đường lược. Khi một tĩnh mạch trong đám rối trĩ ngoại bị vỡ (thường do rặn, ngồi nhiều, gắng sức), máu sẽ thoát ra và tạo thành một cục máu đông trong mô dưới da, gây ra một khối căng và đau dữ dội do làm căng lớp da nhạy cảm bên trên."
noi-tri-case-2-3,noi,Trĩ,Tiêu hoá,"Bệnh nhân nam 50 tuổi, tài xế xe tải đường dài, đến phòng cấp cứu vì đau dữ dội vùng hậu môn. Bệnh nhân khai rằng, khoảng 2 ngày nay, sau một chuyến đi dài và ngồi nhiều, ông đột ngột thấy xuất hiện một khối nhỏ, căng, rất đau ở rìa hậu môn. Cơn đau liên tục, đau tăng khi ngồi hoặc đi lại, khiến bệnh nhân không thể chịu được. Bệnh nhân không sốt, không chảy máu. Tiền sử thỉnh thoảng bị táo bón, không có bệnh lý hậu môn trực tràng nào khác. Khám lâm sàng bệnh nhân tỉnh táo, tỏ ra rất đau. Sinh hiệu ổn định. Khám vùng hậu môn ở tư thế nghiêng trái, tại vị trí 5h ở rìa hậu môn, quan sát thấy một khối phồng, hình tròn, đường kính khoảng 1.5 cm, có màu xanh tím, căng bóng, sờ vào rất cứng và bệnh nhân cực kỳ đau. Bề mặt khối phồng không có dấu hiệu loét hay hoại tử.",Triệu chứng lâm sàng nổi bật và đặc trưng nhất của trĩ ngoại tắc mạch là gì?,Chảy máu đỏ tươi lượng nhiều.,"Đau cấp tính, dữ dội và liên tục ở hậu môn.",Sốt cao và rét run.,Sa một khối lớn không đẩy lên được.,,b,"Đau là triệu chứng chủ đạo của trĩ ngoại tắc mạch. Cơn đau thường khởi phát đột ngột, dữ dội và liên tục do áp lực của khối huyết lên lớp da giàu cảm giác ở rìa hậu môn. Mức độ đau thường không tương xứng với kích thước nhỏ của tổn thương."
noi-tri-case-2-4,noi,Trĩ,Tiêu hoá,"Bệnh nhân nam 50 tuổi, tài xế xe tải đường dài, đến phòng cấp cứu vì đau dữ dội vùng hậu môn. Bệnh nhân khai rằng, khoảng 2 ngày nay, sau một chuyến đi dài và ngồi nhiều, ông đột ngột thấy xuất hiện một khối nhỏ, căng, rất đau ở rìa hậu môn. Cơn đau liên tục, đau tăng khi ngồi hoặc đi lại, khiến bệnh nhân không thể chịu được. Bệnh nhân không sốt, không chảy máu. Tiền sử thỉnh thoảng bị táo bón, không có bệnh lý hậu môn trực tràng nào khác. Khám lâm sàng bệnh nhân tỉnh táo, tỏ ra rất đau. Sinh hiệu ổn định. Khám vùng hậu môn ở tư thế nghiêng trái, tại vị trí 5h ở rìa hậu môn, quan sát thấy một khối phồng, hình tròn, đường kính khoảng 1.5 cm, có màu xanh tím, căng bóng, sờ vào rất cứng và bệnh nhân cực kỳ đau. Bề mặt khối phồng không có dấu hiệu loét hay hoại tử.",Hướng xử trí nào là phù hợp nhất để giải quyết cơn đau nhanh chóng và hiệu quả cho bệnh nhân nếu bệnh nhân đến viện trong vòng 48-72 giờ đầu?,Thắt búi trĩ bằng vòng cao su.,Ngâm hậu môn nước ấm và dùng thuốc giảm đau đường uống.,Rạch nhỏ và lấy bỏ huyết khối tại phòng thủ thuật.,Dùng kháng sinh phổ rộng. https://onedrive.live.com/personal/2672550e42ddc7d4/_layouts/15/,,c,"Nếu bệnh nhân đến sớm trong vòng 48-72 giờ đầu khi huyết khối còn khu trú và cơn đau còn dữ dội, can thiệp tốt nhất là một thủ oc.aspx?sourcedoc={186352b6-90cf-40c9-ba19-ae84e248ef20}&action=vie… 1/11 thuật đơn giản tại chỗ: gây tê tại chỗ, rạch một đường nhỏ trên bề mặt khối phồng và dùng kẹp lấy bỏ toàn bộ huyết khối. Thủ thuật này giúp giảm đau tức thì và rút ngắn thời gian hồi phục."
noi-tri-case-2-5,noi,Trĩ,Tiêu hoá,"Bệnh nhân nam 50 tuổi, tài xế xe tải đường dài, đến phòng cấp cứu vì đau dữ dội vùng hậu môn. Bệnh nhân khai rằng, khoảng 2 ngày nay, sau một chuyến đi dài và ngồi nhiều, ông đột ngột thấy xuất hiện một khối nhỏ, căng, rất đau ở rìa hậu môn. Cơn đau liên tục, đau tăng khi ngồi hoặc đi lại, khiến bệnh nhân không thể chịu được. Bệnh nhân không sốt, không chảy máu. Tiền sử thỉnh thoảng bị táo bón, không có bệnh lý hậu môn trực tràng nào khác. Khám lâm sàng bệnh nhân tỉnh táo, tỏ ra rất đau. Sinh hiệu ổn định. Khám vùng hậu môn ở tư thế nghiêng trái, tại vị trí 5h ở rìa hậu môn, quan sát thấy một khối phồng, hình tròn, đường kính khoảng 1.5 cm, có màu xanh tím, căng bóng, sờ vào rất cứng và bệnh nhân cực kỳ đau. Bề mặt khối phồng không có dấu hiệu loét hay hoại tử.","Nếu không được can thiệp, diễn biến tự nhiên của một khối trĩ ngoại tắc mạch thường như thế nào?",Luôn cần phẫu thuật cắt trĩ cấp cứu.,Luôn gây ra chảy máu ồ ạt.,Luôn tiến triển thành áp xe và rò hậu môn.,Cơn đau sẽ tự thuyên giảm sau vài ngày đến một tuần và huyết khối sẽ được cơ thể tự hấp thu hoặc tự vỡ ra.,,d,"Trĩ ngoại tắc mạch là một bệnh lý lành tính và tự giới hạn. Nếu không can thiệp, hệ thống miễn dịch của cơ thể sẽ dần dần ly giải và hấp thu cục máu đông, cơn đau sẽ giảm dần sau khoảng 4-5 ngày và khối phồng sẽ biến mất sau vài tuần. Đôi khi, da trên bề mặt có thể bị hoại tử và huyết khối tự thoát ra ngoài."
noi-tri-case-3-1,noi,Trĩ,Tiêu hoá,"Bệnh nhân nữ 42 tuổi, nhân viên bán hàng, đến khám vì có khối sa ra ngoài hậu môn sau khi đi ngoài. Bệnh nhân có tiền sử bị trĩ nhiều năm, thường xuyên bị chảy máu và sa búi trĩ sau khi đi ngoài nhưng khối sa thường tự co lên được. Khoảng 1 tuần nay, sau một đợt táo bón, bệnh nhân thấy khối sa ra ngoài không tự co lên được nữa, phải dùng tay đẩy nhẹ thì mới lên. Việc này gây cho bệnh nhân cảm giác rất vướng víu, khó chịu và ẩm ướt ở hậu môn. Bệnh nhân không đau nhiều, thỉnh thoảng có chảy máu ít. Bệnh nhân phải đứng nhiều do yêu cầu công việc. Khám hậu môn ở tư thế sản khoa, yêu cầu bệnh nhân rặn, thấy một khối trĩ lớn ở vị trí 7h sa ra ngoài, vượt qua rìa hậu môn, sau khi bệnh nhân ngưng rặn, khối trĩ không tự co vào, bác sĩ phải dùng tay đẩy nhẹ thì khối trĩ mới vào trong ống hậu môn. Thăm trực tràng mềm mại.",Bệnh trĩ của bệnh nhân đã tiến triển đến độ mấy?,Trĩ độ 2.,Trĩ độ 1.,Trĩ độ 4.,Trĩ độ 3.,,d,"Theo phân độ, trĩ nội độ 3 được định nghĩa là búi trĩ sa ra ngoài khi đi đại tiện hoặc gắng sức, không thể tự co lên mà phải dùng tay đẩy lên. Tình trạng của bệnh nhân hoàn toàn phù hợp với mô tả này."
noi-tri-case-3-2,noi,Trĩ,Tiêu hoá,"Bệnh nhân nữ 42 tuổi, nhân viên bán hàng, đến khám vì có khối sa ra ngoài hậu môn sau khi đi ngoài. Bệnh nhân có tiền sử bị trĩ nhiều năm, thường xuyên bị chảy máu và sa búi trĩ sau khi đi ngoài nhưng khối sa thường tự co lên được. Khoảng 1 tuần nay, sau một đợt táo bón, bệnh nhân thấy khối sa ra ngoài không tự co lên được nữa, phải dùng tay đẩy nhẹ thì mới lên. Việc này gây cho bệnh nhân cảm giác rất vướng víu, khó chịu và ẩm ướt ở hậu môn. Bệnh nhân không đau nhiều, thỉnh thoảng có chảy máu ít. Bệnh nhân phải đứng nhiều do yêu cầu công việc. Khám hậu môn ở tư thế sản khoa, yêu cầu bệnh nhân rặn, thấy một khối trĩ lớn ở vị trí 7h sa ra ngoài, vượt qua rìa hậu môn, sau khi bệnh nhân ngưng rặn, khối trĩ không tự co vào, bác sĩ phải dùng tay đẩy nhẹ thì khối trĩ mới vào trong ống hậu môn. Thăm trực tràng mềm mại.","Cảm giác ẩm ướt, ngứa ngáy ở hậu môn mà bệnh nhân gặp phải có thể do cơ chế nào?",Do dị ứng với giấy vệ sinh.,Do nhiễm nấm Candida.,Do búi trĩ sa ra ngoài làm rò rỉ dịch nhầy từ niêm mạc trực tràng ra vùng da quanh hậu môn.,Do vệ sinh cá nhân không tốt.,,c,"Niêm mạc của búi trĩ nội (vốn là niêm mạc trực tràng) có các tuyến tiết dịch nhầy. Khi búi trĩ sa ra ngoài, lớp dịch nhầy này sẽ tiếp xúc và gây kích ứng lớp da nhạy cảm quanh hậu môn, gây ra cảm giác ẩm ướt và ngứa."
noi-tri-case-3-3,noi,Trĩ,Tiêu hoá,"Bệnh nhân nữ 42 tuổi, nhân viên bán hàng, đến khám vì có khối sa ra ngoài hậu môn sau khi đi ngoài. Bệnh nhân có tiền sử bị trĩ nhiều năm, thường xuyên bị chảy máu và sa búi trĩ sau khi đi ngoài nhưng khối sa thường tự co lên được. Khoảng 1 tuần nay, sau một đợt táo bón, bệnh nhân thấy khối sa ra ngoài không tự co lên được nữa, phải dùng tay đẩy nhẹ thì mới lên. Việc này gây cho bệnh nhân cảm giác rất vướng víu, khó chịu và ẩm ướt ở hậu môn. Bệnh nhân không đau nhiều, thỉnh thoảng có chảy máu ít. Bệnh nhân phải đứng nhiều do yêu cầu công việc. Khám hậu môn ở tư thế sản khoa, yêu cầu bệnh nhân rặn, thấy một khối trĩ lớn ở vị trí 7h sa ra ngoài, vượt qua rìa hậu môn, sau khi bệnh nhân ngưng rặn, khối trĩ không tự co vào, bác sĩ phải dùng tay đẩy nhẹ thì khối trĩ mới vào trong ống hậu môn. Thăm trực tràng mềm mại.",Yếu tố nghề nghiệp nào góp phần làm nặng thêm bệnh trĩ của bệnh nhân?,Tiếp xúc với hóa chất.,"Phải đứng hoặc ngồi lâu, làm tăng áp lực tĩnh mạch ở vùng chậu.","Căng thẳng, stress.",Phải nói nhiều.,,b,"Việc phải đứng hoặc ngồi ở một tư thế quá lâu sẽ làm giảm sự hồi lưu của máu tĩnh mạch từ vùng chậu và chi dưới về tim. Điều này làm tăng áp lực và gây ứ trệ máu trong các đám rối tĩnh mạch trĩ, làm cho bệnh nặng hơn."
noi-tri-case-3-4,noi,Trĩ,Tiêu hoá,"Bệnh nhân nữ 42 tuổi, nhân viên bán hàng, đến khám vì có khối sa ra ngoài hậu môn sau khi đi ngoài. Bệnh nhân có tiền sử bị trĩ nhiều năm, thường xuyên bị chảy máu và sa búi trĩ sau khi đi ngoài nhưng khối sa thường tự co lên được. Khoảng 1 tuần nay, sau một đợt táo bón, bệnh nhân thấy khối sa ra ngoài không tự co lên được nữa, phải dùng tay đẩy nhẹ thì mới lên. Việc này gây cho bệnh nhân cảm giác rất vướng víu, khó chịu và ẩm ướt ở hậu môn. Bệnh nhân không đau nhiều, thỉnh thoảng có chảy máu ít. Bệnh nhân phải đứng nhiều do yêu cầu công việc. Khám hậu môn ở tư thế sản khoa, yêu cầu bệnh nhân rặn, thấy một khối trĩ lớn ở vị trí 7h sa ra ngoài, vượt qua rìa hậu môn, sau khi bệnh nhân ngưng rặn, khối trĩ không tự co vào, bác sĩ phải dùng tay đẩy nhẹ thì khối trĩ mới vào trong ống hậu môn. Thăm trực tràng mềm mại.","Đối với trĩ nội độ 3, ngoài các biện pháp nội khoa, phương pháp điều trị nào thường được chỉ định?",Dùng thuốc bôi tại chỗ.,Chờ đợi và theo dõi.,"Các thủ thuật can thiệp (thắt vòng cao su, tiêm xơ) hoặc phẫu thuật.",Chỉ cần thay đổi chế độ ăn là đủ.,,c,"Trĩ độ 3 thường có triệu chứng ảnh hưởng nhiều đến chất lượng cuộc sống và ít đáp ứng với điều trị nội khoa đơn thuần. Do đó, các phương pháp can thiệp thường được chỉ định. Tùy thuộc vào kích thước búi trĩ và mong muốn của bệnh nhân, bác sĩ có thể lựa chọn các thủ thuật như thắt vòng cao su cho các búi trĩ nhỏ hoặc các phương pháp phẫu thuật (cắt trĩ kinh điển, phẫu thuật Longo, THD) cho các trường hợp nặng hơn."
noi-tri-case-3-5,noi,Trĩ,Tiêu hoá,"Bệnh nhân nữ 42 tuổi, nhân viên bán hàng, đến khám vì có khối sa ra ngoài hậu môn sau khi đi ngoài. Bệnh nhân có tiền sử bị trĩ nhiều năm, thường xuyên bị chảy máu và sa búi trĩ sau khi đi ngoài nhưng khối sa thường tự co lên được. Khoảng 1 tuần nay, sau một đợt táo bón, bệnh nhân thấy khối sa ra ngoài không tự co lên được nữa, phải dùng tay đẩy nhẹ thì mới lên. Việc này gây cho bệnh nhân cảm giác rất vướng víu, khó chịu và ẩm ướt ở hậu môn. Bệnh nhân không đau nhiều, thỉnh thoảng có chảy máu ít. Bệnh nhân phải đứng nhiều do yêu cầu công việc. Khám hậu môn ở tư thế sản khoa, yêu cầu bệnh nhân rặn, thấy một khối trĩ lớn ở vị trí 7h sa ra ngoài, vượt qua rìa hậu môn, sau khi bệnh nhân ngưng rặn, khối trĩ không tự co vào, bác sĩ phải dùng tay đẩy nhẹ thì khối trĩ mới vào trong ống hậu môn. Thăm trực tràng mềm mại.",Phẫu thuật cắt trĩ theo phương pháp Longo (PPH) hoạt động dựa trên nguyên lý nào?,Cắt bỏ trực tiếp từng búi trĩ riêng lẻ.,Thắt tất cả các động mạch nuôi búi trĩ.,Đốt các búi trĩ bằng tia laser.,"Sử dụng một dụng cụ dập-cắt tự động để cắt và khâu một khoanh niêm mạc phía trên đường lược, nhằm kéo búi trĩ lên và triệt mạch máu nuôi.",,d,"Phẫu thuật Longo (PPH - Procedure for Prolapse and Hemorrhoids) không cắt trực tiếp búi trĩ. Thay vào đó, nó giải quyết ""gốc rễ"" của bệnh là sự sa của lớp niêm mạc. Bằng cách cắt đi một khoanh niêm mạc và dưới niêm mạc ở phía trên búi trĩ (vùng ít cảm giác đau), máy sẽ đồng thời khâu nối lại. Điều này có hai tác dụng: (1) Kéo lớp đệm hậu môn và các búi trĩ bị sa trở về đúng vị trí giải phẫu; (2) Cắt đứt các nhánh mạch máu đi đến búi trĩ, làm chúng teo nhỏ lại."
noi-tri-case-4-1,noi,Trĩ,Tiêu hoá,"Bệnh nhân nam 45 tuổi, công nhân xây dựng, được đưa vào cấp cứu vì một khối lớn, sưng tím, rất đau ở hậu môn. Bệnh nhân có tiền sử trĩ nội nhiều năm nhưng chưa điều trị. Sáng nay, sau khi đi ngoài gắng sức, bệnh nhân thấy toàn bộ vùng hậu môn sưng nề, sa ra ngoài một khối lớn màu tím sẫm, không thể đẩy vào được, đau dữ dội đến mức không thể ngồi hay đi lại. Bệnh nhân không sốt. Khám lâm sàng bệnh nhân vật vã vì đau. Khám vùng hậu môn thấy toàn bộ chu vi rìa hậu môn bị một khối sưng nề, phù mọng, màu tím sẫm, xen kẽ có những vùng niêm mạc bị loét và hoại tử đen. Sờ vào khối rất căng và đau. Không thể thăm trực tràng do bệnh nhân quá đau và khối sa quá lớn.",Biến chứng cấp tính mà bệnh nhân đang gặp phải là gì?,Trĩ nội sa nghẹt.,Trĩ ngoại tắc mạch.,Sa trực tràng.,Áp xe hậu môn.,,a,"Đây là bệnh cảnh điển hình của trĩ nội sa nghẹt, một cấp cứu của chuyên khoa hậu môn trực tràng. Nó xảy ra khi các búi trĩ nội (thường là độ 3 hoặc 4) bị sa ra ngoài và không thể co vào hay đẩy lên được, dẫn đến các biến chứng về mạch máu."
noi-tri-case-4-2,noi,Trĩ,Tiêu hoá,"Bệnh nhân nam 45 tuổi, công nhân xây dựng, được đưa vào cấp cứu vì một khối lớn, sưng tím, rất đau ở hậu môn. Bệnh nhân có tiền sử trĩ nội nhiều năm nhưng chưa điều trị. Sáng nay, sau khi đi ngoài gắng sức, bệnh nhân thấy toàn bộ vùng hậu môn sưng nề, sa ra ngoài một khối lớn màu tím sẫm, không thể đẩy vào được, đau dữ dội đến mức không thể ngồi hay đi lại. Bệnh nhân không sốt. Khám lâm sàng bệnh nhân vật vã vì đau. Khám vùng hậu môn thấy toàn bộ chu vi rìa hậu môn bị một khối sưng nề, phù mọng, màu tím sẫm, xen kẽ có những vùng niêm mạc bị loét và hoại tử đen. Sờ vào khối rất căng và đau. Không thể thăm trực tràng do bệnh nhân quá đau và khối sa quá lớn.",Cơ chế chính gây ra tình trạng sa nghẹt của búi trĩ là gì?,Do khối u ác tính chèn ép.,"Búi trĩ nội bị sa ra ngoài và bị cơ thắt hậu môn co thắt lại, cản trở sự hồi lưu của máu tĩnh mạch, gây phù nề và huyết khối.",Nhiễm trùng lan tỏa của vùng hậu môn.,Sự hình thành huyết khối bên trong búi trĩ ngoại.,,b,"Vòng luẩn quẩn bắt đầu khi búi trĩ sa ra ngoài và bị cơ thắt hậu môn siết lại. Điều này cản trở dòng máu tĩnh mạch trở về, trong khi máu động mạch vẫn được bơm đến. Hậu quả là các búi trĩ bị ứ máu, phù nề ngày càng to, càng làm cho sự co thắt của cơ thắt trở nên chặt hơn. Tình trạng ứ trệ kéo oc.aspx?sourcedoc={186352b6-90cf-40c9-ba19-ae84e248ef20}&action=vie… 2/11 dài sẽ dẫn đến hình thành huyết khối và cuối cùng là hoại tử."
noi-tri-case-4-3,noi,Trĩ,Tiêu hoá,"Bệnh nhân nam 45 tuổi, công nhân xây dựng, được đưa vào cấp cứu vì một khối lớn, sưng tím, rất đau ở hậu môn. Bệnh nhân có tiền sử trĩ nội nhiều năm nhưng chưa điều trị. Sáng nay, sau khi đi ngoài gắng sức, bệnh nhân thấy toàn bộ vùng hậu môn sưng nề, sa ra ngoài một khối lớn màu tím sẫm, không thể đẩy vào được, đau dữ dội đến mức không thể ngồi hay đi lại. Bệnh nhân không sốt. Khám lâm sàng bệnh nhân vật vã vì đau. Khám vùng hậu môn thấy toàn bộ chu vi rìa hậu môn bị một khối sưng nề, phù mọng, màu tím sẫm, xen kẽ có những vùng niêm mạc bị loét và hoại tử đen. Sờ vào khối rất căng và đau. Không thể thăm trực tràng do bệnh nhân quá đau và khối sa quá lớn.",Tại sao tình trạng này lại gây đau dữ dội?,Do nhiễm trùng. https://onedrive.live.com/personal/2672550e42ddc7d4/_layouts/15/,Do loét niêm mạc.,Do sự co thắt của cơ thắt hậu môn.,"Do sự căng giãn đột ngột của các mô, tình trạng thiếu máu cục bộ và hoại tử, kích thích các đầu dây thần kinh cảm giác.",,d,"Cơn đau dữ dội là do nhiều yếu tố kết hợp: sự phù nề và căng giãn quá mức của các mô, tình trạng thiếu máu nuôi dưỡng do mạch máu bị chèn ép, và sự hoại tử của niêm mạc, tất cả đều kích hoạt mạnh mẽ các thụ thể cảm giác đau."
noi-tri-case-4-4,noi,Trĩ,Tiêu hoá,"Bệnh nhân nam 45 tuổi, công nhân xây dựng, được đưa vào cấp cứu vì một khối lớn, sưng tím, rất đau ở hậu môn. Bệnh nhân có tiền sử trĩ nội nhiều năm nhưng chưa điều trị. Sáng nay, sau khi đi ngoài gắng sức, bệnh nhân thấy toàn bộ vùng hậu môn sưng nề, sa ra ngoài một khối lớn màu tím sẫm, không thể đẩy vào được, đau dữ dội đến mức không thể ngồi hay đi lại. Bệnh nhân không sốt. Khám lâm sàng bệnh nhân vật vã vì đau. Khám vùng hậu môn thấy toàn bộ chu vi rìa hậu môn bị một khối sưng nề, phù mọng, màu tím sẫm, xen kẽ có những vùng niêm mạc bị loét và hoại tử đen. Sờ vào khối rất căng và đau. Không thể thăm trực tràng do bệnh nhân quá đau và khối sa quá lớn.",Hướng xử trí nào là phù hợp nhất cho bệnh nhân này?,Cho bệnh nhân về nhà ngâm nước ấm và dùng thuốc giảm đau.,"Điều trị nội khoa bảo tồn tích cực (giảm đau, giảm phù nề) và xem xét phẫu thuật cắt trĩ cấp cứu hoặc bán cấp.",Dùng kháng sinh liều cao.,Cố gắng đẩy khối trĩ lên ngay lập tức tại phòng cấp cứu.,,b,"Xử trí trĩ sa nghẹt vẫn còn tranh cãi. Tuy nhiên, hướng tiếp cận phổ biến là bắt đầu bằng điều trị nội khoa tích cực tại bệnh viện, bao gồm: giảm đau toàn thân, dùng các thuốc giảm phù nề (đắp gạc lạnh, dùng các dung dịch ưu trương tại chỗ), và nghỉ ngơi tại giường. Nếu sau vài ngày tình trạng phù nề giảm bớt, có thể xem xét phẫu thuật bán cấp. Phẫu thuật cắt trĩ cấp cứu được chỉ định khi có hoại tử lan rộng hoặc điều trị nội khoa thất bại."
noi-tri-case-4-5,noi,Trĩ,Tiêu hoá,"Bệnh nhân nam 45 tuổi, công nhân xây dựng, được đưa vào cấp cứu vì một khối lớn, sưng tím, rất đau ở hậu môn. Bệnh nhân có tiền sử trĩ nội nhiều năm nhưng chưa điều trị. Sáng nay, sau khi đi ngoài gắng sức, bệnh nhân thấy toàn bộ vùng hậu môn sưng nề, sa ra ngoài một khối lớn màu tím sẫm, không thể đẩy vào được, đau dữ dội đến mức không thể ngồi hay đi lại. Bệnh nhân không sốt. Khám lâm sàng bệnh nhân vật vã vì đau. Khám vùng hậu môn thấy toàn bộ chu vi rìa hậu môn bị một khối sưng nề, phù mọng, màu tím sẫm, xen kẽ có những vùng niêm mạc bị loét và hoại tử đen. Sờ vào khối rất căng và đau. Không thể thăm trực tràng do bệnh nhân quá đau và khối sa quá lớn.",Phẫu thuật cắt trĩ trong giai đoạn cấp tính (sa nghẹt) có nguy cơ gì cao hơn so với phẫu thuật theo chương trình?,Chảy máu sau mổ.,Không có nguy cơ gì đặc biệt.,Nhiễm trùng và hẹp hậu môn.,Tái phát.,,c,"Phẫu thuật trong môi trường đang bị viêm, phù nề và có thể đã hoại tử sẽ khó khăn hơn. Việc xác định ranh giới giữa mô lành và mô bệnh không rõ ràng, làm tăng nguy cơ cắt bỏ quá nhiều hoặc quá ít mô. Nguy cơ nhiễm trùng vết mổ và các biến chứng lâu dài như hẹp hậu môn (do sẹo co rút) cũng cao hơn đáng kể so với phẫu thuật theo kế hoạch."
noi-tri-case-5-1,noi,Trĩ,Tiêu hoá,"Bệnh nhân nữ 28 tuổi, mang thai lần đầu ở tuần thứ 32, đến khám vì chảy máu và đau rát hậu môn. Bệnh nhân cho biết tình trạng táo bón bắt đầu xuất hiện từ 3 tháng giữa của thai kỳ và ngày càng nặng hơn. Khoảng 2 tuần nay, mỗi lần đi ngoài phân cứng, bệnh nhân cảm thấy đau như dao cắt ở hậu môn và sau đó thấy có vệt máu đỏ tươi trên giấy vệ sinh. Cơn đau kéo dài âm ỉ vài giờ sau khi đi ngoài. Bệnh nhân rất sợ đi đại tiện. Khám lâm sàng bệnh nhân tỉnh táo, sinh hiệu ổn. Khám hậu môn ở tư thế nghiêng trái, khi banh nhẹ hai mép hậu môn, quan sát thấy ở vị trí 6h (mép sau) có một vết rách nông, hình vợt, bờ rõ, đáy có thể thấy các thớ của cơ thắt trong. Vết rách rất đau khi chạm vào. Thăm trực tràng khó thực hiện do bệnh nhân quá đau và cơ thắt co chặt.",Chẩn đoán nào là phù hợp nhất với bệnh nhân này?,Nứt kẽ hậu môn cấp.,Trĩ nội độ 2.,Trĩ ngoại tắc mạch.,Áp xe cạnh hậu môn.,,a,"Tam chứng kinh điển của nứt kẽ hậu môn cấp là: đau xé hậu môn khi đi ngoài, chảy máu đỏ tươi lượng ít, và co thắt cơ thắt hậu môn. Vị trí ở đường giữa sau (6h) cũng là vị trí thường gặp nhất."
noi-tri-case-5-2,noi,Trĩ,Tiêu hoá,"Bệnh nhân nữ 28 tuổi, mang thai lần đầu ở tuần thứ 32, đến khám vì chảy máu và đau rát hậu môn. Bệnh nhân cho biết tình trạng táo bón bắt đầu xuất hiện từ 3 tháng giữa của thai kỳ và ngày càng nặng hơn. Khoảng 2 tuần nay, mỗi lần đi ngoài phân cứng, bệnh nhân cảm thấy đau như dao cắt ở hậu môn và sau đó thấy có vệt máu đỏ tươi trên giấy vệ sinh. Cơn đau kéo dài âm ỉ vài giờ sau khi đi ngoài. Bệnh nhân rất sợ đi đại tiện. Khám lâm sàng bệnh nhân tỉnh táo, sinh hiệu ổn. Khám hậu môn ở tư thế nghiêng trái, khi banh nhẹ hai mép hậu môn, quan sát thấy ở vị trí 6h (mép sau) có một vết rách nông, hình vợt, bờ rõ, đáy có thể thấy các thớ của cơ thắt trong. Vết rách rất đau khi chạm vào. Thăm trực tràng khó thực hiện do bệnh nhân quá đau và cơ thắt co chặt.",Cơ chế chính gây ra nứt kẽ hậu môn là gì?,Do sự giãn nở của các tĩnh mạch trĩ.,Sự lây nhiễm của virus Herpes Simplex.,"Một vòng luẩn quẩn: phân cứng làm rách niêm mạc ống hậu môn, gây đau và co thắt cơ thắt trong, co thắt làm giảm tưới máu, khiến vết nứt khó lành và càng đau hơn.",Do dị ứng thức ăn.,,c,"Đây chính là vòng xoắn bệnh lý của nứt kẽ hậu môn. Một khối phân cứng và to đi qua làm rách lớp niêm mạc mỏng manh của ống hậu môn. Vết rách này gây đau dữ dội, dẫn đến phản xạ co thắt mạnh và kéo dài của cơ thắt trong. Sự co thắt này làm giảm lưu lượng máu đến vùng vết nứt, khiến nó chậm lành và dễ bị rách lại trong lần đi ngoài tiếp theo."
noi-tri-case-5-3,noi,Trĩ,Tiêu hoá,"Bệnh nhân nữ 28 tuổi, mang thai lần đầu ở tuần thứ 32, đến khám vì chảy máu và đau rát hậu môn. Bệnh nhân cho biết tình trạng táo bón bắt đầu xuất hiện từ 3 tháng giữa của thai kỳ và ngày càng nặng hơn. Khoảng 2 tuần nay, mỗi lần đi ngoài phân cứng, bệnh nhân cảm thấy đau như dao cắt ở hậu môn và sau đó thấy có vệt máu đỏ tươi trên giấy vệ sinh. Cơn đau kéo dài âm ỉ vài giờ sau khi đi ngoài. Bệnh nhân rất sợ đi đại tiện. Khám lâm sàng bệnh nhân tỉnh táo, sinh hiệu ổn. Khám hậu môn ở tư thế nghiêng trái, khi banh nhẹ hai mép hậu môn, quan sát thấy ở vị trí 6h (mép sau) có một vết rách nông, hình vợt, bờ rõ, đáy có thể thấy các thớ của cơ thắt trong. Vết rách rất đau khi chạm vào. Thăm trực tràng khó thực hiện do bệnh nhân quá đau và cơ thắt co chặt.",Tại sao bệnh trĩ và nứt kẽ hậu môn lại thường gặp ở phụ nữ mang thai?,"Do stress, lo âu.",Do ít vận động.,Do chế độ ăn của phụ nữ mang thai thường thiếu chất.,"Do thay đổi nội tiết tố (progesterone) làm giãn tĩnh mạch và giảm nhu động ruột, kết hợp với áp lực của tử cung chèn ép.",,d,"Trong thai kỳ, nồng độ progesterone tăng cao làm giãn cơ trơn, bao gồm cả thành tĩnh mạch (góp phần gây trĩ) và cơ trơn của ruột (gây giảm nhu động, dẫn đến táo bón). Đồng thời, tử cung ngày càng lớn sẽ chèn ép vào các tĩnh mạch vùng chậu, cản trở hồi lưu máu và chèn ép vào đại tràng, làm nặng thêm cả hai tình trạng."
noi-tri-case-5-4,noi,Trĩ,Tiêu hoá,"Bệnh nhân nữ 28 tuổi, mang thai lần đầu ở tuần thứ 32, đến khám vì chảy máu và đau rát hậu môn. Bệnh nhân cho biết tình trạng táo bón bắt đầu xuất hiện từ 3 tháng giữa của thai kỳ và ngày càng nặng hơn. Khoảng 2 tuần nay, mỗi lần đi ngoài phân cứng, bệnh nhân cảm thấy đau như dao cắt ở hậu môn và sau đó thấy có vệt máu đỏ tươi trên giấy vệ sinh. Cơn đau kéo dài âm ỉ vài giờ sau khi đi ngoài. Bệnh nhân rất sợ đi đại tiện. Khám lâm sàng bệnh nhân tỉnh táo, sinh hiệu ổn. Khám hậu môn ở tư thế nghiêng trái, khi banh nhẹ hai mép hậu môn, quan sát thấy ở vị trí 6h (mép sau) có một vết rách nông, hình vợt, bờ rõ, đáy có thể thấy các thớ của cơ thắt trong. Vết rách rất đau khi chạm vào. Thăm trực tràng khó thực hiện do bệnh nhân quá đau và cơ thắt co chặt.",Mục tiêu chính của điều trị bảo tồn nứt kẽ hậu môn cấp là gì?,Làm tê liệt cơ thắt hậu môn.,Dùng kháng sinh để diệt vi khuẩn.,Cắt bỏ vết nứt.,Phá vỡ vòng luẩn quẩn bằng cách làm mềm phân và làm giãn cơ thắt trong.,,d,"Điều trị bảo tồn nhằm mục đích phá vỡ vòng luẩn quẩn ""đau- co thắt-thiếu máu"". Việc làm mềm phân (bằng chất xơ, thuốc nhuận tràng) giúp giảm tổn thương khi đi ngoài. Việc làm giãn cơ thắt trong (bằng ngâm nước ấm, thuốc bôi) giúp giảm đau và quan trọng là cải thiện tưới máu đến vết nứt, tạo điều kiện cho nó tự lành."
noi-tri-case-5-5,noi,Trĩ,Tiêu hoá,"Bệnh nhân nữ 28 tuổi, mang thai lần đầu ở tuần thứ 32, đến khám vì chảy máu và đau rát hậu môn. Bệnh nhân cho biết tình trạng táo bón bắt đầu xuất hiện từ 3 tháng giữa của thai kỳ và ngày càng nặng hơn. Khoảng 2 tuần nay, mỗi lần đi ngoài phân cứng, bệnh nhân cảm thấy đau như dao cắt ở hậu môn và sau đó thấy có vệt máu đỏ tươi trên giấy vệ sinh. Cơn đau kéo dài âm ỉ vài giờ sau khi đi ngoài. Bệnh nhân rất sợ đi đại tiện. Khám lâm sàng bệnh nhân tỉnh táo, sinh hiệu ổn. Khám hậu môn ở tư thế nghiêng trái, khi banh nhẹ hai mép hậu môn, quan sát thấy ở vị trí 6h (mép sau) có một vết rách nông, hình vợt, bờ rõ, đáy có thể thấy các thớ của cơ thắt trong. Vết rách rất đau khi chạm vào. Thăm trực tràng khó thực hiện do bệnh nhân quá đau và cơ thắt co chặt.",Loại thuốc bôi tại chỗ nào sau đây có tác dụng làm giãn cơ thắt trong và được sử dụng để điều trị nứt kẽ hậu môn?,Thuốc bôi co mạch (phenylephrine).,Thuốc mỡ kháng sinh.,Thuốc mỡ chứa Nitroglycerin (GTN) hoặc thuốc chẹn kênh calci (Diltiazem).,Thuốc bôi chứa corticoid.,,c,"Các thuốc mỡ chứa Nitroglycerin (GTN) hoặc Diltiazem có tác dụng làm giãn cơ trơn tại chỗ bằng cách tăng cung cấp nitric oxide hoặc chẹn kênh calci. Khi bôi vào ống hậu môn, chúng giúp làm giảm áp lực của cơ thắt trong, từ đó giảm đau và tăng lưu lượng máu tới vết nứt, thúc đẩy quá trình liền sẹo."
noi-tri-case-6-1,noi,Trĩ,Tiêu hoá,"Bệnh nhân nam 60 tuổi, tiền sử táo bón mạn tính, đến khám vì chảy máu hậu môn và cảm giác có một ""mẩu da thừa"" ở hậu môn. Bệnh nhân cho biết ông bị trĩ ngoại tắc mạch cách đây 2 năm, đã tự điều trị tại nhà và cơn đau đã hết, nhưng sau đó để lại một mẩu da thừa mềm, không đau ở rìa hậu môn, gây khó khăn khi vệ sinh và đôi khi bị viêm, ngứa. Gần đây, bệnh nhân thấy có chảy máu đỏ tươi lượng ít khi đi ngoài. Khám hậu môn thấy ở vị trí 3h có một nếp da thừa dài khoảng 1 cm, mềm, cùng https://onedrive.live.com/personal/2672550e42ddc7d4/_layouts/15/ màu với da xung quanh, không đau khi sờ. Nội soi ống hậu môn phát hiện các búi trĩ nội độ 1 ở các vị trí khác, là nguồn gây chảy máu.","""Mẩu da thừa"" ở hậu môn của bệnh nhân được gọi là gì?",Lỗ rò hậu môn.,Polyp hậu môn.,Da thừa hậu môn (Skin tag).,Sùi mào gà.,,c,"Đây là hình ảnh và bệnh sử điển hình của da thừa hậu môn, một tổn thương lành tính rất phổ biến."
noi-tri-case-6-2,noi,Trĩ,Tiêu hoá,"Bệnh nhân nam 60 tuổi, tiền sử táo bón mạn tính, đến khám vì chảy máu hậu môn và cảm giác có một ""mẩu da thừa"" ở hậu môn. Bệnh nhân cho biết ông bị trĩ ngoại tắc mạch cách đây 2 năm, đã tự điều trị tại nhà và cơn đau đã hết, nhưng sau đó để lại một mẩu da thừa mềm, không đau ở rìa hậu môn, gây khó khăn khi vệ sinh và đôi khi bị viêm, ngứa. Gần đây, bệnh nhân thấy có chảy máu đỏ tươi lượng ít khi đi ngoài. Khám hậu môn thấy ở vị trí 3h có một nếp da thừa dài khoảng 1 cm, mềm, cùng https://onedrive.live.com/personal/2672550e42ddc7d4/_layouts/15/ màu với da xung quanh, không đau khi sờ. Nội soi ống hậu môn phát hiện các búi trĩ nội độ 1 ở các vị trí khác, là nguồn gây chảy máu.",Cơ chế hình thành da thừa hậu môn thường gặp nhất là gì?,Là di chứng còn lại sau khi một khối trĩ ngoại tắc mạch tự thoái triển.,Do vệ sinh không tốt.,Là một dạng u lành tính của da.,Do nhiễm virus HPV.,,a,"Khi một khối trĩ ngoại tắc mạch hình thành, nó làm căng giãn lớp da bên trên. Sau khi huyết khối được hấp thu, lớp da bị căng giãn này không co lại hoàn toàn mà bị chùng xuống, tạo thành một mẩu da thừa. Đây là nguyên nhân thường gặp nhất. Nó cũng có thể là di chứng của nứt kẽ hậu môn mạn tính."
noi-tri-case-6-3,noi,Trĩ,Tiêu hoá,"Bệnh nhân nam 60 tuổi, tiền sử táo bón mạn tính, đến khám vì chảy máu hậu môn và cảm giác có một ""mẩu da thừa"" ở hậu môn. Bệnh nhân cho biết ông bị trĩ ngoại tắc mạch cách đây 2 năm, đã tự điều trị tại nhà và cơn đau đã hết, nhưng sau đó để lại một mẩu da thừa mềm, không đau ở rìa hậu môn, gây khó khăn khi vệ sinh và đôi khi bị viêm, ngứa. Gần đây, bệnh nhân thấy có chảy máu đỏ tươi lượng ít khi đi ngoài. Khám hậu môn thấy ở vị trí 3h có một nếp da thừa dài khoảng 1 cm, mềm, cùng https://onedrive.live.com/personal/2672550e42ddc7d4/_layouts/15/ màu với da xung quanh, không đau khi sờ. Nội soi ống hậu môn phát hiện các búi trĩ nội độ 1 ở các vị trí khác, là nguồn gây chảy máu.",Da thừa hậu môn có phải là một dạng của bệnh trĩ không và nó có nguy cơ ác tính không?,"Có, đó là trĩ ngoại độ 1 và có nguy cơ ác tính.","Không, nó chỉ là nếp da bị chùng xuống và hoàn toàn lành tính.","Có, đó là một dạng polyp tiền ung thư.","Không, nhưng nó sẽ tiến triển thành áp xe.",,b,"Da thừa hậu môn không phải là trĩ. Nó không chứa các cấu trúc mạch máu giãn nở như búi trĩ và không được phân độ. Nó là một tổn thương hoàn toàn lành tính, không có khả năng trở thành ung thư."
noi-tri-case-6-4,noi,Trĩ,Tiêu hoá,"Bệnh nhân nam 60 tuổi, tiền sử táo bón mạn tính, đến khám vì chảy máu hậu môn và cảm giác có một ""mẩu da thừa"" ở hậu môn. Bệnh nhân cho biết ông bị trĩ ngoại tắc mạch cách đây 2 năm, đã tự điều trị tại nhà và cơn đau đã hết, nhưng sau đó để lại một mẩu da thừa mềm, không đau ở rìa hậu môn, gây khó khăn khi vệ sinh và đôi khi bị viêm, ngứa. Gần đây, bệnh nhân thấy có chảy máu đỏ tươi lượng ít khi đi ngoài. Khám hậu môn thấy ở vị trí 3h có một nếp da thừa dài khoảng 1 cm, mềm, cùng https://onedrive.live.com/personal/2672550e42ddc7d4/_layouts/15/ màu với da xung quanh, không đau khi sờ. Nội soi ống hậu môn phát hiện các búi trĩ nội độ 1 ở các vị trí khác, là nguồn gây chảy máu.",Triệu chứng chính mà da thừa hậu môn gây ra là gì?,Đau dữ dội.,Sốt.,"Khó khăn trong việc vệ sinh, gây ẩm ướt, ngứa và viêm da thứ phát.",Chảy máu ồ ạt.,,c,"Bản thân da thừa không gây đau hay chảy máu. Vấn đề chính là nó tạo ra các nếp gấp khiến việc làm sạch vùng hậu môn sau khi đi ngoài trở nên khó khăn. Phân và hơi ẩm có thể bị đọng lại, gây kích ứng da, viêm nhiễm và ngứa ngáy khó chịu."
noi-tri-case-6-5,noi,Trĩ,Tiêu hoá,"Bệnh nhân nam 60 tuổi, tiền sử táo bón mạn tính, đến khám vì chảy máu hậu môn và cảm giác có một ""mẩu da thừa"" ở hậu môn. Bệnh nhân cho biết ông bị trĩ ngoại tắc mạch cách đây 2 năm, đã tự điều trị tại nhà và cơn đau đã hết, nhưng sau đó để lại một mẩu da thừa mềm, không đau ở rìa hậu môn, gây khó khăn khi vệ sinh và đôi khi bị viêm, ngứa. Gần đây, bệnh nhân thấy có chảy máu đỏ tươi lượng ít khi đi ngoài. Khám hậu môn thấy ở vị trí 3h có một nếp da thừa dài khoảng 1 cm, mềm, cùng https://onedrive.live.com/personal/2672550e42ddc7d4/_layouts/15/ màu với da xung quanh, không đau khi sờ. Nội soi ống hậu môn phát hiện các búi trĩ nội độ 1 ở các vị trí khác, là nguồn gây chảy máu.",Hướng xử trí phù hợp nhất cho da thừa hậu môn nếu nó gây ra triệu chứng khó chịu cho bệnh nhân?,Dùng thuốc bôi kháng sinh.,"Theo dõi định kỳ, không cần can thiệp.",Dùng thuốc điều trị trĩ đường uống.,Cắt bỏ bằng một tiểu phẫu đơn giản tại phòng khám.,,d,"Nếu da thừa không gây triệu chứng, không cần điều trị. Tuy nhiên, nếu nó gây ra các vấn đề về vệ sinh và ảnh hưởng đến chất lượng cuộc sống, phương pháp điều trị hiệu quả và triệt để nhất là cắt bỏ nó bằng một tiểu phẫu đơn giản với gây tê tại chỗ."
noi-tri-case-7-1,noi,Trĩ,Tiêu hoá,"Bệnh nhân nữ 38 tuổi, đến khám vì đi ngoài ra máu. Bệnh nhân hoàn toàn không có triệu chứng đau, rát hay sa búi trĩ. Bệnh nhân chỉ tình cờ phát hiện có máu đỏ tươi, lượng ít, phủ thành vệt trên khuôn phân cứng sau một đợt táo bón. Tình trạng này thỉnh thoảng lặp lại. Bệnh nhân không có các dấu hiệu báo động đỏ. Khám hậu môn bên ngoài không thấy bất thường. Thăm trực tràng không sờ thấy u cục. Nội soi ống hậu môn (anoscope) cho thấy niêm mạc ống hậu môn bình thường, ngoại trừ ở vị trí 7h và 11h, các đám rối tĩnh mạch trĩ trong phồng lên, niêm mạc trên bề mặt hơi xung huyết nhưng không sa xuống dưới đường lược khi bệnh nhân rặn.",Bệnh trĩ của bệnh nhân được phân độ là gì?,Trĩ độ 3.,Trĩ độ 2.,Trĩ hỗn hợp.,Trĩ độ 1.,,d,"Trĩ độ 1 được định nghĩa là các búi trĩ chỉ phồng lên trong lòng ống hậu môn và có thể gây chảy máu, nhưng không sa ra ngoài ngay cả khi rặn. Tình trạng của bệnh nhân hoàn toàn phù hợp với mô tả này."
noi-tri-case-7-2,noi,Trĩ,Tiêu hoá,"Bệnh nhân nữ 38 tuổi, đến khám vì đi ngoài ra máu. Bệnh nhân hoàn toàn không có triệu chứng đau, rát hay sa búi trĩ. Bệnh nhân chỉ tình cờ phát hiện có máu đỏ tươi, lượng ít, phủ thành vệt trên khuôn phân cứng sau một đợt táo bón. Tình trạng này thỉnh thoảng lặp lại. Bệnh nhân không có các dấu hiệu báo động đỏ. Khám hậu môn bên ngoài không thấy bất thường. Thăm trực tràng không sờ thấy u cục. Nội soi ống hậu môn (anoscope) cho thấy niêm mạc ống hậu môn bình thường, ngoại trừ ở vị trí 7h và 11h, các đám rối tĩnh mạch trĩ trong phồng lên, niêm mạc trên bề mặt hơi xung huyết nhưng không sa xuống dưới đường lược khi bệnh nhân rặn.",Cơ chế chính gây chảy máu trong trĩ nội là gì?,Do khối u bị hoại tử.,Do vỡ các tĩnh mạch trĩ ngoại.,Do sự đi qua của khối phân cứng làm trầy xước lớp niêm mạc mỏng manh trên bề mặt búi trĩ nội.,Do nhiễm trùng gây loét.,,c,"Búi trĩ nội được bao phủ bởi lớp niêm mạc mỏng manh của trực tràng. Khi một khối phân cứng, to đi qua ống hậu môn, nó sẽ cọ xát và làm trầy xước bề mặt của các búi trĩ bị sung huyết, gây chảy máu từ các mao mạch và tiểu động mạch bên trong."
noi-tri-case-7-3,noi,Trĩ,Tiêu hoá,"Bệnh nhân nữ 38 tuổi, đến khám vì đi ngoài ra máu. Bệnh nhân hoàn toàn không có triệu chứng đau, rát hay sa búi trĩ. Bệnh nhân chỉ tình cờ phát hiện có máu đỏ tươi, lượng ít, phủ thành vệt trên khuôn phân cứng sau một đợt táo bón. Tình trạng này thỉnh thoảng lặp lại. Bệnh nhân không có các dấu hiệu báo động đỏ. Khám hậu môn bên ngoài không thấy bất thường. Thăm trực tràng không sờ thấy u cục. Nội soi ống hậu môn (anoscope) cho thấy niêm mạc ống hậu môn bình thường, ngoại trừ ở vị trí 7h và 11h, các đám rối tĩnh mạch trĩ trong phồng lên, niêm mạc trên bề mặt hơi xung huyết nhưng không sa xuống dưới đường lược khi bệnh nhân rặn.",Đặc điểm của chảy máu do trĩ nội thường là gì?,Máu đông thành cục.,"Máu đỏ tươi, không lẫn vào phân, xảy ra cuối bãi.",Luôn kèm theo đau bụng dữ dội.,"Máu đen, lẫn vào phân.",,b,"Vì vị trí chảy máu ở rất thấp (ống hậu môn), máu có màu đỏ tươi và thường không bị trộn lẫn vào khối phân. Bệnh nhân thường mô tả máu phủ bên ngoài khuôn phân, dính vào giấy vệ sinh, hoặc nhỏ giọt xuống bồn cầu sau khi phân đã ra hết."
noi-tri-case-7-4,noi,Trĩ,Tiêu hoá,"Bệnh nhân nữ 38 tuổi, đến khám vì đi ngoài ra máu. Bệnh nhân hoàn toàn không có triệu chứng đau, rát hay sa búi trĩ. Bệnh nhân chỉ tình cờ phát hiện có máu đỏ tươi, lượng ít, phủ thành vệt trên khuôn phân cứng sau một đợt táo bón. Tình trạng này thỉnh thoảng lặp lại. Bệnh nhân không có các dấu hiệu báo động đỏ. Khám hậu môn bên ngoài không thấy bất thường. Thăm trực tràng không sờ thấy u cục. Nội soi ống hậu môn (anoscope) cho thấy niêm mạc ống hậu môn bình thường, ngoại trừ ở vị trí 7h và 11h, các đám rối tĩnh mạch trĩ trong phồng lên, niêm mạc trên bề mặt hơi xung huyết nhưng không sa xuống dưới đường lược khi bệnh nhân rặn.",Can thiệp nào là phù hợp nhất cho bệnh nhân trĩ độ 1 chỉ có triệu chứng chảy máu không thường xuyên?,"Điều trị nội khoa bảo tồn (chế độ ăn giàu chất xơ, uống đủ nước, tránh rặn).",Thắt trĩ bằng vòng cao su.,Phẫu thuật cắt trĩ ngay lập tức.,Dùng thuốc xổ mạnh.,,a,"Đối với trĩ độ 1, điều trị luôn bắt đầu bằng các biện pháp bảo tồn. Việc thay đổi lối sống để có khuôn phân mềm và dễ đi ngoài thường là đủ để kiểm soát các đợt chảy máu không thường xuyên. Các can thiệp thủ thuật chỉ được xem xét nếu chảy máu nhiều, dai dẳng gây thiếu máu mặc dù đã điều trị nội khoa tối ưu."
noi-tri-case-7-5,noi,Trĩ,Tiêu hoá,"Bệnh nhân nữ 38 tuổi, đến khám vì đi ngoài ra máu. Bệnh nhân hoàn toàn không có triệu chứng đau, rát hay sa búi trĩ. Bệnh nhân chỉ tình cờ phát hiện có máu đỏ tươi, lượng ít, phủ thành vệt trên khuôn phân cứng sau một đợt táo bón. Tình trạng này thỉnh thoảng lặp lại. Bệnh nhân không có các dấu hiệu báo động đỏ. Khám hậu môn bên ngoài không thấy bất thường. Thăm trực tràng không sờ thấy u cục. Nội soi ống hậu môn (anoscope) cho thấy niêm mạc ống hậu môn bình thường, ngoại trừ ở vị trí 7h và 11h, các đám rối tĩnh mạch trĩ trong phồng lên, niêm mạc trên bề mặt hơi xung huyết nhưng không sa xuống dưới đường lược khi bệnh nhân rặn.",Thuốc tăng cường trương lực tĩnh mạch (venotonic agents) như Daflon có vai trò gì trong điều trị các đợt trĩ cấp?,"Giúp giảm các triệu chứng cấp tính như chảy máu, đau và phù nề.",Không có vai trò gì.,Dùng để phòng ngừa hình thành trĩ.,Có thể làm teo nhỏ búi trĩ vĩnh viễn.,,a,"Các thuốc tăng cường trương lực tĩnh mạch được chứng minh là có hiệu quả trong việc làm giảm các triệu chứng trong đợt cấp của bệnh trĩ. Chúng có tác dụng chống viêm, giảm phù nề và cải thiện trương lực tĩnh mạch, từ đó giúp giảm thời gian và mức độ nặng của các triệu chứng cấp. Tuy nhiên, chúng không có tác dụng điều trị khỏi bệnh hay làm thay đổi độ sa của búi trĩ về lâu dài."
noi-tri-case-8-1,noi,Trĩ,Tiêu hoá,"Bệnh nhân nữ 65 tuổi, có tiền sử xơ gan Child-Pugh B, cổ trướng và đã được thắt tĩnh mạch thực quản dự phòng. Bệnh nhân đến khám vì đi ngoài ra máu đỏ tươi lượng nhiều. Bệnh nhân khai rằng mỗi lần đi ngoài, máu chảy thành tia hoặc thành giọt kéo dài, khiến bệnh nhân hoa mắt. Tình trạng này đã có từ lâu nhưng gần đây nặng hơn. Nội soi dạ dày cách đây 1 tháng không thấy chảy máu. Khám thấy bệnh nhân có da niêm mạc nhợt, các dấu hiệu của bệnh gan mạn. Nội soi ống hậu môn cho thấy https://onedrive.live.com/personal/2672550e42ddc7d4/_layouts/15/ các búi trĩ nội lớn, căng phồng, xung huyết. Cận lâm sàng: Hemoglobin 8.0 g/L, Tiểu cầu 60 G/L, PT(INR) 1.8.",Tình trạng chảy máu trĩ nặng ở bệnh nhân này có thể bị làm trầm trọng hơn bởi yếu tố nào liên quan đến bệnh gan nền?,Bệnh não gan.,Tăng áp lực tĩnh mạch cửa và rối loạn đông máu.,Nhiễm virus viêm gan.,Vàng da.,,b,"Bệnh nhân xơ gan có hai yếu tố chính làm cho chảy máu trĩ trở nên nghiêm trọng: (1) Tăng áp lực tĩnh mạch cửa làm các búi trĩ luôn trong tình trạng căng phồng, sung huyết; (2) Suy giảm chức năng gan dẫn đến giảm sản xuất các yếu tố đông máu và giảm số lượng tiểu cầu, làm cho máu khó đông và chảy máu kéo dài."
noi-tri-case-8-2,noi,Trĩ,Tiêu hoá,"Bệnh nhân nữ 65 tuổi, có tiền sử xơ gan Child-Pugh B, cổ trướng và đã được thắt tĩnh mạch thực quản dự phòng. Bệnh nhân đến khám vì đi ngoài ra máu đỏ tươi lượng nhiều. Bệnh nhân khai rằng mỗi lần đi ngoài, máu chảy thành tia hoặc thành giọt kéo dài, khiến bệnh nhân hoa mắt. Tình trạng này đã có từ lâu nhưng gần đây nặng hơn. Nội soi dạ dày cách đây 1 tháng không thấy chảy máu. Khám thấy bệnh nhân có da niêm mạc nhợt, các dấu hiệu của bệnh gan mạn. Nội soi ống hậu môn cho thấy https://onedrive.live.com/personal/2672550e42ddc7d4/_layouts/15/ các búi trĩ nội lớn, căng phồng, xung huyết. Cận lâm sàng: Hemoglobin 8.0 g/L, Tiểu cầu 60 G/L, PT(INR) 1.8.",Cơ chế nào giải thích mối liên quan giữa tăng áp lực tĩnh mạch cửa và bệnh trĩ?,"Vòng nối giữa hệ tĩnh mạch cửa (qua tĩnh mạch trực tràng trên) và hệ tĩnh mạch chủ (qua tĩnh mạch trực tràng giữa và dưới) bị tăng áp lực, làm giãn các đám rối tĩnh mạch trĩ.",Cổ trướng làm tăng áp lực ổ bụng.,"Xơ gan gây suy dinh dưỡng, làm yếu mô liên kết.",Tăng áp lực tĩnh mạch cửa gây ra tình trạng viêm toàn thân.,,a,"Các đám rối tĩnh mạch trĩ là một trong những vị trí có vòng nối cửa-chủ. Khi áp lực trong hệ cửa tăng cao, máu sẽ chảy ngược vào tĩnh mạch trực tràng trên, làm tăng áp lực và gây giãn nở các đám rối tĩnh mạch trĩ trong và trĩ ngoài. Trĩ ở bệnh nhân xơ gan thực chất là biểu hiện của tăng áp lực tĩnh mạch cửa."
noi-tri-case-8-3,noi,Trĩ,Tiêu hoá,"Bệnh nhân nữ 65 tuổi, có tiền sử xơ gan Child-Pugh B, cổ trướng và đã được thắt tĩnh mạch thực quản dự phòng. Bệnh nhân đến khám vì đi ngoài ra máu đỏ tươi lượng nhiều. Bệnh nhân khai rằng mỗi lần đi ngoài, máu chảy thành tia hoặc thành giọt kéo dài, khiến bệnh nhân hoa mắt. Tình trạng này đã có từ lâu nhưng gần đây nặng hơn. Nội soi dạ dày cách đây 1 tháng không thấy chảy máu. Khám thấy bệnh nhân có da niêm mạc nhợt, các dấu hiệu của bệnh gan mạn. Nội soi ống hậu môn cho thấy https://onedrive.live.com/personal/2672550e42ddc7d4/_layouts/15/ các búi trĩ nội lớn, căng phồng, xung huyết. Cận lâm sàng: Hemoglobin 8.0 g/L, Tiểu cầu 60 G/L, PT(INR) 1.8.",Tại sao việc can thiệp thủ thuật hoặc phẫu thuật cho bệnh trĩ ở bệnh nhân xơ gan nặng lại rất nguy hiểm?,Vì các búi trĩ ở bệnh nhân xơ gan không đáp ứng với can thiệp.,Vì bệnh nhân thường bị suy thận đi kèm.,Vì bệnh nhân thường không tuân thủ điều trị.,Vì nguy cơ chảy máu không kiểm soát được và nhiễm trùng rất cao do rối loạn đông máu và suy giảm miễn dịch.,,d,"Bất kỳ một can thiệp xâm lấn nào, dù là nhỏ, trên một bệnh nhân có rối loạn đông máu nặng (INR kéo dài, tiểu cầu thấp) đều có nguy cơ rất cao gây chảy máu không cầm được. Ngoài ra, bệnh nhân xơ gan cũng bị suy giảm chức năng miễn dịch, làm tăng nguy cơ nhiễm trùng vết thương."
noi-tri-case-8-4,noi,Trĩ,Tiêu hoá,"Bệnh nhân nữ 65 tuổi, có tiền sử xơ gan Child-Pugh B, cổ trướng và đã được thắt tĩnh mạch thực quản dự phòng. Bệnh nhân đến khám vì đi ngoài ra máu đỏ tươi lượng nhiều. Bệnh nhân khai rằng mỗi lần đi ngoài, máu chảy thành tia hoặc thành giọt kéo dài, khiến bệnh nhân hoa mắt. Tình trạng này đã có từ lâu nhưng gần đây nặng hơn. Nội soi dạ dày cách đây 1 tháng không thấy chảy máu. Khám thấy bệnh nhân có da niêm mạc nhợt, các dấu hiệu của bệnh gan mạn. Nội soi ống hậu môn cho thấy https://onedrive.live.com/personal/2672550e42ddc7d4/_layouts/15/ các búi trĩ nội lớn, căng phồng, xung huyết. Cận lâm sàng: Hemoglobin 8.0 g/L, Tiểu cầu 60 G/L, PT(INR) 1.8.",Hướng xử trí ưu tiên cho tình trạng chảy máu trĩ cấp ở bệnh nhân này là gì?,Đặt một quả bóng chèn vào trực tràng.,Phẫu thuật cắt trĩ cấp cứu.,"Điều trị nội khoa bảo tồn tối đa, bồi hoàn các yếu tố đông máu và xem xét các can thiệp cầm máu tại chỗ ít xâm lấn.",Bắt đầu ngay thuốc chẹn beta.,,c,"Do nguy cơ phẫu thuật rất cao, hướng xử trí ban đầu là cố gắng cầm máu bằng các biện pháp bảo tồn, bao gồm nằm nghỉ, điều chỉnh rối loạn đông máu (truyền huyết tương tươi đông lạnh, tiểu cầu). Các biện pháp cầm máu tại chỗ qua nội soi như tiêm xơ hoặc khâu cầm máu có thể được xem xét một cách thận trọng."
noi-tri-case-8-5,noi,Trĩ,Tiêu hoá,"Bệnh nhân nữ 65 tuổi, có tiền sử xơ gan Child-Pugh B, cổ trướng và đã được thắt tĩnh mạch thực quản dự phòng. Bệnh nhân đến khám vì đi ngoài ra máu đỏ tươi lượng nhiều. Bệnh nhân khai rằng mỗi lần đi ngoài, máu chảy thành tia hoặc thành giọt kéo dài, khiến bệnh nhân hoa mắt. Tình trạng này đã có từ lâu nhưng gần đây nặng hơn. Nội soi dạ dày cách đây 1 tháng không thấy chảy máu. Khám thấy bệnh nhân có da niêm mạc nhợt, các dấu hiệu của bệnh gan mạn. Nội soi ống hậu môn cho thấy https://onedrive.live.com/personal/2672550e42ddc7d4/_layouts/15/ các búi trĩ nội lớn, căng phồng, xung huyết. Cận lâm sàng: Hemoglobin 8.0 g/L, Tiểu cầu 60 G/L, PT(INR) 1.8.","Đối với bệnh nhân xơ gan, phương pháp can thiệp nào có thể được xem xét để kiểm soát tăng áp lực tĩnh mạch cửa, từ đó có thể làm giảm chảy máu do trĩ?",Đặt thông cửa chủ trong gan qua tĩnh mạch cảnh (TIPS).,Ghép gan.,Thắt tĩnh mạch thực quản.,Dùng thuốc lợi tiểu.,,a,"TIPS là một thủ thuật tạo ra một đường thông nhân tạo bên trong gan, nối trực tiếp một nhánh của tĩnh mạch cửa với một nhánh của tĩnh mạch gan. Đường thông này hoạt động như một shunt, cho phép máu từ hệ cửa đi tắt về hệ chủ, từ đó làm giảm áp lực tĩnh mạch cửa một cách hiệu quả. Việc giảm áp lực này sẽ làm giảm áp lực trong các búi trĩ và có thể giúp kiểm soát tình trạng chảy máu."
noi-tri-case-9-1,noi,Trĩ,Tiêu hoá,"Bệnh nhân nữ 48 tuổi, đến khám vì một khối sa ở hậu môn. Bệnh nhân có tiền sử bị trĩ nhiều năm. Khám thấy ở vị trí 11h, có một khối sa từ trong ra ngoài, phần gốc bên trong có niêm mạc màu hồng của trĩ nội, phần ngọn bên ngoài có lớp da phủ của trĩ ngoại, hai phần này thông với nhau thành một khối chung. Khối này sa ra ngoài khi đi ngoài và phải dùng tay đẩy lên. Bệnh nhân thường xuyên cảm thấy vướng víu và chảy máu.",Loại trĩ mà bệnh nhân mắc phải được gọi là gì?,Trĩ nội.,Trĩ ngoại.,Trĩ hỗn hợp.,Trĩ vòng.,,c,Bệnh nhân có một khối trĩ duy nhất bao gồm cả thành phần trĩ nội (bên trên đường lược) và trĩ ngoại (bên dưới đường lược) liên kết với nhau. Đây là định nghĩa của trĩ hỗn hợp.
noi-tri-case-9-2,noi,Trĩ,Tiêu hoá,"Bệnh nhân nữ 48 tuổi, đến khám vì một khối sa ở hậu môn. Bệnh nhân có tiền sử bị trĩ nhiều năm. Khám thấy ở vị trí 11h, có một khối sa từ trong ra ngoài, phần gốc bên trong có niêm mạc màu hồng của trĩ nội, phần ngọn bên ngoài có lớp da phủ của trĩ ngoại, hai phần này thông với nhau thành một khối chung. Khối này sa ra ngoài khi đi ngoài và phải dùng tay đẩy lên. Bệnh nhân thường xuyên cảm thấy vướng víu và chảy máu.",Định nghĩa của trĩ hỗn hợp là gì?,Búi trĩ nội và búi trĩ ngoại ở cùng một vị trí bị sa và liên kết với nhau thành một khối duy nhất.,Bệnh nhân có cả trĩ nội và trĩ ngoại ở các vị trí khác nhau.,Trĩ có biến chứng huyết khối.,Bệnh nhân có cả trĩ và nứt kẽ hậu môn.,,a,"Trĩ hỗn hợp xảy ra khi búi trĩ nội bị sa quá nhiều, kéo theo cả phần trĩ ngoại tương ứng ở phía dưới, làm mất ranh giới giữa hai đám rối tĩnh mạch và tạo thành một khối liên tục từ trong ra ngoài."
noi-tri-case-9-3,noi,Trĩ,Tiêu hoá,"Bệnh nhân nữ 48 tuổi, đến khám vì một khối sa ở hậu môn. Bệnh nhân có tiền sử bị trĩ nhiều năm. Khám thấy ở vị trí 11h, có một khối sa từ trong ra ngoài, phần gốc bên trong có niêm mạc màu hồng của trĩ nội, phần ngọn bên ngoài có lớp da phủ của trĩ ngoại, hai phần này thông với nhau thành một khối chung. Khối này sa ra ngoài khi đi ngoài và phải dùng tay đẩy lên. Bệnh nhân thường xuyên cảm thấy vướng víu và chảy máu.",Đường lược (hay đường răng cưa) có vai trò gì trong phân loại bệnh trĩ?,Không có vai trò gì.,Là ranh giới giải phẫu để phân biệt giữa trĩ nội (nằm trên đường lược) và trĩ ngoại (nằm dưới đường lược).,Là vị trí thường xảy ra nứt kẽ hậu môn.,Là nơi các dây chằng treo trĩ bám vào.,,b,"Đường lược là một ranh giới giải phẫu và sinh lý học rất quan trọng trong ống hậu môn. Về mặt giải phẫu, nó phân chia đám rối tĩnh mạch trĩ trong và trĩ ngoài. Về mặt sinh lý, vùng niêm mạc phía trên đường lược (trĩ nội) ít nhạy cảm với đau, trong khi vùng da phía dưới (trĩ ngoại) lại rất giàu cảm giác đau. Điều này giải thích tại sao các can thiệp vào trĩ nội ít đau hơn."
noi-tri-case-9-4,noi,Trĩ,Tiêu hoá,"Bệnh nhân nữ 48 tuổi, đến khám vì một khối sa ở hậu môn. Bệnh nhân có tiền sử bị trĩ nhiều năm. Khám thấy ở vị trí 11h, có một khối sa từ trong ra ngoài, phần gốc bên trong có niêm mạc màu hồng của trĩ nội, phần ngọn bên ngoài có lớp da phủ của trĩ ngoại, hai phần này thông với nhau thành một khối chung. Khối này sa ra ngoài khi đi ngoài và phải dùng tay đẩy lên. Bệnh nhân thường xuyên cảm thấy vướng víu và chảy máu.","Đối với trĩ hỗn hợp lớn và có triệu chứng, phương pháp điều trị nào thường được chỉ định?",Phẫu thuật cắt trĩ.,Chỉ cần điều trị nội khoa.,Thắt trĩ bằng vòng cao su.,Tiêm xơ.,,a,"Do trĩ hỗn hợp có cả thành phần trĩ ngoại (có da che phủ), các thủ thuật như thắt vòng cao su hay tiêm xơ không thể áp dụng được cho toàn bộ búi trĩ. Do đó, phẫu thuật cắt bỏ là phương pháp điều trị triệt để và phù hợp nhất cho các trường hợp trĩ hỗn hợp lớn, gây triệu chứng nhiều."
noi-tri-case-9-5,noi,Trĩ,Tiêu hoá,"Bệnh nhân nữ 48 tuổi, đến khám vì một khối sa ở hậu môn. Bệnh nhân có tiền sử bị trĩ nhiều năm. Khám thấy ở vị trí 11h, có một khối sa từ trong ra ngoài, phần gốc bên trong có niêm mạc màu hồng của trĩ nội, phần ngọn bên ngoài có lớp da phủ của trĩ ngoại, hai phần này thông với nhau thành một khối chung. Khối này sa ra ngoài khi đi ngoài và phải dùng tay đẩy lên. Bệnh nhân thường xuyên cảm thấy vướng víu và chảy máu.",Phẫu thuật cắt trĩ kinh điển (như phương pháp Milligan-Morgan) có nguyên tắc là gì?,Cắt một khoanh niêm mạc phía trên búi trĩ.,Đốt bỏ toàn bộ vùng trĩ.,"Cắt bỏ từng búi trĩ riêng lẻ, để lại các cầu da niêm mạc ở giữa.",Khâu thắt các động mạch nuôi búi trĩ. https://onedrive.live.com/personal/2672550e42ddc7d4/_layouts/15/,,c,"Nguyên tắc của các phương pháp phẫu thuật cắt trĩ kinh điển là cắt bỏ riêng lẻ từng búi trĩ chính (ở các vị trí 3h, 7h, 11h), thắt lại cuống mạch ở gốc. Khoảng trống giữa các vết mổ được để hở oc.aspx?sourcedoc={186352b6-90cf-40c9-ba19-ae84e248ef20}&action=vie… 5/11 (phương pháp mở như Milligan- Morgan) hoặc khâu lại (phương pháp kín như Ferguson). Việc để lại các cầu da-niêm mạc lành ở giữa các vết mổ là cực kỳ quan trọng để tránh biến chứng hẹp hậu môn sau này."
noi-tri-case-10-1,noi,Trĩ,Tiêu hoá,"Bệnh nhân nam 55 tuổi, đến khám vì ngứa và chảy dịch hậu môn. Bệnh nhân có tiền sử phẫu thuật cắt trĩ theo phương pháp Milligan-Morgan cách đây 10 năm. Sau phẫu thuật, bệnh nhân thường xuyên bị són phân lỏng và hơi khi ho hoặc gắng sức. Bệnh nhân cũng cảm thấy khó khăn trong việc làm sạch hoàn toàn sau khi đi ngoài, gây ẩm ướt và ngứa ngáy. Khám hậu môn thấy có sẹo mổ cũ, trương lực cơ thắt lúc nghỉ giảm. Bệnh nhân không phân biệt được rõ giữa hơi và phân. Đo áp lực hậu môn trực tràng cho thấy áp lực lúc nghỉ của cơ thắt trong giảm đáng kể.",Tình trạng són phân và hơi của bệnh nhân là biến chứng gì của phẫu thuật cắt trĩ?,Hẹp hậu môn.,Rò hậu môn.,Mất tự chủ hậu môn (són phân).,Tái phát trĩ.,,c,"Són phân (fecal incontinence) là một biến chứng đáng sợ và ảnh hưởng nặng nề đến chất lượng cuộc sống sau phẫu thuật hậu môn trực tràng, bao gồm cả phẫu thuật cắt trĩ. Các triệu chứng của bệnh nhân là điển hình cho tình trạng này."
noi-tri-case-10-2,noi,Trĩ,Tiêu hoá,"Bệnh nhân nam 55 tuổi, đến khám vì ngứa và chảy dịch hậu môn. Bệnh nhân có tiền sử phẫu thuật cắt trĩ theo phương pháp Milligan-Morgan cách đây 10 năm. Sau phẫu thuật, bệnh nhân thường xuyên bị són phân lỏng và hơi khi ho hoặc gắng sức. Bệnh nhân cũng cảm thấy khó khăn trong việc làm sạch hoàn toàn sau khi đi ngoài, gây ẩm ướt và ngứa ngáy. Khám hậu môn thấy có sẹo mổ cũ, trương lực cơ thắt lúc nghỉ giảm. Bệnh nhân không phân biệt được rõ giữa hơi và phân. Đo áp lực hậu môn trực tràng cho thấy áp lực lúc nghỉ của cơ thắt trong giảm đáng kể.",Cơ chế nào có thể gây ra biến chứng mất tự chủ sau phẫu thuật cắt trĩ?,Do sự hình thành sẹo xơ.,Do nhiễm trùng vết mổ.,Do chế độ ăn không đủ chất xơ.,Do tổn thương các cơ thắt hậu môn (đặc biệt là cơ thắt trong) trong quá trình phẫu thuật.,,d,"Trong quá trình phẫu tích cắt bỏ búi trĩ, nếu phẫu thuật viên đi quá sâu hoặc cắt quá rộng, có thể làm tổn thương một phần của cơ thắt trong hoặc cơ thắt ngoài. Cơ thắt trong đặc biệt dễ bị tổn thương. Ngoài ra, việc cắt bỏ quá nhiều da ống hậu môn (anoderm), nơi có các thụ thể cảm giác tinh tế, cũng làm mất khả năng phân biệt giữa hơi và phân."
noi-tri-case-10-3,noi,Trĩ,Tiêu hoá,"Bệnh nhân nam 55 tuổi, đến khám vì ngứa và chảy dịch hậu môn. Bệnh nhân có tiền sử phẫu thuật cắt trĩ theo phương pháp Milligan-Morgan cách đây 10 năm. Sau phẫu thuật, bệnh nhân thường xuyên bị són phân lỏng và hơi khi ho hoặc gắng sức. Bệnh nhân cũng cảm thấy khó khăn trong việc làm sạch hoàn toàn sau khi đi ngoài, gây ẩm ướt và ngứa ngáy. Khám hậu môn thấy có sẹo mổ cũ, trương lực cơ thắt lúc nghỉ giảm. Bệnh nhân không phân biệt được rõ giữa hơi và phân. Đo áp lực hậu môn trực tràng cho thấy áp lực lúc nghỉ của cơ thắt trong giảm đáng kể.",Cơ thắt trong hậu môn có vai trò gì trong việc duy trì sự tự chủ?,Giúp phân biệt giữa hơi và phân.,Chịu trách nhiệm cho việc co thắt chủ động khi nín đi ngoài.,"Chịu trách nhiệm chính cho trương lực lúc nghỉ của ống hậu môn (khoảng 85%), giúp giữ kín hậu môn một cách không chủ ý.",Không có vai trò quan trọng.,,c,"Cơ thắt trong là một cơ trơn, hoạt động không theo ý muốn. Nó luôn ở trong trạng thái co thắt nhẹ, tạo ra phần lớn áp lực của ống hậu môn lúc nghỉ, giúp ngăn chặn sự rò rỉ không chủ ý của phân và hơi. Cơ thắt ngoài là cơ vân, chịu trách nhiệm cho việc co thắt chủ động để nín đi ngoài khi cần thiết."
noi-tri-case-10-4,noi,Trĩ,Tiêu hoá,"Bệnh nhân nam 55 tuổi, đến khám vì ngứa và chảy dịch hậu môn. Bệnh nhân có tiền sử phẫu thuật cắt trĩ theo phương pháp Milligan-Morgan cách đây 10 năm. Sau phẫu thuật, bệnh nhân thường xuyên bị són phân lỏng và hơi khi ho hoặc gắng sức. Bệnh nhân cũng cảm thấy khó khăn trong việc làm sạch hoàn toàn sau khi đi ngoài, gây ẩm ướt và ngứa ngáy. Khám hậu môn thấy có sẹo mổ cũ, trương lực cơ thắt lúc nghỉ giảm. Bệnh nhân không phân biệt được rõ giữa hơi và phân. Đo áp lực hậu môn trực tràng cho thấy áp lực lúc nghỉ của cơ thắt trong giảm đáng kể.",Biến chứng này thường liên quan đến kỹ thuật phẫu thuật như thế nào?,Do không dùng kháng sinh dự phòng.,Do sử dụng dao điện.,Do cắt bỏ quá ít mô trĩ.,"Do cắt bỏ quá nhiều mô, làm tổn thương lớp cơ bên dưới hoặc cắt bỏ quá nhiều da ống hậu môn nhạy cảm.",,d,"Phẫu thuật cắt trĩ đòi hỏi sự tinh tế và tôn trọng giải phẫu. Việc cắt bỏ quá nhiều mô, đặc biệt là cắt phạm vào lớp cơ thắt hoặc loại bỏ các cầu da-niêm mạc, là những lỗi kỹ thuật có thể dẫn đến các biến chứng như mất tự chủ hoặc hẹp hậu môn."
noi-tri-case-10-5,noi,Trĩ,Tiêu hoá,"Bệnh nhân nam 55 tuổi, đến khám vì ngứa và chảy dịch hậu môn. Bệnh nhân có tiền sử phẫu thuật cắt trĩ theo phương pháp Milligan-Morgan cách đây 10 năm. Sau phẫu thuật, bệnh nhân thường xuyên bị són phân lỏng và hơi khi ho hoặc gắng sức. Bệnh nhân cũng cảm thấy khó khăn trong việc làm sạch hoàn toàn sau khi đi ngoài, gây ẩm ướt và ngứa ngáy. Khám hậu môn thấy có sẹo mổ cũ, trương lực cơ thắt lúc nghỉ giảm. Bệnh nhân không phân biệt được rõ giữa hơi và phân. Đo áp lực hậu môn trực tràng cho thấy áp lực lúc nghỉ của cơ thắt trong giảm đáng kể.",Hướng điều trị cho tình trạng mất tự chủ mức độ nhẹ đến trung bình sau phẫu thuật thường bao gồm những gì?,Các bài tập vật lý trị liệu cho cơ sàn chậu (bài tập Kegel) và phản hồi sinh học (biofeedback).,Dùng thuốc cầm tiêu chảy (loperamide) suốt đời.,Không có phương pháp điều trị nào.,Phẫu thuật lại ngay lập tức.,,a,"Đối với các trường hợp mất tự chủ không hoàn toàn, điều trị bảo tồn là lựa chọn đầu tiên. Các bài tập Kegel giúp tăng cường sức mạnh của cơ thắt ngoài và cơ nâng hậu môn. Phản hồi sinh học giúp bệnh nhân học cách nhận biết và kiểm soát tốt hơn các cơ sàn chậu. Chế độ ăn điều chỉnh để phân có khuôn tốt cũng rất quan trọng. Các can thiệp phẫu thuật phức tạp hơn chỉ được xem xét khi điều trị bảo tồn thất bại."
noi-tri-case-11-1,noi,Trĩ,Tiêu hoá,"Bệnh nhân nam 35 tuổi, nhân viên văn phòng, đến khám vì đi ngoài ra máu đỏ tươi nhỏ giọt cuối bãi phân suốt 1 tháng nay. Bệnh nhân không đau vùng hậu môn, thỉnh thoảng thấy một khối sa ra ngoài khi rặn đại tiện nhưng sau đó tự co lên được. Tiền sử táo bón mạn tính nhiều năm, thường xuyên ngồi lâu, không dị ứng thuốc. Khám toàn thân: mạch 80 lần/phút, huyết áp 120/70 mmHg, nhịp thở 16 lần/phút, không sốt, BMI 24 kg/m². Khám bụng mềm, không sờ thấy u cục. Thăm khám hậu môn trực tràng bằng tay không sờ thấy khối u cứng, cơ thắt hậu môn bình thường, rút găng có ít máu đỏ tươi. Xét nghiệm: Hemoglobin 125 g/L, tiểu cầu 250 x 10⁹/L.",Chẩn đoán phù hợp nhất ở bệnh nhân này là gì?,Nứt kẽ hậu môn mạn tính.,Trĩ ngoại tắc mạch cấp.,Trĩ nội phân độ II.,Polyp trực tràng chảy máu.,,c,"Bệnh nhân có biểu hiện chảy máu đỏ tươi sau đại tiện, không đau, kèm khối lồi ra ngoài tự co lên được là bệnh cảnh kinh điển của trĩ nội độ II. Nứt kẽ hậu môn và trĩ ngoại tắc mạch thường kèm đau dữ dội."
noi-tri-case-11-2,noi,Trĩ,Tiêu hoá,"Bệnh nhân nam 35 tuổi, nhân viên văn phòng, đến khám vì đi ngoài ra máu đỏ tươi nhỏ giọt cuối bãi phân suốt 1 tháng nay. Bệnh nhân không đau vùng hậu môn, thỉnh thoảng thấy một khối sa ra ngoài khi rặn đại tiện nhưng sau đó tự co lên được. Tiền sử táo bón mạn tính nhiều năm, thường xuyên ngồi lâu, không dị ứng thuốc. Khám toàn thân: mạch 80 lần/phút, huyết áp 120/70 mmHg, nhịp thở 16 lần/phút, không sốt, BMI 24 kg/m². Khám bụng mềm, không sờ thấy u cục. Thăm khám hậu môn trực tràng bằng tay không sờ thấy khối u cứng, cơ thắt hậu môn bình thường, rút găng có ít máu đỏ tươi. Xét nghiệm: Hemoglobin 125 g/L, tiểu cầu 250 x 10⁹/L.",Cấu trúc giải phẫu nào bị suy yếu trực tiếp gây ra bệnh lý này?,Hệ thống dây chằng Parks.,Cơ thắt ngoài hậu môn.,Lớp niêm mạc trực tràng dưới.,Hệ thống tĩnh mạch mạc treo.,,a,"Trĩ nội hình thành do sự giãn nở của đám rối tĩnh mạch trĩ trong và sự đứt gãy, suy yếu của hệ thống dây chằng treo búi trĩ (dây chằng Parks), làm cho lớp đệm mạch máu sa xuống ống hậu môn."
noi-tri-case-11-3,noi,Trĩ,Tiêu hoá,"Bệnh nhân nam 35 tuổi, nhân viên văn phòng, đến khám vì đi ngoài ra máu đỏ tươi nhỏ giọt cuối bãi phân suốt 1 tháng nay. Bệnh nhân không đau vùng hậu môn, thỉnh thoảng thấy một khối sa ra ngoài khi rặn đại tiện nhưng sau đó tự co lên được. Tiền sử táo bón mạn tính nhiều năm, thường xuyên ngồi lâu, không dị ứng thuốc. Khám toàn thân: mạch 80 lần/phút, huyết áp 120/70 mmHg, nhịp thở 16 lần/phút, không sốt, BMI 24 kg/m². Khám bụng mềm, không sờ thấy u cục. Thăm khám hậu môn trực tràng bằng tay không sờ thấy khối u cứng, cơ thắt hậu môn bình thường, rút găng có ít máu đỏ tươi. Xét nghiệm: Hemoglobin 125 g/L, tiểu cầu 250 x 10⁹/L.",Thăm dò nào sau đây được ưu tiên chỉ định tiếp theo?,Nội soi đại trực tràng toàn bộ.,Chụp cắt lớp vi tính ổ bụng.,Siêu âm nội soi qua đường hậu môn.,Nội soi ống cứng hậu môn trực tràng.,,d,"Ở bệnh nhân nam trẻ tuổi (35 tuổi) có triệu chứng chảy máu đường tiêu hóa dưới rõ ràng từ vùng hậu môn, nội soi ống cứng hoặc ống mềm vùng hậu môn trực tràng là chỉ định ưu tiên để xác định búi trĩ và loại trừ tổn thương trực tràng thấp."
noi-tri-case-11-4,noi,Trĩ,Tiêu hoá,"Bệnh nhân nam 35 tuổi, nhân viên văn phòng, đến khám vì đi ngoài ra máu đỏ tươi nhỏ giọt cuối bãi phân suốt 1 tháng nay. Bệnh nhân không đau vùng hậu môn, thỉnh thoảng thấy một khối sa ra ngoài khi rặn đại tiện nhưng sau đó tự co lên được. Tiền sử táo bón mạn tính nhiều năm, thường xuyên ngồi lâu, không dị ứng thuốc. Khám toàn thân: mạch 80 lần/phút, huyết áp 120/70 mmHg, nhịp thở 16 lần/phút, không sốt, BMI 24 kg/m². Khám bụng mềm, không sờ thấy u cục. Thăm khám hậu môn trực tràng bằng tay không sờ thấy khối u cứng, cơ thắt hậu môn bình thường, rút găng có ít máu đỏ tươi. Xét nghiệm: Hemoglobin 125 g/L, tiểu cầu 250 x 10⁹/L.",Xử trí ban đầu nào sau đây là phù hợp nhất?,Tiêm thuốc xơ hóa tĩnh mạch.,Thắt trĩ bằng vòng cao su.,Phẫu thuật cắt bỏ búi trĩ.,Bổ sung nhiều chất xơ hòa tan.,,d,"Đối với trĩ nội độ II mới chẩn đoán, biện pháp quản lý đầu tay là điều trị nội khoa bảo tồn, trọng tâm là thay đổi lối sống, bổ sung oc.aspx?sourcedoc={186352b6-90cf-40c9-ba19-ae84e248ef20}&action=vie… 6/11 chất xơ hòa tan và uống đủ nước để chống táo bón."
noi-tri-case-11-5,noi,Trĩ,Tiêu hoá,"Bệnh nhân nam 35 tuổi, nhân viên văn phòng, đến khám vì đi ngoài ra máu đỏ tươi nhỏ giọt cuối bãi phân suốt 1 tháng nay. Bệnh nhân không đau vùng hậu môn, thỉnh thoảng thấy một khối sa ra ngoài khi rặn đại tiện nhưng sau đó tự co lên được. Tiền sử táo bón mạn tính nhiều năm, thường xuyên ngồi lâu, không dị ứng thuốc. Khám toàn thân: mạch 80 lần/phút, huyết áp 120/70 mmHg, nhịp thở 16 lần/phút, không sốt, BMI 24 kg/m². Khám bụng mềm, không sờ thấy u cục. Thăm khám hậu môn trực tràng bằng tay không sờ thấy khối u cứng, cơ thắt hậu môn bình thường, rút găng có ít máu đỏ tươi. Xét nghiệm: Hemoglobin 125 g/L, tiểu cầu 250 x 10⁹/L.","Nếu không điều trị, biến chứng mạn tính nào dễ xảy ra nhất?",Rò hậu môn phức tạp. https://onedrive.live.com/personal/2672550e42ddc7d4/_layouts/15/,Ung thư biểu mô tuyến.,Thiếu máu hồng cầu nhỏ.,Hẹp cơ vòng hậu môn.,,c,"Chảy máu rỉ rả kéo dài từ búi trĩ nội theo thời gian sẽ dẫn đến tình trạng mất máu mạn tính, biểu hiện bằng thiếu máu hồng cầu nhỏ nhược sắc do thiếu sắt. Trĩ không có nguy cơ tiến triển thành ung thư."
noi-tri-case-12-1,noi,Trĩ,Tiêu hoá,"Bệnh nhân nam 55 tuổi, thợ xây, đến khám vì búi trĩ sa ra ngoài thường xuyên khi đại tiện và phải dùng tay đẩy lên mới vào được. Tình trạng này kéo dài 6 tháng nay kèm theo rỉ dịch nhầy ẩm ướt và ngứa quanh hậu môn. Bệnh nhân không sụt cân, không đau bụng, tiền sử đái tháo đường type 2 đang kiểm soát tốt bằng Metformin. Khám toàn thân: mạch 85 lần/phút, huyết áp 130/85 mmHg, không sốt. Khám hậu môn: niêm mạc quanh hậu môn viêm đỏ nhẹ, có búi tĩnh mạch giãn sa ra ngoài rìa hậu môn, mềm, đẩy lên dễ dàng. Thăm trực tràng không chạm u cục, tuyến tiền liệt không to. Xét nghiệm máu ẩn trong phân dương tính.",Phân độ lâm sàng nào là chính xác nhất cho bệnh nhân này?,Trĩ nội phân độ II.,Trĩ nội phân độ III.,Trĩ nội phân độ IV.,Trĩ nội phân độ I.,,b,"Búi trĩ sa ra ngoài khi đại tiện và không thể tự co lên, bắt buộc phải dùng tay đẩy vào là tiêu chuẩn vàng để chẩn đoán phân độ trĩ nội độ III theo phân loại Goligher."
noi-tri-case-12-2,noi,Trĩ,Tiêu hoá,"Bệnh nhân nam 55 tuổi, thợ xây, đến khám vì búi trĩ sa ra ngoài thường xuyên khi đại tiện và phải dùng tay đẩy lên mới vào được. Tình trạng này kéo dài 6 tháng nay kèm theo rỉ dịch nhầy ẩm ướt và ngứa quanh hậu môn. Bệnh nhân không sụt cân, không đau bụng, tiền sử đái tháo đường type 2 đang kiểm soát tốt bằng Metformin. Khám toàn thân: mạch 85 lần/phút, huyết áp 130/85 mmHg, không sốt. Khám hậu môn: niêm mạc quanh hậu môn viêm đỏ nhẹ, có búi tĩnh mạch giãn sa ra ngoài rìa hậu môn, mềm, đẩy lên dễ dàng. Thăm trực tràng không chạm u cục, tuyến tiền liệt không to. Xét nghiệm máu ẩn trong phân dương tính.",Cơ chế sinh lý bệnh chính gây rỉ dịch nhầy ở bệnh nhân này là gì?,Viêm nhiễm vi khuẩn đường ruột mạn tính.,Rò rỉ dịch tiêu hóa từ phần đại tràng.,Bài tiết dịch từ niêm mạc trực tràng sa.,Tăng sinh quá mức tuyến bã nhờn.,,c,"Búi trĩ nội được bao phủ bởi biểu mô trụ của niêm mạc trực tràng. Khi sa ra ngoài ống hậu môn, các tế bào đài ở niêm mạc này tiếp tục bài tiết dịch nhầy, gây ra tình trạng ẩm ướt và ngứa ngáy quanh rìa hậu môn."
noi-tri-case-12-3,noi,Trĩ,Tiêu hoá,"Bệnh nhân nam 55 tuổi, thợ xây, đến khám vì búi trĩ sa ra ngoài thường xuyên khi đại tiện và phải dùng tay đẩy lên mới vào được. Tình trạng này kéo dài 6 tháng nay kèm theo rỉ dịch nhầy ẩm ướt và ngứa quanh hậu môn. Bệnh nhân không sụt cân, không đau bụng, tiền sử đái tháo đường type 2 đang kiểm soát tốt bằng Metformin. Khám toàn thân: mạch 85 lần/phút, huyết áp 130/85 mmHg, không sốt. Khám hậu môn: niêm mạc quanh hậu môn viêm đỏ nhẹ, có búi tĩnh mạch giãn sa ra ngoài rìa hậu môn, mềm, đẩy lên dễ dàng. Thăm trực tràng không chạm u cục, tuyến tiền liệt không to. Xét nghiệm máu ẩn trong phân dương tính.",Cận lâm sàng nào bắt buộc phải thực hiện để loại trừ nguyên nhân ác tính?,Xét nghiệm chất chỉ điểm khối u CEA.,Chụp cộng hưởng từ vùng chậu.,Siêu âm ổ bụng tổng quát.,Nội soi đại tràng toàn bộ.,,d,"Mặc dù bệnh nhân có trĩ nội độ III sa rõ, nhưng ở độ tuổi > 50 kèm đi ngoài có máu ẩn dương tính, nội soi đại tràng toàn bộ là bắt buộc để loại trừ các tổn thương ác tính (ung thư đại trực tràng) đi kèm."
noi-tri-case-12-4,noi,Trĩ,Tiêu hoá,"Bệnh nhân nam 55 tuổi, thợ xây, đến khám vì búi trĩ sa ra ngoài thường xuyên khi đại tiện và phải dùng tay đẩy lên mới vào được. Tình trạng này kéo dài 6 tháng nay kèm theo rỉ dịch nhầy ẩm ướt và ngứa quanh hậu môn. Bệnh nhân không sụt cân, không đau bụng, tiền sử đái tháo đường type 2 đang kiểm soát tốt bằng Metformin. Khám toàn thân: mạch 85 lần/phút, huyết áp 130/85 mmHg, không sốt. Khám hậu môn: niêm mạc quanh hậu môn viêm đỏ nhẹ, có búi tĩnh mạch giãn sa ra ngoài rìa hậu môn, mềm, đẩy lên dễ dàng. Thăm trực tràng không chạm u cục, tuyến tiền liệt không to. Xét nghiệm máu ẩn trong phân dương tính.",Phương pháp can thiệp thủ thuật nào thường được ưu tiên lựa chọn?,Phẫu thuật cắt trĩ bằng máy cắt nối.,Khâu triệt mạch trĩ dưới hướng dẫn siêu âm.,Thắt búi trĩ bằng vòng thun cao su.,Quang đông bằng tia hồng ngoại tại chỗ.,,c,"Đối với trĩ nội độ III hoặc độ II thất bại với điều trị nội khoa, thủ thuật thắt búi trĩ bằng vòng cao su (Rubber band ligation) là một can thiệp xâm lấn tối thiểu rẻ tiền, hiệu quả cao và được ưu tiên thực hiện tại phòng khám."
noi-tri-case-12-5,noi,Trĩ,Tiêu hoá,"Bệnh nhân nam 55 tuổi, thợ xây, đến khám vì búi trĩ sa ra ngoài thường xuyên khi đại tiện và phải dùng tay đẩy lên mới vào được. Tình trạng này kéo dài 6 tháng nay kèm theo rỉ dịch nhầy ẩm ướt và ngứa quanh hậu môn. Bệnh nhân không sụt cân, không đau bụng, tiền sử đái tháo đường type 2 đang kiểm soát tốt bằng Metformin. Khám toàn thân: mạch 85 lần/phút, huyết áp 130/85 mmHg, không sốt. Khám hậu môn: niêm mạc quanh hậu môn viêm đỏ nhẹ, có búi tĩnh mạch giãn sa ra ngoài rìa hậu môn, mềm, đẩy lên dễ dàng. Thăm trực tràng không chạm u cục, tuyến tiền liệt không to. Xét nghiệm máu ẩn trong phân dương tính.","Nếu bệnh nhân đau dữ dội ngay sau can thiệp thủ thuật, nguyên nhân nào là khả dĩ nhất?",Tắc mạch máu lớn vùng mạc treo.,Thủng niêm mạc trực tràng cấp tính.,Vị trí can thiệp nằm dưới đường lược.,Nhiễm trùng hoại tử lan rộng vùng chậu.,,c,"Vùng niêm mạc phía trên đường lược (đường răng cưa) được chi phối bởi thần kinh tự chủ nên không có cảm giác đau. Nếu vòng cao su bị thắt nhầm vào vùng da có thần kinh cảm giác thân thể (dưới đường lược), bệnh nhân sẽ có cảm giác đau chói dữ dội ngay lập tức."
noi-tri-case-13-1,noi,Trĩ,Tiêu hoá,"Bệnh nhân nữ 28 tuổi, giáo viên, vào viện cấp cứu vì đau nhức dữ dội vùng hậu môn khởi phát đột ngột cách đây 24 giờ sau khi cố rặn đại tiện. Bệnh nhân đau liên tục, không thể ngồi hoặc đi lại bình thường, chưa dùng thuốc giảm đau. Tiền sử hoàn toàn khỏe mạnh, không có bệnh lý nội khoa. Khám toàn thân: mạch 95 lần/phút, huyết áp 110/70 mmHg, nhiệt độ 37 độ C. Khám hậu môn: ngay rìa hậu môn có một khối sưng nề màu xanh tím, kích thước 1.5 cm, căng bóng, ấn vào cực kỳ đau. Cơ thắt hậu môn tăng trương lực. Thăm trực tràng không thực hiện được do bệnh nhân quá đau.",Chẩn đoán lâm sàng có khả năng cao nhất là gì?,Trĩ ngoại tắc mạch cấp tính.,Trĩ nội sa hoại tử hoàn toàn.,Áp xe quanh hậu môn cấp.,Nứt kẽ hậu môn nhiễm trùng.,,a,"Khối sưng căng bóng màu xanh tím xuất hiện đột ngột ở rìa hậu môn kèm đau dữ dội (thường sau rặn mạnh, khuân vác nặng) là dấu hiệu đặc trưng của trĩ ngoại tắc mạch (nhồi máu tĩnh mạch trĩ ngoài)."
noi-tri-case-13-2,noi,Trĩ,Tiêu hoá,"Bệnh nhân nữ 28 tuổi, giáo viên, vào viện cấp cứu vì đau nhức dữ dội vùng hậu môn khởi phát đột ngột cách đây 24 giờ sau khi cố rặn đại tiện. Bệnh nhân đau liên tục, không thể ngồi hoặc đi lại bình thường, chưa dùng thuốc giảm đau. Tiền sử hoàn toàn khỏe mạnh, không có bệnh lý nội khoa. Khám toàn thân: mạch 95 lần/phút, huyết áp 110/70 mmHg, nhiệt độ 37 độ C. Khám hậu môn: ngay rìa hậu môn có một khối sưng nề màu xanh tím, kích thước 1.5 cm, căng bóng, ấn vào cực kỳ đau. Cơ thắt hậu môn tăng trương lực. Thăm trực tràng không thực hiện được do bệnh nhân quá đau.",Đặc điểm giải phẫu nào giải thích mức độ đau dữ dội của bệnh nhân?,Bị bao bọc bởi lớp cơ thắt trong hậu môn.,Nằm trong vùng cấp máu của động mạch trực tràng trên.,Chịu chi phối của các nhánh thần kinh thân thể.,Chịu chi phối của hệ thần kinh tự chủ.,,c,"Búi trĩ ngoại nằm dưới đường lược, được bao phủ bởi lớp biểu mô vảy (da) và được chi phối bởi các nhánh thần kinh cảm giác thân thể (somatic nerves). Do đó, khi tĩnh mạch bị tắc mạch, bệnh nhân có cảm giác đau nhức cực kỳ dữ dội."
noi-tri-case-13-3,noi,Trĩ,Tiêu hoá,"Bệnh nhân nữ 28 tuổi, giáo viên, vào viện cấp cứu vì đau nhức dữ dội vùng hậu môn khởi phát đột ngột cách đây 24 giờ sau khi cố rặn đại tiện. Bệnh nhân đau liên tục, không thể ngồi hoặc đi lại bình thường, chưa dùng thuốc giảm đau. Tiền sử hoàn toàn khỏe mạnh, không có bệnh lý nội khoa. Khám toàn thân: mạch 95 lần/phút, huyết áp 110/70 mmHg, nhiệt độ 37 độ C. Khám hậu môn: ngay rìa hậu môn có một khối sưng nề màu xanh tím, kích thước 1.5 cm, căng bóng, ấn vào cực kỳ đau. Cơ thắt hậu môn tăng trương lực. Thăm trực tràng không thực hiện được do bệnh nhân quá đau.",Chỉ định cận lâm sàng nào là hợp lý nhất tại thời điểm hiện tại?,Nội soi trực tràng bằng ống mềm.,Không cần xét nghiệm hình ảnh chuyên sâu.,Siêu âm phần mềm vùng hậu môn.,Chụp cộng hưởng từ vùng chậu.,,b,Trĩ ngoại tắc mạch cấp tính là chẩn đoán dựa hoàn toàn vào hỏi bệnh sử và thăm khám lâm sàng bằng mắt thường. Không có chỉ định thực hiện các xét nghiệm hình ảnh hay nội soi khi bệnh nhân đang rất đau.
noi-tri-case-13-4,noi,Trĩ,Tiêu hoá,"Bệnh nhân nữ 28 tuổi, giáo viên, vào viện cấp cứu vì đau nhức dữ dội vùng hậu môn khởi phát đột ngột cách đây 24 giờ sau khi cố rặn đại tiện. Bệnh nhân đau liên tục, không thể ngồi hoặc đi lại bình thường, chưa dùng thuốc giảm đau. Tiền sử hoàn toàn khỏe mạnh, không có bệnh lý nội khoa. Khám toàn thân: mạch 95 lần/phút, huyết áp 110/70 mmHg, nhiệt độ 37 độ C. Khám hậu môn: ngay rìa hậu môn có một khối sưng nề màu xanh tím, kích thước 1.5 cm, căng bóng, ấn vào cực kỳ đau. Cơ thắt hậu môn tăng trương lực. Thăm trực tràng không thực hiện được do bệnh nhân quá đau.",Hướng xử trí tối ưu nhất mang lại hiệu quả giảm đau nhanh chóng là gì?,Ngâm hậu môn trong nước ấm liên tục.,Bôi thuốc mỡ chứa corticoid tại chỗ.,Thắt khối sưng bằng vòng cao su.,Tiểu phẫu rạch lấy khối máu tụ.,,d,"Nếu bệnh nhân đến sớm (đặc biệt trong vòng 72 giờ đầu) và khối máu tụ gây đau nhiều, tiểu phẫu gây tê tại chỗ để rạch lấy cục máu đông (thrombectomy) là biện pháp mang lại hiệu quả giảm đau triệt để và nhanh chóng nhất."
noi-tri-case-13-5,noi,Trĩ,Tiêu hoá,"Bệnh nhân nữ 28 tuổi, giáo viên, vào viện cấp cứu vì đau nhức dữ dội vùng hậu môn khởi phát đột ngột cách đây 24 giờ sau khi cố rặn đại tiện. Bệnh nhân đau liên tục, không thể ngồi hoặc đi lại bình thường, chưa dùng thuốc giảm đau. Tiền sử hoàn toàn khỏe mạnh, không có bệnh lý nội khoa. Khám toàn thân: mạch 95 lần/phút, huyết áp 110/70 mmHg, nhiệt độ 37 độ C. Khám hậu môn: ngay rìa hậu môn có một khối sưng nề màu xanh tím, kích thước 1.5 cm, căng bóng, ấn vào cực kỳ đau. Cơ thắt hậu môn tăng trương lực. Thăm trực tràng không thực hiện được do bệnh nhân quá đau.","Nếu từ chối thủ thuật và chọn điều trị nội khoa, di chứng nào thường gặp nhất sau khi bệnh thoái lui?",Sa trực tràng toàn bộ mạn tính.,Hình thành mẩu da thừa hậu môn.,Rò hậu môn trực trực tràng phức tạp.,Hẹp thực thể ống hậu môn. https://onedrive.live.com/personal/2672550e42ddc7d4/_layouts/15/,,b,"Khối trĩ ngoại tắc mạch nếu điều trị bảo tồn nội khoa sẽ mất nhiều tuần để tự tiêu. Quá trình thoái triển này thường để lại lớp da thừa nhăn nheo ở rìa hậu môn (skin tags), có thể gây khó khăn trong vệ sinh và ngứa. oc.aspx?sourcedoc={186352b6-90cf-40c9-ba19-ae84e248ef20}&action=vie… 7/11"
noi-tri-case-14-1,noi,Trĩ,Tiêu hoá,"Bệnh nhân nam 62 tuổi, nông dân, nhập viện vì khối sa vùng hậu môn sưng to và đau nhức không thể đẩy vào trong được suốt 2 ngày nay. Bệnh nhân có tiền sử trĩ sa nhiều năm nhưng thường tự đẩy lên được. Kèm theo có đại tiện khó và sốt nhẹ. Khám toàn thân: mạch 100 lần/phút, huyết áp 140/90 mmHg, nhiệt độ 37.8 độ C. Khám tại chỗ: toàn bộ chu vi hậu môn có các búi tĩnh mạch sa ra ngoài, sưng nề mạnh, màu đỏ sẫm xen lẫn các mảng đen tím, rỉ dịch hôi, ấn rất đau. Không có dấu hiệu căng chướng bụng hay phản ứng thành bụng. Bạch cầu máu ngoại vi 14 x 10⁹/L.",Tình trạng lâm sàng hiện tại phù hợp nhất với chẩn đoán nào?,Sa trực tràng nghẹt cấp tính.,Trĩ nội phân độ IV nghẹt.,Khối u hắc tố vùng hậu môn.,Hoại tử cơ thắt ngoài hậu môn.,,b,"Búi trĩ nội sa liên tục ra ngoài, không thể đẩy vào trong, kèm sưng đau, thay đổi màu sắc (mảng đen tím) và có hội chứng nhiễm trùng là tình trạng cấp cứu: trĩ nội phân độ IV có biến chứng nghẹt và hoại tử."
noi-tri-case-14-2,noi,Trĩ,Tiêu hoá,"Bệnh nhân nam 62 tuổi, nông dân, nhập viện vì khối sa vùng hậu môn sưng to và đau nhức không thể đẩy vào trong được suốt 2 ngày nay. Bệnh nhân có tiền sử trĩ sa nhiều năm nhưng thường tự đẩy lên được. Kèm theo có đại tiện khó và sốt nhẹ. Khám toàn thân: mạch 100 lần/phút, huyết áp 140/90 mmHg, nhiệt độ 37.8 độ C. Khám tại chỗ: toàn bộ chu vi hậu môn có các búi tĩnh mạch sa ra ngoài, sưng nề mạnh, màu đỏ sẫm xen lẫn các mảng đen tím, rỉ dịch hôi, ấn rất đau. Không có dấu hiệu căng chướng bụng hay phản ứng thành bụng. Bạch cầu máu ngoại vi 14 x 10⁹/L.",Đặc điểm nào sau đây KHÔNG đúng khi phân loại bệnh lý này?,Dựa vào khả năng tự co lên của búi sa.,Phân độ chỉ áp dụng cho nhóm búi tĩnh mạch trên đường lược.,Dựa vào mức độ sa của búi tĩnh mạch.,Dựa vào số lượng máu chảy khi đại tiện.,,d,Hệ thống phân độ trĩ nội của Goligher dựa hoàn toàn vào mức độ sa và khả năng tự co lên của búi tĩnh mạch lồi qua đường lược. Phân độ này KHÔNG sử dụng triệu chứng chảy máu nhiều hay ít làm tiêu chí phân loại.
noi-tri-case-14-3,noi,Trĩ,Tiêu hoá,"Bệnh nhân nam 62 tuổi, nông dân, nhập viện vì khối sa vùng hậu môn sưng to và đau nhức không thể đẩy vào trong được suốt 2 ngày nay. Bệnh nhân có tiền sử trĩ sa nhiều năm nhưng thường tự đẩy lên được. Kèm theo có đại tiện khó và sốt nhẹ. Khám toàn thân: mạch 100 lần/phút, huyết áp 140/90 mmHg, nhiệt độ 37.8 độ C. Khám tại chỗ: toàn bộ chu vi hậu môn có các búi tĩnh mạch sa ra ngoài, sưng nề mạnh, màu đỏ sẫm xen lẫn các mảng đen tím, rỉ dịch hôi, ấn rất đau. Không có dấu hiệu căng chướng bụng hay phản ứng thành bụng. Bạch cầu máu ngoại vi 14 x 10⁹/L.",Mục đích quan trọng nhất của công thức máu và CRP trong trường hợp này là gì?,Theo dõi tình trạng rối loạn đông máu.,Tầm soát bệnh lý máu ác tính tiềm ẩn.,Xác định mức độ đáp ứng viêm toàn thân.,Đánh giá mức độ thiếu máu mạn tính.,,c,"Do bệnh nhân có sốt, búi trĩ hoại tử đổi màu, việc làm công thức máu (bạch cầu) và CRP giúp xác định và đánh giá mức độ hội chứng đáp ứng viêm toàn thân (SIRS) và nhiễm trùng do hoại tử tổ chức trĩ nghẹt gây ra."
noi-tri-case-14-4,noi,Trĩ,Tiêu hoá,"Bệnh nhân nam 62 tuổi, nông dân, nhập viện vì khối sa vùng hậu môn sưng to và đau nhức không thể đẩy vào trong được suốt 2 ngày nay. Bệnh nhân có tiền sử trĩ sa nhiều năm nhưng thường tự đẩy lên được. Kèm theo có đại tiện khó và sốt nhẹ. Khám toàn thân: mạch 100 lần/phút, huyết áp 140/90 mmHg, nhiệt độ 37.8 độ C. Khám tại chỗ: toàn bộ chu vi hậu môn có các búi tĩnh mạch sa ra ngoài, sưng nề mạnh, màu đỏ sẫm xen lẫn các mảng đen tím, rỉ dịch hôi, ấn rất đau. Không có dấu hiệu căng chướng bụng hay phản ứng thành bụng. Bạch cầu máu ngoại vi 14 x 10⁹/L.",Lựa chọn điều trị ưu tiên cho bệnh nhân này là gì?,Dùng tay cố gắng đẩy búi sa vào trong.,Phẫu thuật cắt bỏ tổ chức trĩ cấp cứu.,Tiêm thuốc xơ hóa tĩnh mạch cấp cứu.,Điều trị nội khoa bảo tồn bằng kháng sinh.,,b,Trĩ nghẹt hoại tử diện rộng là chống chỉ định của việc cố đẩy vào trong hay tiêm xơ. Bệnh nhân cần được sử dụng kháng sinh phổ rộng và tiến hành phẫu thuật cắt bỏ mô trĩ hoại tử cấp cứu để tránh nhiễm trùng tầng sinh môn.
noi-tri-case-14-5,noi,Trĩ,Tiêu hoá,"Bệnh nhân nam 62 tuổi, nông dân, nhập viện vì khối sa vùng hậu môn sưng to và đau nhức không thể đẩy vào trong được suốt 2 ngày nay. Bệnh nhân có tiền sử trĩ sa nhiều năm nhưng thường tự đẩy lên được. Kèm theo có đại tiện khó và sốt nhẹ. Khám toàn thân: mạch 100 lần/phút, huyết áp 140/90 mmHg, nhiệt độ 37.8 độ C. Khám tại chỗ: toàn bộ chu vi hậu môn có các búi tĩnh mạch sa ra ngoài, sưng nề mạnh, màu đỏ sẫm xen lẫn các mảng đen tím, rỉ dịch hôi, ấn rất đau. Không có dấu hiệu căng chướng bụng hay phản ứng thành bụng. Bạch cầu máu ngoại vi 14 x 10⁹/L.",Biến chứng cấp tính nào thường gặp nhất trong ngày đầu tiên sau can thiệp ngoại khoa?,Bí tiểu tiện cấp tính.,Hẹp ống hậu môn sớm.,Tràn khí màng bụng.,Rò phân qua vết mổ.,,a,"Sau phẫu thuật cắt trĩ kinh điển vùng hậu môn trực tràng, do đau và phản xạ co thắt cơ sàn chậu - cơ thắt niệu đạo, bí tiểu cấp tính là biến chứng rất thường gặp trong 24 giờ đầu, đòi hỏi phải theo dõi và có thể cần đặt sonde tiểu."
noi-tri-case-15-1,noi,Trĩ,Tiêu hoá,"Bệnh nhân nữ 30 tuổi, mang thai con so tuần thứ 34, đến khám vì thấy có khối lồi ra ở hậu môn sau mỗi lần đi tiêu. Tình trạng này mới xuất hiện khoảng 3 tuần nay, kèm theo đau rát nhẹ và thi thoảng có máu dính giấy vệ sinh. Bệnh nhân hay bị táo bón thai kỳ, uống ít nước. Khám toàn thân: mạch 88 lần/phút, huyết áp 110/70 mmHg, thai nhi phát triển bình thường. Khám hậu môn: thấy búi niêm mạc lồi ra ngoài rìa hậu môn khi bệnh nhân rặn, màu hồng nhạt, tự co lên ngay sau đó, không có huyết khối. Không có vết nứt kẽ hay đường rò.",Phân loại mức độ tổn thương hiện tại của bệnh nhân là gì?,Trĩ nội phân độ III.,Trĩ nội phân độ II.,Trĩ nội phân độ I.,Trĩ ngoại cấp tính.,,b,Búi niêm mạc sa lồi ra ngoài rìa hậu môn khi rặn đại tiện và có thể tự co lên ngay lập tức mà không cần hỗ trợ tay được phân loại là trĩ nội độ II.
noi-tri-case-15-2,noi,Trĩ,Tiêu hoá,"Bệnh nhân nữ 30 tuổi, mang thai con so tuần thứ 34, đến khám vì thấy có khối lồi ra ở hậu môn sau mỗi lần đi tiêu. Tình trạng này mới xuất hiện khoảng 3 tuần nay, kèm theo đau rát nhẹ và thi thoảng có máu dính giấy vệ sinh. Bệnh nhân hay bị táo bón thai kỳ, uống ít nước. Khám toàn thân: mạch 88 lần/phút, huyết áp 110/70 mmHg, thai nhi phát triển bình thường. Khám hậu môn: thấy búi niêm mạc lồi ra ngoài rìa hậu môn khi bệnh nhân rặn, màu hồng nhạt, tự co lên ngay sau đó, không có huyết khối. Không có vết nứt kẽ hay đường rò.",Yếu tố sinh lý nào đóng vai trò thứ phát làm trầm trọng thêm bệnh lý ở thai phụ này?,Tử cung lớn chèn ép tĩnh mạch chủ dưới.,Tăng nhu động ruột do thay đổi nội tiết.,Sự giảm tiết hormon progesterone thai kỳ.,Giảm áp lực trong ổ bụng khi nằm ngửa.,,a,"Trĩ thai kỳ thường xuất hiện trong quý 3 do sự kết hợp của táo bón mạn tính, hormone progesterone gây giãn tĩnh mạch, và đặc biệt là áp lực cơ học do tử cung mang thai kích thước lớn chèn ép tĩnh mạch chủ dưới và hệ tĩnh mạch chậu, gây ứ trệ máu tĩnh mạch trĩ."
noi-tri-case-15-3,noi,Trĩ,Tiêu hoá,"Bệnh nhân nữ 30 tuổi, mang thai con so tuần thứ 34, đến khám vì thấy có khối lồi ra ở hậu môn sau mỗi lần đi tiêu. Tình trạng này mới xuất hiện khoảng 3 tuần nay, kèm theo đau rát nhẹ và thi thoảng có máu dính giấy vệ sinh. Bệnh nhân hay bị táo bón thai kỳ, uống ít nước. Khám toàn thân: mạch 88 lần/phút, huyết áp 110/70 mmHg, thai nhi phát triển bình thường. Khám hậu môn: thấy búi niêm mạc lồi ra ngoài rìa hậu môn khi bệnh nhân rặn, màu hồng nhạt, tự co lên ngay sau đó, không có huyết khối. Không có vết nứt kẽ hay đường rò.",Thăm dò cận lâm sàng nào được khuyến cáo ở bệnh nhân này?,Chụp cắt lớp vi tính tiểu khung.,Chỉ cần thăm khám lâm sàng trực tiếp.,Nội soi đại tràng ống mềm không mê.,Chụp X-quang bụng đứng không chuẩn bị.,,b,"Đối với thai phụ 34 tuần có triệu chứng điển hình của trĩ và không có dấu hiệu báo động, thăm khám lâm sàng bằng mắt thường là đủ để định bệnh. Mọi can thiệp hình ảnh học và nội soi đều không cần thiết và mang lại rủi ro cho thai kỳ."
noi-tri-case-15-4,noi,Trĩ,Tiêu hoá,"Bệnh nhân nữ 30 tuổi, mang thai con so tuần thứ 34, đến khám vì thấy có khối lồi ra ở hậu môn sau mỗi lần đi tiêu. Tình trạng này mới xuất hiện khoảng 3 tuần nay, kèm theo đau rát nhẹ và thi thoảng có máu dính giấy vệ sinh. Bệnh nhân hay bị táo bón thai kỳ, uống ít nước. Khám toàn thân: mạch 88 lần/phút, huyết áp 110/70 mmHg, thai nhi phát triển bình thường. Khám hậu môn: thấy búi niêm mạc lồi ra ngoài rìa hậu môn khi bệnh nhân rặn, màu hồng nhạt, tự co lên ngay sau đó, không có huyết khối. Không có vết nứt kẽ hay đường rò.",Phương pháp quản lý an toàn và phù hợp nhất hiện tại là gì?,Thắt vòng cao su tại phòng khám.,Điều chỉnh chế độ ăn và ngâm nước ấm.,Tiêm thuốc xơ hóa vùng dưới niêm mạc.,Phẫu thuật cắt trĩ bằng sóng cao tần.,,b,"Điều trị trĩ trong thai kỳ chủ yếu là nội khoa bảo tồn, đảm bảo an toàn tối đa cho mẹ và bé. Thay đổi lối sống (ăn nhiều xơ, uống nước), ngâm hậu môn bằng nước ấm và có thể dùng thuốc bôi tại chỗ là lựa chọn hàng đầu. Các can thiệp thủ thuật thường bị chống chỉ định."
noi-tri-case-15-5,noi,Trĩ,Tiêu hoá,"Bệnh nhân nữ 30 tuổi, mang thai con so tuần thứ 34, đến khám vì thấy có khối lồi ra ở hậu môn sau mỗi lần đi tiêu. Tình trạng này mới xuất hiện khoảng 3 tuần nay, kèm theo đau rát nhẹ và thi thoảng có máu dính giấy vệ sinh. Bệnh nhân hay bị táo bón thai kỳ, uống ít nước. Khám toàn thân: mạch 88 lần/phút, huyết áp 110/70 mmHg, thai nhi phát triển bình thường. Khám hậu môn: thấy búi niêm mạc lồi ra ngoài rìa hậu môn khi bệnh nhân rặn, màu hồng nhạt, tự co lên ngay sau đó, không có huyết khối. Không có vết nứt kẽ hay đường rò.",Tiên lượng tự nhiên thường gặp nhất của khối lồi này sau khi sinh xong là gì?,Tiến triển thành trĩ nội phân độ IV.,Chuyển thành trĩ ngoại tắc mạch.,Gây băng huyết sau sinh nghiêm trọng.,Tự thuyên giảm và co nhỏ đáng kể.,,d,"Sau khi sinh, áp lực ổ bụng giảm và nội tiết tố trở về bình thường, đa phần trĩ xuất hiện trong thai kỳ sẽ tự thuyên giảm kích thước đáng kể hoặc biến mất hoàn toàn."
noi-tri-case-16-1,noi,Trĩ,Tiêu hoá,"Bệnh nhân nam 45 tuổi, tài xế xe tải, phàn nàn về tình trạng ngứa rát hậu môn và ra máu đỏ tươi thành tia khi đi cầu kéo dài 2 tháng. Khối trĩ sa ra ngoài tự co lên được. Bác sĩ chỉ định điều trị nội khoa bảo tồn, trong đó có kê đơn nhóm thuốc Flavonoid (Diosmin/Hesperidin). Bệnh nhân thắc mắc về cơ chế tác dụng của loại thuốc này. Khám thực thể thấy búi trĩ ở vị trí 3 giờ và 7 giờ, niêm mạc trực tràng hồng hào, không có khối u.",Tình trạng của bệnh nhân được phân loại lâm sàng như thế nào?,Trĩ nội phân độ II. https://onedrive.live.com/personal/2672550e42ddc7d4/_layouts/15/,Trĩ nội phân độ IV.,Trĩ nội phân độ III.,Trĩ nội phân độ I.,,a,Khối tĩnh mạch sa ra ngoài hậu môn khi đi cầu và sau đó tự co oc.aspx?sourcedoc={186352b6-90cf-40c9-ba19-ae84e248ef20}&action=vie… 8/11 lên được là đặc điểm nhận diện của trĩ nội độ II.
noi-tri-case-16-2,noi,Trĩ,Tiêu hoá,"Bệnh nhân nam 45 tuổi, tài xế xe tải, phàn nàn về tình trạng ngứa rát hậu môn và ra máu đỏ tươi thành tia khi đi cầu kéo dài 2 tháng. Khối trĩ sa ra ngoài tự co lên được. Bác sĩ chỉ định điều trị nội khoa bảo tồn, trong đó có kê đơn nhóm thuốc Flavonoid (Diosmin/Hesperidin). Bệnh nhân thắc mắc về cơ chế tác dụng của loại thuốc này. Khám thực thể thấy búi trĩ ở vị trí 3 giờ và 7 giờ, niêm mạc trực tràng hồng hào, không có khối u.",Cơ chế tác dụng phù hợp nhất của nhóm flavonoid dùng hỗ trợ bệnh trĩ là gì?,Tái tạo hoàn toàn hệ thống dây chằng nâng đỡ hậu môn.,Thắt chọn lọc toàn bộ động mạch nuôi búi trĩ qua đường uống.,Phá hủy nội mạc búi trĩ để tạo xơ hóa và cố định niêm mạc.,Tăng trương lực tĩnh mạch và giảm tính thấm mao mạch vi tuần hoàn.,,d,"Flavonoid vi hạt tinh chế có tác dụng tăng trương lực tĩnh mạch, giảm tính thấm mao mạch và phù nề, nhờ đó có thể giảm triệu chứng trong đợt cấp. Thuốc không tái tạo dây chằng và không thay thế thủ thuật khi có chỉ định."
noi-tri-case-16-3,noi,Trĩ,Tiêu hoá,"Bệnh nhân nam 45 tuổi, tài xế xe tải, phàn nàn về tình trạng ngứa rát hậu môn và ra máu đỏ tươi thành tia khi đi cầu kéo dài 2 tháng. Khối trĩ sa ra ngoài tự co lên được. Bác sĩ chỉ định điều trị nội khoa bảo tồn, trong đó có kê đơn nhóm thuốc Flavonoid (Diosmin/Hesperidin). Bệnh nhân thắc mắc về cơ chế tác dụng của loại thuốc này. Khám thực thể thấy búi trĩ ở vị trí 3 giờ và 7 giờ, niêm mạc trực tràng hồng hào, không có khối u.","Để đánh giá toàn diện nguy cơ chảy máu đường tiêu hóa, bước tiếp theo cần làm gì?",Thực hiện nội soi đại tràng ống mềm.,Chụp mạch máu mạc treo tràng dưới.,Xét nghiệm tủy đồ tìm nguyên nhân.,Đo áp lực tĩnh mạch cửa qua gan.,,a,"Ở bệnh nhân trung niên nam giới có đi cầu ra máu tươi, dù khám thấy trĩ, vẫn cần thực hiện nội soi đại tràng ống mềm toàn bộ để đánh giá toàn diện, phòng bỏ sót các nguyên nhân chảy máu nghiêm trọng khác như polyp hay ung thư đại tràng đoạn cao."
noi-tri-case-16-4,noi,Trĩ,Tiêu hoá,"Bệnh nhân nam 45 tuổi, tài xế xe tải, phàn nàn về tình trạng ngứa rát hậu môn và ra máu đỏ tươi thành tia khi đi cầu kéo dài 2 tháng. Khối trĩ sa ra ngoài tự co lên được. Bác sĩ chỉ định điều trị nội khoa bảo tồn, trong đó có kê đơn nhóm thuốc Flavonoid (Diosmin/Hesperidin). Bệnh nhân thắc mắc về cơ chế tác dụng của loại thuốc này. Khám thực thể thấy búi trĩ ở vị trí 3 giờ và 7 giờ, niêm mạc trực tràng hồng hào, không có khối u.","Ngoài việc sử dụng thuốc, thay đổi lối sống nào có tác dụng trực tiếp làm giảm áp lực vùng tiểu khung?",Hạn chế thời gian ngồi xổm khi đại tiện.,Giảm thiểu các bài tập aerobic cường độ cao.,Uống kháng sinh dự phòng định kỳ hàng tháng.,Tăng cường sử dụng thực phẩm lên men.,,a,"Áp lực vùng tiểu khung và hậu môn tăng vọt khi duy trì tư thế ngồi xổm hoặc ngồi bệ xí quá lâu. Lời khuyên cốt lõi trong thay đổi hành vi là rút ngắn thời gian ngồi đại tiện, không mang điện thoại vào nhà vệ sinh và tránh rặn mạnh."
noi-tri-case-16-5,noi,Trĩ,Tiêu hoá,"Bệnh nhân nam 45 tuổi, tài xế xe tải, phàn nàn về tình trạng ngứa rát hậu môn và ra máu đỏ tươi thành tia khi đi cầu kéo dài 2 tháng. Khối trĩ sa ra ngoài tự co lên được. Bác sĩ chỉ định điều trị nội khoa bảo tồn, trong đó có kê đơn nhóm thuốc Flavonoid (Diosmin/Hesperidin). Bệnh nhân thắc mắc về cơ chế tác dụng của loại thuốc này. Khám thực thể thấy búi trĩ ở vị trí 3 giờ và 7 giờ, niêm mạc trực tràng hồng hào, không có khối u.","Nếu bệnh nhân tiếp tục rặn nhiều, cấu trúc nào bị đứt gãy dẫn đến khối tĩnh mạch không thể tự co lên được nữa?",Lớp cơ dọc thành trực tràng.,Dây chằng treo búi trĩ Parks.,Mạng lưới thần kinh đám rối hạ vị.,Cơ thắt trong ống hậu môn.,,b,"Dây chằng Parks là hệ thống mô liên kết neo giữ lớp đệm mạch máu trĩ vào cơ thắt trong ống hậu môn. Rặn nhiều lâu ngày làm giãn nở búi tĩnh mạch kéo theo đứt gãy hệ thống dây chằng này, khiến búi trĩ sa vĩnh viễn (độ III, độ IV)."
noi-tri-case-17-1,noi,Trĩ,Tiêu hoá,"Bệnh nhân nam 58 tuổi, tiền sử xơ gan do rượu Child- Pugh B, nhập viện vì đi ngoài ra máu đỏ tươi số lượng lớn (khoảng 300 ml) không kèm phân. Bệnh nhân không đau bụng, không sốt. Khám toàn thân: da sạm, củng mạc mắt vàng, có sao mạch trước ngực, báng bụng lượng vừa. Mạch 105 lần/phút, huyết áp 90/60 mmHg. Khám hậu môn bằng mỏ vịt phát hiện các tĩnh mạch giãn lớn ngoằn ngoèo, căng phồng dưới niêm mạc trực tràng thấp, đang rỉ máu, không có cuống hay búi rõ rệt lồi qua đường lược.",Nguyên nhân gây xuất huyết tiêu hóa có khả năng cao nhất là gì?,Chảy máu từ tổn thương loét niêm mạc trực tràng.,Biến chứng chảy máu của trĩ nội độ III.,Vỡ tĩnh mạch trực tràng giãn do tăng áp cửa.,Ung thư trực tràng thấp xâm lấn mạch máu.,,c,"Bệnh nhân có tiền sử xơ gan, báng bụng (tăng áp tĩnh mạch cửa) bị chảy máu ồ ạt kèm hình ảnh nội soi thấy búi tĩnh mạch giãn ngoằn ngoèo không tạo cuống rõ là bệnh cảnh giãn tĩnh mạch trực tràng (Rectal varices), cần chẩn đoán phân biệt với trĩ (Hemorrhoids)."
noi-tri-case-17-2,noi,Trĩ,Tiêu hoá,"Bệnh nhân nam 58 tuổi, tiền sử xơ gan do rượu Child- Pugh B, nhập viện vì đi ngoài ra máu đỏ tươi số lượng lớn (khoảng 300 ml) không kèm phân. Bệnh nhân không đau bụng, không sốt. Khám toàn thân: da sạm, củng mạc mắt vàng, có sao mạch trước ngực, báng bụng lượng vừa. Mạch 105 lần/phút, huyết áp 90/60 mmHg. Khám hậu môn bằng mỏ vịt phát hiện các tĩnh mạch giãn lớn ngoằn ngoèo, căng phồng dưới niêm mạc trực tràng thấp, đang rỉ máu, không có cuống hay búi rõ rệt lồi qua đường lược.",Cơ chế tuần hoàn bàng hệ nào giải thích sự xuất hiện của các tĩnh mạch giãn này?,Nối tĩnh mạch trực tràng trên và tĩnh mạch chủ dưới.,Nối tĩnh mạch trực tràng giữa và tĩnh mạch chậu ngoài.,Nối tĩnh mạch mạc treo tràng trên và tĩnh mạch lách.,Nối tĩnh mạch trực tràng dưới và tĩnh mạch thẹn trong.,,a,"Giãn tĩnh mạch trực tràng hình thành do vòng nối cửa - chủ ở vùng chậu. Khi áp lực tĩnh mạch cửa tăng cao, máu từ tĩnh mạch trực tràng trên (thuộc hệ cửa) sẽ dội ngược, đi qua các tĩnh mạch bàng hệ giãn nở để nối thông với tĩnh mạch trực tràng giữa và dưới (đổ về tĩnh mạch chủ dưới)."
noi-tri-case-17-3,noi,Trĩ,Tiêu hoá,"Bệnh nhân nam 58 tuổi, tiền sử xơ gan do rượu Child- Pugh B, nhập viện vì đi ngoài ra máu đỏ tươi số lượng lớn (khoảng 300 ml) không kèm phân. Bệnh nhân không đau bụng, không sốt. Khám toàn thân: da sạm, củng mạc mắt vàng, có sao mạch trước ngực, báng bụng lượng vừa. Mạch 105 lần/phút, huyết áp 90/60 mmHg. Khám hậu môn bằng mỏ vịt phát hiện các tĩnh mạch giãn lớn ngoằn ngoèo, căng phồng dưới niêm mạc trực tràng thấp, đang rỉ máu, không có cuống hay búi rõ rệt lồi qua đường lược.",Thăm dò nào cần thiết nhất để đánh giá toàn diện tình trạng giãn mạch và cầm máu?,Nội soi thực quản dạ dày tá tràng.,Siêu âm Doppler mạch máu vùng chậu.,Chụp cắt lớp vi tính đa dãy mạch máu.,Nội soi trực tràng bằng ống mềm can thiệp.,,d,"Bệnh nhân đang xuất huyết tiêu hóa dưới có rối loạn huyết động, nội soi trực tràng (hoặc đại trực tràng) cấp cứu là tiêu chuẩn vàng để xác định chính xác vị trí tĩnh mạch vỡ và tiến hành can thiệp cầm máu trực tiếp."
noi-tri-case-17-4,noi,Trĩ,Tiêu hoá,"Bệnh nhân nam 58 tuổi, tiền sử xơ gan do rượu Child- Pugh B, nhập viện vì đi ngoài ra máu đỏ tươi số lượng lớn (khoảng 300 ml) không kèm phân. Bệnh nhân không đau bụng, không sốt. Khám toàn thân: da sạm, củng mạc mắt vàng, có sao mạch trước ngực, báng bụng lượng vừa. Mạch 105 lần/phút, huyết áp 90/60 mmHg. Khám hậu môn bằng mỏ vịt phát hiện các tĩnh mạch giãn lớn ngoằn ngoèo, căng phồng dưới niêm mạc trực tràng thấp, đang rỉ máu, không có cuống hay búi rõ rệt lồi qua đường lược.",Phương pháp cầm máu tại chỗ nào được ưu tiên thực hiện qua nội soi?,Phun bột cầm máu hóa học diện rộng.,Tiêm Epinephrine quanh tổn thương.,Đốt điện đông cao tần toàn bộ niêm mạc.,Khâu thắt tĩnh mạch bằng vòng cao su.,,d,"Tương tự như giãn tĩnh mạch thực quản, thắt tĩnh mạch trực tràng qua nội soi bằng vòng cao su (Endoscopic band ligation) là can thiệp cơ học hiệu quả và an toàn để kiểm soát chảy máu điểm do vỡ tĩnh mạch vùng trực tràng thấp."
noi-tri-case-17-5,noi,Trĩ,Tiêu hoá,"Bệnh nhân nam 58 tuổi, tiền sử xơ gan do rượu Child- Pugh B, nhập viện vì đi ngoài ra máu đỏ tươi số lượng lớn (khoảng 300 ml) không kèm phân. Bệnh nhân không đau bụng, không sốt. Khám toàn thân: da sạm, củng mạc mắt vàng, có sao mạch trước ngực, báng bụng lượng vừa. Mạch 105 lần/phút, huyết áp 90/60 mmHg. Khám hậu môn bằng mỏ vịt phát hiện các tĩnh mạch giãn lớn ngoằn ngoèo, căng phồng dưới niêm mạc trực tràng thấp, đang rỉ máu, không có cuống hay búi rõ rệt lồi qua đường lược.",Chống chỉ định can thiệp nào sau đây tuyệt đối cần tránh trên nền bệnh nhân này?,Phẫu thuật cắt bỏ mạng tĩnh mạch vùng hậu môn.,Truyền huyết tương tươi đông lạnh bù trừ.,Đặt đường truyền tĩnh mạch trung tâm.,Sử dụng thuốc giảm áp lực tĩnh mạch cửa.,,a,"Việc phẫu thuật cắt bỏ mạng lưới tĩnh mạch tại vùng hậu môn - trực tràng (tương tự như phẫu thuật trĩ kinh điển) là cực kỳ nguy hiểm, chống chỉ định tuyệt đối vì áp lực tĩnh mạch rất lớn sẽ gây xuất huyết ồ ạt không thể kiểm soát, đồng thời bệnh nhân xơ gan có rối loạn đông máu nặng."
noi-tri-case-18-1,noi,Trĩ,Tiêu hoá,"Bệnh nhân nữ 48 tuổi, nhân viên bán hàng, tiền sử trĩ nội độ II được chẩn đoán cách đây 1 năm. Bệnh nhân đã áp dụng chế độ ăn nhiều chất xơ, uống đủ nước và sử dụng thuốc trợ tĩnh mạch thành từng đợt nhưng búi trĩ vẫn sa ra ngoài khi đại tiện và tự co lên, thỉnh thoảng chảy máu đỏ tươi. Gần đây mức độ sa thường xuyên hơn và bệnh nhân cảm thấy khó chịu nhiều ảnh hưởng chất lượng sống. Khám: không có khối sưng đau cấp tính, niêm mạc bình thường. Xét nghiệm: Hemoglobin 115 g/L.",Đánh giá mức độ tổn thương của bệnh nhân ở thời điểm hiện tại?,Trĩ ngoại biến chứng chảy máu.,Trĩ nội phân độ II kháng trị.,Trĩ nội phân độ I.,Trĩ nội phân độ IV sa thường trực.,,b,"Bệnh nhân vẫn mô tả búi trĩ sa ra tự co lên được (độ II), nhưng triệu chứng chảy máu và sa gây khó chịu vẫn dai dẳng dù đã thực hiện điều trị nội khoa tích cực đúng tiêu chuẩn. Đây được coi là trĩ nội độ II thất bại với điều trị nội khoa (kháng trị). oc.aspx?sourcedoc={186352b6-90cf-40c9-ba19-ae84e248ef20}&action=vie… 9/11"
noi-tri-case-18-2,noi,Trĩ,Tiêu hoá,"Bệnh nhân nữ 48 tuổi, nhân viên bán hàng, tiền sử trĩ nội độ II được chẩn đoán cách đây 1 năm. Bệnh nhân đã áp dụng chế độ ăn nhiều chất xơ, uống đủ nước và sử dụng thuốc trợ tĩnh mạch thành từng đợt nhưng búi trĩ vẫn sa ra ngoài khi đại tiện và tự co lên, thỉnh thoảng chảy máu đỏ tươi. Gần đây mức độ sa thường xuyên hơn và bệnh nhân cảm thấy khó chịu nhiều ảnh hưởng chất lượng sống. Khám: không có khối sưng đau cấp tính, niêm mạc bình thường. Xét nghiệm: Hemoglobin 115 g/L.",Cấu trúc vi thể chính tạo nên búi tĩnh mạch trĩ là gì?,Đám rối tĩnh mạch dưới niêm mạc. https://onedrive.live.com/personal/2672550e42ddc7d4/_layouts/15/,Mạng lưới mao mạch bạch huyết.,Các xoang động mạch cơ trơn.,Tổ chức hạch lympho mạn tính.,,a,"Về mặt bản chất vi thể, búi trĩ không chỉ là tĩnh mạch đơn thuần mà là một lớp đệm mạch máu chứa hệ thống các đám rối tĩnh mạch dưới niêm mạc và các cầu nối động - tĩnh mạch dồi dào mạch máu."
noi-tri-case-18-3,noi,Trĩ,Tiêu hoá,"Bệnh nhân nữ 48 tuổi, nhân viên bán hàng, tiền sử trĩ nội độ II được chẩn đoán cách đây 1 năm. Bệnh nhân đã áp dụng chế độ ăn nhiều chất xơ, uống đủ nước và sử dụng thuốc trợ tĩnh mạch thành từng đợt nhưng búi trĩ vẫn sa ra ngoài khi đại tiện và tự co lên, thỉnh thoảng chảy máu đỏ tươi. Gần đây mức độ sa thường xuyên hơn và bệnh nhân cảm thấy khó chịu nhiều ảnh hưởng chất lượng sống. Khám: không có khối sưng đau cấp tính, niêm mạc bình thường. Xét nghiệm: Hemoglobin 115 g/L.",Cận lâm sàng nào giúp xác định chính xác số lượng và vị trí búi trĩ?,Soi hậu môn trực tràng ống cứng.,Siêu âm ổ bụng qua thành bụng.,Chụp X-quang đại tràng cản quang.,Xét nghiệm máu vi thể trong phân.,,a,"Soi hậu môn trực tràng ống cứng (Anoscopy) là công cụ quan trọng, rẻ tiền nhất để nhìn trực tiếp niêm mạc ống hậu môn, xác định vị trí các búi trĩ nội (thường ở múi giờ 3, 7, 11) và tình trạng viêm rỉ máu."
noi-tri-case-18-4,noi,Trĩ,Tiêu hoá,"Bệnh nhân nữ 48 tuổi, nhân viên bán hàng, tiền sử trĩ nội độ II được chẩn đoán cách đây 1 năm. Bệnh nhân đã áp dụng chế độ ăn nhiều chất xơ, uống đủ nước và sử dụng thuốc trợ tĩnh mạch thành từng đợt nhưng búi trĩ vẫn sa ra ngoài khi đại tiện và tự co lên, thỉnh thoảng chảy máu đỏ tươi. Gần đây mức độ sa thường xuyên hơn và bệnh nhân cảm thấy khó chịu nhiều ảnh hưởng chất lượng sống. Khám: không có khối sưng đau cấp tính, niêm mạc bình thường. Xét nghiệm: Hemoglobin 115 g/L.",Can thiệp xâm lấn tối thiểu nào là lựa chọn phù hợp nhất tiếp theo?,Tiêm corticoid tác dụng kéo dài.,Cắt bỏ toàn bộ đại tràng chậu hông.,Mở thông hồi tràng ra da tạm thời.,Thắt búi trĩ bằng vòng cao su.,,d,"Khi trĩ nội độ II kháng trị nội khoa và ảnh hưởng chất lượng sống, chỉ định bước tiếp theo là thủ thuật xâm lấn tối thiểu, trong đó thắt bằng vòng cao su là lựa chọn hàng đầu và phổ biến."
noi-tri-case-18-5,noi,Trĩ,Tiêu hoá,"Bệnh nhân nữ 48 tuổi, nhân viên bán hàng, tiền sử trĩ nội độ II được chẩn đoán cách đây 1 năm. Bệnh nhân đã áp dụng chế độ ăn nhiều chất xơ, uống đủ nước và sử dụng thuốc trợ tĩnh mạch thành từng đợt nhưng búi trĩ vẫn sa ra ngoài khi đại tiện và tự co lên, thỉnh thoảng chảy máu đỏ tươi. Gần đây mức độ sa thường xuyên hơn và bệnh nhân cảm thấy khó chịu nhiều ảnh hưởng chất lượng sống. Khám: không có khối sưng đau cấp tính, niêm mạc bình thường. Xét nghiệm: Hemoglobin 115 g/L.",Đặc điểm nào là ưu điểm chính của phương pháp can thiệp thủ thuật so với phẫu thuật kinh điển?,Không gây đau đớn do vùng can thiệp vô cảm.,Mở rộng được đường kính ống hậu môn.,Phòng ngừa hoàn toàn ung thư biểu mô trực tràng.,Cắt bỏ triệt để mọi nguyên nhân gây táo bón.,,a,"Thủ thuật thắt vòng thun áp dụng đối với búi trĩ nội nằm phía trên đường lược. Vùng biểu mô trụ này chỉ nhận phân bố từ thần kinh tạng (thần kinh tự chủ), không có thụ thể đau cảm giác nông, nên ưu điểm lớn nhất là thực hiện không gây đau đớn, bệnh nhân có thể ra về ngay trong ngày."
noi-tri-case-19-1,noi,Trĩ,Tiêu hoá,"Bệnh nhân nữ 65 tuổi, có 4 người con, đến khám vì thấy khối lòi ra ở hậu môn, ban đầu chỉ xuất hiện khi đi tiêu, nay lòi ra liên tục khi đi lại. Bệnh nhân hay bị són tiểu khi ho. Khám hậu môn: thấy một khối màu đỏ sẫm lồi ra ngoài hình vòng cung tròn, có các nếp niêm mạc đồng tâm, rỉ dịch nhầy. Không thấy các búi tĩnh mạch riêng biệt màu xanh tím lồi thành đám. Khám vùng chậu có biểu hiện sa thành trước âm đạo nhẹ.",Chẩn đoán phân biệt nào cần được đặt ra hàng đầu với bệnh lý trĩ nội sa?,Khối u hắc tố hậu môn ác tính.,Sa trực tràng qua đường hậu môn.,Polyp tuyến ống trực tràng có cuống.,Viêm quanh lỗ rò hậu môn mạn tính.,,b,"Bệnh nhân nữ lớn tuổi, có nhiều lần sinh đẻ, xuất hiện khối lòi lọt ra ở hậu môn, rỉ dịch nhầy. Bệnh cảnh này cần phân biệt chẩn đoán sắc bén giữa trĩ nội độ IV và sa trực tràng toàn bộ (Rectal prolapse), do hướng xử trí hoàn toàn khác nhau."
noi-tri-case-19-2,noi,Trĩ,Tiêu hoá,"Bệnh nhân nữ 65 tuổi, có 4 người con, đến khám vì thấy khối lòi ra ở hậu môn, ban đầu chỉ xuất hiện khi đi tiêu, nay lòi ra liên tục khi đi lại. Bệnh nhân hay bị són tiểu khi ho. Khám hậu môn: thấy một khối màu đỏ sẫm lồi ra ngoài hình vòng cung tròn, có các nếp niêm mạc đồng tâm, rỉ dịch nhầy. Không thấy các búi tĩnh mạch riêng biệt màu xanh tím lồi thành đám. Khám vùng chậu có biểu hiện sa thành trước âm đạo nhẹ.","Dấu hiệu thực thể ""các nếp niêm mạc đồng tâm"" đặc trưng cho tình trạng nào?",Phì đại nhú hậu môn dưới đường lược.,Giãn nở đám rối tĩnh mạch trĩ ngoài.,Sự sa xuống của toàn bộ thành trực tràng.,Tổn thương viêm loét đại tràng chảy máu.,,c,"Hình ảnh ""các nếp niêm mạc xếp vòng tròn đồng tâm"" quanh trục hậu môn là tiêu chuẩn lâm sàng đặc trưng phân biệt sa trực tràng toàn bộ với trĩ sa (trĩ sa có các nếp dọc chạy theo các múi riêng biệt)."
noi-tri-case-19-3,noi,Trĩ,Tiêu hoá,"Bệnh nhân nữ 65 tuổi, có 4 người con, đến khám vì thấy khối lòi ra ở hậu môn, ban đầu chỉ xuất hiện khi đi tiêu, nay lòi ra liên tục khi đi lại. Bệnh nhân hay bị són tiểu khi ho. Khám hậu môn: thấy một khối màu đỏ sẫm lồi ra ngoài hình vòng cung tròn, có các nếp niêm mạc đồng tâm, rỉ dịch nhầy. Không thấy các búi tĩnh mạch riêng biệt màu xanh tím lồi thành đám. Khám vùng chậu có biểu hiện sa thành trước âm đạo nhẹ.",Thăm dò chức năng nào hữu ích để đánh giá tổng thể hệ thống cơ nâng đỡ vùng chậu?,Nội soi thực quản dạ dày tá tràng toàn bộ.,Đo áp lực hậu môn trực tràng độ phân giải cao.,Xét nghiệm sinh hóa men gan và bilirubin.,Chụp cắt lớp vi tính bụng có tiêm cản quang.,,b,Bệnh nhân sa trực tràng kèm són tiểu khi ho gợi ý hội chứng sa sàn chậu (Pelvic organ prolapse). Đo áp lực hậu môn trực tràng là thăm dò chức năng cần thiết để đánh giá sức co thắt cơ vòng hậu môn và chẩn đoán mức độ suy yếu cơ chậu trước can thiệp.
noi-tri-case-19-4,noi,Trĩ,Tiêu hoá,"Bệnh nhân nữ 65 tuổi, có 4 người con, đến khám vì thấy khối lòi ra ở hậu môn, ban đầu chỉ xuất hiện khi đi tiêu, nay lòi ra liên tục khi đi lại. Bệnh nhân hay bị són tiểu khi ho. Khám hậu môn: thấy một khối màu đỏ sẫm lồi ra ngoài hình vòng cung tròn, có các nếp niêm mạc đồng tâm, rỉ dịch nhầy. Không thấy các búi tĩnh mạch riêng biệt màu xanh tím lồi thành đám. Khám vùng chậu có biểu hiện sa thành trước âm đạo nhẹ.","Nếu được chẩn đoán xác định là sa trực tràng toàn bộ, hướng giải quyết tối ưu là gì?",Điều trị nội khoa bảo tồn suốt đời.,Can thiệp phẫu thuật cố định trực tràng.,Thắt vòng cao su tại phòng khám ngoại trú.,Tiêm xơ hóa vào các nếp niêm mạc sa.,,b,"Khác với trĩ có thể thắt dây thun hay bảo tồn, sa trực tràng toàn bộ ở người trưởng thành không thể tự khỏi, điều trị triệt để bắt buộc phải thông qua phẫu thuật cố định trực tràng (Rectopexy) qua đường bụng hoặc đường đáy chậu."
noi-tri-case-19-5,noi,Trĩ,Tiêu hoá,"Bệnh nhân nữ 65 tuổi, có 4 người con, đến khám vì thấy khối lòi ra ở hậu môn, ban đầu chỉ xuất hiện khi đi tiêu, nay lòi ra liên tục khi đi lại. Bệnh nhân hay bị són tiểu khi ho. Khám hậu môn: thấy một khối màu đỏ sẫm lồi ra ngoài hình vòng cung tròn, có các nếp niêm mạc đồng tâm, rỉ dịch nhầy. Không thấy các búi tĩnh mạch riêng biệt màu xanh tím lồi thành đám. Khám vùng chậu có biểu hiện sa thành trước âm đạo nhẹ.",Biến chứng nào ít liên quan nhất đến tình trạng yếu cơ sàn chậu ở bệnh nhân này?,Trĩ ngoại tắc mạch do huyết khối.,Đại tiện mất tự chủ phân mạn tính.,Tiểu không tự chủ khi gắng sức.,Sa tạng sinh dục đường âm đạo.,,a,"Yếu cơ sàn chậu dẫn đến sự tụt xuống của các tạng chậu, gây són tiểu, sa âm đạo, đại tiện không tự chủ. Trĩ ngoại tắc mạch là biến chứng của rối loạn vi tuần hoàn tĩnh mạch sau rặn mạnh, không phải hệ quả trực tiếp của yếu màng nâng đỡ cơ sàn chậu."
noi-tri-case-20-1,noi,Trĩ,Tiêu hoá,"Bệnh nhân nam 42 tuổi, thợ mộc, đến khám do đi ngoài phân cứng, phải rặn nhiều và thấy máu lốm đốm đỏ tươi trên giấy vệ sinh khoảng 2 tuần nay. Đôi khi có cảm giác cộm nhẹ ở hậu môn nhưng không sa khối gì ra ngoài. Tiền sử khỏe mạnh. Sinh hiệu bình thường. Thăm khám hậu môn không thấy bất thường ở rìa hậu môn. Soi hậu môn ống cứng phát hiện 2 búi tĩnh mạch lồi nhẹ ở vị trí 3 giờ và 11 giờ trên đường lược, niêm mạc trơn láng, không viêm loét.",Chẩn đoán phân độ bệnh lý nào là chính xác nhất?,Trĩ nội phân độ I chảy máu.,Trĩ nội phân độ II nghẹt cấp.,Trĩ nội phân độ III viêm tấy.,Trĩ ngoại không có biến chứng.,,a,Có búi tĩnh mạch cương to rỉ máu nằm lồi phía trên đường lược nhưng chưa hề sa lọt ra ngoài ống hậu môn là tiêu chuẩn lâm sàng của trĩ nội độ I.
noi-tri-case-20-2,noi,Trĩ,Tiêu hoá,"Bệnh nhân nam 42 tuổi, thợ mộc, đến khám do đi ngoài phân cứng, phải rặn nhiều và thấy máu lốm đốm đỏ tươi trên giấy vệ sinh khoảng 2 tuần nay. Đôi khi có cảm giác cộm nhẹ ở hậu môn nhưng không sa khối gì ra ngoài. Tiền sử khỏe mạnh. Sinh hiệu bình thường. Thăm khám hậu môn không thấy bất thường ở rìa hậu môn. Soi hậu môn ống cứng phát hiện 2 búi tĩnh mạch lồi nhẹ ở vị trí 3 giờ và 11 giờ trên đường lược, niêm mạc trơn láng, không viêm loét.",Ranh giới giải phẫu nào dùng để phân biệt hai loại búi tĩnh mạch ở vùng này?,Van trực tràng ngang Houston.,Đường lược (đường răng cưa).,Lớp cơ dọc thành trực tràng.,Cơ thắt ngoài ống hậu môn.,,b,"Đường lược (Dentate line) là mốc giải phẫu nội soi quan trọng. Các búi tĩnh mạch xuất phát phía trên đường này là trĩ nội (được lợp bởi niêm mạc trực tràng), xuất phát phía dưới đường này là trĩ ngoại (được lợp bởi da hay anoderm). oc.aspx?sourcedoc={186352b6-90cf-40c9-ba19-ae84e248ef20}&action=vi… 10/11"
noi-tri-case-20-3,noi,Trĩ,Tiêu hoá,"Bệnh nhân nam 42 tuổi, thợ mộc, đến khám do đi ngoài phân cứng, phải rặn nhiều và thấy máu lốm đốm đỏ tươi trên giấy vệ sinh khoảng 2 tuần nay. Đôi khi có cảm giác cộm nhẹ ở hậu môn nhưng không sa khối gì ra ngoài. Tiền sử khỏe mạnh. Sinh hiệu bình thường. Thăm khám hậu môn không thấy bất thường ở rìa hậu môn. Soi hậu môn ống cứng phát hiện 2 búi tĩnh mạch lồi nhẹ ở vị trí 3 giờ và 11 giờ trên đường lược, niêm mạc trơn láng, không viêm loét.","Ở bệnh nhân chưa có nguy cơ ung thư cao, thăm dò nào đã đủ để đưa ra chẩn đoán xác định? https://onedrive.live.com/personal/2672550e42ddc7d4/_layouts/15/",Nội soi đại tràng toàn bộ ống mềm.,Soi hậu môn trực tràng ống cứng.,Chụp cộng hưởng từ tiểu khung.,Đo vận tốc dẫn truyền dây thần kinh thẹn.,,b,"Bệnh nhân trẻ tuổi, không có tiền sử gia đình bất thường hay báo động sụt cân, việc soi hậu môn ống cứng ngay tại phòng khám là phương pháp khảo sát nhanh gọn, chính xác và đủ để chẩn đoán xác định bệnh lý trĩ nội, không nhất thiết nội soi toàn bộ ở lần tiếp cận đầu."
noi-tri-case-20-4,noi,Trĩ,Tiêu hoá,"Bệnh nhân nam 42 tuổi, thợ mộc, đến khám do đi ngoài phân cứng, phải rặn nhiều và thấy máu lốm đốm đỏ tươi trên giấy vệ sinh khoảng 2 tuần nay. Đôi khi có cảm giác cộm nhẹ ở hậu môn nhưng không sa khối gì ra ngoài. Tiền sử khỏe mạnh. Sinh hiệu bình thường. Thăm khám hậu môn không thấy bất thường ở rìa hậu môn. Soi hậu môn ống cứng phát hiện 2 búi tĩnh mạch lồi nhẹ ở vị trí 3 giờ và 11 giờ trên đường lược, niêm mạc trơn láng, không viêm loét.",Lời khuyên về chế độ dinh dưỡng nào đóng vai trò cốt lõi trong quản lý bệnh?,Hạn chế hoàn toàn các loại trái cây tươi.,Tăng lượng đạm động vật và chất béo.,Chuyển sang chế độ ăn hoàn toàn lỏng.,Uống đủ 2-3 lít nước và ăn nhiều chất xơ.,,d,"Táo bón, phân cứng buộc rặn nhiều là căn nguyên cốt lõi gây kích ứng đám rối tĩnh mạch trực tràng. Bổ sung chất xơ và nước đầy đủ là phương pháp thay đổi dinh dưỡng rẻ tiền nhưng là chìa khóa then chốt ngăn trĩ tiến triển."
noi-tri-case-20-5,noi,Trĩ,Tiêu hoá,"Bệnh nhân nam 42 tuổi, thợ mộc, đến khám do đi ngoài phân cứng, phải rặn nhiều và thấy máu lốm đốm đỏ tươi trên giấy vệ sinh khoảng 2 tuần nay. Đôi khi có cảm giác cộm nhẹ ở hậu môn nhưng không sa khối gì ra ngoài. Tiền sử khỏe mạnh. Sinh hiệu bình thường. Thăm khám hậu môn không thấy bất thường ở rìa hậu môn. Soi hậu môn ống cứng phát hiện 2 búi tĩnh mạch lồi nhẹ ở vị trí 3 giờ và 11 giờ trên đường lược, niêm mạc trơn láng, không viêm loét.",Thuốc đặt hậu môn tại chỗ thường chứa thành phần nào giúp giảm triệu chứng cấp?,Thuốc ức chế thụ thể sinh hoc TNF-alpha.,Enzyme phân giải protein hoại tử mô.,Kháng sinh diệt vi khuẩn kỵ khí mạnh.,Các chất corticoid và thuốc tê tại chỗ.,,d,"Điều trị triệu chứng đợt bùng phát trĩ ngoài thuốc uống trợ tĩnh mạch, các thuốc viên đặt hậu môn hoặc thuốc mỡ bôi tại chỗ thường phối hợp Corticoid (nhằm giảm hiện tượng viêm nề) và thuốc gây tê tại chỗ như Lidocaine (giảm rát, giảm cảm giác cộm). oc.aspx?sourcedoc={186352b6-90cf-40c9-ba19-ae84e248ef20}&action=vi… 11/11"
