id,subject,chapter,group,case_stem,question,option_a,option_b,option_c,option_d,option_e,correct_answer,explanation
noi-viem-gan-man-mcq-001,noi,Viêm gan mạn,Tiêu hoá,,Thời gian tối thiểu để chẩn đoán một tình trạng tổn thương gan do virus là viêm gan mạn tính kéo dài bao lâu?,3 tháng,6 tháng,9 tháng,12 tháng,,b,Viêm gan mạn tính được định nghĩa là tình trạng tổn thương hoại tử và viêm tại gan kéo dài trên 6 tháng. Nguồn: Bệnh học nội khoa YHN.
noi-viem-gan-man-mcq-002,noi,Viêm gan mạn,Tiêu hoá,,"Ở người trưởng thành có hệ miễn dịch bình thường, tỷ lệ nhiễm virus viêm gan C (HCV) cấp tính chuyển thành mạn tính khoảng bao nhiêu?",5 - 10%,20 - 30%,50 - 60%,70 - 80%,,d,"Khác với viêm gan B ở người lớn, HCV có tỷ lệ chuyển mạn tính rất cao (70-80%) do khả năng né tránh miễn dịch. Nguồn: Guideline AASLD."
noi-viem-gan-man-mcq-003,noi,Viêm gan mạn,Tiêu hoá,,Đường lây truyền chính của virus viêm gan B (HBV) tại các khu vực dịch tễ lưu hành cao như Việt Nam là gì?,Qua đường tình dục,Mẹ truyền sang con,Qua đường truyền máu,Qua dùng chung kim tiêm,,b,"Ở các vùng dịch tễ cao, lây truyền chu sinh (từ mẹ sang con lúc sinh) là nguyên nhân chủ yếu khiến tỷ lệ mang virus mạn tính trong cộng đồng cao. Nguồn: Bệnh học nội khoa YHN."
noi-viem-gan-man-mcq-004,noi,Viêm gan mạn,Tiêu hoá,,Đặc điểm cấu trúc nhân di truyền nào sau đây đúng với virus viêm gan B (HBV)?,RNA sợi đơn,RNA sợi kép,DNA sợi kép không hoàn toàn,DNA sợi đơn,,c,"HBV thuộc họ Hepadnaviridae, là một virus chứa DNA sợi kép không khép kín (không hoàn toàn). Đây là ""bẫy kinh điển"" khi sinh viên nhầm với các virus viêm gan RNA khác."
noi-viem-gan-man-mcq-005,noi,Viêm gan mạn,Tiêu hoá,,Trẻ sơ sinh bị lây nhiễm HBV từ mẹ có nguy cơ tiến triển thành viêm gan B mạn tính là bao nhiêu?,Dưới 5%,20 - 30%,50 - 60%,Trên 90%,,d,"Tuổi mắc bệnh càng nhỏ, tỷ lệ chuyển thành mạn tính càng cao do hệ miễn dịch chưa hoàn thiện. Trẻ sơ sinh có nguy cơ >90%. Nguồn: Bệnh học nội khoa YHN."
noi-viem-gan-man-mcq-006,noi,Viêm gan mạn,Tiêu hoá,,Virus viêm gan C (HCV) thuộc họ virus nào sau đây?,Hepadnaviridae,Flaviviridae,Picornaviridae,Caliciviridae,,b,HCV là virus RNA sợi đơn mang vỏ bọc thuộc họ Flaviviridae. Phân biệt với HAV (Picornaviridae) và HBV (Hepadnaviridae).
noi-viem-gan-man-mcq-007,noi,Viêm gan mạn,Tiêu hoá,,Cơ chế chủ yếu gây tổn thương tế bào gan trong bệnh viêm gan B mạn tính là gì?,Virus trực tiếp phá hủy tế bào gan,Độc tố của virus làm ly giải màng tế bào,Đáp ứng miễn dịch tế bào của cơ thể chống lại virus,Sự lắng đọng phức hợp miễn dịch tại xoang gan,,c,Bản thân HBV không gây độc trực tiếp cho tế bào. Tổn thương gan chủ yếu do tế bào T độc (CD8+) tiêu diệt các tế bào gan bị nhiễm virus. Nguồn: Bệnh học nội khoa YHN.
noi-viem-gan-man-mcq-008,noi,Viêm gan mạn,Tiêu hoá,,Giai đoạn dung nạp miễn dịch trong nhiễm HBV mạn tính có đặc điểm nào sau đây?,"HBeAg âm tính, HBV DNA rất cao, ALT bình thường","HBeAg dương tính, HBV DNA rất cao, ALT bình thường","HBeAg dương tính, HBV DNA thấp, ALT tăng cao","HBeAg âm tính, HBV DNA thấp, ALT bình thường",,b,"Giai đoạn dung nạp miễn dịch thường gặp ở người trẻ nhiễm từ sơ sinh. Virus nhân lên mạnh (HBeAg+, DNA cao) nhưng cơ thể chưa nhận diện để tấn công nên gan không viêm (ALT bình thường)."
noi-viem-gan-man-mcq-009,noi,Viêm gan mạn,Tiêu hoá,,Hiện tượng hoại tử tế bào gan xảy ra mạnh nhất vào giai đoạn nào của quá trình nhiễm HBV mạn tính?,Dung nạp miễn dịch,Thải trừ miễn dịch,Mang virus không hoạt động,Khỏi bệnh,,b,"Giai đoạn thải trừ miễn dịch (hay viêm gan B mạn HBeAg dương) là lúc hệ miễn dịch hoạt động tấn công tế bào gan nhiễm virus, làm ALT tăng cao và hoại tử tế bào."
noi-viem-gan-man-mcq-010,noi,Viêm gan mạn,Tiêu hoá,,Dạng cấu trúc nào của HBV tồn tại trong nhân tế bào gan như một nhiễm sắc thể thu nhỏ và là khuôn mẫu để virus sao chép kéo dài?,RNA thông tin,DNA polymerase,HBsAg,cccDNA,,d,cccDNA (covalently closed circular DNA) tồn tại rất bền vững trong nhân tế bào gan. Đây là lý do chính khiến các thuốc kháng virus hiện nay khó loại bỏ hoàn toàn HBV.
noi-viem-gan-man-mcq-011,noi,Viêm gan mạn,Tiêu hoá,,Yếu tố nào sau đây là cơ chế chính giúp HCV dễ dàng né tránh hệ miễn dịch và gây nhiễm trùng mạn tính?,Tạo ra vỏ nang dày kháng lại kháng thể,Khả năng tích hợp vào bộ gen của tế bào chủ,Đột biến liên tục do men RNA polymerase không có tính sửa sai,Ức chế trực tiếp quá trình sản sinh bạch cầu T,,c,"Men RNA polymerase phụ thuộc RNA của HCV không có khả năng tự sửa chữa lỗi sao chép (proofreading), dẫn đến sinh ra nhiều biến chủng (quasispecies) giúp né tránh miễn dịch."
noi-viem-gan-man-mcq-012,noi,Viêm gan mạn,Tiêu hoá,,Bệnh nhân viêm gan B mạn có tải lượng HBV DNA cao nhưng HBeAg âm tính. Cơ chế cốt lõi gây ra tình trạng này là gì?,Cơ thể đã dung nạp hoàn toàn với virus,Đột biến vùng precore/core promoter của virus,Đã xảy ra hiện tượng chuyển đổi huyết thanh an toàn,Sự can thiệp của kháng thể mẹ truyền sang,,b,"Đột biến precore hoặc basal core promoter ngăn cản tổng hợp HBeAg dù virus (HBV DNA) vẫn đang nhân lên mạnh mẽ. Đây là ""bẫy kinh điển"" về thể viêm gan B mạn HBeAg âm tính."
noi-viem-gan-man-mcq-013,noi,Viêm gan mạn,Tiêu hoá,,Cơ chế chính xác yếu gây ra bệnh cảnh ung thư biểu mô tế bào gan (HCC) ở bệnh nhân nhiễm HBV ngay cả khi chưa có xơ gan là gì?,HBV DNA tích hợp vào hệ gen của tế bào gan chủ,Tác động của phức hợp miễn dịch lưu hành,Đột biến mất chức năng của tế bào Kupffer,Rối loạn chuyển hóa đồng trong gan,,a,"Khác với HCV, HBV là một virus DNA có khả năng tích hợp trực tiếp vào bộ gen của túc chủ, gây đột biến sinh ung thư. Do đó HBV có thể gây HCC khi chưa có xơ gan."
noi-viem-gan-man-mcq-014,noi,Viêm gan mạn,Tiêu hoá,,Đặc điểm mô bệnh học kinh điển nào sau đây là dấu ấn nhận biết tình trạng viêm gan mạn đang hoạt động?,Hoại tử vùng trung tâm tiểu thùy,Hoại tử mối gặm quanh khoảng cửa,Lắng đọng mỡ hạt lớn trong bào tương,Phì đại tế bào hình sao,,b,"Hoại tử mối gặm (piecemeal necrosis) là tổn thương phá vỡ tấm giới hạn quanh khoảng cửa, đặc trưng cho viêm gan mạn hoạt động. Nguồn: Bệnh học nội khoa YHN."
noi-viem-gan-man-mcq-015,noi,Viêm gan mạn,Tiêu hoá,,Triệu chứng lâm sàng phổ biến nhất ở bệnh nhân viêm gan mạn tính (B hoặc C) chưa có biến chứng xơ gan là gì?,"Vàng da, vàng mắt dai dẳng",Đau quặn hạ sườn phải,Không có triệu chứng hoặc chỉ mệt mỏi nhẹ,Cổ trướng và phù hai chi dưới,,c,"Phần lớn bệnh nhân viêm gan B, C mạn tiến triển âm thầm không có triệu chứng lâm sàng rõ rệt, hoặc chỉ có cảm giác mệt mỏi không đặc hiệu. Đây là lý do bệnh thường được phát hiện muộn."
noi-viem-gan-man-mcq-016,noi,Viêm gan mạn,Tiêu hoá,,Biểu hiện ngoài gan nào sau đây liên quan chặt chẽ nhất với nhiễm viêm gan C mạn tính (HCV)?,Viêm nút quanh động mạch,Hội chứng cryoglobulin máu hỗn hợp,Viêm cột sống dính khớp,Viêm da cơ,,b,"Hội chứng cryoglobulin máu (Mixed cryoglobulinemia) là biểu hiện ngoài gan kinh điển và phổ biến nhất của viêm gan C. ""Bẫy"" hay gặp là nhầm với viêm nút quanh động mạch (thường gặp ở HBV)."
noi-viem-gan-man-mcq-017,noi,Viêm gan mạn,Tiêu hoá,,Biểu hiện ngoài gan nào sau đây đặc trưng thường gặp ở bệnh nhân viêm gan B mạn tính (HBV) hơn so với HCV?,Viêm cầu thận màng tăng sinh,Viêm nút quanh động mạch,Rối loạn chuyển hóa porphyrin biểu hiện da chậm,Viêm tuyến giáp Hashimoto,,b,Viêm nút quanh động mạch (Polyarteritis nodosa - PAN) có liên quan đến viêm gan B mạn do lắng đọng phức hợp miễn dịch HBsAg.
noi-viem-gan-man-mcq-018,noi,Viêm gan mạn,Tiêu hoá,,"Một bệnh nhân nam 45 tuổi bị viêm gan B mạn tính, đợt này vào viện vì vàng da rầm rộ, mệt mỏi nhiều. Xét nghiệm nào sau đây giúp phân biệt đây là đợt bùng phát của viêm gan B mạn hay một viêm gan B cấp tính?",HBsAg,HBeAg,Anti-HBc IgM,HBV DNA,,c,Anti-HBc IgM xuất hiện nồng độ cao trong viêm gan B cấp tính và thường âm tính hoặc dương tính với hiệu giá rất thấp trong đợt cấp của viêm gan B mạn. Nguồn: Bệnh học nội khoa YHN.
noi-viem-gan-man-mcq-019,noi,Viêm gan mạn,Tiêu hoá,,Triệu chứng thực thể nào sau đây khi khám lâm sàng trên bệnh nhân viêm gan mạn gợi ý bệnh đã tiến triển sang giai đoạn xơ gan?,"Gan to dưới bờ sườn, ấn tức nhẹ",Dấu sao mạch trên ngực,"Da khô, bong vảy",Rung giật nhãn cầu,,b,"Sao mạch (spider angioma) và lòng bàn tay son là các dấu hiệu của hội chứng suy tế bào gan ở giai đoạn xơ gan, không có ở viêm gan mạn đơn thuần chưa xơ."
noi-viem-gan-man-mcq-020,noi,Viêm gan mạn,Tiêu hoá,,Tổn thương da nào sau đây là biểu hiện ngoài gan đặc trưng có liên quan mật thiết với nhiễm virus viêm gan C?,Ban cánh bướm ở mặt,Hồng ban đa dạng,Rối loạn chuyển hóa porphyrin da ban trễ,Viêm da cơ địa,,c,Rối loạn chuyển hóa porphyrin da ban trễ (Porphyria cutanea tarda) có bóng nước trên da khi tiếp xúc ánh sáng là biểu hiện kinh điển liên quan đến HCV.
noi-viem-gan-man-mcq-021,noi,Viêm gan mạn,Tiêu hoá,,Đặc điểm đau khớp/viêm khớp liên quan đến viêm gan virus mạn tính thường có tính chất nào?,Viêm đơn khớp lớn có tính chất di chuyển,"Đau đa khớp đối xứng, không gây biến dạng khớp",Viêm khớp kèm hủy xương rõ rệt trên X-quang,Cứng khớp buổi sáng kéo dài trên 1 giờ,,b,"Bệnh lý khớp do virus (B, C) thường là đau/viêm đa khớp nhỏ và nhỡ, đối xứng, không phá hủy sụn khớp và không gây biến dạng khớp."
noi-viem-gan-man-mcq-022,noi,Viêm gan mạn,Tiêu hoá,,Tổn thương cầu thận nào sau đây thường gặp nhất ở bệnh nhân viêm gan B mạn tính có biểu hiện hội chứng thận hư?,Viêm cầu thận màng,Viêm cầu thận màng tăng sinh,Viêm cầu thận tổn thương tối thiểu,Viêm cầu thận liềm,,a,"Viêm cầu thận màng (Membranous nephropathy) là tổn thương thận phổ biến nhất do HBV. Trong khi đó, HCV thường gây viêm cầu thận màng tăng sinh (Membranoproliferative)."
noi-viem-gan-man-mcq-023,noi,Viêm gan mạn,Tiêu hoá,,"Bệnh nhân có tiền sử viêm gan B mạn, hiện xét nghiệm HBsAg (+), HBeAg (-), Anti-HBe (+), HBV DNA < 2000 IU/mL, men gan ALT bình thường ổn định kéo dài. Thuật ngữ đúng nhất hiện nay để gọi giai đoạn này là gì?",Viêm gan B mạn HBeAg âm tính,Nhiễm HBV mạn tính có HBeAg âm tính,Viêm gan B cấp hồi phục,Viêm gan B mạn tính hoạt động,,b,"Theo danh pháp mới (EASL), trạng thái mang virus không hoạt động (HBsAg+, HBeAg-, tải lượng thấp, ALT bình thường) được gọi là Nhiễm HBV mạn có HBeAg âm tính (trước đây gọi là người lành mang trùng)."
noi-viem-gan-man-mcq-024,noi,Viêm gan mạn,Tiêu hoá,,"Trong theo dõi viêm gan C mạn tính, tình trạng mệt mỏi mạn tính có đặc điểm nào sau đây?",Luôn tỷ lệ thuận với mức độ tăng men gan ALT,Thường hết hoàn toàn ngay khi sử dụng thuốc bảo vệ tế bào gan,Có thể không tương xứng với mức độ tổn thương mô học tại gan,Là dấu hiệu chắc chắn của ung thư gan đang tiến triển,,c,"Nhiều bệnh nhân viêm gan C mạn than phiền mệt mỏi và suy giảm chất lượng cuộc sống nặng nề, dù men gan bình thường và mức độ xơ hóa gan chưa nhiều."
noi-viem-gan-man-mcq-025,noi,Viêm gan mạn,Tiêu hoá,,Sự hiện diện của HBeAg trong huyết thanh bệnh nhân viêm gan B mạn tính mang ý nghĩa lâm sàng gì quan trọng nhất?,Khẳng định bệnh nhân bị xơ gan,Phản ánh virus đang nhân lên mạnh và tính lây nhiễm cao,Dấu hiệu chắc chắn bệnh nhân đã chuyển dạng ung thư,Báo hiệu cơ thể đã hình thành miễn dịch bảo vệ,,b,"HBeAg là một protein hòa tan, là dấu ấn cho thấy sự sao chép tích cực của virus và phản ánh mức độ lây nhiễm cao trong cộng đồng."
noi-viem-gan-man-mcq-026,noi,Viêm gan mạn,Tiêu hoá,,Sự xuất hiện của lách to ở bệnh nhân viêm gan mạn tính kéo dài (B hoặc C) có ý nghĩa chẩn đoán nào sau đây?,Tổn thương đa cơ quan do virus tự miễn,Bệnh đã chuyển sang giai đoạn có tăng áp lực tĩnh mạch cửa,Bệnh nhân có kèm theo rối loạn máu ác tính,Tác dụng phụ của quá trình điều trị kháng virus,,b,"Lách to là một trong những dấu hiệu lâm sàng sớm và đáng tin cậy gợi ý tình trạng tăng áp tĩnh mạch cửa, cho thấy viêm gan mạn đã chuyển sang xơ gan."
noi-viem-gan-man-mcq-027,noi,Viêm gan mạn,Tiêu hoá,,Xét nghiệm nào sau đây được sử dụng đầu tay để tầm soát (sàng lọc) nhiễm virus viêm gan C trong cộng đồng?,Đo hoạt độ men gan AST/ALT,Định lượng HCV RNA,Kháng thể Anti-HCV,Siêu âm đàn hồi mô gan,,c,"Anti-HCV là xét nghiệm kháng thể có độ nhạy cao dùng để tầm soát. Nếu Anti-HCV dương tính, mới cần làm thêm HCV RNA để khẳng định tình trạng nhiễm đang hoạt động."
noi-viem-gan-man-mcq-028,noi,Viêm gan mạn,Tiêu hoá,,Bệnh nhân có kết quả Anti-HCV dương tính. Xét nghiệm nào tiếp theo BẮT BUỘC phải làm để chẩn đoán xác định bệnh nhân đang mắc viêm gan C?,Genotype HCV,HCV RNA,HBsAg,Sinh thiết gan,,b,"Anti-HCV dương tính chỉ chứng tỏ đã từng tiếp xúc với virus (khoảng 20-30% tự khỏi, anti-HCV vẫn tồn tại). Cần định lượng HCV RNA để xem virus còn trong cơ thể không. Nguồn: Guideline AASLD."
noi-viem-gan-man-mcq-029,noi,Viêm gan mạn,Tiêu hoá,,Bảng kết quả huyết thanh học nào sau đây chứng tỏ một người đã có miễn dịch bảo vệ đối với viêm gan B nhờ tiêm vắc xin?,"HBsAg (+), Anti-HBs (-), Anti-HBc IgG (+)","HBsAg (-), Anti-HBs (+), Anti-HBc IgG (+)","HBsAg (-), Anti-HBs (+), Anti-HBc IgG (-)","HBsAg (-), Anti-HBs (-), Anti-HBc IgM (+)",,c,Vắc xin chỉ chứa kháng nguyên bề mặt nên chỉ sinh ra Anti-HBs (Anti-HBc âm tính). Trường hợp đã từng nhiễm tự nhiên và tự khỏi sẽ có cả Anti-HBs và Anti-HBc IgG dương tính. Đây là bẫy rất hay thi.
noi-viem-gan-man-mcq-030,noi,Viêm gan mạn,Tiêu hoá,,"Theo hướng dẫn của Bộ Y tế, ngưỡng tải lượng virus HBV DNA tối thiểu để xem xét điều trị đặc hiệu đối với bệnh nhân viêm gan B mạn tính có HBeAg dương tính (kèm theo ALT tăng > 2 lần) là bao nhiêu?",≥ 2.000 IU/mL,≥ 20.000 IU/mL,≥ 200.000 IU/mL,Bất kể tải lượng bao nhiêu,,b,Ngưỡng chỉ định điều trị cho HBeAg dương tính là HBV DNA ≥ 20.000 IU/mL (10^5 copies/ml). Đối với HBeAg âm tính là ≥ 2.000 IU/mL. Nguồn: Hướng dẫn Bộ Y tế/AASLD.
noi-viem-gan-man-mcq-031,noi,Viêm gan mạn,Tiêu hoá,,Tiêu chuẩn tải lượng HBV DNA để xem xét điều trị thuốc kháng virus ở bệnh nhân viêm gan B mạn có HBeAg âm tính (kèm ALT tăng > 2 lần) là ngưỡng nào dưới đây?,≥ 200 IU/mL,≥ 2.000 IU/mL,≥ 20.000 IU/mL,≥ 200.000 IU/mL,,b,"Với thể đột biến HBeAg âm tính, ngưỡng quy định tải lượng virus thấp hơn: HBV DNA ≥ 2.000 IU/mL (10^4 copies/ml) cộng với bằng chứng viêm gan/xơ hóa là đủ chỉ định."
noi-viem-gan-man-mcq-032,noi,Viêm gan mạn,Tiêu hoá,,Phương pháp cận lâm sàng nào hiện nay được ưu tiên sử dụng nhiều nhất trên thực tế để đánh giá mức độ xơ hóa gan không xâm lấn?,Sinh thiết gan qua da,Chụp cắt lớp vi tính (CT) ổ bụng,Đo độ đàn hồi gan (FibroScan),Chụp cộng hưởng từ (MRI) ổ bụng,,c,"Đo độ đàn hồi gan thoáng qua (Transient Elastography - FibroScan) là phương pháp chính xác, không xâm lấn, được dùng rộng rãi thay thế sinh thiết gan để đánh giá xơ hóa (F0-F4)."
noi-viem-gan-man-mcq-033,noi,Viêm gan mạn,Tiêu hoá,,Chỉ số APRI được sử dụng để đánh giá xơ hóa gan dựa trên sự kết hợp của hai thông số xét nghiệm nào?,ALT và Bilirubin,AST và Số lượng tiểu cầu,Albumin và Tỷ lệ Prothrombin,GGT và Số lượng bạch cầu,,b,"APRI (AST to Platelet Ratio Index) được tính dựa vào AST và số lượng tiểu cầu. Đây là chỉ số đơn giản, dễ làm để đánh giá xơ hóa gan ở cơ sở y tế thiếu máy Fibroscan."
noi-viem-gan-man-mcq-034,noi,Viêm gan mạn,Tiêu hoá,,"Trước khi bắt đầu điều trị viêm gan C bằng các thuốc kháng virus tác dụng trực tiếp (DAA), mục đích chính của việc làm xét nghiệm Genotype (kiểu gen) HCV là gì?",Để tiên lượng khả năng chuyển thành ung thư gan,Để loại trừ tình trạng đồng nhiễm viêm gan B,Để lựa chọn phác đồ DAA và thời gian điều trị phù hợp,Để xác định bệnh nhân có cần sinh thiết gan không,,c,"Mặc dù hiện nay có các phác đồ DAA pangenotypic (tác dụng mọi kiểu gen), việc định type gen vẫn mang giá trị kinh điển để chọn lựa thuốc và tối ưu hóa thời gian điều trị (8 hay 12 tuần)."
noi-viem-gan-man-mcq-035,noi,Viêm gan mạn,Tiêu hoá,,"Khái niệm ""Nhiễm HBV tiềm ẩn"" (Occult HBV infection) được định nghĩa bằng kết quả xét nghiệm nào sau đây?","HBsAg âm tính, HBV DNA dương tính trong huyết thanh hoặc mô gan","HBsAg dương tính, HBeAg âm tính, ALT bình thường","HBsAg dương tính, HBV DNA âm tính liên tục","Anti-HCV dương tính, HBV DNA dương tính",,a,Nhiễm HBV tiềm ẩn là hiện tượng tải lượng virus (HBV DNA) phát hiện được dù kháng nguyên bề mặt (HBsAg) đã âm tính. Bệnh nhân vẫn có nguy cơ xơ gan và ung thư gan.
noi-viem-gan-man-mcq-036,noi,Viêm gan mạn,Tiêu hoá,,"Trước khi tiến hành điều trị viêm gan C mạn bằng phác đồ DAA, việc tầm soát HBsAg cho bệnh nhân là BẮT BUỘC nhằm mục đích gì?",Xác định xem có cần dùng thêm Interferon không,Đề phòng biến chứng bùng phát viêm gan B khi sạch HCV,Để quyết định liều thuốc DAA,Tránh tương tác thuốc giữa vắc xin HBV và DAA,,b,"HCV có tác dụng ức chế nhân lên của HBV. Khi điều trị sạch HCV bằng DAA, sự ức chế này mất đi, có thể dẫn đến bùng phát viêm gan B cấp tính đe dọa tính mạng. Nguồn: Guideline AASLD."
noi-viem-gan-man-mcq-037,noi,Viêm gan mạn,Tiêu hoá,,Nhóm thuốc Nucleos(t)ide analogues (NUCs) đường uống nào sau đây được xem là lựa chọn đầu tay trong điều trị viêm gan B mạn tính hiện nay do hàng rào kháng thuốc cao?,Lamivudine và Adefovir,Entecavir và Tenofovir,Telbivudine và Lamivudine,Interferon và Ribavirin,,b,"Entecavir (ETV) và Tenofovir (TDF, TAF) là hai thuốc có hiệu quả ức chế virus mạnh và tỷ lệ kháng thuốc cực kỳ thấp, được EASL/AASLD khuyến cáo là lựa chọn số 1."
noi-viem-gan-man-mcq-038,noi,Viêm gan mạn,Tiêu hoá,,Cơ chế tác dụng chính của thuốc Entecavir trong điều trị viêm gan B là gì?,Ức chế thụ thể thâm nhập của virus vào tế bào,Ức chế men sao chép ngược (Reverse transcriptase / polymerase) của virus,Phá hủy trực tiếp lớp vỏ HBsAg,Kích thích đáp ứng miễn dịch tự nhiên nội sinh,,b,"Các dẫn xuất nucleos(t)ide (như Entecavir, Tenofovir) đều hoạt động bằng cách gắn vào chuỗi DNA đang tổng hợp, ức chế enzyme polymerase của HBV, làm ngừng quá trình sao chép."
noi-viem-gan-man-mcq-039,noi,Viêm gan mạn,Tiêu hoá,,Tác dụng không mong muốn mạn tính nào sau đây cần theo dõi sát ở bệnh nhân sử dụng Tenofovir disoproxil fumarate (TDF) lâu dài?,Tổn thương hoàng điểm mắt,Suy tủy xương gây thiếu máu,Độc tính trên thận và giảm mật độ xương,Viêm tụy cấp,,c,"TDF có nguy cơ gây độc ống thận gần (hội chứng Fanconi), làm giảm mức lọc cầu thận và giảm mật độ chất khoáng của xương gây loãng xương."
noi-viem-gan-man-mcq-040,noi,Viêm gan mạn,Tiêu hoá,,Ưu điểm nổi bật của Tenofovir alafenamide (TAF) so với Tenofovir disoproxil fumarate (TDF) trong điều trị HBV là gì?,Thời gian điều trị rút ngắn còn 12 tuần,Có khả năng diệt sạch cccDNA trong nhân tế bào,An toàn hơn đối với chức năng thận và xương,Giá thành cực kỳ rẻ và không cần kê đơn,,c,"TAF được thiết kế để phân phối nồng độ hoạt chất chủ yếu vào trong tế bào gan thay vì trong huyết tương, qua đó giảm đáng kể độc tính trên thận và xương so với TDF."
noi-viem-gan-man-mcq-041,noi,Viêm gan mạn,Tiêu hoá,,Tình trạng lâm sàng nào sau đây là CHỐNG CHỈ ĐỊNH tuyệt đối của việc sử dụng Pegylated Interferon (Peg-IFN) trong điều trị viêm gan B mạn?,Bệnh nhân trẻ tuổi chưa lập gia đình,Xơ gan mất bù,Tải lượng HBV DNA > 10^7 copies/ml,Bệnh nhân có HBeAg âm tính,,b,"Peg-IFN có thể gây các đợt bùng phát viêm gan do kích thích miễn dịch, làm cho bệnh nhân xơ gan mất bù suy gan nhanh chóng và tử vong. Đây là chống chỉ định tuyệt đối."
noi-viem-gan-man-mcq-042,noi,Viêm gan mạn,Tiêu hoá,,"Trong phác đồ điều trị viêm gan C, các thuốc có đuôi kết thúc bằng ""-asvir"" (ví dụ: Ledipasvir, Velpatasvir) thuộc nhóm ức chế đích tác dụng nào của virus?",Ức chế Protease NS3/4A,Ức chế phức hợp sao chép NS5A,Ức chế men Polymerase NS5B,Ức chế thụ thể CD81,,b,"Theo quy tắc đặt tên thuốc DAA (Direct-Acting Antivirals): đuôi ""-asvir"" = ức chế NS5A, ""-buvir"" = ức chế NS5B (Sofosbuvir), ""-previr"" = ức chế Protease."
noi-viem-gan-man-mcq-043,noi,Viêm gan mạn,Tiêu hoá,,Sofosbuvir đóng vai trò trụ cột trong nhiều phác đồ điều trị HCV. Đích tác dụng dược lý của Sofosbuvir là gì?,Polymerase NS5B,Protease NS3/4A,Protein cấu trúc vỏ virus,Men gan AST/ALT,,a,"Sofosbuvir là thuốc ức chế enzyme NS5B polymerase phụ thuộc RNA (chất tương tự nucleotide), làm đứt đoạn quá trình tổng hợp chuỗi RNA của HCV."
noi-viem-gan-man-mcq-044,noi,Viêm gan mạn,Tiêu hoá,,Thuật ngữ SVR12 (Sustained Virologic Response at 12 weeks) - mục tiêu vàng trong điều trị khỏi viêm gan C - có nghĩa là gì?,Bệnh nhân điều trị bằng thuốc đủ 12 tuần liên tục,Xét nghiệm Anti-HCV âm tính sau 12 tuần điều trị,HCV RNA dưới ngưỡng phát hiện tại tuần 12 sau khi KẾT THÚC quá trình điều trị,Men gan bình thường sau 12 tháng ngưng thuốc,,c,SVR12 là tình trạng không phát hiện được HCV RNA trong máu tại thời điểm 12 tuần SAU KHI ngưng thuốc. Đạt SVR12 được xem là đã chữa khỏi viêm gan C (Cure).
noi-viem-gan-man-mcq-045,noi,Viêm gan mạn,Tiêu hoá,,Mục tiêu điều trị viêm gan B mạn tính bằng thuốc uống NUCs đạt mức lý tưởng nhất (tối ưu nhất) là tình trạng nào sau đây?,Men gan trở về bình thường và duy trì ổn định,HBV DNA dưới ngưỡng phát hiện,"Chuyển đổi huyết thanh HBeAg (HBeAg âm tính, Anti-HBe dương tính)",Mất HBsAg (có thể kèm hoặc không kèm xuất hiện Anti-HBs),,d,Mục tiêu tối ưu và cao nhất của điều trị VGB là mất HBsAg (chữa khỏi chức năng - Functional cure). Mục tiêu cơ bản thường đạt được là đưa HBV DNA về dưới ngưỡng phát hiện.
noi-viem-gan-man-mcq-046,noi,Viêm gan mạn,Tiêu hoá,,Chỉ định dùng thuốc kháng virus dự phòng lây truyền HBV từ mẹ sang con được đặt ra ở quý 3 thai kỳ khi thai phụ có đặc điểm nào?,Có kháng thể Anti-HBc dương tính,Tải lượng HBV DNA > 200.000 IU/mL,Có tiền sử tiêm vắc xin ngừa viêm gan B lúc nhỏ,Men gan AST > 40 U/L,,b,"Để giảm nguy cơ lây truyền chu sinh, phụ nữ mang thai có HBV DNA > 200.000 IU/mL (hoặc HBsAg định lượng > 10^4 IU/mL) cần bắt đầu uống Tenofovir (TDF) dự phòng từ tuần 24-28 của thai kỳ."
noi-viem-gan-man-mcq-047,noi,Viêm gan mạn,Tiêu hoá,,"Hướng dẫn tầm soát ung thư biểu mô tế bào gan (HCC) ở bệnh nhân viêm gan B, C mạn tính chuẩn mực hiện nay là gì?",Chụp CT bụng mỗi năm 1 lần,Định lượng HBV DNA và HCV RNA mỗi 3 tháng,Siêu âm ổ bụng và định lượng AFP mỗi 6 tháng,Sinh thiết gan định kỳ mỗi 2 năm,,c,Khuyến cáo chuẩn quốc tế (AASLD/EASL) cho bệnh nhân có nguy cơ là siêu âm gan kèm/không kèm định lượng AFP lặp lại mỗi 6 tháng để phát hiện khối u nhỏ.
noi-viem-gan-man-mcq-048,noi,Viêm gan mạn,Tiêu hoá,,Sự khác biệt cơ bản về tiên lượng nguy cơ tiến triển ung thư gan (HCC) giữa bệnh nhân nhiễm HBV và HCV là gì?,HCV gây ung thư gan ở người trẻ tuổi hơn HBV,HBV có thể gây ung thư gan kể cả khi gan chưa bị xơ hóa,Ung thư gan do HCV thường đáp ứng tốt với hóa trị liệu hơn,Bệnh nhân xơ gan do HBV ít có nguy cơ ung thư hơn xơ gan do HCV,,b,HBV có thể tích hợp DNA vào gen túc chủ gây đột biến ung thư ngay ở giai đoạn viêm gan mạn chưa có xơ gan. Trong khi HCC do HCV chủ yếu phát triển trên nền gan đã xơ. Đây là đặc điểm tiên lượng rất quan trọng.
noi-viem-gan-man-mcq-049,noi,Viêm gan mạn,Tiêu hoá,,Biến chứng nguy hiểm nhất cần theo dõi sát đối với bệnh nhân viêm gan B mạn tính khi tự ý ngưng đột ngột thuốc kháng virus đường uống (NUCs) là gì?,Viêm tụy cấp thể hoại tử,"Bùng phát viêm gan cấp, có thể dẫn tới suy gan cấp và tử vong",Hội chứng thận hư tiến triển nhanh,Xuất huyết tiêu hóa do giãn tĩnh mạch thực quản vỡ tức thì,,b,"Việc ngưng thuốc NUCs đột ngột làm mất đi sự ức chế virus, HBV sẽ nhân lên ồ ạt dẫn đến đợt bùng phát viêm gan mạnh mẽ, phá hủy nhu mô gan, gây suy gan kịch phát."
noi-viem-gan-man-mcq-050,noi,Viêm gan mạn,Tiêu hoá,,"Về tiên lượng xa, đặc điểm miễn dịch nào sau đây đúng đối với bệnh nhân viêm gan C mạn đã điều trị khỏi (đạt SVR12) bằng thuốc DAA?",Kháng thể Anti-HCV sẽ âm tính hoàn toàn sau 1 năm,Bệnh nhân có miễn dịch bền vững và không bao giờ bị nhiễm lại HCV,Anti-HCV vẫn dương tính nhưng bệnh nhân vẫn có thể bị tái nhiễm HCV nếu phơi nhiễm lại,Bệnh nhân phải dùng DAA liều thấp suốt đời để chống tái phát,,c,"Kháng thể Anti-HCV không có vai trò bảo vệ (không phải neutralizing antibody). Bệnh nhân đạt SVR12 đã khỏi bệnh, Anti-HCV tồn tại suốt đời nhưng nếu dùng chung kim tiêm/phơi nhiễm vẫn bị nhiễm lại chủng HCV mới."
noi-viem-gan-man-case-1-1,noi,Viêm gan mạn,Tiêu hoá,"Bệnh nhân nam 30 tuổi, đầu bếp, đi khám sức khỏe để xin việc và tình cờ phát hiện HBsAg dương tính. Bệnh nhân hoàn toàn không có triệu chứng, thể trạng tốt. Tiền sử gia đình có mẹ bị xơ gan không rõ nguyên nhân. Khám lâm sàng không phát hiện bất thường, không có dấu hiệu của bệnh gan mạn tính. Sinh hiệu ổn định, BMI 22 kg/m². Cận lâm sàng: AST 85 U/L, ALT 102 U/L; HBsAg dương tính, HBeAg dương tính, anti-HBe âm tính; HBV DNA định lượng cho kết quả rất cao 10⁷ IU/mL. Siêu âm bụng cho thấy nhu mô gan thô nhẹ, không có dấu hiệu tăng áp lực tĩnh mạch cửa. Đo độ đàn hồi gan (FibroScan) cho kết quả 8.5 kPa (tương đương xơ hóa giai đoạn F2).",Bệnh nhân này đang ở giai đoạn nào của nhiễm virus viêm gan B mạn tính?,Thải trừ miễn dịch (Viêm gan B mạn HBeAg dương tính).,Tái hoạt động virus.,Dung nạp miễn dịch.,Người mang virus không hoạt động.,,a,"Bệnh nhân có HBeAg dương tính, tải lượng HBV DNA rất cao và men gan (ALT) tăng, cho thấy hệ miễn dịch đang phản ứng lại với virus. Đây là đặc điểm của giai đoạn thải trừ miễn dịch hay còn gọi là viêm gan B mạn HBeAg dương tính, giai đoạn có nguy cơ cao tiến triển thành xơ hóa."
noi-viem-gan-man-case-1-2,noi,Viêm gan mạn,Tiêu hoá,"Bệnh nhân nam 30 tuổi, đầu bếp, đi khám sức khỏe để xin việc và tình cờ phát hiện HBsAg dương tính. Bệnh nhân hoàn toàn không có triệu chứng, thể trạng tốt. Tiền sử gia đình có mẹ bị xơ gan không rõ nguyên nhân. Khám lâm sàng không phát hiện bất thường, không có dấu hiệu của bệnh gan mạn tính. Sinh hiệu ổn định, BMI 22 kg/m². Cận lâm sàng: AST 85 U/L, ALT 102 U/L; HBsAg dương tính, HBeAg dương tính, anti-HBe âm tính; HBV DNA định lượng cho kết quả rất cao 10⁷ IU/mL. Siêu âm bụng cho thấy nhu mô gan thô nhẹ, không có dấu hiệu tăng áp lực tĩnh mạch cửa. Đo độ đàn hồi gan (FibroScan) cho kết quả 8.5 kPa (tương đương xơ hóa giai đoạn F2).",Cơ chế chính gây tổn thương tế bào gan trong giai đoạn này là gì?,Sự lắng đọng của các phức hợp miễn dịch HBsAg-anti-HBs trong gan.,Phản ứng miễn dịch của cơ thể (tế bào T độc) tấn công và phá hủy các tế bào gan bị nhiễm virus.,Virus HBV trực tiếp gây chết tế bào gan (hiệu ứng gây độc tế bào).,Tình trạng ứ mật do virus gây ra.,,b,"Tổn thương gan trong viêm gan B chủ yếu là do cơ chế miễn dịch. Các tế bào lympho T độc (CTLs) của cơ thể nhận diện các kháng nguyên của virus được trình diện trên bề mặt tế bào gan và tấn công, tiêu diệt các tế bào này, gây ra tình trạng viêm và hoại tử tế bào gan, biểu hiện bằng sự gia tăng men gan."
noi-viem-gan-man-case-1-3,noi,Viêm gan mạn,Tiêu hoá,"Bệnh nhân nam 30 tuổi, đầu bếp, đi khám sức khỏe để xin việc và tình cờ phát hiện HBsAg dương tính. Bệnh nhân hoàn toàn không có triệu chứng, thể trạng tốt. Tiền sử gia đình có mẹ bị xơ gan không rõ nguyên nhân. Khám lâm sàng không phát hiện bất thường, không có dấu hiệu của bệnh gan mạn tính. Sinh hiệu ổn định, BMI 22 kg/m². Cận lâm sàng: AST 85 U/L, ALT 102 U/L; HBsAg dương tính, HBeAg dương tính, anti-HBe âm tính; HBV DNA định lượng cho kết quả rất cao 10⁷ IU/mL. Siêu âm bụng cho thấy nhu mô gan thô nhẹ, không có dấu hiệu tăng áp lực tĩnh mạch cửa. Đo độ đàn hồi gan (FibroScan) cho kết quả 8.5 kPa (tương đương xơ hóa giai đoạn F2).","Dựa trên các khuyến cáo hiện hành, bệnh nhân này có chỉ định điều trị kháng virus không và tại sao?","Có, vì có bằng chứng của viêm gan (ALT > 2 lần giới hạn trên) và xơ hóa gan đáng kể (≥ F2).","Có, vì tải lượng virus rất cao.","Không, vì nồng độ ALT chưa tăng đủ cao.","Không, vì bệnh nhân còn trẻ và không có triệu chứng.",,a,"Theo hướng dẫn của Bộ Y tế Việt Nam cũng như các hiệp hội gan mật lớn trên thế giới (AASLD, EASL), chỉ định điều trị được đặt ra khi bệnh nhân ở giai đoạn viêm (ALT tăng) VÀ có tải lượng virus cao VÀ/HOẶC có bằng chứng xơ hóa gan từ F2 trở lên. Bệnh nhân này thỏa mãn tất cả các tiêu chí trên."
noi-viem-gan-man-case-1-4,noi,Viêm gan mạn,Tiêu hoá,"Bệnh nhân nam 30 tuổi, đầu bếp, đi khám sức khỏe để xin việc và tình cờ phát hiện HBsAg dương tính. Bệnh nhân hoàn toàn không có triệu chứng, thể trạng tốt. Tiền sử gia đình có mẹ bị xơ gan không rõ nguyên nhân. Khám lâm sàng không phát hiện bất thường, không có dấu hiệu của bệnh gan mạn tính. Sinh hiệu ổn định, BMI 22 kg/m². Cận lâm sàng: AST 85 U/L, ALT 102 U/L; HBsAg dương tính, HBeAg dương tính, anti-HBe âm tính; HBV DNA định lượng cho kết quả rất cao 10⁷ IU/mL. Siêu âm bụng cho thấy nhu mô gan thô nhẹ, không có dấu hiệu tăng áp lực tĩnh mạch cửa. Đo độ đàn hồi gan (FibroScan) cho kết quả 8.5 kPa (tương đương xơ hóa giai đoạn F2).",Nhóm thuốc nào sau đây là lựa chọn điều trị đầu tay cho bệnh nhân này?,"Thuốc ức chế men sao chép ngược Nucleos(t)ide (NAs) thế hệ mới (Entecavir, Tenofovir).",Corticoid.,Lamivudine.,Interferon pegyl hóa (Peg-IFN).,,a,"Các thuốc kháng virus đường uống NAs thế hệ mới như Tenofovir (TDF hoặc TAF) và Entecavir là lựa chọn hàng đầu do hiệu lực kháng virus mạnh, an toàn, dung nạp tốt và có rào cản đề kháng cao, phù hợp cho việc điều trị lâu dài."
noi-viem-gan-man-case-1-5,noi,Viêm gan mạn,Tiêu hoá,"Bệnh nhân nam 30 tuổi, đầu bếp, đi khám sức khỏe để xin việc và tình cờ phát hiện HBsAg dương tính. Bệnh nhân hoàn toàn không có triệu chứng, thể trạng tốt. Tiền sử gia đình có mẹ bị xơ gan không rõ nguyên nhân. Khám lâm sàng không phát hiện bất thường, không có dấu hiệu của bệnh gan mạn tính. Sinh hiệu ổn định, BMI 22 kg/m². Cận lâm sàng: AST 85 U/L, ALT 102 U/L; HBsAg dương tính, HBeAg dương tính, anti-HBe âm tính; HBV DNA định lượng cho kết quả rất cao 10⁷ IU/mL. Siêu âm bụng cho thấy nhu mô gan thô nhẹ, không có dấu hiệu tăng áp lực tĩnh mạch cửa. Đo độ đàn hồi gan (FibroScan) cho kết quả 8.5 kPa (tương đương xơ hóa giai đoạn F2).",Mục tiêu lâu dài quan trọng nhất của việc điều trị kháng virus ở bệnh nhân viêm gan B mạn là gì?,Làm HBsAg trở về âm tính.,Đạt được chuyển đảo huyết thanh HBeAg.,"Giảm nguy cơ tiến triển thành xơ gan, suy gan và ung thư biểu mô tế bào gan (HCC).",Đưa nồng độ ALT về bình thường.,,c,"Mặc dù các mục tiêu trung gian như bình thường hóa ALT, ức chế HBV DNA, hay chuyển đảo HBeAg là quan trọng, mục tiêu cuối cùng và quan trọng nhất của việc điều trị là ngăn chặn sự tiến triển của bệnh, làm giảm nguy cơ các biến chứng nặng nề và gây tử vong là xơ gan, suy gan và ung thư gan."
noi-viem-gan-man-case-2-1,noi,Viêm gan mạn,Tiêu hoá,"Bệnh nhân nữ 45 tuổi, nội trợ, được chẩn đoán viêm gan B mạn từ 5 năm trước, HBeAg âm tính, anti-HBe dương tính, theo dõi định kỳ thấy ALT và HBV DNA ở mức thấp. Khoảng 6 tháng nay, bệnh nhân cảm thấy mệt mỏi, ăn kém. Xét nghiệm kiểm tra cho thấy men gan tăng dao động: AST 98 U/L, ALT 125 U/L. HBV DNA định lượng là 50,000 IU/mL (< 200,000 IU/mL). Bệnh nhân không uống rượu, không dùng thuốc gì khác. Khám lâm sàng không có dấu hiệu suy gan, không có hội chứng tăng áp lực tĩnh mạch cửa. Siêu âm bụng thấy gan thô. Đo độ đàn hồi gan (FibroScan) cho kết quả 13.5 kPa (tương đương xơ hóa giai đoạn F3).",Tình trạng của bệnh nhân được chẩn đoán là gì?,Đồng nhiễm virus viêm gan D.,Viêm gan B mạn HBeAg âm tính.,Người mang HBsAg không hoạt động.,Viêm gan B thể ẩn.,,b,"Bệnh nhân có HBsAg dương tính, HBeAg âm tính, nhưng có bằng chứng virus đang nhân lên (HBV DNA > 2,000 IU/mL) và gây viêm gan (ALT tăng, xơ hóa F3). Đây là định nghĩa của viêm gan B mạn HBeAg âm tính."
noi-viem-gan-man-case-2-2,noi,Viêm gan mạn,Tiêu hoá,"Bệnh nhân nữ 45 tuổi, nội trợ, được chẩn đoán viêm gan B mạn từ 5 năm trước, HBeAg âm tính, anti-HBe dương tính, theo dõi định kỳ thấy ALT và HBV DNA ở mức thấp. Khoảng 6 tháng nay, bệnh nhân cảm thấy mệt mỏi, ăn kém. Xét nghiệm kiểm tra cho thấy men gan tăng dao động: AST 98 U/L, ALT 125 U/L. HBV DNA định lượng là 50,000 IU/mL (< 200,000 IU/mL). Bệnh nhân không uống rượu, không dùng thuốc gì khác. Khám lâm sàng không có dấu hiệu suy gan, không có hội chứng tăng áp lực tĩnh mạch cửa. Siêu âm bụng thấy gan thô. Đo độ đàn hồi gan (FibroScan) cho kết quả 13.5 kPa (tương đương xơ hóa giai đoạn F3).",Cơ chế nào giải thích cho việc bệnh nhân HBeAg âm tính nhưng virus vẫn nhân lên và gây viêm gan?,Do tái nhiễm một chủng virus HBV mới.,"Do sự đột biến ở vùng pre-core hoặc basal core promoter của bộ gen virus, khiến virus không sản xuất được HBeAg nhưng vẫn có khả năng nhân lên.",Virus đã bị tiêu diệt hoàn toàn.,Do hệ miễn dịch của bệnh nhân bị suy giảm.,,b,"Đây là cơ chế đặc trưng của viêm gan B mạn HBeAg âm tính. Các đột biến này ngăn cản quá trình phiên mã hoặc dịch mã để tạo ra protein HBeAg. Tuy nhiên, các quá trình khác của chu trình sao chép virus vẫn diễn ra bình thường, do đó virus vẫn nhân lên và gây tổn thương gan."
noi-viem-gan-man-case-2-3,noi,Viêm gan mạn,Tiêu hoá,"Bệnh nhân nữ 45 tuổi, nội trợ, được chẩn đoán viêm gan B mạn từ 5 năm trước, HBeAg âm tính, anti-HBe dương tính, theo dõi định kỳ thấy ALT và HBV DNA ở mức thấp. Khoảng 6 tháng nay, bệnh nhân cảm thấy mệt mỏi, ăn kém. Xét nghiệm kiểm tra cho thấy men gan tăng dao động: AST 98 U/L, ALT 125 U/L. HBV DNA định lượng là 50,000 IU/mL (< 200,000 IU/mL). Bệnh nhân không uống rượu, không dùng thuốc gì khác. Khám lâm sàng không có dấu hiệu suy gan, không có hội chứng tăng áp lực tĩnh mạch cửa. Siêu âm bụng thấy gan thô. Đo độ đàn hồi gan (FibroScan) cho kết quả 13.5 kPa (tương đương xơ hóa giai đoạn F3).","So với thể HBeAg dương tính, viêm gan B mạn HBeAg âm tính thường có đặc điểm gì?",Luôn có tải lượng virus cao hơn.,Chỉ xảy ra ở người trẻ tuổi.,Hiếm khi tiến triển đến xơ gan.,"Thường có diễn biến các đợt bùng phát và thuyên giảm xen kẽ, khó dự đoán hơn.",,d,"Viêm gan B mạn HBeAg âm tính thường có diễn biến tự nhiên phức tạp hơn, với các đợt hoạt động (ALT tăng, HBV DNA tăng) và không hoạt động xen kẽ. Tải lượng virus thường thấp hơn thể HBeAg dương tính, nhưng nguy cơ tiến triển đến xơ gan và HCC vẫn rất cao."
noi-viem-gan-man-case-2-4,noi,Viêm gan mạn,Tiêu hoá,"Bệnh nhân nữ 45 tuổi, nội trợ, được chẩn đoán viêm gan B mạn từ 5 năm trước, HBeAg âm tính, anti-HBe dương tính, theo dõi định kỳ thấy ALT và HBV DNA ở mức thấp. Khoảng 6 tháng nay, bệnh nhân cảm thấy mệt mỏi, ăn kém. Xét nghiệm kiểm tra cho thấy men gan tăng dao động: AST 98 U/L, ALT 125 U/L. HBV DNA định lượng là 50,000 IU/mL (< 200,000 IU/mL). Bệnh nhân không uống rượu, không dùng thuốc gì khác. Khám lâm sàng không có dấu hiệu suy gan, không có hội chứng tăng áp lực tĩnh mạch cửa. Siêu âm bụng thấy gan thô. Đo độ đàn hồi gan (FibroScan) cho kết quả 13.5 kPa (tương đương xơ hóa giai đoạn F3).",Chỉ định điều trị kháng virus ở bệnh nhân này dựa vào yếu tố nào là chính?,Dựa vào nồng độ HBsAg.,Chỉ khi bệnh nhân có triệu chứng.,"Dựa vào sự kết hợp của ALT tăng, HBV DNA có ý nghĩa (> 2,000 IU/mL) và mức độ xơ hóa gan (≥ F2).",Chỉ cần HBV DNA dương tính là đủ.,,c,"Theo các hướng dẫn, chỉ định điều trị cho thể HBeAg âm tính dựa trên bộ ba tiêu chí: nồng độ ALT, tải lượng HBV DNA và mức độ xơ hóa. Bệnh nhân này có ALT tăng, HBV DNA > 2000 IU/mL và xơ hóa F3, do đó có chỉ định điều trị rõ ràng."
noi-viem-gan-man-case-2-5,noi,Viêm gan mạn,Tiêu hoá,"Bệnh nhân nữ 45 tuổi, nội trợ, được chẩn đoán viêm gan B mạn từ 5 năm trước, HBeAg âm tính, anti-HBe dương tính, theo dõi định kỳ thấy ALT và HBV DNA ở mức thấp. Khoảng 6 tháng nay, bệnh nhân cảm thấy mệt mỏi, ăn kém. Xét nghiệm kiểm tra cho thấy men gan tăng dao động: AST 98 U/L, ALT 125 U/L. HBV DNA định lượng là 50,000 IU/mL (< 200,000 IU/mL). Bệnh nhân không uống rượu, không dùng thuốc gì khác. Khám lâm sàng không có dấu hiệu suy gan, không có hội chứng tăng áp lực tĩnh mạch cửa. Siêu âm bụng thấy gan thô. Đo độ đàn hồi gan (FibroScan) cho kết quả 13.5 kPa (tương đương xơ hóa giai đoạn F3).","Ngoài việc dùng thuốc kháng virus, bệnh nhân này cần được theo dõi định kỳ vấn đề gì để phát hiện sớm biến chứng nguy hiểm nhất?",Theo dõi chức năng thận.,Theo dõi đường huyết.,Tầm soát loãng xương.,Tầm soát ung thư biểu mô tế bào gan (HCC) bằng siêu âm bụng mỗi 6 tháng.,,d,"Nhiễm virus viêm gan B mạn tính là yếu tố nguy cơ hàng đầu gây ung thư biểu mô tế bào gan (HCC). Tất cả các bệnh nhân viêm gan B mạn, đặc biệt là những người đã có xơ hóa gan, đều cần được tầm soát HCC định kỳ bằng siêu âm bụng mỗi 6 tháng để có thể phát hiện bệnh ở giai đoạn sớm và điều trị triệt để."
noi-viem-gan-man-case-3-1,noi,Viêm gan mạn,Tiêu hoá,"Bệnh nhân nam 55 tuổi, đến khám vì mệt mỏi. Bệnh nhân có tiền sử chích ma túy cách đây 25 năm nhưng đã ngưng. Khám lâm sàng không có dấu hiệu đặc biệt. Xét nghiệm sàng lọc cho thấy anti-HCV dương tính. Bác sĩ chỉ định làm thêm xét nghiệm HCV RNA định lượng. Bệnh nhân không uống rượu, HBsAg âm tính. Cận lâm sàng: AST 65 U/L, ALT 78 U/L; Anti-HCV dương tính, HCV RNA định lượng 850,000 IU/mL; Genotype 1b. Đo độ đàn hồi gan cho kết quả 14.2 kPa (tương đương xơ hóa giai đoạn F4 - xơ gan). https://onedrive.live.com/personal/2672550e42ddc7d4/_layouts/15/Doc",Tình trạng của bệnh nhân được chẩn đoán xác định là gì?,"Viêm gan C mạn, xơ gan.",Nhiễm HCV đã khỏi.,Đồng nhiễm HBV và HCV.,Nhiễm HCV cấp.,,a,"Bệnh nhân có anti-HCV dương tính và HCV RNA dương tính, khẳng định tình trạng nhiễm virus mạn tính đang hoạt động. Kết quả FibroScan F4 cho thấy bệnh đã tiến triển đến giai đoạn xơ gan."
noi-viem-gan-man-case-3-2,noi,Viêm gan mạn,Tiêu hoá,"Bệnh nhân nam 55 tuổi, đến khám vì mệt mỏi. Bệnh nhân có tiền sử chích ma túy cách đây 25 năm nhưng đã ngưng. Khám lâm sàng không có dấu hiệu đặc biệt. Xét nghiệm sàng lọc cho thấy anti-HCV dương tính. Bác sĩ chỉ định làm thêm xét nghiệm HCV RNA định lượng. Bệnh nhân không uống rượu, HBsAg âm tính. Cận lâm sàng: AST 65 U/L, ALT 78 U/L; Anti-HCV dương tính, HCV RNA định lượng 850,000 IU/mL; Genotype 1b. Đo độ đàn hồi gan cho kết quả 14.2 kPa (tương đương xơ hóa giai đoạn F4 - xơ gan). https://onedrive.live.com/personal/2672550e42ddc7d4/_layouts/15/Doc",Tại sao cần phải làm xét nghiệm HCV RNA sau khi có anti-HCV dương tính?,Để quyết định có cần sinh thiết gan hay không.,"Để khẳng định tình trạng nhiễm virus đang hoạt động, vì khoảng 15-45% người nhiễm có thể tự khỏi và chỉ còn lại kháng thể.",Để xác định genotype của virus.,Để đánh giá chức năng gan.,,b,"Anti-HCV là kháng thể, chỉ cho biết bệnh nhân đã từng tiếp xúc với virus. Nó không phân biệt được giữa tình trạng nhiễm đang hoạt động và tình trạng đã khỏi. Do đó, HCV RNA là xét nghiệm ""vàng"" để xác định virus có đang nhân lên trong cơ thể hay không và là tiêu chuẩn để chẩn đoán viêm gan C mạn."
noi-viem-gan-man-case-3-3,noi,Viêm gan mạn,Tiêu hoá,"Bệnh nhân nam 55 tuổi, đến khám vì mệt mỏi. Bệnh nhân có tiền sử chích ma túy cách đây 25 năm nhưng đã ngưng. Khám lâm sàng không có dấu hiệu đặc biệt. Xét nghiệm sàng lọc cho thấy anti-HCV dương tính. Bác sĩ chỉ định làm thêm xét nghiệm HCV RNA định lượng. Bệnh nhân không uống rượu, HBsAg âm tính. Cận lâm sàng: AST 65 U/L, ALT 78 U/L; Anti-HCV dương tính, HCV RNA định lượng 850,000 IU/mL; Genotype 1b. Đo độ đàn hồi gan cho kết quả 14.2 kPa (tương đương xơ hóa giai đoạn F4 - xơ gan). https://onedrive.live.com/personal/2672550e42ddc7d4/_layouts/15/Doc",Cơ chế chính gây tổn thương gan trong viêm gan C là gì?,Do tình trạng thâm nhiễm mỡ gây ra bởi virus.,Do sự lắng đọng sắt trong gan.,"Tương tự viêm gan B, chủ yếu do đáp ứng miễn dịch của cơ thể chống lại tế bào gan bị nhiễm.","Virus HCV có độc tính trực tiếp mạnh, gây chết tế bào gan hàng loạt.",,c,"Tương tự HBV, tổn thương gan trong nhiễm HCV mạn cũng chủ yếu do cơ chế miễn dịch. Tuy nhiên, HCV cũng có một số tác động trực tiếp lên chuyển hóa của tế bào gan, ví dụ như gây thâm nhiễm mỡ và stress oxy hóa, cũng góp phần vào quá trình tổn thương."
noi-viem-gan-man-case-3-4,noi,Viêm gan mạn,Tiêu hoá,"Bệnh nhân nam 55 tuổi, đến khám vì mệt mỏi. Bệnh nhân có tiền sử chích ma túy cách đây 25 năm nhưng đã ngưng. Khám lâm sàng không có dấu hiệu đặc biệt. Xét nghiệm sàng lọc cho thấy anti-HCV dương tính. Bác sĩ chỉ định làm thêm xét nghiệm HCV RNA định lượng. Bệnh nhân không uống rượu, HBsAg âm tính. Cận lâm sàng: AST 65 U/L, ALT 78 U/L; Anti-HCV dương tính, HCV RNA định lượng 850,000 IU/mL; Genotype 1b. Đo độ đàn hồi gan cho kết quả 14.2 kPa (tương đương xơ hóa giai đoạn F4 - xơ gan). https://onedrive.live.com/personal/2672550e42ddc7d4/_layouts/15/Doc","Theo các khuyến cáo hiện hành, tất cả các bệnh nhân viêm gan C mạn có nên được điều trị không?",Chỉ điều trị cho bệnh nhân trẻ tuổi.,"Không, chỉ điều trị khi có xơ hóa nặng.","Có, tất cả bệnh nhân có HCV RNA dương tính nên được điều trị, bất kể giai đoạn xơ hóa hay men gan.","Không, chỉ điều trị khi men gan tăng cao.",,c,"Với sự ra đời của các thuốc kháng virus trực tiếp (DAAs) có hiệu quả rất cao (>95%), an toàn và dung nạp tốt, các hướng dẫn điều trị hiện nay khuyến cáo điều trị cho tất cả các bệnh nhân viêm gan C mạn có HCV RNA dương tính, nhằm mục đích chữa khỏi bệnh và ngăn ngừa các biến chứng lâu dài."
noi-viem-gan-man-case-3-5,noi,Viêm gan mạn,Tiêu hoá,"Bệnh nhân nam 55 tuổi, đến khám vì mệt mỏi. Bệnh nhân có tiền sử chích ma túy cách đây 25 năm nhưng đã ngưng. Khám lâm sàng không có dấu hiệu đặc biệt. Xét nghiệm sàng lọc cho thấy anti-HCV dương tính. Bác sĩ chỉ định làm thêm xét nghiệm HCV RNA định lượng. Bệnh nhân không uống rượu, HBsAg âm tính. Cận lâm sàng: AST 65 U/L, ALT 78 U/L; Anti-HCV dương tính, HCV RNA định lượng 850,000 IU/mL; Genotype 1b. Đo độ đàn hồi gan cho kết quả 14.2 kPa (tương đương xơ hóa giai đoạn F4 - xơ gan). https://onedrive.live.com/personal/2672550e42ddc7d4/_layouts/15/Doc",Mục tiêu của việc điều trị viêm gan C bằng các thuốc kháng virus trực tiếp (DAAs) là gì?,Đạt được Đáp ứng virus bền vững (SVR - Sustained Virologic Response).,Bình thường hóa men gan.,Ngăn ngừa các biểu hiện ngoài gan.,Giảm tải lượng virus xuống dưới ngưỡng phát hiện.,,a,"Đáp ứng virus bền vững (SVR), được định nghĩa là không phát hiện được HCV RNA trong máu tại thời điểm 12 tuần sau khi kết thúc điều trị, được coi là tương đương với việc chữa khỏi bệnh. Đạt được SVR giúp giảm đáng kể nguy cơ xơ gan, suy gan và ung thư gan."
noi-viem-gan-man-case-4-1,noi,Viêm gan mạn,Tiêu hoá,"Bệnh nhân nữ 25 tuổi, sinh viên, đến khám vì mệt mỏi và vàng da. Bệnh khởi phát khoảng 3 tháng nay với các triệu chứng mệt mỏi, đau khớp cổ tay, gối hai bên. Gần đây bệnh nhân thấy vàng da, vàng mắt tăng dần, nước tiểu sẫm màu. Bệnh nhân không uống rượu, không dùng thuốc gì, không có yếu tố nguy cơ phơi nhiễm virus viêm gan. Khám lâm sàng thấy vàng da, vàng mắt rõ, có một vài sao mạch ở ngực. Gan to 2 cm dưới sườn, chắc. Cận lâm sàng: AST 950 U/L, ALT 1100 U/L; Bilirubin toàn phần 150 µmol/L; Albumin 30 g/L, PT(INR) 1.5. Globulin máu tăng cao 50 g/L. Xét nghiệm HBsAg, anti-HCV, anti- HAV IgM, anti-HEV IgM đều âm tính. Xét nghiệm tự kháng thể cho kết quả kháng thể kháng nhân (ANA) và kháng thể kháng cơ trơn (ASMA) dương tính mạnh ở hiệu giá 1:640.","Dựa trên bệnh cảnh lâm sàng và xét nghiệm, chẩn đoán nguyên nhân gây viêm gan ở bệnh nhân này là gì?",Viêm gan tự miễn (Autoimmune Hepatitis - AIH).,Nhiễm virus CMV/EBV.,Bệnh Wilson.,Viêm gan do thuốc.,,a,"Bệnh cảnh một phụ nữ trẻ có biểu hiện viêm gan nặng (tăng men gan rất cao, suy chức năng gan), đã loại trừ các nguyên nhân do virus, nhưng có tăng gamma-globulin và các tự kháng thể đặc hiệu (ANA, ASMA) ở hiệu giá cao là rất điển hình cho Viêm gan tự miễn."
noi-viem-gan-man-case-4-2,noi,Viêm gan mạn,Tiêu hoá,"Bệnh nhân nữ 25 tuổi, sinh viên, đến khám vì mệt mỏi và vàng da. Bệnh khởi phát khoảng 3 tháng nay với các triệu chứng mệt mỏi, đau khớp cổ tay, gối hai bên. Gần đây bệnh nhân thấy vàng da, vàng mắt tăng dần, nước tiểu sẫm màu. Bệnh nhân không uống rượu, không dùng thuốc gì, không có yếu tố nguy cơ phơi nhiễm virus viêm gan. Khám lâm sàng thấy vàng da, vàng mắt rõ, có một vài sao mạch ở ngực. Gan to 2 cm dưới sườn, chắc. Cận lâm sàng: AST 950 U/L, ALT 1100 U/L; Bilirubin toàn phần 150 µmol/L; Albumin 30 g/L, PT(INR) 1.5. Globulin máu tăng cao 50 g/L. Xét nghiệm HBsAg, anti-HCV, anti- HAV IgM, anti-HEV IgM đều âm tính. Xét nghiệm tự kháng thể cho kết quả kháng thể kháng nhân (ANA) và kháng thể kháng cơ trơn (ASMA) dương tính mạnh ở hiệu giá 1:640.",Cơ chế bệnh sinh của Viêm gan tự miễn là gì?,Nhiễm độc gan trực tiếp do một tác nhân từ môi trường.,Sự lắng đọng của các phức hợp miễn dịch trong các xoang gan.,Sự phá hủy đường mật do các tự kháng thể.,"Một đáp ứng miễn dịch qua trung gian tế bào T bất thường, tấn công nhầm vào các kháng nguyên trên bề mặt tế bào gan.",,d,"AIH là một bệnh lý trong đó hệ miễn dịch mất khả năng dung nạp với các kháng nguyên của bản thân tại gan. Các tế bào T tự phản ứng sẽ nhận diện nhầm các tế bào gan là vật lạ và khởi động một chuỗi phản ứng viêm, dẫn đến tổn thương và hoại tử tế bào gan."
noi-viem-gan-man-case-4-3,noi,Viêm gan mạn,Tiêu hoá,"Bệnh nhân nữ 25 tuổi, sinh viên, đến khám vì mệt mỏi và vàng da. Bệnh khởi phát khoảng 3 tháng nay với các triệu chứng mệt mỏi, đau khớp cổ tay, gối hai bên. Gần đây bệnh nhân thấy vàng da, vàng mắt tăng dần, nước tiểu sẫm màu. Bệnh nhân không uống rượu, không dùng thuốc gì, không có yếu tố nguy cơ phơi nhiễm virus viêm gan. Khám lâm sàng thấy vàng da, vàng mắt rõ, có một vài sao mạch ở ngực. Gan to 2 cm dưới sườn, chắc. Cận lâm sàng: AST 950 U/L, ALT 1100 U/L; Bilirubin toàn phần 150 µmol/L; Albumin 30 g/L, PT(INR) 1.5. Globulin máu tăng cao 50 g/L. Xét nghiệm HBsAg, anti-HCV, anti- HAV IgM, anti-HEV IgM đều âm tính. Xét nghiệm tự kháng thể cho kết quả kháng thể kháng nhân (ANA) và kháng thể kháng cơ trơn (ASMA) dương tính mạnh ở hiệu giá 1:640.",Đặc điểm nào sau đây là điển hình của Viêm gan tự miễn type 1?,Có sự hiện diện của kháng thể kháng nhân (ANA) và/hoặc kháng thể kháng cơ trơn (ASMA).,Luôn có đáp ứng tốt với thuốc kháng virus.,Chủ yếu gặp ở nam giới lớn tuổi.,Có sự hiện diện của kháng thể kháng ty thể (AMA).,,a,"Viêm gan tự miễn type 1 là thể phổ biến nhất, đặc trưng bởi sự hiện diện của ANA và/hoặc ASMA. Nó có thể xảy ra ở mọi lứa tuổi nhưng thường gặp nhất ở phụ nữ trẻ và trung niên. AMA là kháng thể đặc trưng cho viêm đường mật nguyên phát."
noi-viem-gan-man-case-4-4,noi,Viêm gan mạn,Tiêu hoá,"Bệnh nhân nữ 25 tuổi, sinh viên, đến khám vì mệt mỏi và vàng da. Bệnh khởi phát khoảng 3 tháng nay với các triệu chứng mệt mỏi, đau khớp cổ tay, gối hai bên. Gần đây bệnh nhân thấy vàng da, vàng mắt tăng dần, nước tiểu sẫm màu. Bệnh nhân không uống rượu, không dùng thuốc gì, không có yếu tố nguy cơ phơi nhiễm virus viêm gan. Khám lâm sàng thấy vàng da, vàng mắt rõ, có một vài sao mạch ở ngực. Gan to 2 cm dưới sườn, chắc. Cận lâm sàng: AST 950 U/L, ALT 1100 U/L; Bilirubin toàn phần 150 µmol/L; Albumin 30 g/L, PT(INR) 1.5. Globulin máu tăng cao 50 g/L. Xét nghiệm HBsAg, anti-HCV, anti- HAV IgM, anti-HEV IgM đều âm tính. Xét nghiệm tự kháng thể cho kết quả kháng thể kháng nhân (ANA) và kháng thể kháng cơ trơn (ASMA) dương tính mạnh ở hiệu giá 1:640.",Thăm dò nào sau đây có giá trị cao trong việc khẳng định chẩn đoán và đánh giá mức độ nặng của bệnh?,Chụp MRI đường mật.,Siêu âm Doppler gan.,Sinh thiết gan.,Đo nồng độ đồng trong máu.,,c,"Sinh thiết gan đóng vai trò rất quan trọng trong AIH. Nó không chỉ giúp loại trừ các chẩn đoán khác mà còn cho thấy các hình ảnh mô bệnh học đặc trưng như thâm nhiễm dày đặc tương bào ở khoảng cửa và ""viêm vùng gian tiếp"" (interface hepatitis), đồng thời cho phép đánh giá chính xác giai đoạn xơ hóa."
noi-viem-gan-man-case-4-5,noi,Viêm gan mạn,Tiêu hoá,"Bệnh nhân nữ 25 tuổi, sinh viên, đến khám vì mệt mỏi và vàng da. Bệnh khởi phát khoảng 3 tháng nay với các triệu chứng mệt mỏi, đau khớp cổ tay, gối hai bên. Gần đây bệnh nhân thấy vàng da, vàng mắt tăng dần, nước tiểu sẫm màu. Bệnh nhân không uống rượu, không dùng thuốc gì, không có yếu tố nguy cơ phơi nhiễm virus viêm gan. Khám lâm sàng thấy vàng da, vàng mắt rõ, có một vài sao mạch ở ngực. Gan to 2 cm dưới sườn, chắc. Cận lâm sàng: AST 950 U/L, ALT 1100 U/L; Bilirubin toàn phần 150 µmol/L; Albumin 30 g/L, PT(INR) 1.5. Globulin máu tăng cao 50 g/L. Xét nghiệm HBsAg, anti-HCV, anti- HAV IgM, anti-HEV IgM đều âm tính. Xét nghiệm tự kháng thể cho kết quả kháng thể kháng nhân (ANA) và kháng thể kháng cơ trơn (ASMA) dương tính mạnh ở hiệu giá 1:640.",Nền tảng của việc điều trị để gây lui bệnh ở bệnh nhân Viêm gan tự miễn là gì?,Ursodeoxycholic acid (UDCA).,Chế độ ăn không chứa gluten.,Ghép gan.,"Liệu pháp ức chế miễn dịch (thường là Prednisolone, có thể kết hợp với Azathioprine).",,d,"Mục tiêu điều trị là dập tắt phản ứng viêm tự miễn. Liệu pháp ức chế miễn dịch là nền tảng, với phác đồ kinh điển là sử dụng corticoid (Prednisolone) liều cao ban đầu để kiểm soát nhanh tình trạng viêm, sau đó có thể phối hợp với Azathioprine để giảm liều corticoid và duy trì sự lui bệnh lâu dài, tránh các tác dụng phụ của corticoid."
noi-viem-gan-man-case-5-1,noi,Viêm gan mạn,Tiêu hoá,"Bệnh nhân nam 58 tuổi, bị đái tháo đường type 2, béo phì (BMI 33 kg/m²) và rối loạn lipid máu, đến khám vì mệt mỏi. Bệnh nhân không uống rượu. Khám lâm sàng không có dấu hiệu đặc biệt ngoài thừa cân. Gan không to. Cận lâm sàng: AST 88 U/L, ALT 105 U/L. HBsAg và anti-HCV âm tính. Siêu âm bụng cho thấy gan nhiễm mỡ mức độ nặng. Bệnh nhân được chỉ định đo độ đàn hồi gan (FibroScan) với đầu dò XL, kết quả đo độ cứng là 15.0 kPa (F4) và chỉ số CAP (đo độ nhiễm mỡ) là 350 dB/m (S3).",Chẩn đoán nguyên nhân gây bệnh gan mạn tính ở bệnh nhân này là gì?,Bệnh gan do rượu.,Bệnh ứ sắt di truyền.,Viêm gan tự miễn.,Viêm gan nhiễm mỡ không do rượu (NASH).,,d,"Bệnh nhân có đầy đủ các yếu tố của hội chứng chuyển hóa (béo phì, đái tháo đường), có bằng chứng gan nhiễm mỡ và viêm gan (tăng men gan), đã loại trừ các nguyên nhân khác. Đây là bệnh cảnh điển hình của Viêm gan nhiễm mỡ không do rượu (NASH)."
noi-viem-gan-man-case-5-2,noi,Viêm gan mạn,Tiêu hoá,"Bệnh nhân nam 58 tuổi, bị đái tháo đường type 2, béo phì (BMI 33 kg/m²) và rối loạn lipid máu, đến khám vì mệt mỏi. Bệnh nhân không uống rượu. Khám lâm sàng không có dấu hiệu đặc biệt ngoài thừa cân. Gan không to. Cận lâm sàng: AST 88 U/L, ALT 105 U/L. HBsAg và anti-HCV âm tính. Siêu âm bụng cho thấy gan nhiễm mỡ mức độ nặng. Bệnh nhân được chỉ định đo độ đàn hồi gan (FibroScan) với đầu dò XL, kết quả đo độ cứng là 15.0 kPa (F4) và chỉ số CAP (đo độ nhiễm mỡ) là 350 dB/m (S3).",Cơ chế bệnh sinh chính dẫn đến NASH và xơ hóa gan là gì?,Phản ứng viêm qua trung gian tự miễn dịch.,Sự tích hợp của bộ gen virus vào tế bào gan.,"Tình trạng kháng insulin, gây tích tụ mỡ trong gan (nhiễm độc mỡ), dẫn đến stress oxy hóa, viêm và cuối cùng là xơ hóa.",Sự lắng đọng đồng trong gan.,,c,"NASH được xem là biểu hiện tại gan của hội chứng chuyển hóa. Kháng insulin là yếu tố trung tâm, dẫn đến tăng phân giải mỡ ở mô ngoại vi và tăng tân tạo mỡ tại gan, gây tích tụ mỡ. Tình trạng ""nhiễm độc mỡ"" (lipotoxicity) này gây stress oxy hóa, rối loạn chức năng ty thể, kích hoạt các con đường gây viêm và cuối cùng là hoạt hóa tế bào hình sao, dẫn đến xơ hóa. aspx?sourcedoc={186352b6-90cf-40c9-ba19-ae84e248ef20}&action=vie… 2/9"
noi-viem-gan-man-case-5-3,noi,Viêm gan mạn,Tiêu hoá,"Bệnh nhân nam 58 tuổi, bị đái tháo đường type 2, béo phì (BMI 33 kg/m²) và rối loạn lipid máu, đến khám vì mệt mỏi. Bệnh nhân không uống rượu. Khám lâm sàng không có dấu hiệu đặc biệt ngoài thừa cân. Gan không to. Cận lâm sàng: AST 88 U/L, ALT 105 U/L. HBsAg và anti-HCV âm tính. Siêu âm bụng cho thấy gan nhiễm mỡ mức độ nặng. Bệnh nhân được chỉ định đo độ đàn hồi gan (FibroScan) với đầu dò XL, kết quả đo độ cứng là 15.0 kPa (F4) và chỉ số CAP (đo độ nhiễm mỡ) là 350 dB/m (S3).",Tình trạng gan nhiễm mỡ đơn thuần (NAFL) và viêm gan nhiễm mỡ (NASH) khác nhau ở điểm nào? https://onedrive.live.com/personal/2672550e42ddc7d4/_layouts/15/Doc,Sự hiện diện của tình trạng viêm và tổn thương tế bào gan (phồng bào) trên mô bệnh học ở NASH.,Nồng độ men gan.,Tuổi của bệnh nhân.,Mức độ nhiễm mỡ trên siêu âm.,,a,"Đây là điểm khác biệt cốt lõi và chỉ có thể xác định chắc chắn bằng sinh thiết gan. NAFL chỉ có nhiễm mỡ đơn thuần, nguy cơ tiến triển thấp. NASH, ngoài nhiễm mỡ, còn có bằng chứng của viêm tiểu thùy và tổn thương tế bào gan (phồng bào), và có nguy cơ cao tiến triển thành xơ gan và ung thư gan."
noi-viem-gan-man-case-5-4,noi,Viêm gan mạn,Tiêu hoá,"Bệnh nhân nam 58 tuổi, bị đái tháo đường type 2, béo phì (BMI 33 kg/m²) và rối loạn lipid máu, đến khám vì mệt mỏi. Bệnh nhân không uống rượu. Khám lâm sàng không có dấu hiệu đặc biệt ngoài thừa cân. Gan không to. Cận lâm sàng: AST 88 U/L, ALT 105 U/L. HBsAg và anti-HCV âm tính. Siêu âm bụng cho thấy gan nhiễm mỡ mức độ nặng. Bệnh nhân được chỉ định đo độ đàn hồi gan (FibroScan) với đầu dò XL, kết quả đo độ cứng là 15.0 kPa (F4) và chỉ số CAP (đo độ nhiễm mỡ) là 350 dB/m (S3).",Bệnh nhân này đã có xơ gan (F4). Biến chứng tim mạch nào là nguyên nhân gây tử vong hàng đầu ở bệnh nhân NAFLD/NASH?,Suy gan cấp.,Vỡ giãn tĩnh mạch thực quản.,Ung thư gan.,Bệnh mạch vành.,,d,"Mặc dù NAFLD/NASH có thể gây ra các biến chứng nghiêm trọng tại gan, nhưng do có chung các yếu tố nguy cơ của hội chứng chuyển hóa, bệnh nhân NAFLD/NASH có nguy cơ tử vong do các bệnh lý tim mạch (nhồi máu cơ tim, đột quỵ) cao hơn so với tử vong do bệnh gan."
noi-viem-gan-man-case-5-5,noi,Viêm gan mạn,Tiêu hoá,"Bệnh nhân nam 58 tuổi, bị đái tháo đường type 2, béo phì (BMI 33 kg/m²) và rối loạn lipid máu, đến khám vì mệt mỏi. Bệnh nhân không uống rượu. Khám lâm sàng không có dấu hiệu đặc biệt ngoài thừa cân. Gan không to. Cận lâm sàng: AST 88 U/L, ALT 105 U/L. HBsAg và anti-HCV âm tính. Siêu âm bụng cho thấy gan nhiễm mỡ mức độ nặng. Bệnh nhân được chỉ định đo độ đàn hồi gan (FibroScan) với đầu dò XL, kết quả đo độ cứng là 15.0 kPa (F4) và chỉ số CAP (đo độ nhiễm mỡ) là 350 dB/m (S3).",Can thiệp nào được xem là nền tảng và hiệu quả nhất để điều trị NASH và làm thoái lui xơ hóa?,Phẫu thuật thu nhỏ dạ dày.,Giảm cân thông qua thay đổi lối sống (chế độ ăn và tập thể dục).,Dùng thuốc kháng virus.,Dùng thuốc hạ mỡ máu Statin.,,b,"Thay đổi lối sống là can thiệp hàng đầu. Việc giảm được ít nhất 7-10% trọng lượng cơ thể đã được chứng minh là có thể cải thiện tình trạng viêm, tổn thương tế bào gan và thậm chí làm thoái triển xơ hóa. Việc này đòi hỏi sự kết hợp giữa chế độ ăn lành mạnh (ví dụ Địa Trung Hải) và tăng cường hoạt động thể lực."
noi-viem-gan-man-case-6-1,noi,Viêm gan mạn,Tiêu hoá,"Bệnh nhân nam 48 tuổi, tiền sử viêm gan B mạn đang điều trị bằng Tenofovir disoproxil fumarate (TDF) 300mg/ngày được 5 năm, HBV DNA dưới ngưỡng phát hiện, ALT bình thường. Bệnh nhân đến khám định kỳ và than phiền có đau mỏi xương khớp. Xét nghiệm kiểm tra chức năng thận có Creatinin 130 µmol/L (mức lọc cầu thận eGFR giảm còn 55 mL/phút/1.73m²), Phosphat máu giảm. Đo mật độ xương cho thấy có tình trạng thiếu xương.",Tình trạng suy giảm chức năng thận và các vấn đề về xương của bệnh nhân có thể là tác dụng phụ của thuốc nào?,Do virus HBV gây ra.,Tenofovir disoproxil fumarate (TDF).,Do chế độ ăn của bệnh nhân.,"Không liên quan đến thuốc, đây là diễn tiến tự nhiên của bệnh.",,b,"Độc tính trên thận (suy thận, hội chứng Fanconi) và giảm mật độ khoáng của xương là những tác dụng phụ đã được ghi nhận rõ của TDF, đặc biệt ở những bệnh nhân có yếu tố nguy cơ (lớn tuổi, có bệnh thận nền)."
noi-viem-gan-man-case-6-2,noi,Viêm gan mạn,Tiêu hoá,"Bệnh nhân nam 48 tuổi, tiền sử viêm gan B mạn đang điều trị bằng Tenofovir disoproxil fumarate (TDF) 300mg/ngày được 5 năm, HBV DNA dưới ngưỡng phát hiện, ALT bình thường. Bệnh nhân đến khám định kỳ và than phiền có đau mỏi xương khớp. Xét nghiệm kiểm tra chức năng thận có Creatinin 130 µmol/L (mức lọc cầu thận eGFR giảm còn 55 mL/phút/1.73m²), Phosphat máu giảm. Đo mật độ xương cho thấy có tình trạng thiếu xương.",Cơ chế nào gây ra độc tính trên thận và xương của TDF?,Gây ra một phản ứng viêm tự miễn ở thận và xương.,Ức chế sự hấp thu calci ở ruột.,Gây lắng đọng các tinh thể thuốc trong ống thận và tủy xương.,"Gây rối loạn chức năng ty thể ở các tế bào ống lượn gần của thận, dẫn đến hội chứng Fanconi và tăng thải phosphat, đồng thời ảnh hưởng đến chuyển hóa xương.",,d,"TDF có thể tích tụ trong các tế bào ống lượn gần, gây tổn thương ty thể và rối loạn chức năng của chúng. Điều này dẫn đến giảm tái hấp thu các chất như glucose, acid amin, và đặc biệt là phosphat. Mất phosphat qua nước tiểu kéo dài sẽ dẫn đến hạ phosphat máu và các bệnh lý về xương như nhuyễn xương, loãng xương."
noi-viem-gan-man-case-6-3,noi,Viêm gan mạn,Tiêu hoá,"Bệnh nhân nam 48 tuổi, tiền sử viêm gan B mạn đang điều trị bằng Tenofovir disoproxil fumarate (TDF) 300mg/ngày được 5 năm, HBV DNA dưới ngưỡng phát hiện, ALT bình thường. Bệnh nhân đến khám định kỳ và than phiền có đau mỏi xương khớp. Xét nghiệm kiểm tra chức năng thận có Creatinin 130 µmol/L (mức lọc cầu thận eGFR giảm còn 55 mL/phút/1.73m²), Phosphat máu giảm. Đo mật độ xương cho thấy có tình trạng thiếu xương.","Đối với bệnh nhân này, hướng xử trí nào là phù hợp nhất để giảm thiểu các tác dụng phụ?","Chuyển đổi từ TDF sang một thuốc NAs khác có độc tính trên thận và xương thấp hơn, như Tenofovir alafenamide (TAF) hoặc Entecavir.",Giảm liều TDF xuống một nửa.,Ngừng hoàn toàn việc điều trị kháng virus.,Thêm một thuốc bảo vệ thận vào phác đồ.,,a,"Việc chuyển sang một thuốc khác có hiệu quả tương đương nhưng an toàn hơn cho thận và xương là chiến lược tối ưu. TAF là một tiền chất mới của Tenofovir, được thiết kế để giảm nồng độ thuốc trong máu và do đó giảm độc tính. Entecavir cũng là một lựa chọn thay thế tốt. Ngừng điều trị có thể gây bùng phát viêm gan."
noi-viem-gan-man-case-6-4,noi,Viêm gan mạn,Tiêu hoá,"Bệnh nhân nam 48 tuổi, tiền sử viêm gan B mạn đang điều trị bằng Tenofovir disoproxil fumarate (TDF) 300mg/ngày được 5 năm, HBV DNA dưới ngưỡng phát hiện, ALT bình thường. Bệnh nhân đến khám định kỳ và than phiền có đau mỏi xương khớp. Xét nghiệm kiểm tra chức năng thận có Creatinin 130 µmol/L (mức lọc cầu thận eGFR giảm còn 55 mL/phút/1.73m²), Phosphat máu giảm. Đo mật độ xương cho thấy có tình trạng thiếu xương.",Tenofovir alafenamide (TAF) có ưu điểm gì so với TDF?,Rẻ tiền hơn.,Có hiệu lực kháng virus mạnh hơn.,"Duy trì nồng độ cao trong tế bào gan nhưng nồng độ trong huyết tương thấp hơn, do đó giảm phơi nhiễm cho thận và xương.",Có rào cản đề kháng cao hơn.,,c,"Đây là ưu điểm dược động học chính của TAF. Nó ổn định hơn trong huyết tương và được chuyển hóa thành dạng hoạt động chủ yếu bên trong tế bào gan. Điều này cho phép sử dụng liều thấp hơn nhiều (25mg TAF so với 300mg TDF) mà vẫn đạt hiệu quả kháng virus tương đương, trong khi giảm đáng kể nồng độ thuốc lưu hành trong máu và giảm gánh nặng cho thận và xương."
noi-viem-gan-man-case-6-5,noi,Viêm gan mạn,Tiêu hoá,"Bệnh nhân nam 48 tuổi, tiền sử viêm gan B mạn đang điều trị bằng Tenofovir disoproxil fumarate (TDF) 300mg/ngày được 5 năm, HBV DNA dưới ngưỡng phát hiện, ALT bình thường. Bệnh nhân đến khám định kỳ và than phiền có đau mỏi xương khớp. Xét nghiệm kiểm tra chức năng thận có Creatinin 130 µmol/L (mức lọc cầu thận eGFR giảm còn 55 mL/phút/1.73m²), Phosphat máu giảm. Đo mật độ xương cho thấy có tình trạng thiếu xương.","Ngoài theo dõi chức năng thận và xương, bệnh nhân viêm gan B mạn điều trị lâu dài cần được theo dõi định kỳ vấn đề gì?",Công thức máu.,Nồng độ vitamin B12.,Chức năng tuyến giáp.,Sàng lọc ung thư gan.,,d,"Việc điều trị kháng virus giúp giảm đáng kể nguy cơ ung thư gan, nhưng không loại bỏ hoàn toàn. Do đó, tất cả bệnh nhân viêm gan B mạn, kể cả những người đang điều trị và có đáp ứng tốt, vẫn phải tiếp tục được sàng lọc HCC định kỳ mỗi 6 tháng bằng siêu âm bụng."
noi-viem-gan-man-case-7-1,noi,Viêm gan mạn,Tiêu hoá,"Bệnh nhân nam 40 tuổi, tiền sử viêm gan B mạn, HBeAg âm tính, đã ngưng điều trị bằng Entecavir cách đây 1 năm do tự ý. Nay bệnh nhân vào viện vì mệt mỏi và vàng da cấp tính. Bệnh nhân sốt nhẹ, buồn nôn. Khám thấy vàng da, vàng mắt đậm, gan to và đau. Cận lâm sàng: AST 1500 U/L, ALT 2200 U/L; Bilirubin toàn phần 280 µmol/L; PT(INR) 2.2. HBsAg dương tính, anti- HBc IgM dương tính, HBV DNA > 10⁸ IU/mL. Anti-HCV và anti-HAV IgM âm tính.",Tình trạng của bệnh nhân được chẩn đoán là gì?,Viêm gan cấp do virus A.,Nhiễm độc gan do thuốc.,Đợt bùng phát cấp tính của viêm gan B mạn.,Viêm gan tự miễn.,,c,"Bệnh cảnh một bệnh nhân có nền viêm gan B mạn, đột ngột xuất hiện các triệu chứng và xét nghiệm của một viêm gan cấp nặng là điển hình cho một đợt bùng phát cấp (acute flare) hay còn gọi là đợt kịch phát của viêm gan B mạn."
noi-viem-gan-man-case-7-2,noi,Viêm gan mạn,Tiêu hoá,"Bệnh nhân nam 40 tuổi, tiền sử viêm gan B mạn, HBeAg âm tính, đã ngưng điều trị bằng Entecavir cách đây 1 năm do tự ý. Nay bệnh nhân vào viện vì mệt mỏi và vàng da cấp tính. Bệnh nhân sốt nhẹ, buồn nôn. Khám thấy vàng da, vàng mắt đậm, gan to và đau. Cận lâm sàng: AST 1500 U/L, ALT 2200 U/L; Bilirubin toàn phần 280 µmol/L; PT(INR) 2.2. HBsAg dương tính, anti- HBc IgM dương tính, HBV DNA > 10⁸ IU/mL. Anti-HCV và anti-HAV IgM âm tính.",Cơ chế nào gây ra đợt bùng phát cấp tính ở bệnh nhân này?,"Do sự tái hoạt động mạnh mẽ của virus sau khi ngừng thuốc kháng virus, dẫn đến một phản ứng miễn dịch dữ dội.",Do tác dụng độc trực tiếp của virus lên tế bào gan.,Do virus đột biến thành một chủng nguy hiểm hơn.,Do bội nhiễm một loại virus khác.,,a,"Khi ngưng thuốc kháng virus, sự kiềm hãm virus bị mất đi, dẫn đến sự nhân lên không kiểm soát của HBV. Hệ miễn dịch của bệnh nhân, vốn đã được ""nghỉ ngơi"" trong thời gian điều trị, nay nhận diện lại sự hiện diện của virus và phản ứng một cách quá mức, gây ra tình trạng viêm và hoại tử tế bào gan ồ ạt."
noi-viem-gan-man-case-7-3,noi,Viêm gan mạn,Tiêu hoá,"Bệnh nhân nam 40 tuổi, tiền sử viêm gan B mạn, HBeAg âm tính, đã ngưng điều trị bằng Entecavir cách đây 1 năm do tự ý. Nay bệnh nhân vào viện vì mệt mỏi và vàng da cấp tính. Bệnh nhân sốt nhẹ, buồn nôn. Khám thấy vàng da, vàng mắt đậm, gan to và đau. Cận lâm sàng: AST 1500 U/L, ALT 2200 U/L; Bilirubin toàn phần 280 µmol/L; PT(INR) 2.2. HBsAg dương tính, anti- HBc IgM dương tính, HBV DNA > 10⁸ IU/mL. Anti-HCV và anti-HAV IgM âm tính.",Dấu hiệu nào trong xét nghiệm huyết thanh giúp phân biệt một đợt bùng phát của viêm gan B mạn với một trường hợp viêm gan B cấp thực sự?,Nồng độ HBsAg.,Sự hiện diện của anti-HBc IgM.,Nồng độ ALT.,Sự hiện diện của anti-HBc IgG (tuy nhiên anti-HBc IgM cũng có thể dương tính trong đợt bùng phát).,,d,"Đây là một điểm khó trong chẩn đoán. Cả viêm gan B cấp và đợt bùng phát của thể mạn đều có thể có anti-HBc IgM dương tính. Tuy nhiên, sự hiện diện của anti-HBc IgG với nồng độ cao (hoặc biết trước bệnh nhân đã nhiễm mạn) sẽ khẳng định đây là một đợt bùng phát trên nền mạn tính. Trong thực tế, bối cảnh lâm sàng (tiền sử nhiễm mạn, ngưng thuốc) là yếu tố quyết định."
noi-viem-gan-man-case-7-4,noi,Viêm gan mạn,Tiêu hoá,"Bệnh nhân nam 40 tuổi, tiền sử viêm gan B mạn, HBeAg âm tính, đã ngưng điều trị bằng Entecavir cách đây 1 năm do tự ý. Nay bệnh nhân vào viện vì mệt mỏi và vàng da cấp tính. Bệnh nhân sốt nhẹ, buồn nôn. Khám thấy vàng da, vàng mắt đậm, gan to và đau. Cận lâm sàng: AST 1500 U/L, ALT 2200 U/L; Bilirubin toàn phần 280 µmol/L; PT(INR) 2.2. HBsAg dương tính, anti- HBc IgM dương tính, HBV DNA > 10⁸ IU/mL. Anti-HCV và anti-HAV IgM âm tính.",Tình trạng INR > 1.5 và có biểu hiện bệnh não gan (nếu có) ở một bệnh nhân viêm gan được gọi là gì?,Hội chứng gan thận.,Viêm gan mạn tính.,Suy gan cấp (Acute Liver Failure - ALF).,Xơ gan mất bù.,,c,"Suy gan cấp được định nghĩa là tình trạng rối loạn đông máu nặng (INR ≥ 1.5) và có bệnh não gan ở một bệnh nhân không có tiền sử bệnh gan mạn tính trước đó. Thuật ngữ ""suy gan cấp trên nền mạn"" (ACLF) được dùng cho bệnh nhân đã có bệnh gan mạn nền (như bệnh nhân này) bị một yếu tố thúc đẩy cấp tính gây suy gan. aspx?sourcedoc={186352b6-90cf-40c9-ba19-ae84e248ef20}&action=vie… 3/9"
noi-viem-gan-man-case-7-5,noi,Viêm gan mạn,Tiêu hoá,"Bệnh nhân nam 40 tuổi, tiền sử viêm gan B mạn, HBeAg âm tính, đã ngưng điều trị bằng Entecavir cách đây 1 năm do tự ý. Nay bệnh nhân vào viện vì mệt mỏi và vàng da cấp tính. Bệnh nhân sốt nhẹ, buồn nôn. Khám thấy vàng da, vàng mắt đậm, gan to và đau. Cận lâm sàng: AST 1500 U/L, ALT 2200 U/L; Bilirubin toàn phần 280 µmol/L; PT(INR) 2.2. HBsAg dương tính, anti- HBc IgM dương tính, HBV DNA > 10⁸ IU/mL. Anti-HCV và anti-HAV IgM âm tính.",Hướng xử trí ngay lập tức cho bệnh nhân này là gì?,Bắt đầu lại ngay lập tức một thuốc kháng virus NAs hiệu lực cao (Entecavir hoặc Tenofovir).,Dùng corticoid liều cao.,Trao đổi huyết tương. https://onedrive.live.com/personal/2672550e42ddc7d4/_layouts/15/Doc,Theo dõi và chờ đợi.,,a,"Việc bắt đầu lại ngay lập tức thuốc kháng virus là cực kỳ quan trọng. Nó giúp nhanh chóng ức chế sự nhân lên của virus, từ đó làm giảm gánh nặng kháng nguyên và cho phép phản ứng miễn dịch lắng dịu, giúp hạn chế tổn thương gan và cải thiện khả năng sống còn. Bệnh nhân cũng cần được nhập viện và theo dõi sát các dấu hiệu của suy gan cấp để có thể can thiệp kịp thời, bao gồm cả việc xem xét ghép gan cấp cứu."
noi-viem-gan-man-case-8-1,noi,Viêm gan mạn,Tiêu hoá,"Bệnh nhân nam 38 tuổi, người Hy Lạp, được biết có HBsAg dương tính từ lâu. Bệnh nhân nhập viện vì vàng da và cổ trướng tiến triển nhanh. Bệnh nhân có tiền sử tiêm chích ma túy. Khám lâm sàng có các dấu hiệu của xơ gan mất bù. Xét nghiệm: HBsAg dương tính, HBV DNA ở mức trung bình. Bác sĩ nghi ngờ có đồng nhiễm và chỉ định làm xét nghiệm anti-HDV (kháng thể kháng virus viêm gan D). Kết quả anti-HDV tổng số dương tính và HDV RNA dương tính.",Tình trạng của bệnh nhân được gọi là gì?,Đồng nhiễm HBV và HCV.,Tái hoạt động viêm gan B.,Đồng nhiễm (hoặc bội nhiễm) HBV và HDV.,Viêm gan B mạn đơn thuần.,,c,"Sự hiện diện của cả HBsAg và các dấu ấn của HDV (anti-HDV, HDV RNA) xác nhận chẩn đoán đồng nhiễm HBV và HDV. Bệnh cảnh lâm sàng nặng và tiến triển nhanh là rất gợi ý đến tình trạng này."
noi-viem-gan-man-case-8-2,noi,Viêm gan mạn,Tiêu hoá,"Bệnh nhân nam 38 tuổi, người Hy Lạp, được biết có HBsAg dương tính từ lâu. Bệnh nhân nhập viện vì vàng da và cổ trướng tiến triển nhanh. Bệnh nhân có tiền sử tiêm chích ma túy. Khám lâm sàng có các dấu hiệu của xơ gan mất bù. Xét nghiệm: HBsAg dương tính, HBV DNA ở mức trung bình. Bác sĩ nghi ngờ có đồng nhiễm và chỉ định làm xét nghiệm anti-HDV (kháng thể kháng virus viêm gan D). Kết quả anti-HDV tổng số dương tính và HDV RNA dương tính.",Virus viêm gan D (HDV) có đặc điểm sinh học gì đặc biệt?,Có thể gây bệnh độc lập mà không cần virus khác.,Là một DNA virus hoàn chỉnh.,Lây truyền chủ yếu qua đường ăn uống.,"Là một virus RNA không hoàn chỉnh, cần có HBsAg của HBV để có thể sao chép và lây nhiễm.",,d,"HDV là một ""virus vệ tinh"". Nó có bộ gen RNA riêng nhưng không thể tự tạo ra lớp vỏ bao của mình. Nó phải ""mượn"" vỏ bao là kháng nguyên bề mặt của HBV (HBsAg) để tạo thành một virion hoàn chỉnh, có khả năng lây nhiễm cho các tế bào gan khác. Do đó, HDV chỉ có thể gây bệnh ở những người đang có HBsAg dương tính."
noi-viem-gan-man-case-8-3,noi,Viêm gan mạn,Tiêu hoá,"Bệnh nhân nam 38 tuổi, người Hy Lạp, được biết có HBsAg dương tính từ lâu. Bệnh nhân nhập viện vì vàng da và cổ trướng tiến triển nhanh. Bệnh nhân có tiền sử tiêm chích ma túy. Khám lâm sàng có các dấu hiệu của xơ gan mất bù. Xét nghiệm: HBsAg dương tính, HBV DNA ở mức trung bình. Bác sĩ nghi ngờ có đồng nhiễm và chỉ định làm xét nghiệm anti-HDV (kháng thể kháng virus viêm gan D). Kết quả anti-HDV tổng số dương tính và HDV RNA dương tính.","So với nhiễm HBV đơn thuần, diễn tiến của bệnh ở bệnh nhân đồng nhiễm HDV thường như thế nào?",Chỉ gây ra viêm gan cấp tự giới hạn.,Tương tự như nhiễm HBV đơn thuần.,"Nặng hơn, tiến triển đến xơ gan và ung thư gan nhanh hơn và ở tỷ lệ cao hơn.",Nhẹ hơn và ít khi trở thành mạn tính.,,c,Nhiễm HDV được xem là thể bệnh nặng nhất trong các loại viêm gan virus mạn tính. Quá trình viêm và xơ hóa diễn ra nhanh hơn nhiều so với nhiễm HBV đơn thuần. Bệnh nhân có nguy cơ bị xơ gan mất bù và ung thư gan sớm hơn đáng kể.
noi-viem-gan-man-case-8-4,noi,Viêm gan mạn,Tiêu hoá,"Bệnh nhân nam 38 tuổi, người Hy Lạp, được biết có HBsAg dương tính từ lâu. Bệnh nhân nhập viện vì vàng da và cổ trướng tiến triển nhanh. Bệnh nhân có tiền sử tiêm chích ma túy. Khám lâm sàng có các dấu hiệu của xơ gan mất bù. Xét nghiệm: HBsAg dương tính, HBV DNA ở mức trung bình. Bác sĩ nghi ngờ có đồng nhiễm và chỉ định làm xét nghiệm anti-HDV (kháng thể kháng virus viêm gan D). Kết quả anti-HDV tổng số dương tính và HDV RNA dương tính.",Yếu tố nguy cơ nào sau đây là phổ biến nhất cho việc lây nhiễm HDV?,Truyền máu trước năm 1992.,Tiêm chích ma túy.,Sống ở vùng Đông Nam Á.,Quan hệ tình dục không an toàn.,,b,"HDV lây truyền qua đường máu và các dịch cơ thể, tương tự như HBV. Do đó, các nhóm nguy cơ cao bao gồm người tiêm chích ma túy, người nhận các chế phẩm máu không an toàn, và quan hệ tình dục không bảo vệ. Tiêm chích ma túy là đường lây phổ biến nhất ở nhiều khu vực."
noi-viem-gan-man-case-8-5,noi,Viêm gan mạn,Tiêu hoá,"Bệnh nhân nam 38 tuổi, người Hy Lạp, được biết có HBsAg dương tính từ lâu. Bệnh nhân nhập viện vì vàng da và cổ trướng tiến triển nhanh. Bệnh nhân có tiền sử tiêm chích ma túy. Khám lâm sàng có các dấu hiệu của xơ gan mất bù. Xét nghiệm: HBsAg dương tính, HBV DNA ở mức trung bình. Bác sĩ nghi ngờ có đồng nhiễm và chỉ định làm xét nghiệm anti-HDV (kháng thể kháng virus viêm gan D). Kết quả anti-HDV tổng số dương tính và HDV RNA dương tính.",Lựa chọn điều trị nào hiện được coi là hiệu quả nhất (mặc dù còn hạn chế) cho viêm gan D mạn tính?,"Các thuốc NAs (Entecavir, Tenofovir).","Các thuốc DAAs (Sofosbuvir, Daclatasvir).",Ribavirin đơn trị liệu.,Pegylated Interferon alfa (Peg-IFNα) trong thời gian dài (ít nhất 1 năm).,,d,"Các thuốc NAs (dùng cho HBV) không có tác dụng trực tiếp lên HDV. Các thuốc DAAs (dùng cho HCV) cũng không hiệu quả. Hiện tại, Peg-IFNα là liệu pháp duy nhất được phê duyệt và cho thấy có hiệu quả trong việc ức chế HDV RNA và cải thiện mô học gan, mặc dù tỷ lệ đáp ứng bền vững còn thấp và tác dụng phụ nhiều."
noi-viem-gan-man-case-9-1,noi,Viêm gan mạn,Tiêu hoá,"Bệnh nhân nữ 50 tuổi, tiền sử viêm gan C đã điều trị khỏi (đạt SVR) cách đây 3 năm. Bệnh nhân đến khám định kỳ. Siêu âm bụng phát hiện một khối u 2 cm ở gan phải. Bệnh nhân đã có xơ gan (F4) tại thời điểm bắt đầu điều trị HCV. Xét nghiệm AFP trong giới hạn bình thường. Chụp MRI xác nhận khối u có đặc điểm điển hình của HCC.",Tại sao bệnh nhân vẫn phát triển HCC dù đã chữa khỏi viêm gan C?,"Đây là một loại ung thư khác, không phải HCC.",Do virus HCV tái hoạt động.,Do thuốc điều trị HCV gây ung thư.,"Do gan đã ở giai đoạn xơ, nguy cơ sinh ung vẫn còn tồn tại mặc dù tác nhân gây viêm đã bị loại bỏ.",,d,"Đây là một khái niệm rất quan trọng trong thực hành. Việc đạt được SVR làm giảm đáng kể nguy cơ HCC, nhưng không xóa bỏ hoàn toàn nguy cơ, đặc biệt ở những người đã có xơ gan hoặc xơ hóa nặng (F3, F4) trước khi điều trị. Gan đã bị tổn thương cấu trúc và có những thay đổi tiền ung thư không thể đảo ngược."
noi-viem-gan-man-case-9-2,noi,Viêm gan mạn,Tiêu hoá,"Bệnh nhân nữ 50 tuổi, tiền sử viêm gan C đã điều trị khỏi (đạt SVR) cách đây 3 năm. Bệnh nhân đến khám định kỳ. Siêu âm bụng phát hiện một khối u 2 cm ở gan phải. Bệnh nhân đã có xơ gan (F4) tại thời điểm bắt đầu điều trị HCV. Xét nghiệm AFP trong giới hạn bình thường. Chụp MRI xác nhận khối u có đặc điểm điển hình của HCC.",Nguy cơ tồn dư của HCC sau khi đạt SVR ở bệnh nhân viêm gan C phụ thuộc chủ yếu vào yếu tố nào tại thời điểm bắt đầu điều trị?,Mức độ xơ hóa gan.,Tuổi của bệnh nhân.,Giới tính của bệnh nhân.,Genotype của virus.,,a,"Mức độ xơ hóa gan tại thời điểm bắt đầu điều trị là yếu tố dự báo mạnh mẽ nhất về nguy cơ HCC tồn dư. Bệnh nhân không có hoặc có xơ hóa nhẹ (F0-F2) có nguy cơ rất thấp sau khi đạt SVR, trong khi bệnh nhân có xơ hóa nặng hoặc xơ gan (F3-F4) vẫn còn nguy cơ đáng kể."
noi-viem-gan-man-case-9-3,noi,Viêm gan mạn,Tiêu hoá,"Bệnh nhân nữ 50 tuổi, tiền sử viêm gan C đã điều trị khỏi (đạt SVR) cách đây 3 năm. Bệnh nhân đến khám định kỳ. Siêu âm bụng phát hiện một khối u 2 cm ở gan phải. Bệnh nhân đã có xơ gan (F4) tại thời điểm bắt đầu điều trị HCV. Xét nghiệm AFP trong giới hạn bình thường. Chụp MRI xác nhận khối u có đặc điểm điển hình của HCC.",Lời khuyên nào là phù hợp nhất cho các bệnh nhân viêm gan C đã có xơ hóa nặng hoặc xơ gan sau khi điều trị khỏi?,Chỉ cần tầm soát khi có triệu chứng.,Có thể ngừng hoàn toàn việc theo dõi bệnh gan.,Chỉ cần kiểm tra men gan hàng năm.,Vẫn phải tiếp tục chương trình tầm soát HCC bằng siêu âm bụng mỗi 6 tháng suốt đời.,,d,"Do nguy cơ HCC vẫn còn, tất cả các hướng dẫn đều khuyến cáo rằng những bệnh nhân đã có xơ hóa gan tiến triển (F3) hoặc xơ gan (F4) phải tiếp tục được đưa vào chương trình tầm soát HCC suốt đời, ngay cả sau khi đã chữa khỏi viêm gan C."
noi-viem-gan-man-case-9-4,noi,Viêm gan mạn,Tiêu hoá,"Bệnh nhân nữ 50 tuổi, tiền sử viêm gan C đã điều trị khỏi (đạt SVR) cách đây 3 năm. Bệnh nhân đến khám định kỳ. Siêu âm bụng phát hiện một khối u 2 cm ở gan phải. Bệnh nhân đã có xơ gan (F4) tại thời điểm bắt đầu điều trị HCV. Xét nghiệm AFP trong giới hạn bình thường. Chụp MRI xác nhận khối u có đặc điểm điển hình của HCC.",Cơ chế nào giải thích cho việc nguy cơ HCC vẫn tồn tại sau khi loại bỏ HCV?,Do tác dụng phụ lâu dài của interferon (nếu đã dùng trước đây).,Do một loại virus khác gây ung thư.,"""Hiệu ứng cánh đồng"" (field effect), trong đó các biến đổi di truyền và biểu sinh gây ung thư đã tích lũy trong toàn bộ gan bị xơ và không thể đảo ngược hoàn toàn.",Do chế độ ăn uống của bệnh nhân.,,c,"Quá trình viêm mạn tính kéo dài nhiều năm đã gây ra một môi trường thuận lợi cho ung thư trên toàn bộ lá gan (hiệu ứng cánh đồng). Các tế bào gan đã tích lũy các đột biến và các thay đổi biểu sinh. Mặc dù việc loại bỏ virus sẽ làm giảm quá trình viêm mới, nhưng những thay đổi đã có sẵn này vẫn có thể tiếp tục thúc đẩy quá trình sinh ung."
noi-viem-gan-man-case-9-5,noi,Viêm gan mạn,Tiêu hoá,"Bệnh nhân nữ 50 tuổi, tiền sử viêm gan C đã điều trị khỏi (đạt SVR) cách đây 3 năm. Bệnh nhân đến khám định kỳ. Siêu âm bụng phát hiện một khối u 2 cm ở gan phải. Bệnh nhân đã có xơ gan (F4) tại thời điểm bắt đầu điều trị HCV. Xét nghiệm AFP trong giới hạn bình thường. Chụp MRI xác nhận khối u có đặc điểm điển hình của HCC.","Đối với khối u 2 cm, đơn độc ở bệnh nhân này (Child-Pugh A), phương pháp điều trị nào có khả năng chữa khỏi bệnh?",Phá hủy khối u tại chỗ (ví dụ: RFA) hoặc phẫu thuật cắt gan.,Điều trị lại bằng DAAs.,Hóa trị toàn thân.,Nút mạch hóa chất (TACE).,,a,"Do khối u được phát hiện ở giai đoạn rất sớm (BCLC 0), bệnh nhân là một ứng cử viên lý tưởng cho các phương pháp điều trị triệt để. Phá hủy khối u bằng sóng cao tần (RFA) hoặc vi sóng (MWA) là những lựa chọn ít xâm lấn và hiệu quả cao cho các khối u nhỏ. Phẫu thuật cắt gan cũng là một lựa chọn nếu vị trí và chức năng gan cho phép."
noi-viem-gan-man-case-10-1,noi,Viêm gan mạn,Tiêu hoá,"Bệnh nhân nam 20 tuổi, không có tiền sử bệnh gan, đến khám vì mệt mỏi và vàng da. Bệnh nhân có biểu hiện rối loạn tâm thần nhẹ, khó viết. Khám lâm sàng thấy vàng da, lách to. Khám mắt bằng đèn khe phát hiện có vòng Kayser-Fleischer ở rìa giác mạc hai bên. Cận lâm sàng: AST 250 U/L, ALT 300 U/L, Bilirubin tăng. Xét nghiệm đặc hiệu cho thấy nồng độ Ceruloplasmin https://onedrive.live.com/personal/2672550e42ddc7d4/_layouts/15/Doc trong huyết thanh giảm thấp, và nồng độ đồng trong nước tiểu 24 giờ tăng rất cao.",Chẩn đoán nguyên nhân gây viêm gan mạn ở bệnh nhân này là gì?,Viêm gan do virus B.,Bệnh Wilson.,Thiếu hụt Alpha-1 antitrypsin.,Viêm gan tự miễn.,,b,"Bệnh cảnh một người trẻ có biểu hiện bệnh gan không rõ nguyên nhân, kết hợp với các triệu chứng thần kinh/tâm thần và đặc biệt là sự hiện diện của vòng Kayser-Fleischer cùng với các bất thường trong chuyển hóa đồng (giảm ceruloplasmin, tăng đồng niệu) là kinh điển cho bệnh Wilson."
noi-viem-gan-man-case-10-2,noi,Viêm gan mạn,Tiêu hoá,"Bệnh nhân nam 20 tuổi, không có tiền sử bệnh gan, đến khám vì mệt mỏi và vàng da. Bệnh nhân có biểu hiện rối loạn tâm thần nhẹ, khó viết. Khám lâm sàng thấy vàng da, lách to. Khám mắt bằng đèn khe phát hiện có vòng Kayser-Fleischer ở rìa giác mạc hai bên. Cận lâm sàng: AST 250 U/L, ALT 300 U/L, Bilirubin tăng. Xét nghiệm đặc hiệu cho thấy nồng độ Ceruloplasmin https://onedrive.live.com/personal/2672550e42ddc7d4/_layouts/15/Doc trong huyết thanh giảm thấp, và nồng độ đồng trong nước tiểu 24 giờ tăng rất cao.",Cơ chế bệnh sinh của bệnh Wilson là gì?,Do cơ thể hấp thu quá nhiều đồng từ thức ăn.,"Một bệnh lý di truyền lặn trên nhiễm sắc thể thường, do đột biến gen ATP7B, dẫn đến suy giảm bài tiết đồng vào mật và tích tụ đồng trong các cơ quan.",Một bệnh lý tự miễn gây phá hủy tế bào gan.,Do thiếu một loại enzyme cần thiết để chuyển hóa bilirubin.,,b,"Gen ATP7B mã hóa cho một protein vận chuyển đồng. Khi gen này bị đột biến, protein không hoạt động được, dẫn đến hai hậu quả: (1) đồng không được gắn vào apoceruloplasmin để tạo thành ceruloplasmin hoàn chỉnh; (2) đồng không được bài tiết vào mật để thải ra ngoài. Hậu quả là đồng tự do sẽ tích tụ trong gan, gây độc và phá hủy tế bào gan. Khi gan quá tải, đồng sẽ tràn vào máu và lắng đọng ở các cơ quan khác như não, mắt, thận."
noi-viem-gan-man-case-10-3,noi,Viêm gan mạn,Tiêu hoá,"Bệnh nhân nam 20 tuổi, không có tiền sử bệnh gan, đến khám vì mệt mỏi và vàng da. Bệnh nhân có biểu hiện rối loạn tâm thần nhẹ, khó viết. Khám lâm sàng thấy vàng da, lách to. Khám mắt bằng đèn khe phát hiện có vòng Kayser-Fleischer ở rìa giác mạc hai bên. Cận lâm sàng: AST 250 U/L, ALT 300 U/L, Bilirubin tăng. Xét nghiệm đặc hiệu cho thấy nồng độ Ceruloplasmin https://onedrive.live.com/personal/2672550e42ddc7d4/_layouts/15/Doc trong huyết thanh giảm thấp, và nồng độ đồng trong nước tiểu 24 giờ tăng rất cao.",Vòng Kayser-Fleischer là do sự lắng đọng của chất gì ở màng Descemet của giác mạc?,Đồng.,Cholesterol.,Bilirubin.,Sắt.,,a,"Vòng Kayser-Fleischer, có màu nâu vàng hoặc xanh lục, là do sự lắng đọng của các hạt đồng ở lớp màng Descemet ở ngoại vi của giác mạc. Đây là một dấu hiệu rất đặc hiệu của bệnh Wilson."
noi-viem-gan-man-case-10-4,noi,Viêm gan mạn,Tiêu hoá,"Bệnh nhân nam 20 tuổi, không có tiền sử bệnh gan, đến khám vì mệt mỏi và vàng da. Bệnh nhân có biểu hiện rối loạn tâm thần nhẹ, khó viết. Khám lâm sàng thấy vàng da, lách to. Khám mắt bằng đèn khe phát hiện có vòng Kayser-Fleischer ở rìa giác mạc hai bên. Cận lâm sàng: AST 250 U/L, ALT 300 U/L, Bilirubin tăng. Xét nghiệm đặc hiệu cho thấy nồng độ Ceruloplasmin https://onedrive.live.com/personal/2672550e42ddc7d4/_layouts/15/Doc trong huyết thanh giảm thấp, và nồng độ đồng trong nước tiểu 24 giờ tăng rất cao.","Ngoài gan, cơ quan nào thường bị ảnh hưởng nhất trong bệnh Wilson, gây ra các biểu hiện đặc trưng?",Phổi.,Tim.,Thận.,Hệ thần kinh trung ương (đặc biệt là các hạch nền).,,d,"Sau gan, não là cơ quan bị ảnh hưởng nặng nề nhất. Sự tích tụ đồng trong các hạch nền gây ra một loạt các triệu chứng thần kinh giống Parkinson (run, cứng đờ, loạn trương lực cơ), rối loạn vận ngôn, và các vấn đề tâm thần (thay đổi nhân cách, trầm cảm, loạn thần)."
noi-viem-gan-man-case-10-5,noi,Viêm gan mạn,Tiêu hoá,"Bệnh nhân nam 20 tuổi, không có tiền sử bệnh gan, đến khám vì mệt mỏi và vàng da. Bệnh nhân có biểu hiện rối loạn tâm thần nhẹ, khó viết. Khám lâm sàng thấy vàng da, lách to. Khám mắt bằng đèn khe phát hiện có vòng Kayser-Fleischer ở rìa giác mạc hai bên. Cận lâm sàng: AST 250 U/L, ALT 300 U/L, Bilirubin tăng. Xét nghiệm đặc hiệu cho thấy nồng độ Ceruloplasmin https://onedrive.live.com/personal/2672550e42ddc7d4/_layouts/15/Doc trong huyết thanh giảm thấp, và nồng độ đồng trong nước tiểu 24 giờ tăng rất cao.",Nền tảng của việc điều trị bệnh Wilson là gì?,Ghép gan.,Trích máu tĩnh mạch.,"Chế độ ăn kiêng đồng và sử dụng các thuốc tạo chelat để thải đồng (như Penicillamine, Trientine) hoặc thuốc ức chế hấp thu đồng (Kẽm).",Liệu pháp ức chế miễn dịch.,,c,"Điều trị bệnh Wilson là điều trị suốt đời, nhằm mục đích loại bỏ lượng đồng dư thừa ra khỏi cơ thể và ngăn ngừa sự tích tụ thêm. Điều này đạt được bằng cách sử dụng các thuốc gắp đồng (chelators) như D-penicillamine hoặc Trientine để tăng thải đồng qua nước tiểu. Kẽm có thể được dùng để điều trị duy trì bằng cách ức chế sự hấp thu đồng từ ruột. Chế độ ăn hạn chế các thực phẩm giàu đồng (gan, sò, sô-cô-la, các loại hạt) cũng đóng vai trò hỗ trợ."
noi-viem-gan-man-case-11-1,noi,Viêm gan mạn,Tiêu hoá,"Bệnh nhân nam 55 tuổi, tiền sử nghiện rượu 20 năm, xơ gan Child-Pugh B, vào viện vì sốt và đau khắp bụng 2 ngày nay. Bệnh nhân có tăng kích thước vòng bụng nhanh chóng trong một tuần qua, mệt mỏi, chán ăn. Khám lâm sàng: nhịp tim 105 lần/phút, huyết áp 100/60 mmHg, nhiệt độ 38.2°C, nhịp thở 20 lần/phút, SpO₂ 97%. Bệnh nhân tỉnh, da niêm mạc vàng sậm, có dấu sao mạch ở ngực. Bụng báng căng, gõ đục vùng thấp, ấn đau tức toàn khu trú, không có phản ứng thành bụng, không có cảm ứng phúc mạc. Tim phổi bình thường, không có dấu hiệu thần kinh khu trú. Xét nghiệm: Bạch cầu 14 G/L (trung tính 85%), Creatinin 110 μmol/L, Bilirubin toàn phần 85 μmol/L, Albumin 26 g/L, INR 1.6.",Chẩn đoán có khả năng cao nhất giải thích tình trạng cấp tính của bệnh nhân này là gì?,Viêm phúc mạc nhiễm khuẩn tiên phát.,Thủng dạ dày tá tràng gây viêm phúc mạc.,Viêm ruột thừa cấp tính ở vị trí bất thường.,Viêm tụy cấp thể hoại tử nhiễm trùng.,,a,"Sốt, đau bụng trên nền xơ gan báng bụng là dấu hiệu kinh điển của viêm phúc mạc nhiễm khuẩn tiên phát (SBP). Việc khám không thấy phản ứng thành bụng hay cảm ứng phúc mạc rõ ràng (dấu hiệu ngoại khoa âm tính) càng củng cố chẩn đoán SBP, vì SBP thường có biểu hiện nghèo nàn hơn viêm phúc mạc thứ phát."
noi-viem-gan-man-case-11-2,noi,Viêm gan mạn,Tiêu hoá,"Bệnh nhân nam 55 tuổi, tiền sử nghiện rượu 20 năm, xơ gan Child-Pugh B, vào viện vì sốt và đau khắp bụng 2 ngày nay. Bệnh nhân có tăng kích thước vòng bụng nhanh chóng trong một tuần qua, mệt mỏi, chán ăn. Khám lâm sàng: nhịp tim 105 lần/phút, huyết áp 100/60 mmHg, nhiệt độ 38.2°C, nhịp thở 20 lần/phút, SpO₂ 97%. Bệnh nhân tỉnh, da niêm mạc vàng sậm, có dấu sao mạch ở ngực. Bụng báng căng, gõ đục vùng thấp, ấn đau tức toàn khu trú, không có phản ứng thành bụng, không có cảm ứng phúc mạc. Tim phổi bình thường, không có dấu hiệu thần kinh khu trú. Xét nghiệm: Bạch cầu 14 G/L (trung tính 85%), Creatinin 110 μmol/L, Bilirubin toàn phần 85 μmol/L, Albumin 26 g/L, INR 1.6.",Cơ chế bệnh sinh chính dẫn đến biến chứng này ở bệnh nhân xơ gan báng bụng là gì?,Hiện tượng chuyển vị vi khuẩn từ lòng ruột.,Thủng các ổ loét nhỏ ở niêm mạc đại tràng.,Nhiễm trùng ngược dòng từ đường tiết niệu.,Sự vỡ các vi nang giả tụy vào ổ phúc mạc.,,a,"Chuyển vị vi khuẩn (bacterial translocation) là cơ chế cốt lõi. Sự phát triển quá mức của hệ vi khuẩn đường ruột, kết hợp với tăng tính thấm niêm mạc ruột và suy giảm miễn dịch tại chỗ ở bệnh nhân xơ gan, cho phép vi khuẩn xuyên qua thành ruột vào hạch bạch huyết mạc treo và dịch báng."
noi-viem-gan-man-case-11-3,noi,Viêm gan mạn,Tiêu hoá,"Bệnh nhân nam 55 tuổi, tiền sử nghiện rượu 20 năm, xơ gan Child-Pugh B, vào viện vì sốt và đau khắp bụng 2 ngày nay. Bệnh nhân có tăng kích thước vòng bụng nhanh chóng trong một tuần qua, mệt mỏi, chán ăn. Khám lâm sàng: nhịp tim 105 lần/phút, huyết áp 100/60 mmHg, nhiệt độ 38.2°C, nhịp thở 20 lần/phút, SpO₂ 97%. Bệnh nhân tỉnh, da niêm mạc vàng sậm, có dấu sao mạch ở ngực. Bụng báng căng, gõ đục vùng thấp, ấn đau tức toàn khu trú, không có phản ứng thành bụng, không có cảm ứng phúc mạc. Tim phổi bình thường, không có dấu hiệu thần kinh khu trú. Xét nghiệm: Bạch cầu 14 G/L (trung tính 85%), Creatinin 110 μmol/L, Bilirubin toàn phần 85 μmol/L, Albumin 26 g/L, INR 1.6.",Chỉ định cận lâm sàng nào sau đây là bắt buộc và cần thực hiện sớm nhất để xác định chẩn đoán?,Nội soi dạ dày tá tràng ống mềm cấp cứu.,Chọc hút dịch báng đếm số lượng tế bào.,Cấy máu định danh vi khuẩn tĩnh mạch ngoại vi.,Chụp cắt lớp vi tính ổ bụng có cản quang.,,b,"Chọc hút dịch báng (paracentesis) là xét nghiệm tiêu chuẩn vàng. Chẩn đoán xác định SBP khi số lượng bạch cầu đa nhân trung tính (PMN) trong dịch báng ≥ 250 tế bào/mm³, bất kể kết quả cấy dịch có dương tính hay không."
noi-viem-gan-man-case-11-4,noi,Viêm gan mạn,Tiêu hoá,"Bệnh nhân nam 55 tuổi, tiền sử nghiện rượu 20 năm, xơ gan Child-Pugh B, vào viện vì sốt và đau khắp bụng 2 ngày nay. Bệnh nhân có tăng kích thước vòng bụng nhanh chóng trong một tuần qua, mệt mỏi, chán ăn. Khám lâm sàng: nhịp tim 105 lần/phút, huyết áp 100/60 mmHg, nhiệt độ 38.2°C, nhịp thở 20 lần/phút, SpO₂ 97%. Bệnh nhân tỉnh, da niêm mạc vàng sậm, có dấu sao mạch ở ngực. Bụng báng căng, gõ đục vùng thấp, ấn đau tức toàn khu trú, không có phản ứng thành bụng, không có cảm ứng phúc mạc. Tim phổi bình thường, không có dấu hiệu thần kinh khu trú. Xét nghiệm: Bạch cầu 14 G/L (trung tính 85%), Creatinin 110 μmol/L, Bilirubin toàn phần 85 μmol/L, Albumin 26 g/L, INR 1.6.",Xử trí nội khoa ban đầu nào là ưu tiên hàng đầu ngay sau khi lấy bệnh phẩm xét nghiệm?,Truyền tĩnh mạch thuốc lợi tiểu quai liều cao.,Chỉ định phẫu thuật nội soi thám sát ổ bụng.,Truyền tĩnh mạch kháng sinh và Albumin.,Bơm rửa ổ bụng liên tục qua ống dẫn lưu.,,c,Sử dụng kháng sinh tĩnh mạch phổ rộng thế hệ 3 (như Cefotaxime) ngay lập tức là yếu tố sống còn. Truyền Albumin tĩnh mạch (đặc biệt khi Creatinin > 88 μmol/L hoặc Bilirubin > 68 μmol/L) được chứng minh giúp ngăn ngừa hội chứng gan thận và giảm tỷ lệ tử vong.
noi-viem-gan-man-case-11-5,noi,Viêm gan mạn,Tiêu hoá,"Bệnh nhân nam 55 tuổi, tiền sử nghiện rượu 20 năm, xơ gan Child-Pugh B, vào viện vì sốt và đau khắp bụng 2 ngày nay. Bệnh nhân có tăng kích thước vòng bụng nhanh chóng trong một tuần qua, mệt mỏi, chán ăn. Khám lâm sàng: nhịp tim 105 lần/phút, huyết áp 100/60 mmHg, nhiệt độ 38.2°C, nhịp thở 20 lần/phút, SpO₂ 97%. Bệnh nhân tỉnh, da niêm mạc vàng sậm, có dấu sao mạch ở ngực. Bụng báng căng, gõ đục vùng thấp, ấn đau tức toàn khu trú, không có phản ứng thành bụng, không có cảm ứng phúc mạc. Tim phổi bình thường, không có dấu hiệu thần kinh khu trú. Xét nghiệm: Bạch cầu 14 G/L (trung tính 85%), Creatinin 110 μmol/L, Bilirubin toàn phần 85 μmol/L, Albumin 26 g/L, INR 1.6.","Tất cả các biến chứng sau đều thường gặp ở bệnh nhân có tình trạng bệnh lý này, TRỪ:",Bệnh lý não gan khởi phát cấp tính.,Chảy máu đường mật vào trong ổ bụng.,Suy thận cấp tiến triển nhanh chóng.,Sốc nhiễm khuẩn kháng trị với vận mạch.,,b,"Hội chứng gan thận (suy thận cấp), não gan và sốc nhiễm khuẩn là ba biến chứng phổ biến và tử vong cao nhất của SBP. Chảy máu đường mật không liên quan đến cơ chế sinh lý bệnh của SBP. Nguồn tham khảo: AASLD Guidelines for the Management of Adult Patients with Ascites due to Cirrhosis."
noi-viem-gan-man-case-12-1,noi,Viêm gan mạn,Tiêu hoá,"Bệnh nhân nam 35 tuổi, tình cờ phát hiện viêm gan B khi khám sức khỏe định kỳ. Bệnh nhân không có triệu chứng lâm sàng, ăn ngủ tốt, không sụt cân, không đau hạ sườn phải. Tiền sử gia đình có mẹ bị viêm gan B. Khám lâm sàng: mạch 80 lần/phút, huyết áp 120/80 mmHg, nhiệt độ 37°C, BMI 22 kg/m². Không vàng da, không vàng mắt, gan lách không sờ thấy, không có báng bụng. Xét nghiệm: HBsAg dương tính, HBeAg dương tính, Anti-HBe âm tính, AST 110 U/L, ALT 150 U/L, Bilirubin toàn phần 15 μmol/L, Albumin 42 g/L, INR 1.0, Tiểu cầu 220 G/L. Định lượng HBV DNA máu đạt 5 × 10⁷ copies/mL. Siêu âm ổ bụng thấy nhu mô gan thô nhẹ, không có khối khu trú, tĩnh mạch cửa 10 mm.",Phân loại giai đoạn lâm sàng viêm gan virus B mạn tính phù hợp nhất ở bệnh nhân này là gì?,Nhiễm virus viêm gan B mạn tính thể không hoạt động.,Viêm gan B mạn tính giai đoạn dung nạp miễn dịch.,Viêm gan B mạn tính giai đoạn thải trừ miễn dịch. https://onedrive.live.com/personal/2672550e42ddc7d4/_layouts/15/Doc,Viêm gan B mạn tính giai đoạn trốn thoát miễn dịch.,,c,"Bệnh nhân có HBeAg (+), tải lượng virus cao (HBV DNA > 10^5) và men gan tăng rõ rệt (ALT > 2 lần giới hạn trên bình thường) là đặc trưng của giai đoạn viêm gan B mạn HBeAg dương tính (trước đây gọi là giai đoạn thải trừ miễn dịch - immune clearance)."
noi-viem-gan-man-case-12-2,noi,Viêm gan mạn,Tiêu hoá,"Bệnh nhân nam 35 tuổi, tình cờ phát hiện viêm gan B khi khám sức khỏe định kỳ. Bệnh nhân không có triệu chứng lâm sàng, ăn ngủ tốt, không sụt cân, không đau hạ sườn phải. Tiền sử gia đình có mẹ bị viêm gan B. Khám lâm sàng: mạch 80 lần/phút, huyết áp 120/80 mmHg, nhiệt độ 37°C, BMI 22 kg/m². Không vàng da, không vàng mắt, gan lách không sờ thấy, không có báng bụng. Xét nghiệm: HBsAg dương tính, HBeAg dương tính, Anti-HBe âm tính, AST 110 U/L, ALT 150 U/L, Bilirubin toàn phần 15 μmol/L, Albumin 42 g/L, INR 1.0, Tiểu cầu 220 G/L. Định lượng HBV DNA máu đạt 5 × 10⁷ copies/mL. Siêu âm ổ bụng thấy nhu mô gan thô nhẹ, không có khối khu trú, tĩnh mạch cửa 10 mm.",Sự tăng nồng độ AST và ALT trong huyết thanh ở bệnh nhân này phản ánh cơ chế nào?,Tế bào lympho T độc tế bào phá hủy tế bào gan nhiễm virus.,Virus viêm gan B nhân lên ồ ạt gây vỡ màng tế bào gan trực tiếp.,Sự tích tụ độc chất amoniac gây thoái hóa hoại tử nhu mô gan.,Phức hợp miễn dịch lắng đọng tại hệ thống lưới nội mô gan.,,a,"Bản thân virus viêm gan B (HBV) không trực tiếp gây độc tế bào gan. Tổn thương gan (biểu hiện qua tăng men ALT, AST) là hậu quả của aspx?sourcedoc={186352b6-90cf-40c9-ba19-ae84e248ef20}&action=vie… 5/9 đáp ứng miễn dịch tế bào của cơ thể (chủ yếu là lympho T CD8+) nhận diện và tiêu diệt các tế bào gan có chứa kháng nguyên virus."
noi-viem-gan-man-case-12-3,noi,Viêm gan mạn,Tiêu hoá,"Bệnh nhân nam 35 tuổi, tình cờ phát hiện viêm gan B khi khám sức khỏe định kỳ. Bệnh nhân không có triệu chứng lâm sàng, ăn ngủ tốt, không sụt cân, không đau hạ sườn phải. Tiền sử gia đình có mẹ bị viêm gan B. Khám lâm sàng: mạch 80 lần/phút, huyết áp 120/80 mmHg, nhiệt độ 37°C, BMI 22 kg/m². Không vàng da, không vàng mắt, gan lách không sờ thấy, không có báng bụng. Xét nghiệm: HBsAg dương tính, HBeAg dương tính, Anti-HBe âm tính, AST 110 U/L, ALT 150 U/L, Bilirubin toàn phần 15 μmol/L, Albumin 42 g/L, INR 1.0, Tiểu cầu 220 G/L. Định lượng HBV DNA máu đạt 5 × 10⁷ copies/mL. Siêu âm ổ bụng thấy nhu mô gan thô nhẹ, không có khối khu trú, tĩnh mạch cửa 10 mm.",Phương pháp thăm dò nào sau đây là tối ưu nhất để đánh giá giai đoạn xơ hóa gan mà không cần xâm lấn?,Siêu âm Doppler mạch máu hệ tĩnh mạch cửa.,Đo độ cứng của gan bằng siêu âm đàn hồi mô.,Chụp cộng hưởng từ đường mật tụy (MRCP).,Chụp cắt lớp vi tính ổ bụng đa thì.,,b,"Siêu âm đàn hồi mô gan (FibroScan) là tiêu chuẩn hiện nay để đánh giá mức độ xơ hóa gan (F0-F4) một cách không xâm lấn, giúp quyết định điều trị và tiên lượng mà không cần sinh thiết gan."
noi-viem-gan-man-case-12-4,noi,Viêm gan mạn,Tiêu hoá,"Bệnh nhân nam 35 tuổi, tình cờ phát hiện viêm gan B khi khám sức khỏe định kỳ. Bệnh nhân không có triệu chứng lâm sàng, ăn ngủ tốt, không sụt cân, không đau hạ sườn phải. Tiền sử gia đình có mẹ bị viêm gan B. Khám lâm sàng: mạch 80 lần/phút, huyết áp 120/80 mmHg, nhiệt độ 37°C, BMI 22 kg/m². Không vàng da, không vàng mắt, gan lách không sờ thấy, không có báng bụng. Xét nghiệm: HBsAg dương tính, HBeAg dương tính, Anti-HBe âm tính, AST 110 U/L, ALT 150 U/L, Bilirubin toàn phần 15 μmol/L, Albumin 42 g/L, INR 1.0, Tiểu cầu 220 G/L. Định lượng HBV DNA máu đạt 5 × 10⁷ copies/mL. Siêu âm ổ bụng thấy nhu mô gan thô nhẹ, không có khối khu trú, tĩnh mạch cửa 10 mm.",Chỉ định điều trị nội khoa nào sau đây là phù hợp nhất với tình trạng hiện tại của bệnh nhân?,"Theo dõi định kỳ, chưa cần dùng thuốc kháng virus.",Tiêm Interferon alpha liên tục trong 12 tuần.,Sử dụng thuốc ức chế miễn dịch Corticosteroid.,Bắt đầu ngay thuốc kháng virus Tenofovir hoặc Entecavir.,,d,Bệnh nhân có chỉ định điều trị thuốc kháng virus (NAs) rõ ràng theo guideline AASLD/EASL vì đáp ứng đủ 2 tiêu chí: HBV DNA > 20.000 IU/mL (HBeAg dương tính) và ALT tăng > 2 lần ULN. Tenofovir hoặc Entecavir là các thuốc lựa chọn đầu tay do rào cản kháng thuốc cao.
noi-viem-gan-man-case-12-5,noi,Viêm gan mạn,Tiêu hoá,"Bệnh nhân nam 35 tuổi, tình cờ phát hiện viêm gan B khi khám sức khỏe định kỳ. Bệnh nhân không có triệu chứng lâm sàng, ăn ngủ tốt, không sụt cân, không đau hạ sườn phải. Tiền sử gia đình có mẹ bị viêm gan B. Khám lâm sàng: mạch 80 lần/phút, huyết áp 120/80 mmHg, nhiệt độ 37°C, BMI 22 kg/m². Không vàng da, không vàng mắt, gan lách không sờ thấy, không có báng bụng. Xét nghiệm: HBsAg dương tính, HBeAg dương tính, Anti-HBe âm tính, AST 110 U/L, ALT 150 U/L, Bilirubin toàn phần 15 μmol/L, Albumin 42 g/L, INR 1.0, Tiểu cầu 220 G/L. Định lượng HBV DNA máu đạt 5 × 10⁷ copies/mL. Siêu âm ổ bụng thấy nhu mô gan thô nhẹ, không có khối khu trú, tĩnh mạch cửa 10 mm.",Bệnh nhân viêm gan B mạn tính có nguy cơ cao tiến triển thành biến chứng ác tính nào ngay cả khi chưa có xơ gan?,Ung thư biểu mô đường mật trong gan.,Ung thư biểu mô tuyến của túi mật.,Ung thư hạch bạch huyết không Hodgkin.,Ung thư biểu mô tế bào gan nguyên phát.,,d,"HBV là một virus DNA có khả năng tích hợp trực tiếp đoạn gen của nó vào bộ gen của tế bào chủ, gây đột biến sinh ung thư. Do đó, viêm gan B có thể trực tiếp gây ung thư biểu mô tế bào gan (HCC) mà không cần phải trải qua giai đoạn xơ gan (khác với viêm gan C). Nguồn tham khảo: EASL Clinical Practice Guidelines on the management of hepatitis B virus infection."
noi-viem-gan-man-case-13-1,noi,Viêm gan mạn,Tiêu hoá,"Bệnh nhân nữ 45 tuổi, vào viện vì mệt mỏi kéo dài, đau nhức các khớp nhỏ bàn tay và mất kinh 4 tháng nay. Gần đây bệnh nhân thấy da sạm và vàng mắt nhẹ. Tiền sử không uống rượu, không sử dụng thuốc thảo dược hay thực phẩm chức năng. Khám lâm sàng: mạch 85 lần/phút, huyết áp 110/70 mmHg. Vàng da niêm mạc nhẹ, gan to dưới bờ sườn 2 cm, mật độ chắc, ấn tức. Không có vòng Kayser-Fleischer ở giác mạc, không báng bụng. Xét nghiệm: AST 350 U/L, ALT 420 U/L, Bilirubin toàn phần 45 μmol/L, Bilirubin trực tiếp 28 μmol/L. HBsAg âm tính, Anti-HCV âm tính. Globulin miễn dịch IgG huyết thanh 28 g/L (bình thường 7-16 g/L). Kháng thể kháng nhân (ANA) dương tính 1:320, Kháng thể cơ trơn (SMA) dương tính 1:160.","Dựa trên bệnh cảnh lâm sàng và các dấu ấn tự kháng thể, chẩn đoán nào sau đây là phù hợp nhất?",Viêm gan tự miễn type 1.,Bệnh gan nhiễm mỡ liên quan rối loạn chuyển hóa.,Viêm gan virus cấp tính chưa rõ nguyên nhân.,Viêm đường mật xơ hóa nguyên phát.,,a,"Phụ nữ trung niên, có biểu hiện bệnh lý hệ thống (đau khớp, mất kinh), men gan tăng cao kiểu tổn thương tế bào gan, IgG tăng mạnh và đặc biệt ANA, SMA dương tính hiệu giá cao là bệnh cảnh kinh điển của Viêm gan tự miễn (AIH) type 1."
noi-viem-gan-man-case-13-2,noi,Viêm gan mạn,Tiêu hoá,"Bệnh nhân nữ 45 tuổi, vào viện vì mệt mỏi kéo dài, đau nhức các khớp nhỏ bàn tay và mất kinh 4 tháng nay. Gần đây bệnh nhân thấy da sạm và vàng mắt nhẹ. Tiền sử không uống rượu, không sử dụng thuốc thảo dược hay thực phẩm chức năng. Khám lâm sàng: mạch 85 lần/phút, huyết áp 110/70 mmHg. Vàng da niêm mạc nhẹ, gan to dưới bờ sườn 2 cm, mật độ chắc, ấn tức. Không có vòng Kayser-Fleischer ở giác mạc, không báng bụng. Xét nghiệm: AST 350 U/L, ALT 420 U/L, Bilirubin toàn phần 45 μmol/L, Bilirubin trực tiếp 28 μmol/L. HBsAg âm tính, Anti-HCV âm tính. Globulin miễn dịch IgG huyết thanh 28 g/L (bình thường 7-16 g/L). Kháng thể kháng nhân (ANA) dương tính 1:320, Kháng thể cơ trơn (SMA) dương tính 1:160.","Theo tiêu chuẩn chẩn đoán rút gọn của Nhóm Nghiên cứu Viêm gan Tự miễn Quốc tế (IAIHG), tập hợp nào sau đây là các yếu tố được dùng để tính điểm? (1) Hiệu giá tự kháng thể (ANA, SMA, LKM-1) (2) Tình trạng tăng nồng độ IgG huyết thanh (3) Kết quả mô bệnh học mô gan tương thích (4) Sự vắng mặt của các virus viêm gan hướng gan","Bao gồm cả (1), (2), (3) và (4).","Chỉ gồm (1), (2) và (3).","Chỉ gồm (2), (3) và (4).","Chỉ gồm (1), (3) và (4).",,a,"Tiêu chuẩn rút gọn của IAIHG năm 2008 sử dụng 4 tiêu chí để chấm điểm chẩn đoán AIH: hiệu giá tự kháng thể (ANA, SMA, anti-LKM1, anti-SLA), nồng độ IgG, đặc điểm mô bệnh học gan, và vắng mặt viêm gan virus. Do đó, cả 4 mệnh đề đều đúng."
noi-viem-gan-man-case-13-3,noi,Viêm gan mạn,Tiêu hoá,"Bệnh nhân nữ 45 tuổi, vào viện vì mệt mỏi kéo dài, đau nhức các khớp nhỏ bàn tay và mất kinh 4 tháng nay. Gần đây bệnh nhân thấy da sạm và vàng mắt nhẹ. Tiền sử không uống rượu, không sử dụng thuốc thảo dược hay thực phẩm chức năng. Khám lâm sàng: mạch 85 lần/phút, huyết áp 110/70 mmHg. Vàng da niêm mạc nhẹ, gan to dưới bờ sườn 2 cm, mật độ chắc, ấn tức. Không có vòng Kayser-Fleischer ở giác mạc, không báng bụng. Xét nghiệm: AST 350 U/L, ALT 420 U/L, Bilirubin toàn phần 45 μmol/L, Bilirubin trực tiếp 28 μmol/L. HBsAg âm tính, Anti-HCV âm tính. Globulin miễn dịch IgG huyết thanh 28 g/L (bình thường 7-16 g/L). Kháng thể kháng nhân (ANA) dương tính 1:320, Kháng thể cơ trơn (SMA) dương tính 1:160.","Để củng cố chẩn đoán và loại trừ các bệnh lý chồng lấp, thủ thuật nào sau đây được khuyến cáo thực hiện?",Nội soi mật tụy ngược dòng (ERCP).,Chọc hút dịch ổ bụng dưới hướng dẫn siêu âm.,Chụp cộng hưởng từ đường mật tụy (MRCP).,Sinh thiết nhu mô gan qua da.,,d,"Sinh thiết gan là tiêu chuẩn vàng không chỉ để tính điểm chẩn đoán (tìm hình ảnh viêm giao diện - interface hepatitis, thâm nhiễm tương bào) mà còn giúp loại trừ các hội chứng chồng lấp (như AIH-PBC) và đánh giá mức độ xơ hóa gan thực tế."
noi-viem-gan-man-case-13-4,noi,Viêm gan mạn,Tiêu hoá,"Bệnh nhân nữ 45 tuổi, vào viện vì mệt mỏi kéo dài, đau nhức các khớp nhỏ bàn tay và mất kinh 4 tháng nay. Gần đây bệnh nhân thấy da sạm và vàng mắt nhẹ. Tiền sử không uống rượu, không sử dụng thuốc thảo dược hay thực phẩm chức năng. Khám lâm sàng: mạch 85 lần/phút, huyết áp 110/70 mmHg. Vàng da niêm mạc nhẹ, gan to dưới bờ sườn 2 cm, mật độ chắc, ấn tức. Không có vòng Kayser-Fleischer ở giác mạc, không báng bụng. Xét nghiệm: AST 350 U/L, ALT 420 U/L, Bilirubin toàn phần 45 μmol/L, Bilirubin trực tiếp 28 μmol/L. HBsAg âm tính, Anti-HCV âm tính. Globulin miễn dịch IgG huyết thanh 28 g/L (bình thường 7-16 g/L). Kháng thể kháng nhân (ANA) dương tính 1:320, Kháng thể cơ trơn (SMA) dương tính 1:160.",Phác đồ điều trị tấn công tiêu chuẩn khởi đầu cho bệnh nhân này thường sử dụng thuốc nào?,Interferon alpha tác dụng kéo dài tiêm dưới da.,Thuốc kháng sinh đường ruột nhóm Rifaximin.,Corticosteroid đơn trị hoặc phối hợp Azathioprine.,Axit ursodeoxycholic phối hợp với Vitamin E.,,c,"Liệu pháp ức chế miễn dịch là điều trị đặc hiệu. Phác đồ chuẩn thường bắt đầu bằng Prednisolone/Prednisone đơn độc liều cao, hoặc phối hợp liều thấp hơn với Azathioprine để giảm độc tính của steroid."
noi-viem-gan-man-case-13-5,noi,Viêm gan mạn,Tiêu hoá,"Bệnh nhân nữ 45 tuổi, vào viện vì mệt mỏi kéo dài, đau nhức các khớp nhỏ bàn tay và mất kinh 4 tháng nay. Gần đây bệnh nhân thấy da sạm và vàng mắt nhẹ. Tiền sử không uống rượu, không sử dụng thuốc thảo dược hay thực phẩm chức năng. Khám lâm sàng: mạch 85 lần/phút, huyết áp 110/70 mmHg. Vàng da niêm mạc nhẹ, gan to dưới bờ sườn 2 cm, mật độ chắc, ấn tức. Không có vòng Kayser-Fleischer ở giác mạc, không báng bụng. Xét nghiệm: AST 350 U/L, ALT 420 U/L, Bilirubin toàn phần 45 μmol/L, Bilirubin trực tiếp 28 μmol/L. HBsAg âm tính, Anti-HCV âm tính. Globulin miễn dịch IgG huyết thanh 28 g/L (bình thường 7-16 g/L). Kháng thể kháng nhân (ANA) dương tính 1:320, Kháng thể cơ trơn (SMA) dương tính 1:160.",Bệnh nhân có nguy cơ cao nhất tiến triển biến chứng nào sau đây do phác đồ điều trị nội khoa kéo dài của bệnh lý này?,Huyết khối tĩnh mạch cửa đoạn trong gan.,Xơ phổi mô kẽ tiến triển mạn tính.,Phình động mạch chủ bụng vỡ.,Loãng xương và gãy xương bệnh lý.,,d,Corticosteroid sử dụng kéo dài là nguyên nhân hàng đầu gây loãng xương thứ phát do ức chế tạo cốt bào và giảm hấp thu canxi ruột. Bệnh nhân cần được đo mật độ xương và bổ sung canxi/vitamin D dự phòng gãy xương. Nguồn tham khảo: AASLD Practice Guideline on Diagnosis and Management of Autoimmune Hepatitis.
noi-viem-gan-man-case-14-1,noi,Viêm gan mạn,Tiêu hoá,"Bệnh nhân nam 50 tuổi, có tiền sử đái tháo đường type 2 đang dùng Metformin, BMI 31 kg/m². Bệnh nhân đi khám sức khỏe định kỳ không có triệu chứng khó chịu. Khám lâm sàng bình thường, không có dấu hiệu suy tế bào gan hay tăng áp lực tĩnh mạch cửa. Xét nghiệm máu: AST 45 U/L, ALT 68 U/L, Bilirubin bình thường. Glucose máu đói 8.2 mmol/L, HbA1c 7.5%, Triglyceride 3.5 mmol/L. HBsAg âm tính, Anti-HCV âm tính. Siêu âm ổ bụng cho thấy hình ảnh nhu mô gan tăng âm sáng so với vỏ thận, sự tăng âm làm giảm khả năng quan sát cơ hoành và hệ tĩnh mạch cửa.",Tình trạng bất thường nhu mô gan trên siêu âm kết hợp đặc điểm lâm sàng gợi ý chẩn đoán nào?,Ung thư biểu mô tế bào gan thể thâm nhiễm.,Bệnh gan do sử dụng nhiều rượu mạn tính.,Viêm đường mật xơ hóa nguyên phát đoạn gần.,Viêm gan thoái hóa mỡ không do rượu.,,d,"Bệnh nhân béo phì, đái tháo đường type 2, rối loạn lipid máu có men gan tăng nhẹ và siêu âm ""gan sáng"" (chênh lệch âm thanh gan - thận) là đặc trưng của Bệnh gan nhiễm mỡ liên quan đến rối loạn chuyển hóa (MASLD), trước đây gọi là gan nhiễm mỡ không do rượu (NAFLD)."
noi-viem-gan-man-case-14-2,noi,Viêm gan mạn,Tiêu hoá,"Bệnh nhân nam 50 tuổi, có tiền sử đái tháo đường type 2 đang dùng Metformin, BMI 31 kg/m². Bệnh nhân đi khám sức khỏe định kỳ không có triệu chứng khó chịu. Khám lâm sàng bình thường, không có dấu hiệu suy tế bào gan hay tăng áp lực tĩnh mạch cửa. Xét nghiệm máu: AST 45 U/L, ALT 68 U/L, Bilirubin bình thường. Glucose máu đói 8.2 mmol/L, HbA1c 7.5%, Triglyceride 3.5 mmol/L. HBsAg âm tính, Anti-HCV âm tính. Siêu âm ổ bụng cho thấy hình ảnh nhu mô gan tăng âm sáng so với vỏ thận, sự tăng âm làm giảm khả năng quan sát cơ hoành và hệ tĩnh mạch cửa.",Rối loạn sinh lý bệnh cốt lõi nào là nguyên nhân chính dẫn đến sự tích tụ mỡ trong tế bào gan ở bệnh nhân này?,Sự khiếm khuyết trong chu trình urê tại ti thể gan.,Tình trạng kháng insulin ở mô mỡ ngoại vi và cơ vân.,Sự giảm nồng độ estrogen máu ở nam giới cao tuổi.,Sự tăng đào thải axit mật qua hệ tiêu hóa dưới.,,b,"Kháng insulin là cơ chế bệnh sinh trung tâm. Sự kháng insulin tại mô mỡ làm mất ức chế enzyme hormone-sensitive lipase, dẫn đến tăng phân giải lipid, giải phóng lượng lớn axit béo tự do (FFA) vào máu, đưa đến gan gây tích tụ triglyceride trong tế bào gan."
noi-viem-gan-man-case-14-3,noi,Viêm gan mạn,Tiêu hoá,"Bệnh nhân nam 50 tuổi, có tiền sử đái tháo đường type 2 đang dùng Metformin, BMI 31 kg/m². Bệnh nhân đi khám sức khỏe định kỳ không có triệu chứng khó chịu. Khám lâm sàng bình thường, không có dấu hiệu suy tế bào gan hay tăng áp lực tĩnh mạch cửa. Xét nghiệm máu: AST 45 U/L, ALT 68 U/L, Bilirubin bình thường. Glucose máu đói 8.2 mmol/L, HbA1c 7.5%, Triglyceride 3.5 mmol/L. HBsAg âm tính, Anti-HCV âm tính. Siêu âm ổ bụng cho thấy hình ảnh nhu mô gan tăng âm sáng so với vỏ thận, sự tăng âm làm giảm khả năng quan sát cơ hoành và hệ tĩnh mạch cửa.",Phương pháp thăm dò hình ảnh nào sau đây hiện được ưu tiên sử dụng để định lượng chính xác độ nhiễm mỡ và xơ hóa gan?,X-quang ổ bụng đứng không chuẩn bị.,Siêu âm đàn hồi mô gan có thông số CAP.,Chụp xạ hình gan mật với đồng vị phóng xạ.,Chụp cắt lớp vi tính lồng ngực phân giải cao. https://onedrive.live.com/personal/2672550e42ddc7d4/_layouts/15/Doc,,b,Siêu âm đàn hồi (FibroScan) có tích hợp thông số kiểm soát suy giảm (CAP - Controlled Attenuation Parameter) là phương pháp không xâm lấn tối ưu để vừa đo mức độ độ xơ hóa (độ cứng) vừa định lượng mức độ nhiễm mỡ gan.
noi-viem-gan-man-case-14-4,noi,Viêm gan mạn,Tiêu hoá,"Bệnh nhân nam 50 tuổi, có tiền sử đái tháo đường type 2 đang dùng Metformin, BMI 31 kg/m². Bệnh nhân đi khám sức khỏe định kỳ không có triệu chứng khó chịu. Khám lâm sàng bình thường, không có dấu hiệu suy tế bào gan hay tăng áp lực tĩnh mạch cửa. Xét nghiệm máu: AST 45 U/L, ALT 68 U/L, Bilirubin bình thường. Glucose máu đói 8.2 mmol/L, HbA1c 7.5%, Triglyceride 3.5 mmol/L. HBsAg âm tính, Anti-HCV âm tính. Siêu âm ổ bụng cho thấy hình ảnh nhu mô gan tăng âm sáng so với vỏ thận, sự tăng âm làm giảm khả năng quan sát cơ hoành và hệ tĩnh mạch cửa.",Can thiệp điều trị nào sau đây đóng vai trò nền tảng và đã được chứng minh làm thoái triển tổn thương viêm ở bệnh nhân này?,Sử dụng kháng sinh diệt khuẩn đường ruột kéo dài.,Cắt bỏ túi mật qua phẫu thuật nội soi ổ bụng.,Giảm cân từ 7 đến 10 phần trăm trọng lượng cơ thể.,Truyền tĩnh mạch dung dịch Albumin định kỳ.,,c,Giảm cân là nền tảng điều trị. Nghiên cứu chỉ ra rằng giảm ≥7-10% trọng lượng cơ thể có thể cải thiện không chỉ tình trạng nhiễm mỡ mà aspx?sourcedoc={186352b6-90cf-40c9-ba19-ae84e248ef20}&action=vie… 6/9 còn làm giảm phản ứng viêm (steatohepatitis) và thoái triển quá trình xơ hóa gan.
noi-viem-gan-man-case-14-5,noi,Viêm gan mạn,Tiêu hoá,"Bệnh nhân nam 50 tuổi, có tiền sử đái tháo đường type 2 đang dùng Metformin, BMI 31 kg/m². Bệnh nhân đi khám sức khỏe định kỳ không có triệu chứng khó chịu. Khám lâm sàng bình thường, không có dấu hiệu suy tế bào gan hay tăng áp lực tĩnh mạch cửa. Xét nghiệm máu: AST 45 U/L, ALT 68 U/L, Bilirubin bình thường. Glucose máu đói 8.2 mmol/L, HbA1c 7.5%, Triglyceride 3.5 mmol/L. HBsAg âm tính, Anti-HCV âm tính. Siêu âm ổ bụng cho thấy hình ảnh nhu mô gan tăng âm sáng so với vỏ thận, sự tăng âm làm giảm khả năng quan sát cơ hoành và hệ tĩnh mạch cửa.","Mặc dù là một bệnh lý tại gan, nguyên nhân tử vong hàng đầu ở nhóm bệnh nhân này là gì?",Bệnh lý não gan dẫn đến tụt kẹt hành não.,Hội chứng gan thận tiến triển không đảo ngược.,Chảy máu ồ ạt do vỡ giãn tĩnh mạch thực quản.,Bệnh lý tim mạch do xơ vữa động mạch.,,d,"Bệnh nhân NAFLD/MASLD thường kèm theo hội chứng chuyển hóa toàn diện. Do đó, nguyên nhân tử vong phổ biến nhất ở nhóm này không phải là xơ gan hay ung thư gan, mà là các biến cố tim mạch cấp tính (nhồi máu cơ tim, đột quỵ). Nguồn tham khảo: AASLD Practice Guidance on the clinical assessment and management of NAFLD."
noi-viem-gan-man-case-15-1,noi,Viêm gan mạn,Tiêu hoá,"Bệnh nhân nam 22 tuổi, sinh viên, được người nhà đưa đến viện vì thay đổi tính tình, dễ cáu gắt, nói khó và run tay chân biên độ nhỏ xuất hiện vài tháng nay. Gần đây bệnh nhân có biểu hiện da vàng nhẹ. Tiền sử chưa mắc bệnh gì, không uống rượu, không sử dụng chất gây nghiện. Khám lâm sàng: mạch 90 lần/phút, huyết áp 120/80 mmHg. Có vàng da, vàng mắt, có vòng mạc sắc tố màu nâu đồng quanh rìa giác mạc. Gan không to, lách to độ II. Khám thần kinh có run tư thế ở cả hai tay, tăng trương lực cơ nhẹ. Xét nghiệm: AST 180 U/L, ALT 95 U/L, Bilirubin toàn phần 60 μmol/L, Bilirubin gián tiếp 45 μmol/L, Hemoglobin 95 g/L, Hồng cầu lưới 5%. Các marker virus viêm gan B và C đều âm tính.","Bệnh cảnh kết hợp tổn thương tế bào gan, biểu hiện ngoại tháp và thiếu máu tan máu gợi ý chẩn đoán nào?",Bệnh lý thần kinh ngoại biên do rượu.,Viêm gan virus cấp tính thể vàng da.,Bệnh rối loạn chuyển hóa đồng Wilson.,Tổn thương gan do ngộ độc Paracetamol.,,c,"Bệnh Wilson (rối loạn chuyển hóa đồng) đặc trưng bởi sự khởi phát ở người trẻ tuổi với tam chứng: tổn thương gan (viêm gan mạn, xơ gan), biểu hiện thần kinh/tâm thần (run ngoại tháp, loạn vận ngôn) và vòng Kayser-Fleischer ở giác mạc. Tỷ lệ AST > ALT kèm tan máu Coombs âm tính cũng là dấu hiệu kinh điển gợi ý bệnh Wilson."
noi-viem-gan-man-case-15-2,noi,Viêm gan mạn,Tiêu hoá,"Bệnh nhân nam 22 tuổi, sinh viên, được người nhà đưa đến viện vì thay đổi tính tình, dễ cáu gắt, nói khó và run tay chân biên độ nhỏ xuất hiện vài tháng nay. Gần đây bệnh nhân có biểu hiện da vàng nhẹ. Tiền sử chưa mắc bệnh gì, không uống rượu, không sử dụng chất gây nghiện. Khám lâm sàng: mạch 90 lần/phút, huyết áp 120/80 mmHg. Có vàng da, vàng mắt, có vòng mạc sắc tố màu nâu đồng quanh rìa giác mạc. Gan không to, lách to độ II. Khám thần kinh có run tư thế ở cả hai tay, tăng trương lực cơ nhẹ. Xét nghiệm: AST 180 U/L, ALT 95 U/L, Bilirubin toàn phần 60 μmol/L, Bilirubin gián tiếp 45 μmol/L, Hemoglobin 95 g/L, Hồng cầu lưới 5%. Các marker virus viêm gan B và C đều âm tính.",Đột biến gen lặn trên nhiễm sắc thể thường liên quan đến bệnh lý này gây khiếm khuyết protein nào tại tế bào gan?,Enzyme Alpha-1 antitrypsin bảo vệ nhu mô gan phổi.,Bơm vận chuyển ATP7B liên kết đồng vào ceruloplasmin.,Protein HFE liên quan điều hòa hấp thu sắt tại ruột.,Kênh vận chuyển anion hữu cơ đa kháng thuốc MRP2.,,b,"Bệnh Wilson do đột biến gen ATP7B trên NST 13. Gen này mã hóa một bơm ATPase vận chuyển đồng. Khi bị lỗi, gan không thể gắn đồng vào apoceruloplasmin để tạo ceruloplasmin, và không thể bài tiết đồng thừa vào mật, dẫn đến tích tụ đồng gây độc tại gan, não và mắt."
noi-viem-gan-man-case-15-3,noi,Viêm gan mạn,Tiêu hoá,"Bệnh nhân nam 22 tuổi, sinh viên, được người nhà đưa đến viện vì thay đổi tính tình, dễ cáu gắt, nói khó và run tay chân biên độ nhỏ xuất hiện vài tháng nay. Gần đây bệnh nhân có biểu hiện da vàng nhẹ. Tiền sử chưa mắc bệnh gì, không uống rượu, không sử dụng chất gây nghiện. Khám lâm sàng: mạch 90 lần/phút, huyết áp 120/80 mmHg. Có vàng da, vàng mắt, có vòng mạc sắc tố màu nâu đồng quanh rìa giác mạc. Gan không to, lách to độ II. Khám thần kinh có run tư thế ở cả hai tay, tăng trương lực cơ nhẹ. Xét nghiệm: AST 180 U/L, ALT 95 U/L, Bilirubin toàn phần 60 μmol/L, Bilirubin gián tiếp 45 μmol/L, Hemoglobin 95 g/L, Hồng cầu lưới 5%. Các marker virus viêm gan B và C đều âm tính.",Xét nghiệm sinh hóa đặc hiệu nào sau đây có giá trị cao nhất để hỗ trợ chẩn đoán trong trường hợp này?,Giảm Ceruloplasmin máu và tăng đồng trong nước tiểu 24h.,Xét nghiệm kháng thể kháng ty thể (AMA) dương tính.,Định lượng nồng độ Alpha-fetoprotein huyết thanh.,Định lượng nồng độ Ferritin và độ bão hòa Transferrin.,,a,Tiêu chuẩn sinh hóa chẩn đoán bệnh Wilson bao gồm: nồng độ ceruloplasmin huyết thanh giảm thấp (< 20 mg/dL) và bài tiết đồng trong nước tiểu 24 giờ tăng cao đột biến (thường > 100 μg/24h).
noi-viem-gan-man-case-15-4,noi,Viêm gan mạn,Tiêu hoá,"Bệnh nhân nam 22 tuổi, sinh viên, được người nhà đưa đến viện vì thay đổi tính tình, dễ cáu gắt, nói khó và run tay chân biên độ nhỏ xuất hiện vài tháng nay. Gần đây bệnh nhân có biểu hiện da vàng nhẹ. Tiền sử chưa mắc bệnh gì, không uống rượu, không sử dụng chất gây nghiện. Khám lâm sàng: mạch 90 lần/phút, huyết áp 120/80 mmHg. Có vàng da, vàng mắt, có vòng mạc sắc tố màu nâu đồng quanh rìa giác mạc. Gan không to, lách to độ II. Khám thần kinh có run tư thế ở cả hai tay, tăng trương lực cơ nhẹ. Xét nghiệm: AST 180 U/L, ALT 95 U/L, Bilirubin toàn phần 60 μmol/L, Bilirubin gián tiếp 45 μmol/L, Hemoglobin 95 g/L, Hồng cầu lưới 5%. Các marker virus viêm gan B và C đều âm tính.",Phương pháp điều trị nội khoa đặc hiệu để loại bỏ tác nhân gây độc ở bệnh nhân này là gì?,Truyền tĩnh mạch N-acetylcysteine liên tục trong 72 giờ.,Sử dụng thuốc ức chế miễn dịch Corticosteroid liều cao.,Thủ thuật trích máu tĩnh mạch định kỳ hàng tuần.,Dùng thuốc tạo phức gắp kim loại như D-Penicillamine.,,d,Điều trị đặc hiệu suốt đời bằng các thuốc thải đồng (chelating agents) như D-Penicillamine hoặc Trientine để gắn với đồng trong mô và đào thải qua nước tiểu. Có thể dùng thêm kẽm (Zinc) để ngăn chặn hấp thu đồng ở ruột.
noi-viem-gan-man-case-15-5,noi,Viêm gan mạn,Tiêu hoá,"Bệnh nhân nam 22 tuổi, sinh viên, được người nhà đưa đến viện vì thay đổi tính tình, dễ cáu gắt, nói khó và run tay chân biên độ nhỏ xuất hiện vài tháng nay. Gần đây bệnh nhân có biểu hiện da vàng nhẹ. Tiền sử chưa mắc bệnh gì, không uống rượu, không sử dụng chất gây nghiện. Khám lâm sàng: mạch 90 lần/phút, huyết áp 120/80 mmHg. Có vàng da, vàng mắt, có vòng mạc sắc tố màu nâu đồng quanh rìa giác mạc. Gan không to, lách to độ II. Khám thần kinh có run tư thế ở cả hai tay, tăng trương lực cơ nhẹ. Xét nghiệm: AST 180 U/L, ALT 95 U/L, Bilirubin toàn phần 60 μmol/L, Bilirubin gián tiếp 45 μmol/L, Hemoglobin 95 g/L, Hồng cầu lưới 5%. Các marker virus viêm gan B và C đều âm tính.","Trong một số trường hợp khởi phát tối cấp, bệnh nhân có thể biểu hiện suy gan cấp nghiêm trọng kèm vỡ hồng cầu hàng loạt. Chỉ định can thiệp cứu sống duy nhất lúc này là gì?",Phẫu thuật ghép gan cấp cứu.,Cắt lách bằng phẫu thuật nội soi.,Thay huyết tương liên tục hai tuần.,Lọc máu tĩnh mạch - tĩnh mạch liên tục.,,a,"Bệnh nhân Wilson có thể biểu hiện dưới dạng suy gan tối cấp (fulminant hepatic failure) kèm tan máu cấp tính nặng nề do đồng giải phóng ồ ạt vào máu. Lúc này, điều trị nội khoa không có hiệu quả, và phẫu thuật ghép gan cấp cứu là phương pháp duy nhất cứu sống người bệnh. Nguồn tham khảo: EASL Clinical Practice Guidelines on Wilson's disease."
noi-viem-gan-man-case-16-1,noi,Viêm gan mạn,Tiêu hoá,"Bệnh nhân nam 60 tuổi, tiền sử xơ gan do virus viêm gan C nhiều năm, được người nhà đưa đến cấp cứu vì thay đổi chu kỳ thức ngủ, lú lẫn và nói lảm nhảm trong 2 ngày nay. Theo lời kể, bệnh nhân không sốt, không nôn máu, nhưng bị táo bón nặng 4 ngày nay chưa đi ngoài được. Khám lâm sàng: nhịp tim 90 lần/phút, huyết áp 110/70 mmHg, nhiệt độ 36.8°C. Bệnh nhân lơ mơ, gọi hỏi trả lời chậm và không chính xác về thời gian, không liệt khu trú. Có dấu hiệu run vỗ cánh (asterixis) rõ ở hai bàn tay. Bụng báng mức độ vừa, mềm, không đau. Các xét nghiệm cấp cứu cơ bản bình thường, không có rối loạn điện giải nghiêm trọng.",Triệu chứng lú lẫn kết hợp dấu hiệu run vỗ cánh trên bệnh nhân xơ gan gợi ý hội chứng nào?,Cơn thiếu máu não cục bộ thoáng qua cấp tính.,Hội chứng cai rượu có sảng run.,Bệnh lý não gan giai đoạn thứ hai.,Viêm màng não mủ do phế cầu khuẩn.,,c,"Lú lẫn, mất định hướng thời gian, thay đổi chu kỳ ngủ, kèm run vỗ cánh (asterixis) ở bệnh nhân xơ gan là biểu hiện lâm sàng đặc trưng của Bệnh lý não gan (Hepatic Encephalopathy - HE) độ 2 (theo thang điểm West Haven)."
noi-viem-gan-man-case-16-2,noi,Viêm gan mạn,Tiêu hoá,"Bệnh nhân nam 60 tuổi, tiền sử xơ gan do virus viêm gan C nhiều năm, được người nhà đưa đến cấp cứu vì thay đổi chu kỳ thức ngủ, lú lẫn và nói lảm nhảm trong 2 ngày nay. Theo lời kể, bệnh nhân không sốt, không nôn máu, nhưng bị táo bón nặng 4 ngày nay chưa đi ngoài được. Khám lâm sàng: nhịp tim 90 lần/phút, huyết áp 110/70 mmHg, nhiệt độ 36.8°C. Bệnh nhân lơ mơ, gọi hỏi trả lời chậm và không chính xác về thời gian, không liệt khu trú. Có dấu hiệu run vỗ cánh (asterixis) rõ ở hai bàn tay. Bụng báng mức độ vừa, mềm, không đau. Các xét nghiệm cấp cứu cơ bản bình thường, không có rối loạn điện giải nghiêm trọng.",Sinh lý bệnh cốt lõi của tình trạng tổn thương thần kinh trong hội chứng này là do chất nào?,Sự tích tụ amoniac chưa được gan chuyển hóa tại tế bào sao não.,Sự thiếu hụt nghiêm trọng glucose cung cấp cho tế bào thần kinh.,Sự tích tụ ure trong máu vượt quá ngưỡng lọc cầu thận.,Sự xâm nhập của vi khuẩn đường ruột vào dịch não tủy.,,a,"Ở bệnh nhân xơ gan, gan suy giảm chức năng tổng hợp ure và sự hiện diện của shunt cửa-chủ làm cho amoniac (NH3 - sinh ra từ ruột) đi thẳng vào tuần hoàn hệ thống, vượt qua hàng rào máu não. Tại não, tế bào sao chuyển hóa amoniac thành glutamin, gây phù tế bào sao và rối loạn dẫn truyền thần kinh."
noi-viem-gan-man-case-16-3,noi,Viêm gan mạn,Tiêu hoá,"Bệnh nhân nam 60 tuổi, tiền sử xơ gan do virus viêm gan C nhiều năm, được người nhà đưa đến cấp cứu vì thay đổi chu kỳ thức ngủ, lú lẫn và nói lảm nhảm trong 2 ngày nay. Theo lời kể, bệnh nhân không sốt, không nôn máu, nhưng bị táo bón nặng 4 ngày nay chưa đi ngoài được. Khám lâm sàng: nhịp tim 90 lần/phút, huyết áp 110/70 mmHg, nhiệt độ 36.8°C. Bệnh nhân lơ mơ, gọi hỏi trả lời chậm và không chính xác về thời gian, không liệt khu trú. Có dấu hiệu run vỗ cánh (asterixis) rõ ở hai bàn tay. Bụng báng mức độ vừa, mềm, không đau. Các xét nghiệm cấp cứu cơ bản bình thường, không có rối loạn điện giải nghiêm trọng.","Trong bối cảnh này, yếu tố thúc đẩy (precipitating factor) trực tiếp gây ra đợt cấp của hội chứng là gì?",Hạ kali máu do sử dụng thuốc lợi tiểu.,Nhiễm khuẩn dịch báng chưa được chẩn đoán.,Tình trạng táo bón kéo dài nhiều ngày.,Xuất huyết rỉ rả từ ổ loét dạ dày tá tràng.,,c,"Hầu hết các đợt cấp não gan đều có yếu tố thúc đẩy. Bệnh sử khai thác rõ bệnh nhân bị táo bón 4 ngày. Táo bón làm tăng thời gian lưu phân ở đại tràng, tạo điều kiện cho vi khuẩn phân hủy protein sinh ra lượng lớn amoniac hấp thu ngược vào máu."
noi-viem-gan-man-case-16-4,noi,Viêm gan mạn,Tiêu hoá,"Bệnh nhân nam 60 tuổi, tiền sử xơ gan do virus viêm gan C nhiều năm, được người nhà đưa đến cấp cứu vì thay đổi chu kỳ thức ngủ, lú lẫn và nói lảm nhảm trong 2 ngày nay. Theo lời kể, bệnh nhân không sốt, không nôn máu, nhưng bị táo bón nặng 4 ngày nay chưa đi ngoài được. Khám lâm sàng: nhịp tim 90 lần/phút, huyết áp 110/70 mmHg, nhiệt độ 36.8°C. Bệnh nhân lơ mơ, gọi hỏi trả lời chậm và không chính xác về thời gian, không liệt khu trú. Có dấu hiệu run vỗ cánh (asterixis) rõ ở hai bàn tay. Bụng báng mức độ vừa, mềm, không đau. Các xét nghiệm cấp cứu cơ bản bình thường, không có rối loạn điện giải nghiêm trọng.",Thuốc nào sau đây là lựa chọn hàng đầu dùng đường uống/bơm dạ dày để điều trị nguyên nhân trực tiếp ở bệnh nhân này?,Kháng sinh tĩnh mạch phổ rộng Ceftriaxone.,Dung dịch nhuận tràng thẩm thấu Lactulose.,Thuốc an thần gây ngủ họ Benzodiazepine.,Dung dịch Glucose ưu trương truyền tĩnh mạch.,,b,"Lactulose là đường đôi không hấp thu. Khi đến đại tràng, vi khuẩn phân giải tạo môi trường acid (chuyển NH3 độc thành NH4+ không hấp thu được) và tạo tác dụng nhuận tràng tống phân ra ngoài, giúp giải quyết trực tiếp yếu tố thúc đẩy và hạ amoniac máu."
noi-viem-gan-man-case-16-5,noi,Viêm gan mạn,Tiêu hoá,"Bệnh nhân nam 60 tuổi, tiền sử xơ gan do virus viêm gan C nhiều năm, được người nhà đưa đến cấp cứu vì thay đổi chu kỳ thức ngủ, lú lẫn và nói lảm nhảm trong 2 ngày nay. Theo lời kể, bệnh nhân không sốt, không nôn máu, nhưng bị táo bón nặng 4 ngày nay chưa đi ngoài được. Khám lâm sàng: nhịp tim 90 lần/phút, huyết áp 110/70 mmHg, nhiệt độ 36.8°C. Bệnh nhân lơ mơ, gọi hỏi trả lời chậm và không chính xác về thời gian, không liệt khu trú. Có dấu hiệu run vỗ cánh (asterixis) rõ ở hai bàn tay. Bụng báng mức độ vừa, mềm, không đau. Các xét nghiệm cấp cứu cơ bản bình thường, không có rối loạn điện giải nghiêm trọng.","Nếu không được can thiệp kịp thời, bệnh nhân có thể tiến triển đến giai đoạn 4 của hội chứng này, đặc trưng bởi biểu hiện lâm sàng nào?",Xuất huyết nhu mô não vùng các nhân xám trung ương.,Cơn động kinh toàn thể liên tục không ngừng.,Tình trạng hôn mê sâu không đáp ứng kích thích.,Liệt nửa người kiểu trung ương hoàn toàn. https://onedrive.live.com/personal/2672550e42ddc7d4/_layouts/15/Doc,,c,"Theo thang điểm West Haven phân loại não gan, giai đoạn 4 là giai đoạn nặng nhất, bệnh nhân rơi vào tình trạng hôn mê sâu (coma), mất phản xạ giác mạc, có thể có tư thế mất não. Bệnh lý não gan là rối loạn chức năng có hồi phục, thường không gây tổn thương cấu trúc như xuất huyết hay nhồi máu nhũn não. Nguồn tham khảo: AASLD/EASL Hepatic Encephalopathy in Chronic Liver Disease Guideline. aspx?sourcedoc={186352b6-90cf-40c9-ba19-ae84e248ef20}&action=vie… 7/9"
noi-viem-gan-man-case-17-1,noi,Viêm gan mạn,Tiêu hoá,"Bệnh nhân nữ 56 tuổi, đến khám vì ngứa da dữ dội và toàn thân mệt mỏi trong 6 tháng qua. Ngứa nhiều về đêm làm bệnh nhân mất ngủ, gãi trầy xước nhiều vùng cẳng tay và cẳng chân. Da sạm màu nhẹ nhưng chưa thấy vàng mắt. Quanh mí mắt có các mảng xanthelasma (ban vàng). Khám bụng mềm, gan to dưới bờ sườn 3 cm, lách không to. Xét nghiệm: AST 45 U/L, ALT 50 U/L, Phosphatase kiềm (ALP) 580 U/L (bình thường 40-120), GGT 420 U/L. Bilirubin toàn phần 22 μmol/L. Cholesterol toàn phần 9.5 mmol/L. Siêu âm ổ bụng: túi mật không sỏi, đường mật trong và ngoài gan không giãn. Kháng thể kháng ty thể (AMA) dương tính ở hiệu giá 1:640.","Đặc điểm ứ mật sinh hóa, ngứa da, gan to, đường mật không giãn và AMA dương tính khẳng định chẩn đoán nào?",Tắc nghẽn ống mật chủ do sỏi vi mô.,Viêm đường mật xơ hóa nguyên phát.,Viêm đường mật nguyên phát (PBC).,Viêm gan cấp tính do sử dụng thuốc.,,c,"Phụ nữ trung niên, ngứa dữ dội (thường xuất hiện trước vàng da nhiều năm), ban vàng ở mắt, ALP và GGT tăng rất cao (ứ mật sinh hóa), siêu âm đường mật bình thường và kháng thể kháng ty thể (AMA) dương tính mạnh là tiêu chuẩn chẩn đoán Viêm đường mật nguyên phát (PBC - trước đây gọi là viêm đường mật nguyên phát)."
noi-viem-gan-man-case-17-2,noi,Viêm gan mạn,Tiêu hoá,"Bệnh nhân nữ 56 tuổi, đến khám vì ngứa da dữ dội và toàn thân mệt mỏi trong 6 tháng qua. Ngứa nhiều về đêm làm bệnh nhân mất ngủ, gãi trầy xước nhiều vùng cẳng tay và cẳng chân. Da sạm màu nhẹ nhưng chưa thấy vàng mắt. Quanh mí mắt có các mảng xanthelasma (ban vàng). Khám bụng mềm, gan to dưới bờ sườn 3 cm, lách không to. Xét nghiệm: AST 45 U/L, ALT 50 U/L, Phosphatase kiềm (ALP) 580 U/L (bình thường 40-120), GGT 420 U/L. Bilirubin toàn phần 22 μmol/L. Cholesterol toàn phần 9.5 mmol/L. Siêu âm ổ bụng: túi mật không sỏi, đường mật trong và ngoài gan không giãn. Kháng thể kháng ty thể (AMA) dương tính ở hiệu giá 1:640.",Cơ chế bệnh sinh của bệnh lý này chủ yếu tác động phá hủy cấu trúc giải phẫu nào của hệ gan mật?,Gây hoại tử tế bào gan vùng trung tâm tiểu thùy.,Phá hủy biểu mô các ống mật nhỏ gian tiểu thùy trong gan.,Xơ hóa và hẹp đường kính ống mật chủ và ống gan chung.,Viêm mạn tính và teo mỏng niêm mạc lớp cơ túi mật.,,b,"PBC là bệnh lý tự miễn đặc trưng bởi sự tấn công của tế bào T vào các tế bào biểu mô lót mặt trong của các ống mật nhỏ gian tiểu thùy (interlobular bile ducts) nằm bên trong nhu mô gan, dẫn đến phá hủy ống mật không sinh mủ, xơ hóa và ứ mật tại chỗ."
noi-viem-gan-man-case-17-3,noi,Viêm gan mạn,Tiêu hoá,"Bệnh nhân nữ 56 tuổi, đến khám vì ngứa da dữ dội và toàn thân mệt mỏi trong 6 tháng qua. Ngứa nhiều về đêm làm bệnh nhân mất ngủ, gãi trầy xước nhiều vùng cẳng tay và cẳng chân. Da sạm màu nhẹ nhưng chưa thấy vàng mắt. Quanh mí mắt có các mảng xanthelasma (ban vàng). Khám bụng mềm, gan to dưới bờ sườn 3 cm, lách không to. Xét nghiệm: AST 45 U/L, ALT 50 U/L, Phosphatase kiềm (ALP) 580 U/L (bình thường 40-120), GGT 420 U/L. Bilirubin toàn phần 22 μmol/L. Cholesterol toàn phần 9.5 mmol/L. Siêu âm ổ bụng: túi mật không sỏi, đường mật trong và ngoài gan không giãn. Kháng thể kháng ty thể (AMA) dương tính ở hiệu giá 1:640.","Mặc dù AMA dương tính đủ để chẩn đoán, nhưng bệnh nhân nên được thực hiện thêm xét nghiệm nào để tầm soát biến chứng chuyển hóa hệ thống liên quan?",Chọc hút tủy xương làm tủy đồ và sinh thiết tủy.,Đo mật độ xương toàn thân bằng phương pháp DEXA.,Nội soi thực quản dạ dày đánh giá tĩnh mạch trướng.,Chụp cắt lớp vi tính phân giải cao lồng ngực.,,b,"Bệnh nhân PBC thường bị kém hấp thu vitamin D và canxi do ứ mật mạn tính, đồng thời quá trình viêm tự miễn ảnh hưởng trực tiếp đến chu chuyển xương. Do đó, loãng xương (osteoporosis) là một biến chứng ngoài gan rất phổ biến. Guideline khuyến cáo đo mật độ xương (DEXA scan) ngay thời điểm chẩn đoán."
noi-viem-gan-man-case-17-4,noi,Viêm gan mạn,Tiêu hoá,"Bệnh nhân nữ 56 tuổi, đến khám vì ngứa da dữ dội và toàn thân mệt mỏi trong 6 tháng qua. Ngứa nhiều về đêm làm bệnh nhân mất ngủ, gãi trầy xước nhiều vùng cẳng tay và cẳng chân. Da sạm màu nhẹ nhưng chưa thấy vàng mắt. Quanh mí mắt có các mảng xanthelasma (ban vàng). Khám bụng mềm, gan to dưới bờ sườn 3 cm, lách không to. Xét nghiệm: AST 45 U/L, ALT 50 U/L, Phosphatase kiềm (ALP) 580 U/L (bình thường 40-120), GGT 420 U/L. Bilirubin toàn phần 22 μmol/L. Cholesterol toàn phần 9.5 mmol/L. Siêu âm ổ bụng: túi mật không sỏi, đường mật trong và ngoài gan không giãn. Kháng thể kháng ty thể (AMA) dương tính ở hiệu giá 1:640.","Phương pháp điều trị nội khoa được chấp thuận là liệu pháp đầu tay, giúp cải thiện sinh hóa và làm chậm tiến triển bệnh là gì?",Hóa trị liệu toàn thân bằng thuốc Doxorubicin.,Sử dụng kháng sinh tĩnh mạch liều cao ngắt quãng.,Dùng thuốc axit mật Ursodeoxycholic acid (UDCA).,Chỉ định thuốc ức chế miễn dịch Infliximab.,,c,"Ursodeoxycholic acid (UDCA) ở liều 13-15 mg/kg/ngày là thuốc điều trị đầu tay duy nhất được chứng minh làm chậm sự tiến triển của xơ hóa gan, cải thiện thời gian sống không cần ghép gan ở bệnh nhân PBC."
noi-viem-gan-man-case-17-5,noi,Viêm gan mạn,Tiêu hoá,"Bệnh nhân nữ 56 tuổi, đến khám vì ngứa da dữ dội và toàn thân mệt mỏi trong 6 tháng qua. Ngứa nhiều về đêm làm bệnh nhân mất ngủ, gãi trầy xước nhiều vùng cẳng tay và cẳng chân. Da sạm màu nhẹ nhưng chưa thấy vàng mắt. Quanh mí mắt có các mảng xanthelasma (ban vàng). Khám bụng mềm, gan to dưới bờ sườn 3 cm, lách không to. Xét nghiệm: AST 45 U/L, ALT 50 U/L, Phosphatase kiềm (ALP) 580 U/L (bình thường 40-120), GGT 420 U/L. Bilirubin toàn phần 22 μmol/L. Cholesterol toàn phần 9.5 mmol/L. Siêu âm ổ bụng: túi mật không sỏi, đường mật trong và ngoài gan không giãn. Kháng thể kháng ty thể (AMA) dương tính ở hiệu giá 1:640.",Bệnh nhân có nguy cơ cao bị thiếu hụt vi chất nào sau đây do tình trạng ứ mật mạn tính kéo dài?,Giảm hấp thu sắt tại tá tràng gây thiếu máu hồng cầu nhỏ.,"Giảm hấp thu các vitamin tan trong dầu như Vitamin A, D, E, K.",Thiếu hụt trầm trọng các vitamin tan trong nước như Vitamin B12.,Mất natri và kali liên tục qua hệ thống đường tiêu hóa.,,b,"Muối mật rất cần thiết cho sự tạo nhũ tương hóa mỡ ở ruột. Ứ mật mạn tính làm giảm tiết axit mật xuống ruột non, dẫn đến phân mỡ và giảm hấp thu mỡ, kéo theo sự thiếu hụt nghiêm trọng các vitamin hòa tan trong mỡ (A, D, E, K), gây quáng gà, loãng xương và rối loạn đông máu."
noi-viem-gan-man-case-18-1,noi,Viêm gan mạn,Tiêu hoá,"Bệnh nhân nam 50 tuổi, đi khám vì đau mỏi khớp bàn ngón tay hai bên và giảm ham muốn tình dục trong một năm qua. Gần đây, bệnh nhân phát hiện bị đái tháo đường và đang phải dùng thuốc. Khám lâm sàng: mạch 75 lần/phút, huyết áp 130/80 mmHg. Da sạm đen ánh màu đồng thau, đặc biệt ở vùng mặt và cổ, dù bệnh nhân làm việc văn phòng. Gan to dưới sườn 4 cm, mật độ chắc, ấn không đau. Lông nách và lông mu thưa thớt. Tinh hoàn hai bên teo nhỏ. Xét nghiệm: AST 65 U/L, ALT 72 U/L. Glucose máu đói 9.5 mmol/L. Xét nghiệm sắt huyết thanh tăng cao 45 μmol/L, Ferritin huyết thanh 1500 μg/L (bình thường 20-250), độ bão hòa Transferrin đạt 85%.","Bệnh cảnh lâm sàng sạm da, tiểu đường mới mắc, suy sinh dục và gan to kết hợp với rối loạn chuyển hóa sắt gợi ý chẩn đoán nào?",Bệnh lý đái tháo đường type 2 có biến chứng.,Bệnh ứ sắt nguyên phát di truyền (Hemochromatosis).,Bệnh xơ gan ứ mật do rối loạn tự miễn.,Hội chứng rối loạn chuyển hóa porphyrin.,,b,"Tam chứng kinh điển ""tiểu đường đồng thau"" (bronze diabetes) bao gồm sạm da, đái tháo đường và xơ gan là đặc trưng của Bệnh ứ sắt nguyên phát (Hemochromatosis). Biểu hiện ở khớp ngón tay và suy sinh dục (do tích sắt ở tuyến yên) cũng rất phổ biến. Ferritin > 1000 và độ bão hòa Transferrin > 45% củng cố chẩn đoán."
noi-viem-gan-man-case-18-2,noi,Viêm gan mạn,Tiêu hoá,"Bệnh nhân nam 50 tuổi, đi khám vì đau mỏi khớp bàn ngón tay hai bên và giảm ham muốn tình dục trong một năm qua. Gần đây, bệnh nhân phát hiện bị đái tháo đường và đang phải dùng thuốc. Khám lâm sàng: mạch 75 lần/phút, huyết áp 130/80 mmHg. Da sạm đen ánh màu đồng thau, đặc biệt ở vùng mặt và cổ, dù bệnh nhân làm việc văn phòng. Gan to dưới sườn 4 cm, mật độ chắc, ấn không đau. Lông nách và lông mu thưa thớt. Tinh hoàn hai bên teo nhỏ. Xét nghiệm: AST 65 U/L, ALT 72 U/L. Glucose máu đói 9.5 mmol/L. Xét nghiệm sắt huyết thanh tăng cao 45 μmol/L, Ferritin huyết thanh 1500 μg/L (bình thường 20-250), độ bão hòa Transferrin đạt 85%.","Bất thường di truyền trong bệnh lý này làm giảm nồng độ của hormone nào, từ đó dẫn đến tăng hấp thu sắt không kiểm soát?",Hormone Insulin từ tuyến tụy nội tiết.,Hormone Cortisol từ tuyến thượng thận.,Hormone Hepcidin tổng hợp tại gan.,Hormone Erythropoietin từ thận.,,c,"Gen HFE quy định việc tổng hợp protein HFE, có vai trò điều hòa sản xuất Hepcidin tại gan. Hepcidin là hormone ức chế quá trình giải phóng sắt từ tế bào ruột non và đại thực bào vào máu. Đột biến HFE gây giảm Hepcidin trầm trọng, làm ruột non hấp thu sắt liên tục bất chấp cơ thể đã thừa sắt."
noi-viem-gan-man-case-18-3,noi,Viêm gan mạn,Tiêu hoá,"Bệnh nhân nam 50 tuổi, đi khám vì đau mỏi khớp bàn ngón tay hai bên và giảm ham muốn tình dục trong một năm qua. Gần đây, bệnh nhân phát hiện bị đái tháo đường và đang phải dùng thuốc. Khám lâm sàng: mạch 75 lần/phút, huyết áp 130/80 mmHg. Da sạm đen ánh màu đồng thau, đặc biệt ở vùng mặt và cổ, dù bệnh nhân làm việc văn phòng. Gan to dưới sườn 4 cm, mật độ chắc, ấn không đau. Lông nách và lông mu thưa thớt. Tinh hoàn hai bên teo nhỏ. Xét nghiệm: AST 65 U/L, ALT 72 U/L. Glucose máu đói 9.5 mmol/L. Xét nghiệm sắt huyết thanh tăng cao 45 μmol/L, Ferritin huyết thanh 1500 μg/L (bình thường 20-250), độ bão hòa Transferrin đạt 85%.","Để chẩn đoán xác định căn nguyên di truyền của bệnh lý này, xét nghiệm chuyên sâu nào cần được chỉ định?",Chụp cộng hưởng từ sọ não tuyến yên.,Xét nghiệm phân tích đột biến gen HFE.,Sinh thiết hạch bạch huyết mạc treo ruột.,Đo thời gian máu chảy và máu đông tĩnh mạch.,,b,"Xét nghiệm di truyền tìm đột biến C282Y và H63D trên gen HFE là phương pháp chẩn đoán xác định không xâm lấn, thay thế cho sinh thiết gan trong việc chẩn đoán Hemochromatosis di truyền."
noi-viem-gan-man-case-18-4,noi,Viêm gan mạn,Tiêu hoá,"Bệnh nhân nam 50 tuổi, đi khám vì đau mỏi khớp bàn ngón tay hai bên và giảm ham muốn tình dục trong một năm qua. Gần đây, bệnh nhân phát hiện bị đái tháo đường và đang phải dùng thuốc. Khám lâm sàng: mạch 75 lần/phút, huyết áp 130/80 mmHg. Da sạm đen ánh màu đồng thau, đặc biệt ở vùng mặt và cổ, dù bệnh nhân làm việc văn phòng. Gan to dưới sườn 4 cm, mật độ chắc, ấn không đau. Lông nách và lông mu thưa thớt. Tinh hoàn hai bên teo nhỏ. Xét nghiệm: AST 65 U/L, ALT 72 U/L. Glucose máu đói 9.5 mmol/L. Xét nghiệm sắt huyết thanh tăng cao 45 μmol/L, Ferritin huyết thanh 1500 μg/L (bình thường 20-250), độ bão hòa Transferrin đạt 85%.","Phương pháp điều trị hiệu quả nhất, ít tốn kém và được coi là tiêu chuẩn vàng để thải lượng sắt dư thừa cho bệnh nhân này là gì?",Thực hiện thủ thuật trích máu tĩnh mạch định kỳ.,Sử dụng thuốc thải sắt đường uống Deferasirox.,Truyền liên tục dung dịch Albumin huyết thanh.,Phẫu thuật cắt bán phần dạ dày giảm hấp thu.,,a,"Trích máu tĩnh mạch (Phlebotomy) là liệu pháp tiêu chuẩn, đơn giản và hiệu quả nhất. Ban đầu sẽ trích khoảng 500mL máu (chứa khoảng 250mg sắt) mỗi tuần cho đến khi Ferritin huyết thanh giảm xuống mức mục tiêu (< 50 ng/mL), sau đó duy trì trích máu cách tháng."
noi-viem-gan-man-case-18-5,noi,Viêm gan mạn,Tiêu hoá,"Bệnh nhân nam 50 tuổi, đi khám vì đau mỏi khớp bàn ngón tay hai bên và giảm ham muốn tình dục trong một năm qua. Gần đây, bệnh nhân phát hiện bị đái tháo đường và đang phải dùng thuốc. Khám lâm sàng: mạch 75 lần/phút, huyết áp 130/80 mmHg. Da sạm đen ánh màu đồng thau, đặc biệt ở vùng mặt và cổ, dù bệnh nhân làm việc văn phòng. Gan to dưới sườn 4 cm, mật độ chắc, ấn không đau. Lông nách và lông mu thưa thớt. Tinh hoàn hai bên teo nhỏ. Xét nghiệm: AST 65 U/L, ALT 72 U/L. Glucose máu đói 9.5 mmol/L. Xét nghiệm sắt huyết thanh tăng cao 45 μmol/L, Ferritin huyết thanh 1500 μg/L (bình thường 20-250), độ bão hòa Transferrin đạt 85%.","Nếu không được phát hiện và điều trị thải sắt, cơ quan nào sau đây bị tích tụ sắt gây tổn thương có thể dẫn đến tử vong nhanh chóng?",Lắng đọng tại nhu mô phổi gây xơ phổi kẽ.,Hoại tử tế bào ống thận gây suy thận cấp.,Viêm màng bồ đào gây mù lòa không hồi phục.,Bệnh cơ tim thâm nhiễm gây suy tim ứ huyết.,,d,"Sự lắng đọng sắt tại cơ tim gây ra bệnh cơ tim hạn chế hoặc giãn, dẫn đến rối loạn nhịp tim khó chữa và suy tim ứ huyết. Tổn thương tim là nguyên nhân tử vong hàng đầu ở bệnh nhân Hemochromatosis nếu không được trích máu kịp thời."
noi-viem-gan-man-case-19-1,noi,Viêm gan mạn,Tiêu hoá,"Bệnh nhân nam 58 tuổi, có tiền sử xơ gan do viêm gan virus B, chưa từng nội soi tiêu hóa tầm soát. Bệnh nhân được đưa vào cấp cứu vì đột ngột nôn ra khoảng 500 mL máu đỏ tươi lẫn máu cục, kèm theo đi ngoài phân đen lỏng mùi khẳm. Khám lâm sàng lúc vào viện: bệnh nhân tỉnh, da niêm mạc nhợt nhạt. Mạch 115 lần/phút, huyết áp 90/60 mmHg, nhịp thở 22 lần/phút. Bụng mềm, không có điểm đau khu trú, lách to độ III dưới bờ sườn, báng bụng lượng ít. Xét nghiệm nhanh: Hemoglobin 75 g/L, Tiểu cầu 65 G/L, INR 1.8. Siêu âm tại giường xác nhận không có khối u gan vỡ hay dịch tự do trong ổ bụng.",Tình trạng xuất huyết tiêu hóa cấp tính ở bệnh nhân này có khả năng cao nhất xuất phát từ biến chứng nào?,Rách tâm vị xuất huyết hội chứng Mallory-Weiss.,Xuất huyết do vỡ giãn tĩnh mạch thực quản.,Chảy máu từ ổ loét hành tá tràng mạn tính.,Vỡ phình động mạch chủ bụng vào lòng ruột. https://onedrive.live.com/personal/2672550e42ddc7d4/_layouts/15/Doc,,b,"Nôn máu đỏ tươi khối lượng lớn, có dấu hiệu sốc mất máu (mạch nhanh, huyết áp tụt), kèm biểu hiện tăng áp lực tĩnh mạch cửa rõ (lách to, báng bụng, tiểu cầu thấp) trên bệnh nhân xơ gan là biểu hiện điển hình của vỡ giãn tĩnh mạch thực quản (hoặc tĩnh mạch phình vị)."
noi-viem-gan-man-case-19-2,noi,Viêm gan mạn,Tiêu hoá,"Bệnh nhân nam 58 tuổi, có tiền sử xơ gan do viêm gan virus B, chưa từng nội soi tiêu hóa tầm soát. Bệnh nhân được đưa vào cấp cứu vì đột ngột nôn ra khoảng 500 mL máu đỏ tươi lẫn máu cục, kèm theo đi ngoài phân đen lỏng mùi khẳm. Khám lâm sàng lúc vào viện: bệnh nhân tỉnh, da niêm mạc nhợt nhạt. Mạch 115 lần/phút, huyết áp 90/60 mmHg, nhịp thở 22 lần/phút. Bụng mềm, không có điểm đau khu trú, lách to độ III dưới bờ sườn, báng bụng lượng ít. Xét nghiệm nhanh: Hemoglobin 75 g/L, Tiểu cầu 65 G/L, INR 1.8. Siêu âm tại giường xác nhận không có khối u gan vỡ hay dịch tự do trong ổ bụng.",Sự hình thành các búi tĩnh mạch trướng ở thực quản trong xơ gan là hệ quả trực tiếp của sự thay đổi huyết động nào?,Tăng áp lực tĩnh mạch chủ dưới do suy tim phải.,Tăng chênh lệch áp lực tĩnh mạch gan trên 10 mmHg.,Sự co thắt mạnh mẽ của hệ động mạch mạc treo.,Giảm áp lực keo huyết tương do suy chức năng gan.,,b,"Sự xơ hóa nhu mô gan gây cản trở dòng máu từ tĩnh mạch cửa về tĩnh mạch chủ, dẫn đến aspx?sourcedoc={186352b6-90cf-40c9-ba19-ae84e248ef20}&action=vie… 8/9 Tăng áp lực tĩnh mạch cửa (Portal Hypertension). Khi chênh lệch áp lực tĩnh mạch cửa-chủ (HVPG - Hepatic Venous Pressure Gradient) vượt quá 10 mmHg, các bàng hệ cửa-chủ (như tĩnh mạch thực quản) sẽ giãn ra. Vỡ thường xảy ra khi HVPG > 12 mmHg."
noi-viem-gan-man-case-19-3,noi,Viêm gan mạn,Tiêu hoá,"Bệnh nhân nam 58 tuổi, có tiền sử xơ gan do viêm gan virus B, chưa từng nội soi tiêu hóa tầm soát. Bệnh nhân được đưa vào cấp cứu vì đột ngột nôn ra khoảng 500 mL máu đỏ tươi lẫn máu cục, kèm theo đi ngoài phân đen lỏng mùi khẳm. Khám lâm sàng lúc vào viện: bệnh nhân tỉnh, da niêm mạc nhợt nhạt. Mạch 115 lần/phút, huyết áp 90/60 mmHg, nhịp thở 22 lần/phút. Bụng mềm, không có điểm đau khu trú, lách to độ III dưới bờ sườn, báng bụng lượng ít. Xét nghiệm nhanh: Hemoglobin 75 g/L, Tiểu cầu 65 G/L, INR 1.8. Siêu âm tại giường xác nhận không có khối u gan vỡ hay dịch tự do trong ổ bụng.","Thăm dò cận lâm sàng nào sau đây đóng vai trò vừa chẩn đoán xác định vừa can thiệp điều trị, cần làm trong vòng 12 giờ đầu?",Nội soi thực quản dạ dày tá tràng bằng ống mềm.,Chụp cắt lớp vi tính mạch máu (CTA) ổ bụng.,Đặt ống thông tĩnh mạch rốn đo áp lực trực tiếp.,Chụp X-quang dạ dày có uống thuốc cản quang.,,a,Nội soi tiêu hóa trên cấp cứu (trong vòng 12 giờ đầu tính từ khi nhập viện) là thủ thuật bắt buộc ở bệnh nhân xuất huyết tiêu hóa do xơ gan. Nội soi giúp xác định điểm vỡ và thắt tĩnh mạch trướng bằng vòng cao su (EVL) để cầm máu trực tiếp.
noi-viem-gan-man-case-19-4,noi,Viêm gan mạn,Tiêu hoá,"Bệnh nhân nam 58 tuổi, có tiền sử xơ gan do viêm gan virus B, chưa từng nội soi tiêu hóa tầm soát. Bệnh nhân được đưa vào cấp cứu vì đột ngột nôn ra khoảng 500 mL máu đỏ tươi lẫn máu cục, kèm theo đi ngoài phân đen lỏng mùi khẳm. Khám lâm sàng lúc vào viện: bệnh nhân tỉnh, da niêm mạc nhợt nhạt. Mạch 115 lần/phút, huyết áp 90/60 mmHg, nhịp thở 22 lần/phút. Bụng mềm, không có điểm đau khu trú, lách to độ III dưới bờ sườn, báng bụng lượng ít. Xét nghiệm nhanh: Hemoglobin 75 g/L, Tiểu cầu 65 G/L, INR 1.8. Siêu âm tại giường xác nhận không có khối u gan vỡ hay dịch tự do trong ổ bụng.","Cùng với việc hồi sức dịch và máu, thuốc vận mạch nào sau đây nên được truyền tĩnh mạch ngay lập tức trước khi tiến hành nội soi?",Terlipressin hoặc Somatostatin truyền tĩnh mạch.,Adrenaline hoặc Noradrenaline truyền tĩnh mạch liên tục.,Thuốc chẹn beta giao cảm Propranolol đường uống.,Thuốc ức chế bơm proton Esomeprazole liều cao.,,a,"Thuốc vận mạch làm co thắt mạch máu tạng (như Terlipressin, Somatostatin, hoặc Octreotide) giúp làm giảm lưu lượng máu đến hệ tĩnh mạch cửa, từ đó giảm áp lực tĩnh mạch cửa và cầm máu. Thuốc phải được truyền tĩnh mạch ngay khi nghi ngờ vỡ tĩnh mạch trướng, không cần đợi kết quả nội soi."
noi-viem-gan-man-case-19-5,noi,Viêm gan mạn,Tiêu hoá,"Bệnh nhân nam 58 tuổi, có tiền sử xơ gan do viêm gan virus B, chưa từng nội soi tiêu hóa tầm soát. Bệnh nhân được đưa vào cấp cứu vì đột ngột nôn ra khoảng 500 mL máu đỏ tươi lẫn máu cục, kèm theo đi ngoài phân đen lỏng mùi khẳm. Khám lâm sàng lúc vào viện: bệnh nhân tỉnh, da niêm mạc nhợt nhạt. Mạch 115 lần/phút, huyết áp 90/60 mmHg, nhịp thở 22 lần/phút. Bụng mềm, không có điểm đau khu trú, lách to độ III dưới bờ sườn, báng bụng lượng ít. Xét nghiệm nhanh: Hemoglobin 75 g/L, Tiểu cầu 65 G/L, INR 1.8. Siêu âm tại giường xác nhận không có khối u gan vỡ hay dịch tự do trong ổ bụng.",Bệnh nhân bị chảy máu ồ ạt vào lòng ruột như trên có nguy cơ rất cao khởi phát biến chứng cấp tính nào của bệnh gan?,Thuyên tắc huyết khối tĩnh mạch cửa đoạn gần.,Bệnh lý não gan do ngộ độc amoniac máu.,Vỡ tự phát lách do tăng áp lực tĩnh mạch cửa.,Tràn dịch màng phổi dịch thấm lượng nhiều.,,b,"Máu chảy vào lòng dạ dày và ruột chứa một lượng lớn protein. Sự tiêu hóa và vi khuẩn phân giải lượng máu này tạo ra một lượng khổng lồ amoniac hấp thu vào máu, làm khởi phát bệnh lý não gan (hôn mê gan) cấp tính. Bệnh nhân cần được dự phòng bằng Lactulose. Nguồn tham khảo: Baveno VII Consensus on Portal Hypertension."
noi-viem-gan-man-case-20-1,noi,Viêm gan mạn,Tiêu hoá,"Bệnh nhân nam 62 tuổi, tiền sử tiêm chích ma túy thời trẻ, phát hiện viêm gan virus C mạn tính cách đây 10 năm nhưng chưa từng điều trị. Bệnh nhân đi siêu âm định kỳ phát hiện một khối khu trú ở nhu mô gan thùy phải. Khám lâm sàng không có vàng da, không có báng bụng, không có hội chứng não gan. Xếp loại Child-Pugh A. Xét nghiệm: Anti-HCV dương tính, HCV RNA 10⁶ copies/mL. Tiểu cầu 120 G/L. Alpha-fetoprotein (AFP) tăng cao 450 ng/mL. Chụp cắt lớp vi tính (CT) bụng đa thì thấy khối u gan kích thước 3.5 cm ở hạ phân thùy VI, có tính chất ngấm thuốc mạnh ở thì động mạch và thải thuốc nhanh ở thì tĩnh mạch cửa.",Đặc điểm hình ảnh học trên phim CT kết hợp AFP tăng cao và tiền sử bệnh viêm gan C mạn tính khẳng định chẩn đoán nào?,Áp xe gan do amip giai đoạn hóa mủ.,Tổn thương di căn gan từ đường tiêu hóa.,U máu gan lành tính (Hemangioma).,Ung thư biểu mô tế bào gan nguyên phát.,,d,"Khối u mới phát hiện trên nền xơ gan/viêm gan mạn tính, kèm AFP > 400 ng/mL và tính chất hình ảnh điển hình trên CT đa thì là tiêu chuẩn không xâm lấn để chẩn đoán xác định Ung thư biểu mô tế bào gan (HCC)."
noi-viem-gan-man-case-20-2,noi,Viêm gan mạn,Tiêu hoá,"Bệnh nhân nam 62 tuổi, tiền sử tiêm chích ma túy thời trẻ, phát hiện viêm gan virus C mạn tính cách đây 10 năm nhưng chưa từng điều trị. Bệnh nhân đi siêu âm định kỳ phát hiện một khối khu trú ở nhu mô gan thùy phải. Khám lâm sàng không có vàng da, không có báng bụng, không có hội chứng não gan. Xếp loại Child-Pugh A. Xét nghiệm: Anti-HCV dương tính, HCV RNA 10⁶ copies/mL. Tiểu cầu 120 G/L. Alpha-fetoprotein (AFP) tăng cao 450 ng/mL. Chụp cắt lớp vi tính (CT) bụng đa thì thấy khối u gan kích thước 3.5 cm ở hạ phân thùy VI, có tính chất ngấm thuốc mạnh ở thì động mạch và thải thuốc nhanh ở thì tĩnh mạch cửa.","Tiêu chuẩn hình ảnh học ""wash-in, wash-out"" (ngấm sớm, thải nhanh) trên CT phản ánh đặc điểm sinh lý bệnh nào của khối u này?",Khối u được cấp máu ưu thế bởi mạng lưới tĩnh mạch cửa.,Sự hình thành các hồ máu tĩnh mạch chảy chậm bên trong u.,Tế bào u tiết ra lượng lớn chất nhầy chứa phức hợp mucin.,Sự tân tạo mạch máu mạnh mẽ từ nguồn động mạch gan.,,d,"Nhu mô gan bình thường được cấp máu 70-80% từ tĩnh mạch cửa và 20-30% từ động mạch gan. Ngược lại, khối u HCC sinh trưởng mạnh sẽ tiết ra yếu tố tân tạo mạch (VEGF), tạo ra mạng lưới mạch máu bắt nguồn gần như 100% từ động mạch gan. Do đó, u ngấm thuốc cản quang ồ ạt ở thì động mạch (wash-in) và thuốc nhanh chóng trôi đi ở thì tĩnh mạch (wash- out)."
noi-viem-gan-man-case-20-3,noi,Viêm gan mạn,Tiêu hoá,"Bệnh nhân nam 62 tuổi, tiền sử tiêm chích ma túy thời trẻ, phát hiện viêm gan virus C mạn tính cách đây 10 năm nhưng chưa từng điều trị. Bệnh nhân đi siêu âm định kỳ phát hiện một khối khu trú ở nhu mô gan thùy phải. Khám lâm sàng không có vàng da, không có báng bụng, không có hội chứng não gan. Xếp loại Child-Pugh A. Xét nghiệm: Anti-HCV dương tính, HCV RNA 10⁶ copies/mL. Tiểu cầu 120 G/L. Alpha-fetoprotein (AFP) tăng cao 450 ng/mL. Chụp cắt lớp vi tính (CT) bụng đa thì thấy khối u gan kích thước 3.5 cm ở hạ phân thùy VI, có tính chất ngấm thuốc mạnh ở thì động mạch và thải thuốc nhanh ở thì tĩnh mạch cửa.","Với khối u đơn độc 3.5 cm và chức năng gan bảo tồn (Child-Pugh A), phương pháp điều trị mang tính triệt căn nào sau đây phù hợp nhất?",Hóa trị liệu toàn thân bằng thuốc Sorafenib.,Điều trị giảm nhẹ và chăm sóc sức khỏe tâm lý.,Phẫu thuật cắt bỏ khối u gan hoặc đốt sóng cao tần.,Nút mạch hóa chất động mạch gan (TACE).,,c,"Khối u đơn độc dưới 5cm, chức năng gan tốt (Child A), không có di căn mạch máu hay di căn xa thuộc giai đoạn rất sớm/sớm theo phân loại BCLC. Điều trị triệt căn (curative) được ưu tiên là phẫu thuật cắt gan hoặc hủy u qua da bằng sóng cao tần (RFA). TACE chỉ dùng cho giai đoạn trung gian."
noi-viem-gan-man-case-20-4,noi,Viêm gan mạn,Tiêu hoá,"Bệnh nhân nam 62 tuổi, tiền sử tiêm chích ma túy thời trẻ, phát hiện viêm gan virus C mạn tính cách đây 10 năm nhưng chưa từng điều trị. Bệnh nhân đi siêu âm định kỳ phát hiện một khối khu trú ở nhu mô gan thùy phải. Khám lâm sàng không có vàng da, không có báng bụng, không có hội chứng não gan. Xếp loại Child-Pugh A. Xét nghiệm: Anti-HCV dương tính, HCV RNA 10⁶ copies/mL. Tiểu cầu 120 G/L. Alpha-fetoprotein (AFP) tăng cao 450 ng/mL. Chụp cắt lớp vi tính (CT) bụng đa thì thấy khối u gan kích thước 3.5 cm ở hạ phân thùy VI, có tính chất ngấm thuốc mạnh ở thì động mạch và thải thuốc nhanh ở thì tĩnh mạch cửa.","Để giải quyết dứt điểm tình trạng nhiễm virus viêm gan C, nhóm thuốc nào sau đây hiện được sử dụng làm tiêu chuẩn vàng với tỷ lệ khỏi bệnh > 95%?",Thuốc ức chế men sao chép ngược Tenofovir.,Thuốc kháng virus tác dụng trực tiếp (DAAs).,Vaccin tái tổ hợp phòng viêm gan virus C liều cao.,Liệu pháp tiêm Pegylated Interferon alpha đơn thuần.,,b,"Các thuốc kháng virus tác dụng trực tiếp (DAAs - Direct-Acting Antivirals) như Sofosbuvir/Velpatasvir đã thay thế hoàn toàn phác đồ Interferon độc tính cao, mang lại hiệu quả chữa khỏi hoàn toàn viêm gan C (đạt SVR) trong vòng 8-12 tuần uống thuốc."
noi-viem-gan-man-case-20-5,noi,Viêm gan mạn,Tiêu hoá,"Bệnh nhân nam 62 tuổi, tiền sử tiêm chích ma túy thời trẻ, phát hiện viêm gan virus C mạn tính cách đây 10 năm nhưng chưa từng điều trị. Bệnh nhân đi siêu âm định kỳ phát hiện một khối khu trú ở nhu mô gan thùy phải. Khám lâm sàng không có vàng da, không có báng bụng, không có hội chứng não gan. Xếp loại Child-Pugh A. Xét nghiệm: Anti-HCV dương tính, HCV RNA 10⁶ copies/mL. Tiểu cầu 120 G/L. Alpha-fetoprotein (AFP) tăng cao 450 ng/mL. Chụp cắt lớp vi tính (CT) bụng đa thì thấy khối u gan kích thước 3.5 cm ở hạ phân thùy VI, có tính chất ngấm thuốc mạnh ở thì động mạch và thải thuốc nhanh ở thì tĩnh mạch cửa.",Bệnh nhân có khối u tại vị trí hạ phân thùy VI như trên có nguy cơ cao xảy ra biến chứng tại chỗ nào nếu u xâm lấn tiến triển?,Chèn ép tĩnh mạch chủ trên gây phù khoác áo.,Gây loét và thủng bờ cong nhỏ của dạ dày.,Vỡ trực tiếp vào bên trong lồng ngực qua cơ hoành.,Huyết khối xâm lấn nhánh phải tĩnh mạch cửa.,,d,"HCC nổi tiếng với đặc tính sinh học là xâm lấn trực tiếp vào hệ thống tĩnh mạch cửa (gây ra huyết khối tế bào ung thư mạch cửa - portal vein tumor thrombosis). Nằm ở gan phải (phân thùy VI), khối u dễ dàng xâm lấn vào nhánh tĩnh mạch cửa thùy phải, làm bệnh chuyển sang giai đoạn tiến triển (BCLC C) và mất cơ hội mổ. aspx?sourcedoc={186352b6-90cf-40c9-ba19-ae84e248ef20}&action=vie… 9/9"
