id,subject,chapter,group,case_stem,question,option_a,option_b,option_c,option_d,option_e,correct_answer,explanation
noi-xuat-huyet-tieu-hoa-mcq-001,noi,Xuất huyết tiêu hoá,Tiêu hoá,,Ranh giới giải phẫu phân chia xuất huyết tiêu hóa trên và dưới là gì?,Góc hồi manh tràng,Nếp gấp dạ dày,Góc Treitz,Cơ vòng Oddi,,c,Ý phải nhớ: Góc Treitz (góc tá - hổng tràng) là mốc giải phẫu kinh điển phân chia đường tiêu hóa trên và dưới. Xuất huyết tiêu hóa trên là chảy máu từ góc Treitz trở lên miệng. Nguồn: Bệnh học nội khoa YHN.
noi-xuat-huyet-tieu-hoa-mcq-002,noi,Xuất huyết tiêu hoá,Tiêu hoá,,Nguyên nhân phổ biến nhất gây xuất huyết tiêu hóa trên không do tăng áp lực tĩnh mạch cửa là gì?,Hội chứng Mallory-Weiss,Loét dạ dày - tá tràng,Dị dạng mạch máu,Viêm trợt dạ dày,,b,"Ý phải nhớ: Loét dạ dày - tá tràng là nguyên nhân hàng đầu, chiếm khoảng 40-50% các trường hợp xuất huyết tiêu hóa trên không do tăng áp lực tĩnh mạch cửa. Nguồn: Bệnh học nội khoa YHN."
noi-xuat-huyet-tieu-hoa-mcq-003,noi,Xuất huyết tiêu hoá,Tiêu hoá,,"Theo các thống kê y khoa, tỷ lệ tử vong chung của xuất huyết tiêu hóa trên hiện nay dao động trong khoảng bao nhiêu?",1 - 2%,5 - 10%,15 - 20%,25 - 30%,,b,"Ý phải nhớ: Dù có nhiều tiến bộ trong nội soi can thiệp và hồi sức, tỷ lệ tử vong chung vẫn ở mức 5 - 10%, chủ yếu do tuổi cao và bệnh lý nền nặng đi kèm. Nguồn: CURRENT Medical Diagnosis & Treatment 2026."
noi-xuat-huyet-tieu-hoa-mcq-004,noi,Xuất huyết tiêu hoá,Tiêu hoá,,Vị trí giải phẫu ổ loét tá tràng nào có nguy cơ chảy máu ồ ạt cao nhất do dễ ăn mòn vào động mạch lớn?,Mặt trước hành tá tràng,Mặt sau hành tá tràng,Đoạn D2 tá tràng,Bờ cong lớn dạ dày,,b,"Ý phải nhớ: Ổ loét ở mặt sau hành tá tràng rất nguy hiểm vì dễ ăn mòn vào động mạch vị tá tràng nằm ngay phía sau, gây xuất huyết ồ ạt khó cầm. Nguồn: Bệnh học nội khoa YHN."
noi-xuat-huyet-tieu-hoa-mcq-005,noi,Xuất huyết tiêu hoá,Tiêu hoá,,Yếu tố nguy cơ nào sau đây đóng vai trò lớn nhất làm gia tăng tỷ lệ mắc xuất huyết tiêu hóa trên ở người cao tuổi?,Tăng tiêu thụ thực phẩm cay nóng,Sử dụng thường xuyên thuốc NSAID và Aspirin,Suy giảm nhu động dạ dày ruột,Giảm tiết acid sinh lý do tuổi tác,,b,Ý phải nhớ: Việc sử dụng rộng rãi thuốc chống viêm không steroid (NSAID) và Aspirin dự phòng tim mạch là nguyên nhân chính làm tăng xuất huyết do loét ở người cao tuổi. Nguồn: CURRENT Medical Diagnosis & Treatment 2026.
noi-xuat-huyet-tieu-hoa-mcq-006,noi,Xuất huyết tiêu hoá,Tiêu hoá,,Nam giới thường có tỷ lệ loét tá tràng chảy máu cao hơn nữ giới. Nhóm tuổi nào có tỷ lệ gặp biến chứng chảy máu cao nhất?,Dưới 20 tuổi,20 - 40 tuổi,40 - 60 tuổi,Trên 60 tuổi,,d,"Ý phải nhớ: Biến chứng chảy máu do loét dạ dày - tá tràng gia tăng mạnh theo tuổi, đặc biệt cao nhất ở nhóm người trên 60 tuổi do kết hợp nhiều yếu tố nguy cơ. Nguồn: Bệnh học nội khoa YHN."
noi-xuat-huyet-tieu-hoa-mcq-007,noi,Xuất huyết tiêu hoá,Tiêu hoá,,Cơ chế chính của nhóm thuốc NSAID gây tổn thương niêm mạc dạ dày dẫn đến xuất huyết là gì?,Ức chế men Cyclooxygenase-1 làm giảm tổng hợp prostaglandin,Kích thích tế bào thành tăng tiết acid và pepsin,Phá vỡ trực tiếp lớp nhầy bằng phản ứng kiềm hóa,Ức chế chọn lọc bơm proton,,a,"Ý phải nhớ: NSAID ức chế COX-1, làm giảm tổng hợp prostaglandin - yếu tố cực kỳ quan trọng giúp bảo vệ niêm mạc dạ dày (tăng tiết nhầy, bicarbonate và tăng tưới máu). Nguồn: Bệnh học nội khoa YHN."
noi-xuat-huyet-tieu-hoa-mcq-008,noi,Xuất huyết tiêu hoá,Tiêu hoá,,"Yếu tố nào sau đây đóng vai trò chủ đạo giúp cục máu đông tại ổ loét bền vững, không bị ly giải sớm?",Môi trường pH dạ dày < 4,Môi trường pH dạ dày > 6,Nồng độ pepsinogen cao,Nồng độ gastrin máu cao,,b,"Ý phải nhớ: Cục máu đông chỉ ổn định ở pH > 6. Khi pH thấp, pepsinogen chuyển thành pepsin sẽ ly giải cục máu đông và ức chế ngưng tập tiểu cầu, dẫn đến tái xuất huyết. Nguồn: CURRENT Medical Diagnosis & Treatment 2026."
noi-xuat-huyet-tieu-hoa-mcq-009,noi,Xuất huyết tiêu hoá,Tiêu hoá,,Vi khuẩn Helicobacter pylori gây loét hành tá tràng chủ yếu thông qua cơ chế gián tiếp nào?,Tăng tiết somatostatin,Giảm tiết acid dạ dày,"Ức chế tế bào D làm giảm somatostatin, dẫn đến tăng gastrin và acid",Phá hủy trực tiếp niêm mạc tá tràng bằng độc tố ruột,,c,"Ý phải nhớ: H. pylori ở hang vị làm phá hủy tế bào D, giảm tiết somatostatin. Do thiếu sự ức chế của somatostatin, tế bào G tăng tiết gastrin, kéo theo tăng tiết acid gây loét tá tràng. Nguồn: Bệnh học nội khoa YHN."
noi-xuat-huyet-tieu-hoa-mcq-010,noi,Xuất huyết tiêu hoá,Tiêu hoá,,Hiện tượng phân đen đặc trưng trong xuất huyết tiêu hóa trên chủ yếu do cơ chế sinh hóa nào?,Hồng cầu bị ly giải bởi vi khuẩn đại tràng tạo sulfide,Hemoglobin chuyển thành hematin dưới tác dụng của acid dịch vị,Máu hòa loãng với dịch mật tạo màu đen,Phản ứng của sắt trong máu với enzym tụy,,b,Ý phải nhớ: Phân đen như bã cà phê là do sự giáng hóa của hemoglobin thành hematin dưới tác động của acid dạ dày và vi khuẩn đường ruột trong thời gian lưu bã thức ăn. Nguồn: Bệnh học nội khoa YHN.
noi-xuat-huyet-tieu-hoa-mcq-011,noi,Xuất huyết tiêu hoá,Tiêu hoá,,Sự tăng nồng độ Ure máu (BUN) trong xuất huyết tiêu hóa trên chủ yếu do cơ chế nào?,Tổn thương thận cấp trước thận do giảm thể tích đơn thuần,Sự tiêu hóa và hấp thu protein từ máu trong ống tiêu hóa,Sự phân hủy mô cơ xương do sốc,Suy gan cấp thứ phát sau xuất huyết,,b,"Ý phải nhớ: Máu chảy vào dạ dày ruột chứa lượng lớn protein. Vi khuẩn ruột giáng hóa protein thành amoniac, sau đó hấp thu vào gan chuyển thành Ure, làm tăng Ure máu rõ rệt. Nguồn: CURRENT Medical Diagnosis & Treatment 2026."
noi-xuat-huyet-tieu-hoa-mcq-012,noi,Xuất huyết tiêu hoá,Tiêu hoá,,Sự thay đổi huyết động nào thường xuất hiện sớm nhất để bù trừ tình trạng giảm thể tích tuần hoàn cấp tính?,Giảm huyết áp tâm thu,Tăng nhịp tim,Giảm áp lực mạch (hiệu số huyết áp),Tăng nhịp thở,,b,"Ý phải nhớ: Tăng nhịp tim (mạch nhanh) là phản ứng bù trừ giao cảm sớm nhất khi mất máu, xảy ra trước khi huyết áp tâm thu bắt đầu tụt. Nguồn: Bệnh học nội khoa YHN."
noi-xuat-huyet-tieu-hoa-mcq-013,noi,Xuất huyết tiêu hoá,Tiêu hoá,,Thuốc nào sau đây làm tăng đáng kể nguy cơ xuất huyết tiêu hóa khi phối hợp với NSAID do cơ chế ức chế tái hấp thu serotonin tại tiểu cầu?,Metformin,Omeprazole,Thuốc chống trầm cảm nhóm SSRI,Thuốc chẹn beta giao cảm,,c,"Ý phải nhớ: Tiểu cầu cần serotonin để ngưng tập. SSRI (như Fluoxetine) ức chế tái hấp thu serotonin vào tiểu cầu, làm giảm chức năng tiểu cầu, từ đó tăng mạnh nguy cơ chảy máu khi dùng cùng NSAID. Nguồn: CURRENT Medical Diagnosis & Treatment 2026."
noi-xuat-huyet-tieu-hoa-mcq-014,noi,Xuất huyết tiêu hoá,Tiêu hoá,,Dấu hiệu nào trên nội soi chứng tỏ cơ chế cầm máu tự nhiên (tạo cục máu đông) tại ổ loét đã thất bại hoàn toàn?,Ổ loét có mảng fibrin trắng,Cục máu đông bám chặt đáy ổ loét,Đáy ổ loét có sắc tố đen,Máu đang phun thành tia từ đáy ổ loét,,d,"Ý phải nhớ: Máu phun thành tia (Forrest Ia) là biểu hiện tổn thương mạch máu lớn, cơ chế cầm máu tự nhiên bằng tiểu cầu/fibrin không đủ sức bít lỗ thủng động mạch. Nguồn: Bệnh học nội khoa YHN."
noi-xuat-huyet-tieu-hoa-mcq-015,noi,Xuất huyết tiêu hoá,Tiêu hoá,,Đặc điểm nào của chất nôn giúp chẩn đoán phân biệt nôn ra máu với ho ra máu?,Máu màu đỏ tươi,"Máu lẫn thức ăn, pH toan, không có bọt",Kèm theo triệu chứng tức ngực và ho liên tục,"Máu có lẫn đờm mủ, pH kiềm",,b,"Ý phải nhớ: Nôn ra máu có nguồn gốc từ dạ dày nên thường lẫn thức ăn và dịch vị có pH toan. Ngược lại ho ra máu từ phổi thường có bọt khí, lẫn đờm và pH kiềm. Nguồn: Bệnh học nội khoa YHN."
noi-xuat-huyet-tieu-hoa-mcq-016,noi,Xuất huyết tiêu hoá,Tiêu hoá,,Tính chất phân nào sau đây mô tả đúng nhất tình trạng phân đen do xuất huyết tiêu hóa trên điển hình?,"Phân vàng ươm, có dính máu tươi ở khuôn","Phân đen sệt, bóng như nhựa đường, mùi rất khắm","Phân nhạt màu, nổi lềnh bềnh, bóng mỡ",Phân lỏng có nhầy máu như máu cá,,b,"Ý phải nhớ: Melena (phân đen) điển hình có màu đen như nhựa đường hoặc bã cà phê, dính, sệt và có mùi khắm đặc trưng do máu bị vi khuẩn phân hủy sinh ra sulfide. Nguồn: Bệnh học nội khoa YHN."
noi-xuat-huyet-tieu-hoa-mcq-017,noi,Xuất huyết tiêu hoá,Tiêu hoá,,"Ở một bệnh nhân người lớn khỏe mạnh bình thường, dấu hiệu lâm sàng nào chỉ điểm tình trạng mất máu mức độ rất nặng (mất trên 30% thể tích máu)?","Nhịp tim 90 lần/phút, HA tâm thu 110 mmHg","Bệnh nhân tỉnh táo, da niêm mạc hơi nhợt","HA tâm thu < 90 mmHg, nhịp tim > 120 lần/phút, lú lẫn","Nhịp thở 16 lần/phút, nước tiểu 50 ml/giờ",,c,"Ý phải nhớ: Mất trên 30-40% thể tích tuần hoàn (Độ III, IV) sẽ vượt quá khả năng bù trừ, dẫn đến sốc thực sự với tụt huyết áp tâm thu, mạch rất nhanh, thiểu niệu và rối loạn tri giác. Nguồn: Bệnh học nội khoa YHN."
noi-xuat-huyet-tieu-hoa-mcq-018,noi,Xuất huyết tiêu hoá,Tiêu hoá,,"Một nam bệnh nhân 45 tuổi vào viện vì nôn ra máu tươi. Bệnh nhân có tiền sử say rượu ngày hôm trước, ban đầu chỉ nôn khan dữ dội nhiều lần, sau đó mới nôn ra máu. Chẩn đoán lâm sàng ưu tiên là gì?",Hội chứng Mallory-Weiss,Loét hành tá tràng,Ung thư dạ dày,Dị dạng mạch máu Dieulafoy,,a,"Ý phải nhớ: Hội chứng Mallory-Weiss là vết rách niêm mạc tâm phình vị do tăng áp lực ổ bụng đột ngột, điển hình xảy ra sau các đợt nôn khan liên tục, đặc biệt ở người say rượu. Nguồn: CURRENT Medical Diagnosis & Treatment 2026."
noi-xuat-huyet-tieu-hoa-mcq-019,noi,Xuất huyết tiêu hoá,Tiêu hoá,,"Chỉ số xét nghiệm nào sau đây, khi tăng cao bất thường, rất gợi ý bệnh nhân chảy máu từ đường tiêu hóa trên thay vì tiêu hóa dưới (nếu chức năng thận trước đó bình thường)?",Tỷ lệ BUN/Creatinin > 30,Hematocrit < 30%,MCV < 80 fL,Albumin máu giảm,,a,Ý phải nhớ: Tỷ lệ BUN (Ure máu)/Creatinin > 30 (hoặc > 36 ở một số đơn vị) gợi ý mạnh mẽ máu xuất phát từ tiêu hóa trên do máu được ruột hấp thu và tiêu hóa thành Ure. Nguồn: CURRENT Medical Diagnosis & Treatment 2026.
noi-xuat-huyet-tieu-hoa-mcq-020,noi,Xuất huyết tiêu hoá,Tiêu hoá,,"Test tư thế (Orthostatic test) được coi là dương tính, chỉ điểm tình trạng giảm ít nhất 15- 20% thể tích tuần hoàn khi chỉ số sinh tồn thay đổi thế nào sau khi chuyển từ nằm sang đứng?",Mạch tăng > 5 lần/phút hoặc HA tâm thu giảm 5 mmHg,Mạch tăng > 10 lần/phút hoặc HA tâm thu giảm 10 mmHg,Mạch tăng > 30 lần/phút hoặc HA tâm thu giảm > 20 mmHg,Nhịp thở tăng > 25 lần/phút,,c,Ý phải nhớ: Test tư thế dương tính (mạch tăng > 30 lần/phút hoặc huyết áp tâm thu giảm > 20 mmHg khi đứng lên) là dấu hiệu sớm của thiếu hụt thể tích nội mạch đáng kể. Nguồn: CURRENT Medical Diagnosis & Treatment 2026.
noi-xuat-huyet-tieu-hoa-mcq-021,noi,Xuất huyết tiêu hoá,Tiêu hoá,,Đặc điểm cơn đau cơ năng nào là “bẫy kinh điển” thường gặp ở bệnh nhân đang có loét tá tràng chảy máu?,"Đau dữ dội liên tục không giảm, lây lan khắp bụng",Đau quặn từng cơn quanh rốn kèm buồn nôn,Đau thượng vị đột ngột thuyên giảm hoặc hết đau ngay sau khi nôn ra máu/phân đen,Đau lan lên vai phải kèm sốt cao,,c,"Ý phải nhớ: Máu chảy vào dạ dày đóng vai trò như một chất đệm, trung hòa acid dịch vị. Do đó, bệnh nhân loét thường hết đau thượng vị khi bắt đầu chảy máu ổ loét. Nguồn: Bệnh học nội khoa YHN."
noi-xuat-huyet-tieu-hoa-mcq-022,noi,Xuất huyết tiêu hoá,Tiêu hoá,,"Tình trạng xuất huyết tiêu hóa trên kèm theo tam chứng: đau hạ sườn phải, vàng da, tiêu phân đen, gợi ý chẩn đoán hiếm gặp nào sau đây?",Hội chứng Zollinger-Ellison,Chảy máu đường mật (Hemobilia),Ung thư thực quản,Rách thực quản Boerhaave,,b,"Ý phải nhớ: Tam chứng chảy máu đường mật (Đau quặn gan, vàng da, xuất huyết tiêu hóa) là bẫy kinh điển cho các trường hợp XHTH trên có nguyên nhân từ gan mật (sau chấn thương, sỏi). Nguồn: CURRENT Medical Diagnosis & Treatment 2026."
noi-xuat-huyet-tieu-hoa-mcq-023,noi,Xuất huyết tiêu hoá,Tiêu hoá,,"Bệnh nhân tự ý uống viên sắt bổ sung, nay hoang mang vì đi ngoài phân đen. Xét nghiệm lâm sàng nào đơn giản và nhanh nhất để loại trừ xuất huyết tiêu hóa?",Chụp X-quang bụng đứng,Nội soi dạ dày cấp cứu,Test tìm máu ẩn trong phân (FOBT / Guaiac test),Định lượng sắt huyết thanh,,c,"Ý phải nhớ: Phân đen do uống sắt, Bismuth hoặc ăn tiết canh sẽ có test tìm máu ẩn trong phân (như test Guaiac) âm tính, giúp loại trừ nhanh chóng tình trạng xuất huyết tiêu hóa thực sự. Nguồn: Bệnh học nội khoa YHN."
noi-xuat-huyet-tieu-hoa-mcq-024,noi,Xuất huyết tiêu hoá,Tiêu hoá,,"Một bệnh nhân nam có tiền sử phẫu thuật ghép ống mạch nhân tạo phình động mạch chủ bụng cách đây 2 năm, nay đột ngột nôn máu ồ ạt. Nguyên nhân nguy hiểm nhất cần nghĩ tới ngay là gì?",Rò động mạch chủ - ruột (Aortoenteric fistula),Trào ngược dạ dày thực quản độ D,Loét miệng nối dạ dày ruột,Vỡ phình tĩnh mạch vị,,a,"Ý phải nhớ: Rò động mạch chủ - ruột là biến chứng chết người kinh điển ở bệnh nhân từng phẫu thuật động mạch chủ bụng, thường biểu hiện bằng xuất huyết tiêu hóa trên ồ ạt. Nguồn: CURRENT Medical Diagnosis & Treatment 2026."
noi-xuat-huyet-tieu-hoa-mcq-025,noi,Xuất huyết tiêu hoá,Tiêu hoá,,Tình trạng xuất huyết rỉ rả kéo dài từ một ổ loét không được phát hiện sẽ dẫn đến hình thái thiếu máu nào trên huyết đồ?,"Thiếu máu hồng cầu to, ưu sắc","Thiếu máu hồng cầu nhỏ, nhược sắc","Thiếu máu đẳng sắc, đẳng bào",Thiếu máu tán huyết,,b,"Ý phải nhớ: Chảy máu tiêu hóa rỉ rả kéo dài gây cạn kiệt nguồn dự trữ sắt của cơ thể, dẫn đến thiếu máu thiếu sắt điển hình (hồng cầu nhỏ, nhược sắc). Nguồn: Bệnh học nội khoa YHN."
noi-xuat-huyet-tieu-hoa-mcq-026,noi,Xuất huyết tiêu hoá,Tiêu hoá,,Dấu hiệu lâm sàng nào sau đây KHÔNG phù hợp với tình trạng sốc giảm thể tích mất bù do xuất huyết tiêu hóa ồ ạt?,"Nhịp tim nhanh, mạch nhỏ khó bắt","Da lạnh, ẩm, nổi vân tím","Nhịp tim chậm, huyết áp tâm thu tăng cao",Thiểu niệu hoặc vô niệu,,c,"Ý phải nhớ: Sốc giảm thể tích bắt buộc đi kèm mạch nhanh và huyết áp hạ. Mạch chậm và huyết áp cao là dấu hiệu của tăng áp lực nội sọ (Phản xạ Cushing), không phù hợp trong sốc mất máu. Nguồn: Bệnh học nội khoa YHN."
noi-xuat-huyet-tieu-hoa-mcq-027,noi,Xuất huyết tiêu hoá,Tiêu hoá,,"Phương pháp cận lâm sàng nào được coi là ""tiêu chuẩn vàng"" để chẩn đoán xác định và can thiệp xuất huyết tiêu hóa trên?",Chụp CT bụng có cản quang,Nội soi dạ dày tá tràng,Siêu âm ổ bụng,Chụp X-quang dạ dày cản quang barit,,b,"Ý phải nhớ: Nội soi dạ dày tá tràng vừa cho phép chẩn đoán chính xác vị trí, mức độ chảy máu, vừa cho phép can thiệp cầm máu trực tiếp nên là tiêu chuẩn vàng. Nguồn: Bệnh học nội khoa YHN."
noi-xuat-huyet-tieu-hoa-mcq-028,noi,Xuất huyết tiêu hoá,Tiêu hoá,,"Theo các khuyến cáo hiện hành, thời điểm tối ưu để thực hiện nội soi chẩn đoán và can thiệp trong xuất huyết tiêu hóa trên cấp tính là khi nào?",Ngay lập tức trong vòng 1 giờ đầu cho mọi bệnh nhân,Trong vòng 24 giờ đầu sau khi đã hồi sức huyết động ổn định,Chờ sau 48 đến 72 giờ để dạ dày tự làm sạch,Chỉ nội soi khi bệnh nhân ngừng chảy máu hoàn toàn,,b,Ý phải nhớ: Nội soi sớm trong vòng 24 giờ (sau hồi sức) cải thiện tiên lượng. Nội soi quá sớm khi bệnh nhân đang sốc mà chưa hồi sức dịch/máu đầy đủ có thể gây ngừng tim. Nguồn: CURRENT Medical Diagnosis & Treatment 2026.
noi-xuat-huyet-tieu-hoa-mcq-029,noi,Xuất huyết tiêu hoá,Tiêu hoá,,Thang điểm Glasgow-Blatchford có ưu thế vượt trội nào so với thang điểm Rockall trong việc tiếp cận ban đầu bệnh nhân xuất huyết tiêu hóa ở phòng cấp cứu?,Đánh giá chính xác tỷ lệ tử vong muộn,Không cần đến kết quả nội soi vẫn có thể phân tầng nguy cơ ngay lập tức,Chỉ dựa vào kết quả nội soi và tuổi,Áp dụng riêng để tính liều thuốc kháng acid,,b,"Ý phải nhớ: Glasgow-Blatchford chỉ sử dụng lâm sàng (mạch, HA, bệnh kèm) và xét nghiệm cơ bản (Hb, BUN) nên có thể tính ngay lúc nhập viện để quyết định xem bệnh nhân cần nhập viện/can thiệp hay có thể cho về. Nguồn: CURRENT Medical Diagnosis & Treatment 2026."
noi-xuat-huyet-tieu-hoa-mcq-030,noi,Xuất huyết tiêu hoá,Tiêu hoá,,"Trên hình ảnh nội soi, tổn thương loét nào sau đây được phân loại là Forrest IIa?",Máu đang phun thành tia,Ổ loét có cục máu đông bám chặt,"Ổ loét có đáy sạch, không có máu",Ổ loét có mạch máu nhìn thấy (nhô lên) nhưng không chảy máu,,d,"Ý phải nhớ: Theo phân loại Forrest: Ia (phun tia), Ib (rỉ máu), IIa (mạch máu nhìn thấy không chảy), IIb (cục máu đông bám), IIc (cặn đen), III (đáy sạch). Nguồn: Bệnh học nội khoa YHN."
noi-xuat-huyet-tieu-hoa-mcq-031,noi,Xuất huyết tiêu hoá,Tiêu hoá,,"Bệnh nhân có hình ảnh nội soi phân loại Forrest nào sau đây có nguy cơ tái xuất huyết thấp nhất (dưới 5%) và có thể cân nhắc xuất viện sớm, điều trị thuốc uống?",Forrest Ib,Forrest IIa,Forrest IIb,Forrest III,,d,"Ý phải nhớ: Forrest III là ổ loét đáy sạch (fibrin), không có dấu hiệu chảy máu, nguy cơ tái phát rất thấp, không cần can thiệp nội soi và có thể cho xuất viện dùng PPI đường uống. Nguồn: Bệnh học nội khoa YHN."
noi-xuat-huyet-tieu-hoa-mcq-032,noi,Xuất huyết tiêu hoá,Tiêu hoá,,"Trong hồi sức truyền máu cho bệnh nhân xuất huyết tiêu hóa cấp không có bệnh lý mạch vành trầm trọng, ngưỡng Hemoglobin (Hb) mục tiêu nên duy trì là bao nhiêu?",> 12 g/dL,10 - 11 g/dL,7 - 9 g/dL,5 - 6 g/dL,,c,Ý phải nhớ: Chiến lược truyền máu hạn chế (duy trì Hb quanh 7 - 9 g/dL) đã được chứng minh làm giảm tỷ lệ tái xuất huyết và tử vong so với truyền máu tự do lên >10 g/dL. Nguồn: CURRENT Medical Diagnosis & Treatment 2026.
noi-xuat-huyet-tieu-hoa-mcq-033,noi,Xuất huyết tiêu hoá,Tiêu hoá,,Xét nghiệm chẩn đoán nhiễm Helicobacter pylori nào có nguy cơ âm tính giả cao nhất nếu thực hiện ngay trong đợt xuất huyết tiêu hóa cấp tính?,Giải phẫu bệnh,Nuôi cấy vi khuẩn,Test Urease nhanh (CLO test),Kháng thể huyết thanh (IgG),,c,Ý phải nhớ: Test Urease nhanh (CLO test) và test thở ure dễ bị âm tính giả trong lúc xuất huyết do máu trong dạ dày có tác dụng đệm và do việc sử dụng PPI/kháng sinh. Nên kiểm tra lại sau khi đã ổn định. Nguồn: CURRENT Medical Diagnosis & Treatment 2026.
noi-xuat-huyet-tieu-hoa-mcq-034,noi,Xuất huyết tiêu hoá,Tiêu hoá,,Một bệnh nhân xuất huyết tiêu hóa biểu hiện phân đen tái diễn nhiều lần nhưng kết quả nội soi dạ dày và đại tràng đều bình thường. Bước chẩn đoán tiếp theo hợp lý nhất là gì?,Chụp MRI tiểu khung,Nội soi viên nang (Capsule endoscopy) hoặc nội soi ruột non,Chụp X-quang bụng không chuẩn bị,Định lượng kháng thể kháng nhân (ANA),,b,"Ý phải nhớ: Khi xuất huyết tiêu hóa không rõ nguyên nhân sau nội soi trên và dưới bình thường (xuất huyết rột non), nội soi viên nang là phương pháp không xâm lấn hàng đầu để khảo sát toàn bộ ruột non. Nguồn: CURRENT Medical Diagnosis & Treatment 2026."
noi-xuat-huyet-tieu-hoa-mcq-035,noi,Xuất huyết tiêu hoá,Tiêu hoá,,Thang điểm lâm sàng và nội soi Rockall đánh giá tiên lượng xuất huyết tiêu hóa dựa vào nhóm yếu tố nào sau đây?,"Tuổi, tình trạng sốc, bệnh lý đi kèm, chẩn đoán nội soi, dấu hiệu chảy máu gần đây trên nội soi","BUN, Hemoglobin, Huyết áp tâm thu, Nhịp tim","Mức độ đau bụng, tiền sử loét tá tràng, giới tính","Số lượng tiểu cầu, thời gian Prothrombin (PT), INR",,a,"Ý phải nhớ: Điểm Rockall kinh điển cần kết hợp cả yếu tố lâm sàng (tuổi, sốc, bệnh nền) và yếu tố nội soi (chẩn đoán nguyên nhân, phân loại Forrest) để dự báo tỷ lệ tái xuất huyết và tử vong. Nguồn: Bệnh học nội khoa YHN."
noi-xuat-huyet-tieu-hoa-mcq-036,noi,Xuất huyết tiêu hoá,Tiêu hoá,,"Khi bệnh nhân đang chảy máu tiêu hóa ồ ạt, nội soi thấy máu ngập toàn bộ dạ dày không thể xác định vị trí can thiệp, phương pháp cận lâm sàng nào tiếp theo có thể vừa chẩn đoán vừa can thiệp cầm máu?",Siêu âm nội soi (EUS),Chụp động mạch cản quang (DSA mạch tạng),Chụp X-quang dạ dày cản quang barit,Cộng hưởng từ (MRI) ổ bụng,,b,"Ý phải nhớ: Chụp động mạch số hóa xóa nền (DSA) mạch tạng được ưu tiên khi nội soi thất bại do máu che lấp hoặc không cầm được máu, giúp xác định mạch máu đang chảy và tiến hành nút mạch (Embolization). Nguồn: CURRENT Medical Diagnosis & Treatment 2026."
noi-xuat-huyet-tieu-hoa-mcq-037,noi,Xuất huyết tiêu hoá,Tiêu hoá,,Mục tiêu duy trì pH dạ dày trong điều trị xuất huyết tiêu hóa do loét bằng thuốc ức chế bơm proton (PPI) là bao nhiêu để ngưng tập tiểu cầu và ổn định cục máu đông tốt nhất?,pH > 2,pH > 4,pH > 6,pH > 8,,c,"Ý phải nhớ: Quá trình ngưng tập tiểu cầu và cục máu đông chỉ bền vững ở pH > 6. Do đó, mục tiêu điều trị PPI đường tĩnh mạch là nâng pH dạ dày lên trên mức này liên tục. Nguồn: Bệnh học nội khoa YHN."
noi-xuat-huyet-tieu-hoa-mcq-038,noi,Xuất huyết tiêu hoá,Tiêu hoá,,"Liều chuẩn của PPI (ví dụ Esomeprazole hoặc Pantoprazole) đường tĩnh mạch được khuyến cáo trong điều trị xuất huyết tiêu hóa do loét có nguy cơ cao (Forrest I, IIa, IIb) là gì?",Tiêm tĩnh mạch 40mg mỗi 12 giờ,"Tiêm tĩnh mạch (Bolus) 80mg, sau đó truyền tĩnh mạch liên tục 8mg/giờ trong 72 giờ",Truyền tĩnh mạch 40mg/giờ liên tục trong 24 giờ,Uống 40mg mỗi ngày,,b,"Ý phải nhớ: Phác đồ chuẩn quốc tế cho xuất huyết tiêu hóa cao do loét là PPI bolus tĩnh mạch 80mg, sau đó truyền liên tục 8mg/giờ trong vòng 72 giờ để duy trì pH > 6 ổn định tuyệt đối. Nguồn: CURRENT Medical Diagnosis & Treatment 2026."
noi-xuat-huyet-tieu-hoa-mcq-039,noi,Xuất huyết tiêu hoá,Tiêu hoá,,Phương pháp cầm máu qua nội soi nào sau đây KHÔNG được khuyến cáo sử dụng đơn độc vì có tỷ lệ tái xuất huyết cao?,Kẹp clip cơ học (Hemoclip),Tiêm dung dịch Epinephrine (Adrenalin) pha loãng,Đốt điện cầm máu (Coagulation),Dùng đầu dò nhiệt (Heater probe),,b,"Ý phải nhớ: Tiêm Epinephrine có tác dụng co mạch và chèn ép cơ học tạm thời nên thời gian tác dụng ngắn, bắt buộc phải phối hợp thêm một phương pháp khác (clip cơ học hoặc nhiệt) để tránh tái phát. Nguồn: CURRENT Medical Diagnosis & Treatment 2026."
noi-xuat-huyet-tieu-hoa-mcq-040,noi,Xuất huyết tiêu hoá,Tiêu hoá,,Việc sử dụng thuốc tiền prokinetic (như Erythromycin hoặc Metoclopramide) truyền tĩnh mạch trước khi nội soi cấp cứu có mục đích chính là gì?,Giảm tiết acid dạ dày triệt để,Co mạch tạng làm ngưng chảy máu tạm thời,"Tăng co bóp tống máu và cục máu đông ra khỏi dạ dày, cải thiện tầm nhìn nội soi",Phục hồi lớp nhầy niêm mạc tá tràng,,c,"Ý phải nhớ: Erythromycin (thuốc đồng vận thụ thể Motilin) làm tăng mạnh nhu động dạ dày, tống sạch máu đọng xuống ruột, giúp bác sĩ nội soi quan sát rõ tổn thương và dễ can thiệp hơn. Nguồn: CURRENT Medical Diagnosis & Treatment 2026."
noi-xuat-huyet-tieu-hoa-mcq-041,noi,Xuất huyết tiêu hoá,Tiêu hoá,,"Bệnh nhân đang dùng Aspirin để dự phòng thứ phát sau đặt stent mạch vành, nay bị xuất huyết tiêu hóa trên cấp tính. Sau khi nội soi cầm máu thành công, thái độ xử trí với Aspirin là gì?",Ngừng vĩnh viễn Aspirin và thay bằng thuốc nam,Bắt đầu dùng lại Aspirin sớm trong vòng 1-3 ngày sau khi đã cầm máu ổn định,Đợi sau 30 ngày mới dùng lại Aspirin để ổ loét liền hoàn toàn,Thay thế hoàn toàn Aspirin bằng thuốc chống đông Warfarin,,b,"Ý phải nhớ: Ở bệnh nhân có nguy cơ tim mạch cao (dự phòng thứ phát), việc ngừng Aspirin lâu dài làm tăng vọt nguy cơ nhồi máu cơ tim và tử vong. Phải dùng lại sớm (trong vòng 1-3 ngày) kèm PPI. Nguồn: CURRENT Medical Diagnosis & Treatment 2026."
noi-xuat-huyet-tieu-hoa-mcq-042,noi,Xuất huyết tiêu hoá,Tiêu hoá,,Chống chỉ định tuyệt đối của nội soi tiêu hóa trên trong cấp cứu xuất huyết tiêu hóa là gì?,Bệnh nhân > 80 tuổi có nhiều bệnh nền,Phụ nữ đang mang thai 3 tháng đầu,Nghi ngờ có thủng tạng rỗng (thủng ổ loét) đi kèm,Bệnh nhân đang dùng thuốc chống đông máu,,c,"Ý phải nhớ: Việc bơm hơi trong nội soi sẽ làm tình trạng thủng tạng rỗng nặng nề hơn, đẩy dịch dạ dày và vi khuẩn vào ổ bụng gây viêm phúc mạc toàn thể. Đây là chống chỉ định tuyệt đối. Nguồn: Bệnh học nội khoa YHN."
noi-xuat-huyet-tieu-hoa-mcq-043,noi,Xuất huyết tiêu hoá,Tiêu hoá,,Phẫu thuật cắt dạ dày cấp cứu trong xuất huyết do loét dạ dày - tá tràng thường được chỉ định trong tình huống nào dưới đây?,"Chảy máu nhẹ, tự cầm sau 2 giờ",Bệnh nhân từ chối thực hiện nội soi lần đầu,Nội soi can thiệp cầm máu thất bại (hoặc tái phát) và huyết động tiếp tục không ổn định,Bệnh nhân có tiền sử loét tá tràng tái phát nhiều lần,,c,"Ý phải nhớ: Phẫu thuật cấp cứu là biện pháp cứu mạng cuối cùng, chỉ đặt ra khi can thiệp nội soi thất bại (thường là sau 2 lần) hoặc có chống chỉ định, hoặc chảy máu quá ồ ạt kèm tụt huyết áp kéo dài. Nguồn: Bệnh học nội khoa YHN."
noi-xuat-huyet-tieu-hoa-mcq-044,noi,Xuất huyết tiêu hoá,Tiêu hoá,,Vai trò chính của việc điều trị diệt trừ vi khuẩn H. pylori ở bệnh nhân có tiền sử xuất huyết do loét tá tràng là gì?,Làm liền ngay lập tức ổ loét đang chảy máu trong cấp cứu,Giảm nguy cơ xuất huyết tiêu hóa tái phát dài hạn xuống mức gần như bằng 0,Đảo ngược tác dụng phụ của thuốc NSAID,Tăng hiệu quả cầm máu của các thuốc co mạch tĩnh mạch,,b,"Ý phải nhớ: Ở bệnh nhân loét tá tràng chảy máu có H. pylori dương tính, việc diệt trừ thành công vi khuẩn sẽ thay đổi hoàn toàn diễn tiến bệnh, làm giảm nguy cơ tái phát chảy máu về < 1-2%. Nguồn: CURRENT Medical Diagnosis & Treatment 2026."
noi-xuat-huyet-tieu-hoa-mcq-045,noi,Xuất huyết tiêu hoá,Tiêu hoá,,"Theo các bằng chứng hiện tại (thử nghiệm HALT-IT), thuốc Tranexamic acid (cầm máu đường tĩnh mạch) có vai trò như thế nào trong xuất huyết tiêu hóa trên cấp tính?",Được chỉ định thường quy cho mọi bệnh nhân để giảm tử vong,Là thuốc thay thế hoàn toàn cho PPI đường tĩnh mạch,Chỉ dùng đặc hiệu trong xuất huyết do vỡ tĩnh mạch trướng thực quản,KHÔNG được khuyến cáo sử dụng thường quy vì không làm giảm tử vong mà tăng nguy cơ huyết khối,,d,"Ý phải nhớ: Thử nghiệm lớn HALT-IT chứng minh Tranexamic acid không giảm tỷ lệ tử vong trong xuất huyết tiêu hóa mà còn làm tăng nguy cơ thuyên tắc huyết khối tĩnh mạch, do đó không dùng thường quy. Nguồn: CURRENT Medical Diagnosis & Treatment 2026."
noi-xuat-huyet-tieu-hoa-mcq-046,noi,Xuất huyết tiêu hoá,Tiêu hoá,,"Ở bệnh nhân đang dùng thuốc chống đông kháng Vitamin K (Warfarin) bị xuất huyết tiêu hóa nặng đe dọa tính mạng, bước xử trí nội khoa ưu tiên nhất để đảo ngược tác dụng thuốc là gì?",Tiêm tĩnh mạch Vitamin K và truyền Phức hợp Prothrombin cô đặc (PCC),Tiêm Protamine sulfate tĩnh mạch,Truyền khối tiểu cầu số lượng lớn,Dùng thuốc đối kháng Idarucizumab,,a,"Ý phải nhớ: Warfarin ức chế các yếu tố đông máu phụ thuộc Vitamin K (II, VII, IX, X). Để đảo ngược cấp tốc, truyền PCC (chứa đủ 4 yếu tố) kết hợp tiêm Vitamin K là biện pháp nhanh và hiệu quả nhất. Nguồn: CURRENT Medical Diagnosis & Treatment 2026."
noi-xuat-huyet-tieu-hoa-mcq-047,noi,Xuất huyết tiêu hoá,Tiêu hoá,,Biến chứng nguy hiểm nào có thể xảy ra ngay sau khi can thiệp tiêm xơ hoặc kẹp clip cầm máu vào ổ loét sâu ở thành trước hành tá tràng?,Trào ngược dạ dày thực quản cấp tính,Thủng hành tá tràng,Viêm gan ứ mật cấp,Viêm tụy cấp hoại tử,,b,"Ý phải nhớ: Thành hành tá tràng rất mỏng. Việc can thiệp nhiệt, kẹp clip sai kỹ thuật hoặc tiêm quá nhiều chất xơ vào ổ loét sâu dễ gây hoại tử và thủng tá tràng vào ổ bụng. Nguồn: Bệnh học nội khoa YHN."
noi-xuat-huyet-tieu-hoa-mcq-048,noi,Xuất huyết tiêu hoá,Tiêu hoá,,Yếu tố nào sau đây là yếu tố tiên lượng tử vong độc lập quan trọng nhất ở bệnh nhân xuất huyết tiêu hóa trên?,Giới tính nam,Nôn ra máu màu đen thay vì màu đỏ,"Có bệnh lý đi kèm nặng (suy tim, suy thận, xơ gan, ung thư di căn)",Ổ loét vị trí bờ cong nhỏ dạ dày,,c,"Ý phải nhớ: Đa số bệnh nhân tử vong do xuất huyết tiêu hóa không chết do mất máu trực tiếp mà do đợt chảy máu làm nặng thêm các bệnh lý nền (nhồi máu cơ tim, suy đa tạng do giảm tưới máu). Nguồn: CURRENT Medical Diagnosis & Treatment 2026."
noi-xuat-huyet-tieu-hoa-mcq-049,noi,Xuất huyết tiêu hoá,Tiêu hoá,,Bệnh nhân đang điều trị bằng thuốc chống đông đường uống thế hệ mới (DOACs như Rivaroxaban) bị xuất huyết tiêu hóa nặng. Khó khăn lớn nhất trong xử trí nội khoa cấp cứu là gì?,Bệnh nhân kháng hoàn toàn với tác dụng của PPI,Thuốc ức chế tiểu cầu không hồi phục kéo dài 7 ngày,Không thể đặt được ống nội soi do co thắt thực quản,Thiếu sẵn có chất đảo ngược đặc hiệu tại đa số các cơ sở y tế,,d,"Ý phải nhớ: DOACs khác Warfarin ở chỗ chúng có rất ít chất đảo ngược đặc hiệu (chỉ có Andexanet alfa hoặc Idarucizumab rất đắt và hiếm). Xử trí chủ yếu là ngừng thuốc, hồi sức và chờ hết thời gian bán hủy. Nguồn: CURRENT Medical Diagnosis & Treatment 2026."
noi-xuat-huyet-tieu-hoa-mcq-050,noi,Xuất huyết tiêu hoá,Tiêu hoá,,Bệnh nhân được xuất viện sau đợt xuất huyết tiêu hóa do loét có H. pylori dương tính. Thời điểm nào tốt nhất để nội soi hoặc làm test thở kiểm tra lại tình trạng diệt trừ H. pylori?,Ngay khi kết thúc liều kháng sinh cuối cùng 1 ngày,Ít nhất 4 tuần sau khi kết thúc kháng sinh và đã dừng PPI ít nhất 2 tuần,Phải chờ 6 tháng sau khi dừng mọi loại thuốc,1 tuần sau khi xuất viện,,b,"Ý phải nhớ: Để tránh âm tính giả, bắt buộc phải dừng kháng sinh và Bismuth ít nhất 4 tuần, đồng thời dừng PPI ít nhất 2 tuần trước khi làm test kiểm tra H. pylori (Test thở hoặc nội soi). Nguồn: CURRENT Medical Diagnosis & Treatment 2026."
noi-xuat-huyet-tieu-hoa-case-1-1,noi,Xuất huyết tiêu hoá,Tiêu hoá,"Bệnh nhân nam 62 tuổi, có tiền sử xơ gan do viêm gan C đã được chẩn đoán nhưng không theo dõi thường xuyên, được đưa vào cấp cứu vì nôn ra máu lượng nhiều. Theo người nhà, ở nhà bệnh nhân đột ngột nôn ra khoảng 500 ml máu đỏ tươi lẫn máu cục, sau đó hoa mắt, chóng mặt và vã mồ hôi. Bệnh nhân không có tiền sử đau bụng thượng vị, không dùng thuốc kháng viêm không steroid (NSAID) hay thuốc chống đông. Khám lúc vào viện: bệnh nhân lơ mơ, da niêm mạc rất nhợt, chân tay lạnh. Sinh hiệu: mạch 125 lần/phút, huyết áp 80/50 mmHg, nhịp thở 28 lần/phút, SpO₂ 91% khí trời. Khám thấy có nhiều sao mạch ở ngực, lòng bàn tay son, bụng chướng cổ trướng độ II, tuần hoàn bàng hệ cửa-chủ rõ, lách to 3 cm dưới sườn. Thăm trực tràng có phân đen, dính găng. Đặt sonde dạ dày ra máu đỏ tươi không đông. Cận lâm sàng tại giường: Hemoglobin 75 g/L; Tiểu cầu 70 G/L; PT(INR) 1.9.",Chẩn đoán nguyên nhân gây xuất huyết tiêu hóa nào là có khả năng nhất ở bệnh nhân này?,Loét dạ dày-tá tràng.,Vỡ giãn tĩnh mạch thực quản.,Ung thư dạ dày.,Hội chứng Mallory-Weiss.,,b,"Bệnh cảnh xuất huyết tiêu hóa trên mức độ nặng (sốc mất máu) trên một bệnh nhân có đầy đủ các dấu hiệu của xơ gan mất bù và tăng áp lực tĩnh mạch cửa (vàng da, cổ trướng, tuần hoàn bàng hệ, lách to) thì nguyên nhân hàng đầu phải nghĩ đến là vỡ giãn tĩnh mạch thực quản."
noi-xuat-huyet-tieu-hoa-case-1-2,noi,Xuất huyết tiêu hoá,Tiêu hoá,"Bệnh nhân nam 62 tuổi, có tiền sử xơ gan do viêm gan C đã được chẩn đoán nhưng không theo dõi thường xuyên, được đưa vào cấp cứu vì nôn ra máu lượng nhiều. Theo người nhà, ở nhà bệnh nhân đột ngột nôn ra khoảng 500 ml máu đỏ tươi lẫn máu cục, sau đó hoa mắt, chóng mặt và vã mồ hôi. Bệnh nhân không có tiền sử đau bụng thượng vị, không dùng thuốc kháng viêm không steroid (NSAID) hay thuốc chống đông. Khám lúc vào viện: bệnh nhân lơ mơ, da niêm mạc rất nhợt, chân tay lạnh. Sinh hiệu: mạch 125 lần/phút, huyết áp 80/50 mmHg, nhịp thở 28 lần/phút, SpO₂ 91% khí trời. Khám thấy có nhiều sao mạch ở ngực, lòng bàn tay son, bụng chướng cổ trướng độ II, tuần hoàn bàng hệ cửa-chủ rõ, lách to 3 cm dưới sườn. Thăm trực tràng có phân đen, dính găng. Đặt sonde dạ dày ra máu đỏ tươi không đông. Cận lâm sàng tại giường: Hemoglobin 75 g/L; Tiểu cầu 70 G/L; PT(INR) 1.9.",Cơ chế chính gây giãn tĩnh mạch thực quản ở bệnh nhân xơ gan là gì?,Suy giảm chức năng tổng hợp yếu tố đông máu của gan.,Tăng tiết acid dạ dày thứ phát.,Tình trạng viêm mạn tính của niêm mạc thực quản.,Tăng áp lực tĩnh mạch cửa buộc máu phải đi theo các vòng nối cửa-chủ.,,d,"Tăng áp lực tĩnh mạch cửa là hậu quả cơ bản của xơ gan. Áp lực cao trong hệ cửa cản trở dòng máu từ ruột về gan, buộc máu phải tìm các đường đi tắt (tuần hoàn bàng hệ) để trở về hệ tuần hoàn chủ. Vòng nối quan trọng nhất là ở đoạn dưới thực quản, nơi các tĩnh mạch giãn to ra tạo thành các búi giãn và có nguy cơ vỡ cao."
noi-xuat-huyet-tieu-hoa-case-1-3,noi,Xuất huyết tiêu hoá,Tiêu hoá,"Bệnh nhân nam 62 tuổi, có tiền sử xơ gan do viêm gan C đã được chẩn đoán nhưng không theo dõi thường xuyên, được đưa vào cấp cứu vì nôn ra máu lượng nhiều. Theo người nhà, ở nhà bệnh nhân đột ngột nôn ra khoảng 500 ml máu đỏ tươi lẫn máu cục, sau đó hoa mắt, chóng mặt và vã mồ hôi. Bệnh nhân không có tiền sử đau bụng thượng vị, không dùng thuốc kháng viêm không steroid (NSAID) hay thuốc chống đông. Khám lúc vào viện: bệnh nhân lơ mơ, da niêm mạc rất nhợt, chân tay lạnh. Sinh hiệu: mạch 125 lần/phút, huyết áp 80/50 mmHg, nhịp thở 28 lần/phút, SpO₂ 91% khí trời. Khám thấy có nhiều sao mạch ở ngực, lòng bàn tay son, bụng chướng cổ trướng độ II, tuần hoàn bàng hệ cửa-chủ rõ, lách to 3 cm dưới sườn. Thăm trực tràng có phân đen, dính găng. Đặt sonde dạ dày ra máu đỏ tươi không đông. Cận lâm sàng tại giường: Hemoglobin 75 g/L; Tiểu cầu 70 G/L; PT(INR) 1.9.",Biện pháp hồi sức nào là ưu tiên hàng đầu ngay khi bệnh nhân nhập viện?,Cho bệnh nhân thở oxy liều cao.,Đặt catheter tĩnh mạch trung tâm.,Sử dụng thuốc vận mạch Noradrenaline.,"Thiết lập hai đường truyền tĩnh mạch ngoại vi lớn, truyền dịch tinh thể và truyền máu.",,d,"Ưu tiên số một trong xử trí sốc mất máu là phục hồi thể tích tuần hoàn. Cần nhanh chóng thiết lập ít nhất hai đường truyền tĩnh mạch ngoại vi cỡ lớn (14G hoặc 16G) để có thể truyền dịch và truyền máu nhanh chóng, hiệu quả. Mục tiêu là nâng huyết áp tâm thu > 90 mmHg, duy trì Hct khoảng 25-30%."
noi-xuat-huyet-tieu-hoa-case-1-4,noi,Xuất huyết tiêu hoá,Tiêu hoá,"Bệnh nhân nam 62 tuổi, có tiền sử xơ gan do viêm gan C đã được chẩn đoán nhưng không theo dõi thường xuyên, được đưa vào cấp cứu vì nôn ra máu lượng nhiều. Theo người nhà, ở nhà bệnh nhân đột ngột nôn ra khoảng 500 ml máu đỏ tươi lẫn máu cục, sau đó hoa mắt, chóng mặt và vã mồ hôi. Bệnh nhân không có tiền sử đau bụng thượng vị, không dùng thuốc kháng viêm không steroid (NSAID) hay thuốc chống đông. Khám lúc vào viện: bệnh nhân lơ mơ, da niêm mạc rất nhợt, chân tay lạnh. Sinh hiệu: mạch 125 lần/phút, huyết áp 80/50 mmHg, nhịp thở 28 lần/phút, SpO₂ 91% khí trời. Khám thấy có nhiều sao mạch ở ngực, lòng bàn tay son, bụng chướng cổ trướng độ II, tuần hoàn bàng hệ cửa-chủ rõ, lách to 3 cm dưới sườn. Thăm trực tràng có phân đen, dính găng. Đặt sonde dạ dày ra máu đỏ tươi không đông. Cận lâm sàng tại giường: Hemoglobin 75 g/L; Tiểu cầu 70 G/L; PT(INR) 1.9.","Ngoài nội soi can thiệp, thuốc nào sau đây được chỉ định dùng ngay từ đầu để làm giảm áp lực tĩnh mạch cửa và kiểm soát chảy máu?",Thuốc ức chế bơm proton (PPI) liều cao.,Vitamin K.,Thuốc co mạch tạng (Terlipressin hoặc Octreotide).,Thuốc chẹn beta giao cảm (Propranolol).,,c,"Các thuốc co mạch tạng như Terlipressin và Octreotide có tác dụng làm giảm lưu lượng máu đến các tạng trong ổ bụng, từ đó làm giảm áp lực tĩnh mạch cửa một cách nhanh chóng. Việc sử dụng sớm các thuốc này, ngay cả trước khi nội soi, đã được chứng minh giúp cải thiện việc kiểm soát chảy máu và tiên lượng. Propranolol là thuốc dự phòng, không dùng trong giai đoạn cấp."
noi-xuat-huyet-tieu-hoa-case-1-5,noi,Xuất huyết tiêu hoá,Tiêu hoá,"Bệnh nhân nam 62 tuổi, có tiền sử xơ gan do viêm gan C đã được chẩn đoán nhưng không theo dõi thường xuyên, được đưa vào cấp cứu vì nôn ra máu lượng nhiều. Theo người nhà, ở nhà bệnh nhân đột ngột nôn ra khoảng 500 ml máu đỏ tươi lẫn máu cục, sau đó hoa mắt, chóng mặt và vã mồ hôi. Bệnh nhân không có tiền sử đau bụng thượng vị, không dùng thuốc kháng viêm không steroid (NSAID) hay thuốc chống đông. Khám lúc vào viện: bệnh nhân lơ mơ, da niêm mạc rất nhợt, chân tay lạnh. Sinh hiệu: mạch 125 lần/phút, huyết áp 80/50 mmHg, nhịp thở 28 lần/phút, SpO₂ 91% khí trời. Khám thấy có nhiều sao mạch ở ngực, lòng bàn tay son, bụng chướng cổ trướng độ II, tuần hoàn bàng hệ cửa-chủ rõ, lách to 3 cm dưới sườn. Thăm trực tràng có phân đen, dính găng. Đặt sonde dạ dày ra máu đỏ tươi không đông. Cận lâm sàng tại giường: Hemoglobin 75 g/L; Tiểu cầu 70 G/L; PT(INR) 1.9.",Thang điểm nào thường được sử dụng để đánh giá nguy cơ tử vong và quyết định can thiệp TIPS sớm ở bệnh nhân xơ gan đang xuất huyết do vỡ giãn tĩnh mạch thực quản?,Thang điểm Child-Pugh.,Thang điểm MELD.,Thang điểm Glasgow-Blatchford.,Thang điểm Rockall.,,a,"Thang điểm Child-Pugh, mặc dù ban đầu được thiết kế để tiên lượng cho phẫu thuật nối cửa-chủ, nhưng hiện được sử dụng rộng rãi để đánh giá mức độ nặng của bệnh gan. Ở bệnh nhân xuất huyết do vỡ giãn tĩnh mạch, bệnh nhân Child- Pugh B có nguy cơ cao hoặc Child- Pugh C được xem xét can thiệp TIPS (thông cửa chủ trong gan qua tĩnh mạch cảnh) sớm trong vòng 72 giờ để giảm nguy cơ tái xuất huyết và tử vong."
noi-xuat-huyet-tieu-hoa-case-2-1,noi,Xuất huyết tiêu hoá,Tiêu hoá,"Bệnh nhân nữ 72 tuổi, có tiền sử thoái hóa khớp gối, thường xuyên phải tự mua thuốc giảm đau (không rõ loại) để uống trong khoảng 3 tháng nay. Bệnh nhân vào viện vì đi ngoài phân đen và mệt mỏi. Bệnh nhân khai rằng khoảng 1 tuần nay thấy người mệt hơn, da xanh xao, đi ngoài phân có màu đen sệt như bã cà phê, mùi rất khắm, 1-2 lần/ngày. Bệnh nhân không nôn ra máu, không đau bụng thượng vị rõ ràng, chỉ có cảm giác nóng rát nhẹ sau xương ức. Tiền sử không uống rượu, không hút thuốc lá. Khám lâm sàng bệnh nhân tỉnh, tiếp xúc tốt, da niêm mạc nhợt. Sinh hiệu ổn định: mạch 88 lần/phút, huyết áp 125/75 mmHg, SpO₂ 98% khí trời. Bụng mềm, ấn vùng thượng vị không đau. Thăm trực tràng có phân đen sệt dính găng. Khám các cơ quan khác chưa phát hiện bất thường, không có dấu hiệu của bệnh gan mạn tính. Cận lâm sàng: Hemoglobin 85 g/L (hồng cầu nhược sắc, kích thước nhỏ); Bạch cầu và tiểu cầu bình thường; Chức năng đông máu cơ bản bình thường.",Chẩn đoán sơ bộ phù hợp nhất với bệnh nhân này là gì?,Trĩ nội chảy máu.,Xuất huyết tiêu hóa dưới do polyp đại tràng.,Xuất huyết tiêu hóa trên do loét dạ dày-tá tràng.,Thiếu máu do suy dinh dưỡng.,,c,Đi ngoài phân đen (melena) là dấu hiệu kinh điển của xuất huyết tiêu hóa trên (vị trí chảy máu từ góc Treitz trở lên). Bệnh cảnh ở một người lớn tuổi có tiền sử dùng thuốc giảm đau kéo dài là rất gợi ý đến nguyên nhân do loét dạ dày-tá tràng. Tình trạng thiếu máu hồng cầu nhỏ nhược sắc cho thấy tình trạng mất máu đã kéo dài.
noi-xuat-huyet-tieu-hoa-case-2-2,noi,Xuất huyết tiêu hoá,Tiêu hoá,"Bệnh nhân nữ 72 tuổi, có tiền sử thoái hóa khớp gối, thường xuyên phải tự mua thuốc giảm đau (không rõ loại) để uống trong khoảng 3 tháng nay. Bệnh nhân vào viện vì đi ngoài phân đen và mệt mỏi. Bệnh nhân khai rằng khoảng 1 tuần nay thấy người mệt hơn, da xanh xao, đi ngoài phân có màu đen sệt như bã cà phê, mùi rất khắm, 1-2 lần/ngày. Bệnh nhân không nôn ra máu, không đau bụng thượng vị rõ ràng, chỉ có cảm giác nóng rát nhẹ sau xương ức. Tiền sử không uống rượu, không hút thuốc lá. Khám lâm sàng bệnh nhân tỉnh, tiếp xúc tốt, da niêm mạc nhợt. Sinh hiệu ổn định: mạch 88 lần/phút, huyết áp 125/75 mmHg, SpO₂ 98% khí trời. Bụng mềm, ấn vùng thượng vị không đau. Thăm trực tràng có phân đen sệt dính găng. Khám các cơ quan khác chưa phát hiện bất thường, không có dấu hiệu của bệnh gan mạn tính. Cận lâm sàng: Hemoglobin 85 g/L (hồng cầu nhược sắc, kích thước nhỏ); Bạch cầu và tiểu cầu bình thường; Chức năng đông máu cơ bản bình thường.",Cơ chế chính mà các thuốc NSAID gây tổn thương niêm mạc dạ dày là gì?,Tăng tiết acid dạ dày.,Ức chế tổng hợp Prostaglandin (chất có vai trò bảo vệ niêm mạc) thông qua ức chế enzyme COX-1.,Diệt trừ vi khuẩn Helicobacter pylori.,Kích ứng trực tiếp tại chỗ gây viêm.,,b,"Prostaglandin, được tổng hợp bởi enzyme cyclooxygenase-1 (COX-1), có vai trò thiết yếu trong việc bảo vệ niêm mạc dạ dày (tăng sản xuất chất nhầy, bicarbonat, tăng lưu lượng máu). Các thuốc NSAID không chọn lọc ức chế cả COX-1 và COX-2, việc ức chế COX-1 làm suy yếu hàng rào bảo vệ này, khiến niêm mạc dễ bị tổn thương bởi acid dịch vị."
noi-xuat-huyet-tieu-hoa-case-2-3,noi,Xuất huyết tiêu hoá,Tiêu hoá,"Bệnh nhân nữ 72 tuổi, có tiền sử thoái hóa khớp gối, thường xuyên phải tự mua thuốc giảm đau (không rõ loại) để uống trong khoảng 3 tháng nay. Bệnh nhân vào viện vì đi ngoài phân đen và mệt mỏi. Bệnh nhân khai rằng khoảng 1 tuần nay thấy người mệt hơn, da xanh xao, đi ngoài phân có màu đen sệt như bã cà phê, mùi rất khắm, 1-2 lần/ngày. Bệnh nhân không nôn ra máu, không đau bụng thượng vị rõ ràng, chỉ có cảm giác nóng rát nhẹ sau xương ức. Tiền sử không uống rượu, không hút thuốc lá. Khám lâm sàng bệnh nhân tỉnh, tiếp xúc tốt, da niêm mạc nhợt. Sinh hiệu ổn định: mạch 88 lần/phút, huyết áp 125/75 mmHg, SpO₂ 98% khí trời. Bụng mềm, ấn vùng thượng vị không đau. Thăm trực tràng có phân đen sệt dính găng. Khám các cơ quan khác chưa phát hiện bất thường, không có dấu hiệu của bệnh gan mạn tính. Cận lâm sàng: Hemoglobin 85 g/L (hồng cầu nhược sắc, kích thước nhỏ); Bạch cầu và tiểu cầu bình thường; Chức năng đông máu cơ bản bình thường.",Xét nghiệm không xâm lấn nào sau đây cần được thực hiện để tìm một yếu tố nguy cơ quan trọng khác gây loét dạ dày-tá tràng?,Siêu âm ổ bụng. https://onedrive.live.com/personal/2672550e42ddc7d4/_layouts/15/,Xét nghiệm tìm máu ẩn trong phân.,Xét nghiệm Calprotectin trong phân.,Xét nghiệm hơi thở Ure hoặc tìm kháng nguyên H. pylori trong phân.,,d,"Nhiễm vi khuẩn Helicobacter pylori (HP) và sử dụng NSAID là hai oc.aspx?sourcedoc={186352b6-90cf-40c9-ba19-ae84e248ef20}&action=vie… 1/11 yếu tố nguy cơ chính gây loét dạ dày-tá tràng. Do đó, việc tìm HP (bằng test hơi thở hoặc test phân) là rất quan trọng để có kế hoạch điều trị tiệt trừ nếu dương tính, nhằm giảm nguy cơ tái phát loét."
noi-xuat-huyet-tieu-hoa-case-2-4,noi,Xuất huyết tiêu hoá,Tiêu hoá,"Bệnh nhân nữ 72 tuổi, có tiền sử thoái hóa khớp gối, thường xuyên phải tự mua thuốc giảm đau (không rõ loại) để uống trong khoảng 3 tháng nay. Bệnh nhân vào viện vì đi ngoài phân đen và mệt mỏi. Bệnh nhân khai rằng khoảng 1 tuần nay thấy người mệt hơn, da xanh xao, đi ngoài phân có màu đen sệt như bã cà phê, mùi rất khắm, 1-2 lần/ngày. Bệnh nhân không nôn ra máu, không đau bụng thượng vị rõ ràng, chỉ có cảm giác nóng rát nhẹ sau xương ức. Tiền sử không uống rượu, không hút thuốc lá. Khám lâm sàng bệnh nhân tỉnh, tiếp xúc tốt, da niêm mạc nhợt. Sinh hiệu ổn định: mạch 88 lần/phút, huyết áp 125/75 mmHg, SpO₂ 98% khí trời. Bụng mềm, ấn vùng thượng vị không đau. Thăm trực tràng có phân đen sệt dính găng. Khám các cơ quan khác chưa phát hiện bất thường, không có dấu hiệu của bệnh gan mạn tính. Cận lâm sàng: Hemoglobin 85 g/L (hồng cầu nhược sắc, kích thước nhỏ); Bạch cầu và tiểu cầu bình thường; Chức năng đông máu cơ bản bình thường.","Trước khi tiến hành nội soi, việc sử dụng thuốc nào sau đây được khuyến cáo để giảm nguy cơ chảy máu tái phát và nhu cầu can thiệp cầm máu?",Misoprostol.,Thuốc kháng H2 (ví dụ: Ranitidine).,Thuốc ức chế bơm proton (PPI) đường tĩnh mạch (ví dụ: Esomeprazole).,Sucralfate.,,c,"Các nghiên cứu đã chỉ ra rằng việc sử dụng PPI đường tĩnh mạch liều cao trước nội soi giúp ổn định cục máu đông và giảm tỷ lệ các dấu hiệu chảy máu nguy cơ cao (Forrest I, IIa, IIb) tại thời điểm nội soi, từ đó giảm nhu cầu can thiệp và có thể giảm nguy cơ chảy máu tái phát."
noi-xuat-huyet-tieu-hoa-case-2-5,noi,Xuất huyết tiêu hoá,Tiêu hoá,"Bệnh nhân nữ 72 tuổi, có tiền sử thoái hóa khớp gối, thường xuyên phải tự mua thuốc giảm đau (không rõ loại) để uống trong khoảng 3 tháng nay. Bệnh nhân vào viện vì đi ngoài phân đen và mệt mỏi. Bệnh nhân khai rằng khoảng 1 tuần nay thấy người mệt hơn, da xanh xao, đi ngoài phân có màu đen sệt như bã cà phê, mùi rất khắm, 1-2 lần/ngày. Bệnh nhân không nôn ra máu, không đau bụng thượng vị rõ ràng, chỉ có cảm giác nóng rát nhẹ sau xương ức. Tiền sử không uống rượu, không hút thuốc lá. Khám lâm sàng bệnh nhân tỉnh, tiếp xúc tốt, da niêm mạc nhợt. Sinh hiệu ổn định: mạch 88 lần/phút, huyết áp 125/75 mmHg, SpO₂ 98% khí trời. Bụng mềm, ấn vùng thượng vị không đau. Thăm trực tràng có phân đen sệt dính găng. Khám các cơ quan khác chưa phát hiện bất thường, không có dấu hiệu của bệnh gan mạn tính. Cận lâm sàng: Hemoglobin 85 g/L (hồng cầu nhược sắc, kích thước nhỏ); Bạch cầu và tiểu cầu bình thường; Chức năng đông máu cơ bản bình thường.","Dựa vào thang điểm Glasgow-Blatchford (GBS), bệnh nhân này có cần nhập viện và nội soi sớm không? (Giả sử Ure máu là 8 mmol/L, các yếu tố khác bình thường).","Có, GBS cao, cần nhập viện và nội soi trong vòng 24 giờ.","Không, GBS thấp, có thể điều trị ngoại trú.","Cần theo dõi thêm, chưa quyết định được.","Chỉ cần truyền máu, không cần nội soi.",,a,"Thang điểm Glasgow- Blatchford (GBS) giúp đánh giá nguy cơ ở bệnh nhân XHTH trên. Bệnh nhân này có các yếu tố: tuổi > 70, có bệnh sử tim mạch (không rõ), huyết áp tâm thu 110-129, Hemoglobin < 100 g/L (nữ), Ure máu > 6.5. Tổng điểm GBS của bệnh nhân này chắc chắn > 0, cho thấy bệnh nhân có nguy cơ và cần được nhập viện để theo dõi và nội soi sớm (thường trong vòng 24 giờ)."
noi-xuat-huyet-tieu-hoa-case-3-1,noi,Xuất huyết tiêu hoá,Tiêu hoá,"Bệnh nhân nam 78 tuổi, có tiền sử tăng huyết áp và táo bón mạn tính, được đưa vào viện vì đi ngoài ra máu đỏ tươi lượng nhiều. Bệnh nhân đang ngồi xem TV thì đột ngột có cảm giác muốn đi ngoài, sau đó đi ra toàn máu đỏ tươi lẫn một ít máu cục, lượng khoảng 300 ml. Sau đó bệnh nhân cảm thấy hơi choáng váng. Bệnh nhân không hề có đau bụng trước hay trong khi đi ngoài, không sốt, không sụt cân, không thay đổi thói quen đi ngoài trước đó. Khám lâm sàng bệnh nhân tỉnh, hơi lo lắng. Sinh hiệu: mạch 95 lần/phút, huyết áp 110/70 mmHg. Da niêm mạc hơi nhợt. Bụng mềm, không chướng, không có điểm đau khu trú. Thăm trực tràng thấy có máu đỏ tươi theo găng, không sờ thấy u cục.","Đặc điểm lâm sàng (khởi phát đột ngột, không đau, máu đỏ tươi lượng nhiều ở người lớn tuổi) gợi ý nhiều nhất đến nguyên nhân xuất huyết tiêu hóa dưới nào?",Ung thư đại tràng.,Bệnh trĩ nội.,Chảy máu do túi thừa đại tràng.,Viêm loét đại tràng.,,c,"Chảy máu do túi thừa là nguyên nhân phổ biến nhất gây xuất huyết tiêu hóa dưới nặng ở người lớn tuổi. Bệnh cảnh kinh điển là đi ngoài ra máu đỏ tươi hoặc màu hạt dẻ, lượng nhiều, đột ngột và đặc biệt là không đau. Trĩ thường chảy máu lượng ít hơn, ung thư thường có các triệu chứng báo động khác, và viêm loét đại tràng thường kèm đau bụng và tiêu chảy phân nhầy máu."
noi-xuat-huyet-tieu-hoa-case-3-2,noi,Xuất huyết tiêu hoá,Tiêu hoá,"Bệnh nhân nam 78 tuổi, có tiền sử tăng huyết áp và táo bón mạn tính, được đưa vào viện vì đi ngoài ra máu đỏ tươi lượng nhiều. Bệnh nhân đang ngồi xem TV thì đột ngột có cảm giác muốn đi ngoài, sau đó đi ra toàn máu đỏ tươi lẫn một ít máu cục, lượng khoảng 300 ml. Sau đó bệnh nhân cảm thấy hơi choáng váng. Bệnh nhân không hề có đau bụng trước hay trong khi đi ngoài, không sốt, không sụt cân, không thay đổi thói quen đi ngoài trước đó. Khám lâm sàng bệnh nhân tỉnh, hơi lo lắng. Sinh hiệu: mạch 95 lần/phút, huyết áp 110/70 mmHg. Da niêm mạc hơi nhợt. Bụng mềm, không chướng, không có điểm đau khu trú. Thăm trực tràng thấy có máu đỏ tươi theo găng, không sờ thấy u cục.",Cơ chế nào giải thích cho hiện tượng chảy máu từ túi thừa?,Tình trạng viêm và nhiễm trùng của túi thừa gây loét niêm mạc.,"Do các mạch máu (vasa recta) bị căng giãn và bào mòn khi đi qua cổ hoặc đáy của túi thừa, dẫn đến vỡ và chảy máu.",Sự ăn mòn của phân vào thành túi thừa.,Sự hình thành các khối u ác tính bên trong túi thừa.,,b,"Túi thừa hình thành ở những điểm yếu trên thành đại tràng, nơi các động mạch nhỏ (vasa recta) xuyên qua lớp cơ để cấp máu cho niêm mạc. Theo thời gian, các mạch máu này có thể bị bào mòn bởi phân cứng hoặc do sự căng giãn của túi thừa, dẫn đến vỡ đột ngột và chảy máu vào lòng đại tràng."
noi-xuat-huyet-tieu-hoa-case-3-3,noi,Xuất huyết tiêu hoá,Tiêu hoá,"Bệnh nhân nam 78 tuổi, có tiền sử tăng huyết áp và táo bón mạn tính, được đưa vào viện vì đi ngoài ra máu đỏ tươi lượng nhiều. Bệnh nhân đang ngồi xem TV thì đột ngột có cảm giác muốn đi ngoài, sau đó đi ra toàn máu đỏ tươi lẫn một ít máu cục, lượng khoảng 300 ml. Sau đó bệnh nhân cảm thấy hơi choáng váng. Bệnh nhân không hề có đau bụng trước hay trong khi đi ngoài, không sốt, không sụt cân, không thay đổi thói quen đi ngoài trước đó. Khám lâm sàng bệnh nhân tỉnh, hơi lo lắng. Sinh hiệu: mạch 95 lần/phút, huyết áp 110/70 mmHg. Da niêm mạc hơi nhợt. Bụng mềm, không chướng, không có điểm đau khu trú. Thăm trực tràng thấy có máu đỏ tươi theo găng, không sờ thấy u cục.",Thăm dò cận lâm sàng nào là lựa chọn hàng đầu để chẩn đoán xác định và có thể can thiệp cầm máu?,Nội soi đại tràng.,Chụp X-quang đại tràng có cản quang.,Siêu âm bụng.,Chụp động mạch mạc treo.,,a,"Nội soi đại tràng là phương pháp chẩn đoán hình ảnh chính xác nhất. Nó cho phép xác định vị trí túi thừa đang chảy máu (nếu có thể), loại trừ các nguyên nhân khác, và quan trọng là có thể tiến hành can thiệp cầm máu ngay lập tức bằng các phương pháp như kẹp clip, tiêm Adrenaline hoặc đốt nhiệt."
noi-xuat-huyet-tieu-hoa-case-3-4,noi,Xuất huyết tiêu hoá,Tiêu hoá,"Bệnh nhân nam 78 tuổi, có tiền sử tăng huyết áp và táo bón mạn tính, được đưa vào viện vì đi ngoài ra máu đỏ tươi lượng nhiều. Bệnh nhân đang ngồi xem TV thì đột ngột có cảm giác muốn đi ngoài, sau đó đi ra toàn máu đỏ tươi lẫn một ít máu cục, lượng khoảng 300 ml. Sau đó bệnh nhân cảm thấy hơi choáng váng. Bệnh nhân không hề có đau bụng trước hay trong khi đi ngoài, không sốt, không sụt cân, không thay đổi thói quen đi ngoài trước đó. Khám lâm sàng bệnh nhân tỉnh, hơi lo lắng. Sinh hiệu: mạch 95 lần/phút, huyết áp 110/70 mmHg. Da niêm mạc hơi nhợt. Bụng mềm, không chướng, không có điểm đau khu trú. Thăm trực tràng thấy có máu đỏ tươi theo găng, không sờ thấy u cục.",Vị trí nào của đại tràng thường hay bị túi thừa và chảy máu nhất ở các nước phương Tây?,Đại tràng ngang.,Đại tràng lên.,Đại tràng sigma và đại tràng trái.,Manh tràng.,,c,"Do áp lực trong lòng đại tràng sigma và đại tràng trái cao hơn, đây là vị trí hình thành túi thừa phổ biến nhất ở các nước có chế độ ăn ít chất xơ. Tuy nhiên, túi thừa ở đại tràng phải, mặc dù ít gặp hơn, lại có xu hướng chảy máu nhiều hơn."
noi-xuat-huyet-tieu-hoa-case-3-5,noi,Xuất huyết tiêu hoá,Tiêu hoá,"Bệnh nhân nam 78 tuổi, có tiền sử tăng huyết áp và táo bón mạn tính, được đưa vào viện vì đi ngoài ra máu đỏ tươi lượng nhiều. Bệnh nhân đang ngồi xem TV thì đột ngột có cảm giác muốn đi ngoài, sau đó đi ra toàn máu đỏ tươi lẫn một ít máu cục, lượng khoảng 300 ml. Sau đó bệnh nhân cảm thấy hơi choáng váng. Bệnh nhân không hề có đau bụng trước hay trong khi đi ngoài, không sốt, không sụt cân, không thay đổi thói quen đi ngoài trước đó. Khám lâm sàng bệnh nhân tỉnh, hơi lo lắng. Sinh hiệu: mạch 95 lần/phút, huyết áp 110/70 mmHg. Da niêm mạc hơi nhợt. Bụng mềm, không chướng, không có điểm đau khu trú. Thăm trực tràng thấy có máu đỏ tươi theo găng, không sờ thấy u cục.",Hầu hết các trường hợp chảy máu do túi thừa sẽ diễn biến như thế nào?,Luôn dẫn đến thủng đại tràng.,Tự cầm trong khoảng 70-80% các trường hợp.,Luôn cần can thiệp cầm máu qua nội soi.,Tiếp tục chảy máu ồ ạt và cần phẫu thuật cấp cứu.,,b,"Mặc dù chảy máu ban đầu có thể ồ ạt, nhưng may mắn là phần lớn các trường hợp (70-80%) sẽ tự cầm mà không cần can thiệp đặc hiệu. Tuy nhiên, nguy cơ tái phát là khá cao (khoảng 25-40%). Điều trị ban đầu tập trung vào hồi sức và theo dõi, nội soi được thực hiện khi bệnh nhân ổn định để chẩn đoán và can thiệp nếu cần."
noi-xuat-huyet-tieu-hoa-case-4-1,noi,Xuất huyết tiêu hoá,Tiêu hoá,"Bệnh nhân nam 28 tuổi, nhân viên kinh doanh, vào viện vì nôn ra máu. Tối hôm trước, bệnh nhân có đi liên hoan và uống rất nhiều rượu bia. Sáng nay ngủ dậy, bệnh nhân cảm thấy buồn nôn và nôn thốc nôn tháo nhiều lần, ban đầu chỉ ra thức ăn và dịch dạ dày. Sau khoảng 5-6 lần nôn gắng sức, bệnh nhân đột ngột nôn ra khoảng 100 ml máu đỏ tươi. Bệnh nhân không có tiền sử bệnh gan hay dạ dày, không dùng thuốc gì đặc biệt. Khám lâm sàng bệnh nhân tỉnh, không có dấu hiệu sốc. Sinh hiệu hoàn toàn ổn định. Bụng mềm, không đau. Không có các dấu hiệu của bệnh gan mạn tính. Cận lâm sàng: Công thức máu và đông máu cơ bản trong giới hạn bình thường.","Dựa vào bệnh sử, chẩn đoán nào là phù hợp nhất?",Hội chứng Mallory-Weiss.,Loét dạ dày cấp do rượu.,Vỡ giãn tĩnh mạch thực quản.,Thủng thực quản (Hội chứng Boerhaave). https://onedrive.live.com/personal/2672550e42ddc7d4/_layouts/15/,,a,"Bệnh sử một người trẻ, khỏe mạnh, nôn ra máu sau nhiều lần nôn khan hoặc nôn ra thức ăn sau khi uống rượu là cực kỳ điển hình cho Hội chứng Mallory-Weiss. Nếu bệnh nhân đau ngực dữ dội và có tràn khí dưới da, cần nghĩ đến hội chứng Boerhaave (thủng thực quản). oc.aspx?sourcedoc={186352b6-90cf-40c9-ba19-ae84e248ef20}&action=vie… 2/11"
noi-xuat-huyet-tieu-hoa-case-4-2,noi,Xuất huyết tiêu hoá,Tiêu hoá,"Bệnh nhân nam 28 tuổi, nhân viên kinh doanh, vào viện vì nôn ra máu. Tối hôm trước, bệnh nhân có đi liên hoan và uống rất nhiều rượu bia. Sáng nay ngủ dậy, bệnh nhân cảm thấy buồn nôn và nôn thốc nôn tháo nhiều lần, ban đầu chỉ ra thức ăn và dịch dạ dày. Sau khoảng 5-6 lần nôn gắng sức, bệnh nhân đột ngột nôn ra khoảng 100 ml máu đỏ tươi. Bệnh nhân không có tiền sử bệnh gan hay dạ dày, không dùng thuốc gì đặc biệt. Khám lâm sàng bệnh nhân tỉnh, không có dấu hiệu sốc. Sinh hiệu hoàn toàn ổn định. Bụng mềm, không đau. Không có các dấu hiệu của bệnh gan mạn tính. Cận lâm sàng: Công thức máu và đông máu cơ bản trong giới hạn bình thường.",Cơ chế gây ra tổn thương trong Hội chứng Mallory-Weiss là gì?,Tình trạng viêm loét niêm mạc do rượu.,"Sự tăng áp lực trong ổ bụng một cách đột ngột và dữ dội do nôn gắng sức, gây ra vết rách dọc niêm mạc ở vùng tâm vị-thực quản.",Sự co thắt kéo dài của cơ thắt thực quản dưới.,Rối loạn đông máu do ngộ độc rượu.,,b,"Khi nôn, cơ hoành và cơ bụng co thắt mạnh làm tăng áp lực trong ổ bụng đột ngột. Nếu cơ thắt thực quản dưới không giãn ra đồng bộ, sự tăng áp lực này sẽ tác động mạnh lên vùng nối giữa thực quản và dạ dày (tâm vị), gây ra một vết rách ở lớp niêm mạc và dưới niêm mạc, làm tổn thương các động mạch nhỏ bên dưới."
noi-xuat-huyet-tieu-hoa-case-4-3,noi,Xuất huyết tiêu hoá,Tiêu hoá,"Bệnh nhân nam 28 tuổi, nhân viên kinh doanh, vào viện vì nôn ra máu. Tối hôm trước, bệnh nhân có đi liên hoan và uống rất nhiều rượu bia. Sáng nay ngủ dậy, bệnh nhân cảm thấy buồn nôn và nôn thốc nôn tháo nhiều lần, ban đầu chỉ ra thức ăn và dịch dạ dày. Sau khoảng 5-6 lần nôn gắng sức, bệnh nhân đột ngột nôn ra khoảng 100 ml máu đỏ tươi. Bệnh nhân không có tiền sử bệnh gan hay dạ dày, không dùng thuốc gì đặc biệt. Khám lâm sàng bệnh nhân tỉnh, không có dấu hiệu sốc. Sinh hiệu hoàn toàn ổn định. Bụng mềm, không đau. Không có các dấu hiệu của bệnh gan mạn tính. Cận lâm sàng: Công thức máu và đông máu cơ bản trong giới hạn bình thường.",Đặc điểm lâm sàng kinh điển của Hội chứng Mallory-Weiss là gì?,Đau bụng dữ dội sau khi nôn.,Vàng da và cổ trướng.,Nôn ra máu sau một vài lần nôn không có máu.,Nôn ra máu ngay từ lần nôn đầu tiên.,,c,"Đây chính là ""dấu hiệu kinh điển"" giúp định hướng chẩn đoán. Bệnh nhân thường có một giai đoạn nôn gắng sức không có máu (non- bloody vomiting), sau đó mới xuất hiện nôn ra máu (hematemesis)."
noi-xuat-huyet-tieu-hoa-case-4-4,noi,Xuất huyết tiêu hoá,Tiêu hoá,"Bệnh nhân nam 28 tuổi, nhân viên kinh doanh, vào viện vì nôn ra máu. Tối hôm trước, bệnh nhân có đi liên hoan và uống rất nhiều rượu bia. Sáng nay ngủ dậy, bệnh nhân cảm thấy buồn nôn và nôn thốc nôn tháo nhiều lần, ban đầu chỉ ra thức ăn và dịch dạ dày. Sau khoảng 5-6 lần nôn gắng sức, bệnh nhân đột ngột nôn ra khoảng 100 ml máu đỏ tươi. Bệnh nhân không có tiền sử bệnh gan hay dạ dày, không dùng thuốc gì đặc biệt. Khám lâm sàng bệnh nhân tỉnh, không có dấu hiệu sốc. Sinh hiệu hoàn toàn ổn định. Bụng mềm, không đau. Không có các dấu hiệu của bệnh gan mạn tính. Cận lâm sàng: Công thức máu và đông máu cơ bản trong giới hạn bình thường.",Tổn thương giải phẫu bệnh trong hội chứng này thường là gì?,Một hoặc nhiều vết rách niêm mạc theo chiều dọc.,"Một vết loét sâu, tròn ở hang vị.",Một lỗ thủng xuyên thành thực quản.,Các búi tĩnh mạch giãn ở thực quản.,,a,"Tổn thương đặc trưng trên nội soi là một hoặc nhiều vết rách dọc ở lớp niêm mạc, thường có chiều dài từ vài mm đến vài cm, vị trí điển hình nhất là ở vùng tâm vị hoặc ngay dưới tâm vị về phía dạ dày."
noi-xuat-huyet-tieu-hoa-case-4-5,noi,Xuất huyết tiêu hoá,Tiêu hoá,"Bệnh nhân nam 28 tuổi, nhân viên kinh doanh, vào viện vì nôn ra máu. Tối hôm trước, bệnh nhân có đi liên hoan và uống rất nhiều rượu bia. Sáng nay ngủ dậy, bệnh nhân cảm thấy buồn nôn và nôn thốc nôn tháo nhiều lần, ban đầu chỉ ra thức ăn và dịch dạ dày. Sau khoảng 5-6 lần nôn gắng sức, bệnh nhân đột ngột nôn ra khoảng 100 ml máu đỏ tươi. Bệnh nhân không có tiền sử bệnh gan hay dạ dày, không dùng thuốc gì đặc biệt. Khám lâm sàng bệnh nhân tỉnh, không có dấu hiệu sốc. Sinh hiệu hoàn toàn ổn định. Bụng mềm, không đau. Không có các dấu hiệu của bệnh gan mạn tính. Cận lâm sàng: Công thức máu và đông máu cơ bản trong giới hạn bình thường.",Hầu hết các trường hợp chảy máu do Mallory-Weiss sẽ có diễn biến như thế nào?,Chảy máu tự cầm trong khoảng 80-90% các trường hợp.,Luôn cần phẫu thuật cấp cứu.,Yêu cầu truyền máu số lượng lớn.,Thường tiến triển thành vỡ thực quản.,,a,"Chảy máu trong hội chứng Mallory-Weiss thường xuất phát từ các động mạch nhỏ và may mắn là nó có xu hướng tự cầm ở phần lớn bệnh nhân. Điều trị chủ yếu là theo dõi và dùng PPI. Can thiệp nội soi (kẹp clip, đốt nhiệt) chỉ cần thiết ở một số ít trường hợp chảy máu không tự cầm hoặc có nguy cơ cao."
noi-xuat-huyet-tieu-hoa-case-5-1,noi,Xuất huyết tiêu hoá,Tiêu hoá,"Bệnh nhân nữ 82 tuổi, có tiền sử hẹp van động mạch chủ và bệnh thận mạn giai đoạn 3, nhập viện vì đi ngoài phân sẫm màu và thiếu máu. Bệnh nhân có nhiều đợt đi ngoài phân màu hạt dẻ hoặc đỏ sẫm tự hết trong vòng 2 năm nay, không đau bụng. Lần này, bệnh nhân thấy mệt nhiều hơn, đi ngoài phân sẫm màu 2-3 lần. Tiền sử không dùng NSAID hay thuốc chống đông. Khám lâm sàng bệnh nhân tỉnh, da niêm mạc nhợt. Nghe tim có tiếng thổi tâm thu tống máu ở ổ van động mạch chủ. Bụng mềm, không đau. Cận lâm sàng: Hemoglobin 78 g/L (hồng cầu nhược sắc), Creatinin 180 µmol/L. Nội soi dạ dày và đại tràng trước đây không tìm thấy nguyên nhân rõ ràng. Nội soi đại tràng lần này, sau khi chuẩn bị sạch, phát hiện ở manh tràng có một vài tổn thương màu đỏ anh đào, phẳng, hình dương xỉ (fern-like pattern).",Nguyên nhân gây xuất huyết tiêu hóa tái phát ở bệnh nhân này là gì?,Bệnh Crohn.,Bệnh trĩ.,Ung thư đại tràng.,Loạn sản mạch máu (Angiodysplasia).,,d,"Xuất huyết tiêu hóa dưới tái phát, mức độ nhẹ đến trung bình, ở một bệnh nhân lớn tuổi có bệnh tim và bệnh thận mạn là bệnh cảnh rất gợi ý đến loạn sản mạch máu. Hình ảnh nội soi mô tả là kinh điển cho tổn thương này."
noi-xuat-huyet-tieu-hoa-case-5-2,noi,Xuất huyết tiêu hoá,Tiêu hoá,"Bệnh nhân nữ 82 tuổi, có tiền sử hẹp van động mạch chủ và bệnh thận mạn giai đoạn 3, nhập viện vì đi ngoài phân sẫm màu và thiếu máu. Bệnh nhân có nhiều đợt đi ngoài phân màu hạt dẻ hoặc đỏ sẫm tự hết trong vòng 2 năm nay, không đau bụng. Lần này, bệnh nhân thấy mệt nhiều hơn, đi ngoài phân sẫm màu 2-3 lần. Tiền sử không dùng NSAID hay thuốc chống đông. Khám lâm sàng bệnh nhân tỉnh, da niêm mạc nhợt. Nghe tim có tiếng thổi tâm thu tống máu ở ổ van động mạch chủ. Bụng mềm, không đau. Cận lâm sàng: Hemoglobin 78 g/L (hồng cầu nhược sắc), Creatinin 180 µmol/L. Nội soi dạ dày và đại tràng trước đây không tìm thấy nguyên nhân rõ ràng. Nội soi đại tràng lần này, sau khi chuẩn bị sạch, phát hiện ở manh tràng có một vài tổn thương màu đỏ anh đào, phẳng, hình dương xỉ (fern-like pattern).",Cơ chế nào giải thích cho sự hình thành loạn sản mạch máu ở người lớn tuổi?,Do đột biến gen di truyền.,Do tình trạng viêm mạn tính của niêm mạc ruột.,"Do sự thoái hóa, giãn nở bất thường của các tĩnh mạch và mao mạch ở lớp dưới niêm mạc, có thể do co thắt mạn tính của thành ruột.",Do nhiễm một loại vi khuẩn đặc hiệu.,,c,"Loạn sản mạch máu là một tổn thương thoái hóa, không phải bẩm sinh. Giả thuyết được chấp nhận nhiều nhất là do sự co thắt mạn tính, ngắt quãng của thành ruột làm cản trở dòng chảy của các tĩnh mạch dưới niêm mạc. Theo thời gian, áp lực tăng cao làm các tĩnh mạch này giãn ra, các mao mạch cũng giãn theo và hình thành các đường thông động-tĩnh mạch nhỏ, tạo thành một búi mạch mỏng manh, dễ vỡ."
noi-xuat-huyet-tieu-hoa-case-5-3,noi,Xuất huyết tiêu hoá,Tiêu hoá,"Bệnh nhân nữ 82 tuổi, có tiền sử hẹp van động mạch chủ và bệnh thận mạn giai đoạn 3, nhập viện vì đi ngoài phân sẫm màu và thiếu máu. Bệnh nhân có nhiều đợt đi ngoài phân màu hạt dẻ hoặc đỏ sẫm tự hết trong vòng 2 năm nay, không đau bụng. Lần này, bệnh nhân thấy mệt nhiều hơn, đi ngoài phân sẫm màu 2-3 lần. Tiền sử không dùng NSAID hay thuốc chống đông. Khám lâm sàng bệnh nhân tỉnh, da niêm mạc nhợt. Nghe tim có tiếng thổi tâm thu tống máu ở ổ van động mạch chủ. Bụng mềm, không đau. Cận lâm sàng: Hemoglobin 78 g/L (hồng cầu nhược sắc), Creatinin 180 µmol/L. Nội soi dạ dày và đại tràng trước đây không tìm thấy nguyên nhân rõ ràng. Nội soi đại tràng lần này, sau khi chuẩn bị sạch, phát hiện ở manh tràng có một vài tổn thương màu đỏ anh đào, phẳng, hình dương xỉ (fern-like pattern).",Hội chứng Heyde là sự kết hợp của xuất huyết tiêu hóa do loạn sản mạch máu và bệnh lý tim mạch nào?,Hẹp van động mạch chủ.,Hẹp van hai lá.,Bệnh cơ tim phì đại.,Tăng áp động mạch phổi.,,a,"Hội chứng Heyde là một tam chứng bao gồm hẹp van động mạch chủ, xuất huyết tiêu hóa do loạn sản mạch, và một bệnh lý đông máu mắc phải (giảm yếu tố von Willebrand do bị phá hủy khi đi qua van động mạch chủ bị hẹp)."
noi-xuat-huyet-tieu-hoa-case-5-4,noi,Xuất huyết tiêu hoá,Tiêu hoá,"Bệnh nhân nữ 82 tuổi, có tiền sử hẹp van động mạch chủ và bệnh thận mạn giai đoạn 3, nhập viện vì đi ngoài phân sẫm màu và thiếu máu. Bệnh nhân có nhiều đợt đi ngoài phân màu hạt dẻ hoặc đỏ sẫm tự hết trong vòng 2 năm nay, không đau bụng. Lần này, bệnh nhân thấy mệt nhiều hơn, đi ngoài phân sẫm màu 2-3 lần. Tiền sử không dùng NSAID hay thuốc chống đông. Khám lâm sàng bệnh nhân tỉnh, da niêm mạc nhợt. Nghe tim có tiếng thổi tâm thu tống máu ở ổ van động mạch chủ. Bụng mềm, không đau. Cận lâm sàng: Hemoglobin 78 g/L (hồng cầu nhược sắc), Creatinin 180 µmol/L. Nội soi dạ dày và đại tràng trước đây không tìm thấy nguyên nhân rõ ràng. Nội soi đại tràng lần này, sau khi chuẩn bị sạch, phát hiện ở manh tràng có một vài tổn thương màu đỏ anh đào, phẳng, hình dương xỉ (fern-like pattern).",Vị trí nào trong đường tiêu hóa thường gặp loạn sản mạch máu nhất?,Dạ dày.,Hồi tràng.,Thực quản.,Manh tràng và đại tràng lên.,,d,"Theo định luật Laplace, những nơi có đường kính lớn nhất sẽ có sức căng thành lớn nhất. Do đó, manh tràng và đại tràng lên là những vị trí có nguy cơ cao nhất hình thành loạn sản mạch máu."
noi-xuat-huyet-tieu-hoa-case-5-5,noi,Xuất huyết tiêu hoá,Tiêu hoá,"Bệnh nhân nữ 82 tuổi, có tiền sử hẹp van động mạch chủ và bệnh thận mạn giai đoạn 3, nhập viện vì đi ngoài phân sẫm màu và thiếu máu. Bệnh nhân có nhiều đợt đi ngoài phân màu hạt dẻ hoặc đỏ sẫm tự hết trong vòng 2 năm nay, không đau bụng. Lần này, bệnh nhân thấy mệt nhiều hơn, đi ngoài phân sẫm màu 2-3 lần. Tiền sử không dùng NSAID hay thuốc chống đông. Khám lâm sàng bệnh nhân tỉnh, da niêm mạc nhợt. Nghe tim có tiếng thổi tâm thu tống máu ở ổ van động mạch chủ. Bụng mềm, không đau. Cận lâm sàng: Hemoglobin 78 g/L (hồng cầu nhược sắc), Creatinin 180 µmol/L. Nội soi dạ dày và đại tràng trước đây không tìm thấy nguyên nhân rõ ràng. Nội soi đại tràng lần này, sau khi chuẩn bị sạch, phát hiện ở manh tràng có một vài tổn thương màu đỏ anh đào, phẳng, hình dương xỉ (fern-like pattern).",Phương pháp điều trị nào sau đây thường được áp dụng cho các tổn thương loạn sản mạch máu có chảy máu?,Phẫu thuật cắt bỏ đoạn ruột.,Dùng thuốc nhuận tràng.,Can thiệp cầm máu qua nội soi bằng phương pháp đốt nhiệt (Argon Plasma Coagulation - APC).,Sử dụng kháng sinh.,,c,"Đốt nhiệt bằng Argon Plasma Coagulation (APC) là phương pháp can thiệp nội soi được lựa chọn hàng đầu. Tia plasma argon sẽ làm đông và phá hủy các mạch máu bất thường ở bề mặt niêm mạc một cách hiệu quả và an toàn, giúp kiểm soát chảy máu và ngăn ngừa tái phát từ tổn thương đã điều trị."
noi-xuat-huyet-tieu-hoa-case-6-1,noi,Xuất huyết tiêu hoá,Tiêu hoá,"Bệnh nhân nam 65 tuổi, đến khám vì mệt mỏi và đi ngoài có máu. Khoảng 3 tháng nay, bệnh nhân thấy thói quen đi ngoài thay đổi, lúc táo bón, lúc tiêu chảy, khuôn phân nhỏ dẹt hơn bình thường. Gần đây, bệnh nhân thấy có máu đỏ sẫm dính theo phân, lượng ít, kèm theo cảm giác mót rặn, đi ngoài không hết phân. Bệnh nhân ăn uống kém, sút 4 kg trong 3 tháng. Tiền sử gia đình có bố mất vì ung thư đại tràng. Khám lâm sàng bệnh nhân tỉnh, da niêm mạc nhợt. Bụng mềm, không sờ thấy u. Thăm trực tràng, bác sĩ sờ thấy ở thành trước trực tràng, cách rìa hậu môn 6 cm có một khối u sùi, cứng, chắc, không di động, găng tay có dính máu và nhầy.",Chẩn đoán có khả năng cao nhất ở bệnh nhân này là gì?,Ung thư đại trực tràng.,Hội chứng ruột kích thích.,Bệnh trĩ. https://onedrive.live.com/personal/2672550e42ddc7d4/_layouts/15/,Bệnh túi thừa đại tràng.,,a,"Bệnh nhân có đầy đủ các triệu chứng báo động của ung thư đại trực tràng: tuổi cao, thay đổi thói quen đi ngoài, sụt cân, đi ngoài ra máu, tiền sử gia đình, và đặc biệt là thăm trực tràng sờ thấy khối u."
noi-xuat-huyet-tieu-hoa-case-6-2,noi,Xuất huyết tiêu hoá,Tiêu hoá,"Bệnh nhân nam 65 tuổi, đến khám vì mệt mỏi và đi ngoài có máu. Khoảng 3 tháng nay, bệnh nhân thấy thói quen đi ngoài thay đổi, lúc táo bón, lúc tiêu chảy, khuôn phân nhỏ dẹt hơn bình thường. Gần đây, bệnh nhân thấy có máu đỏ sẫm dính theo phân, lượng ít, kèm theo cảm giác mót rặn, đi ngoài không hết phân. Bệnh nhân ăn uống kém, sút 4 kg trong 3 tháng. Tiền sử gia đình có bố mất vì ung thư đại tràng. Khám lâm sàng bệnh nhân tỉnh, da niêm mạc nhợt. Bụng mềm, không sờ thấy u. Thăm trực tràng, bác sĩ sờ thấy ở thành trước trực tràng, cách rìa hậu môn 6 cm có một khối u sùi, cứng, chắc, không di động, găng tay có dính máu và nhầy.","""Các dấu hiệu báo động đỏ"" của bệnh lý đại trực tràng ở bệnh nhân này bao gồm những gì?","Thay đổi thói quen đi ngoài, sụt cân không rõ nguyên nhân, và đi ngoài ra máu ở người trên 50 tuổi.",Phân có nhầy.,Táo bón mạn tính.,Đau bụng và sốt.,,a,Đây là những dấu hiệu cảnh báo nguy cơ cao của một bệnh lý ác oc.aspx?sourcedoc={186352b6-90cf-40c9-ba19-ae84e248ef20}&action=vie… 3/11 tính ở đại trực tràng và là chỉ định tuyệt đối để tiến hành nội soi đại tràng. Bất kỳ bệnh nhân nào trên 50 tuổi (hoặc trẻ hơn nếu có yếu tố nguy cơ) có các triệu chứng này đều cần được tầm soát.
noi-xuat-huyet-tieu-hoa-case-6-3,noi,Xuất huyết tiêu hoá,Tiêu hoá,"Bệnh nhân nam 65 tuổi, đến khám vì mệt mỏi và đi ngoài có máu. Khoảng 3 tháng nay, bệnh nhân thấy thói quen đi ngoài thay đổi, lúc táo bón, lúc tiêu chảy, khuôn phân nhỏ dẹt hơn bình thường. Gần đây, bệnh nhân thấy có máu đỏ sẫm dính theo phân, lượng ít, kèm theo cảm giác mót rặn, đi ngoài không hết phân. Bệnh nhân ăn uống kém, sút 4 kg trong 3 tháng. Tiền sử gia đình có bố mất vì ung thư đại tràng. Khám lâm sàng bệnh nhân tỉnh, da niêm mạc nhợt. Bụng mềm, không sờ thấy u. Thăm trực tràng, bác sĩ sờ thấy ở thành trước trực tràng, cách rìa hậu môn 6 cm có một khối u sùi, cứng, chắc, không di động, găng tay có dính máu và nhầy.",Cơ chế gây chảy máu trong ung thư đại trực tràng thường là gì?,Gây ra tình trạng rối loạn đông máu toàn thân.,Khối u xâm lấn vào một động mạch lớn.,"Bề mặt khối u thường mỏng manh, có nhiều mạch máu tân tạo dễ vỡ, gây chảy máu rỉ rả, mạn tính.",Gây thủng ruột.,,c,"Chảy máu trong ung thư đại trực tràng thường là mạn tính và rỉ rả. Khối u phát triển cần nhiều mạch máu nuôi dưỡng (tân tạo mạch). Các mạch máu này thường có cấu trúc bất thường, thành mỏng và dễ bị tổn thương khi phân đi qua, gây chảy máu. Điều này lý giải tại sao triệu chứng ban đầu thường là thiếu máu thiếu sắt hoặc máu ẩn trong phân dương tính."
noi-xuat-huyet-tieu-hoa-case-6-4,noi,Xuất huyết tiêu hoá,Tiêu hoá,"Bệnh nhân nam 65 tuổi, đến khám vì mệt mỏi và đi ngoài có máu. Khoảng 3 tháng nay, bệnh nhân thấy thói quen đi ngoài thay đổi, lúc táo bón, lúc tiêu chảy, khuôn phân nhỏ dẹt hơn bình thường. Gần đây, bệnh nhân thấy có máu đỏ sẫm dính theo phân, lượng ít, kèm theo cảm giác mót rặn, đi ngoài không hết phân. Bệnh nhân ăn uống kém, sút 4 kg trong 3 tháng. Tiền sử gia đình có bố mất vì ung thư đại tràng. Khám lâm sàng bệnh nhân tỉnh, da niêm mạc nhợt. Bụng mềm, không sờ thấy u. Thăm trực tràng, bác sĩ sờ thấy ở thành trước trực tràng, cách rìa hậu môn 6 cm có một khối u sùi, cứng, chắc, không di động, găng tay có dính máu và nhầy.",Xét nghiệm nào sau đây thường được dùng như một chất chỉ điểm khối u để theo dõi đáp ứng điều trị và tái phát?,AFP (Alpha-fetoprotein).,CA 19-9.,PSA (Prostate-specific antigen).,CEA (Carcinoembryonic antigen).,,d,"CEA là chất chỉ điểm khối u được sử dụng rộng rãi nhất cho ung thư đại trực tràng. Nó không đủ nhạy và đặc hiệu để chẩn đoán sàng lọc, nhưng rất hữu ích trong việc theo dõi sau phẫu thuật (sự gia tăng trở lại của CEA có thể là dấu hiệu tái phát) và đánh giá đáp ứng với hóa trị."
noi-xuat-huyet-tieu-hoa-case-6-5,noi,Xuất huyết tiêu hoá,Tiêu hoá,"Bệnh nhân nam 65 tuổi, đến khám vì mệt mỏi và đi ngoài có máu. Khoảng 3 tháng nay, bệnh nhân thấy thói quen đi ngoài thay đổi, lúc táo bón, lúc tiêu chảy, khuôn phân nhỏ dẹt hơn bình thường. Gần đây, bệnh nhân thấy có máu đỏ sẫm dính theo phân, lượng ít, kèm theo cảm giác mót rặn, đi ngoài không hết phân. Bệnh nhân ăn uống kém, sút 4 kg trong 3 tháng. Tiền sử gia đình có bố mất vì ung thư đại tràng. Khám lâm sàng bệnh nhân tỉnh, da niêm mạc nhợt. Bụng mềm, không sờ thấy u. Thăm trực tràng, bác sĩ sờ thấy ở thành trước trực tràng, cách rìa hậu môn 6 cm có một khối u sùi, cứng, chắc, không di động, găng tay có dính máu và nhầy.",Thăm dò nào là tiêu chuẩn vàng để chẩn đoán xác định bệnh này?,Nội soi toàn bộ đại tràng và sinh thiết khối u.,Xét nghiệm tìm máu ẩn trong phân.,Chụp CT scan ổ bụng.,Chụp X-quang đại tràng cản quang kép.,,a,"Tiêu chuẩn vàng để chẩn đoán xác định là nội soi đại tràng, cho phép quan sát trực tiếp toàn bộ niêm mạc đại tràng, xác định vị trí, mô tả hình thái khối u. Quan trọng nhất, qua nội soi có thể tiến hành sinh thiết nhiều mảnh từ khối u để làm xét nghiệm mô bệnh học, đây là bằng chứng quyết định để chẩn đoán ung thư."
noi-xuat-huyet-tieu-hoa-case-7-1,noi,Xuất huyết tiêu hoá,Tiêu hoá,"Bệnh nhân nữ 25 tuổi, vào viện vì đi ngoài phân máu và đau bụng. Bệnh khởi phát khoảng 1 tháng nay, ban đầu bệnh nhân chỉ đi ngoài phân lỏng 3-4 lần/ngày, sau đó số lần tăng lên 8-10 lần/ngày, phân luôn có lẫn nhầy và máu đỏ tươi. Bệnh nhân thường xuyên có cảm giác mót rặn, đau quặn bụng vùng hố chậu trái trước mỗi lần đi ngoài, sau khi đi xong thì đỡ đau. Bệnh nhân không sốt nhưng rất mệt mỏi và đã sút 3 kg. Tiền sử không có bệnh lý đặc biệt. Khám lâm sàng bệnh nhân tỉnh, da niêm mạc nhợt. Bụng mềm, ấn đau dọc theo khung đại tràng sigma. Thăm trực tràng không sờ thấy u, găng có dính nhầy máu. Cận lâm sàng: Hemoglobin 92 g/L, Bạch cầu 11 G/L, Tốc độ máu lắng (VS) 60 mm/giờ, CRP 45 mg/L. Nội soi đại tràng sigma cho thấy niêm mạc trực tràng và đại tràng sigma phù nề, xung huyết, mất hình ảnh mạch máu, rất dễ chảy máu khi chạm vào, có nhiều vết loét nông và giả polyp.",Chẩn đoán có khả năng nhất ở bệnh nhân này là gì?,Nhiễm trùng do Clostridium difficile.,Ung thư trực tràng.,Hội chứng lỵ amip.,Viêm loét đại trực tràng chảy máu (Ulcerative Colitis).,,d,"Bệnh cảnh một người trẻ có triệu chứng tiêu chảy phân máu kéo dài, kèm đau bụng, mót rặn, và có bằng chứng viêm hệ thống (tăng VS, CRP) cùng với hình ảnh nội soi đặc trưng là rất điển hình cho một đợt bùng phát của bệnh viêm loét đại trực tràng chảy máu (IBD)."
noi-xuat-huyet-tieu-hoa-case-7-2,noi,Xuất huyết tiêu hoá,Tiêu hoá,"Bệnh nhân nữ 25 tuổi, vào viện vì đi ngoài phân máu và đau bụng. Bệnh khởi phát khoảng 1 tháng nay, ban đầu bệnh nhân chỉ đi ngoài phân lỏng 3-4 lần/ngày, sau đó số lần tăng lên 8-10 lần/ngày, phân luôn có lẫn nhầy và máu đỏ tươi. Bệnh nhân thường xuyên có cảm giác mót rặn, đau quặn bụng vùng hố chậu trái trước mỗi lần đi ngoài, sau khi đi xong thì đỡ đau. Bệnh nhân không sốt nhưng rất mệt mỏi và đã sút 3 kg. Tiền sử không có bệnh lý đặc biệt. Khám lâm sàng bệnh nhân tỉnh, da niêm mạc nhợt. Bụng mềm, ấn đau dọc theo khung đại tràng sigma. Thăm trực tràng không sờ thấy u, găng có dính nhầy máu. Cận lâm sàng: Hemoglobin 92 g/L, Bạch cầu 11 G/L, Tốc độ máu lắng (VS) 60 mm/giờ, CRP 45 mg/L. Nội soi đại tràng sigma cho thấy niêm mạc trực tràng và đại tràng sigma phù nề, xung huyết, mất hình ảnh mạch máu, rất dễ chảy máu khi chạm vào, có nhiều vết loét nông và giả polyp.",Cơ chế bệnh sinh của bệnh lý này là gì?,Thiếu máu cục bộ mạn tính của thành ruột.,"Một phản ứng viêm mạn tính qua trung gian miễn dịch, giới hạn ở lớp niêm mạc và dưới niêm mạc của đại tràng.",Nhiễm một loại virus gây loét niêm mạc.,Dị ứng với một thành phần trong thức ăn.,,b,"Viêm loét đại tràng (UC) là một bệnh viêm ruột tự miễn. Do một sự kết hợp giữa yếu tố di truyền và môi trường, hệ miễn dịch của ruột phản ứng một cách quá mức và không phù hợp với các kháng nguyên trong lòng ruột, gây ra một tình trạng viêm mạn tính. Không giống như bệnh Crohn, tình trạng viêm trong UC thường chỉ giới hạn ở lớp niêm mạc."
noi-xuat-huyet-tieu-hoa-case-7-3,noi,Xuất huyết tiêu hoá,Tiêu hoá,"Bệnh nhân nữ 25 tuổi, vào viện vì đi ngoài phân máu và đau bụng. Bệnh khởi phát khoảng 1 tháng nay, ban đầu bệnh nhân chỉ đi ngoài phân lỏng 3-4 lần/ngày, sau đó số lần tăng lên 8-10 lần/ngày, phân luôn có lẫn nhầy và máu đỏ tươi. Bệnh nhân thường xuyên có cảm giác mót rặn, đau quặn bụng vùng hố chậu trái trước mỗi lần đi ngoài, sau khi đi xong thì đỡ đau. Bệnh nhân không sốt nhưng rất mệt mỏi và đã sút 3 kg. Tiền sử không có bệnh lý đặc biệt. Khám lâm sàng bệnh nhân tỉnh, da niêm mạc nhợt. Bụng mềm, ấn đau dọc theo khung đại tràng sigma. Thăm trực tràng không sờ thấy u, găng có dính nhầy máu. Cận lâm sàng: Hemoglobin 92 g/L, Bạch cầu 11 G/L, Tốc độ máu lắng (VS) 60 mm/giờ, CRP 45 mg/L. Nội soi đại tràng sigma cho thấy niêm mạc trực tràng và đại tràng sigma phù nề, xung huyết, mất hình ảnh mạch máu, rất dễ chảy máu khi chạm vào, có nhiều vết loét nông và giả polyp.",Đặc điểm tổn thương trong Viêm loét đại trực tràng chảy máu thường là gì?,"Tổn thương không liên tục, ""nhảy cóc"".",Tổn thương chủ yếu ở ruột non.,"Tổn thương viêm lan tỏa, liên tục, bắt đầu từ trực tràng và lan ngược lên trên.","Tổn thương xuyên thành, có thể tạo lỗ rò.",,c,"Đây là đặc điểm phân biệt quan trọng của UC. Tổn thương luôn bắt đầu từ trực tràng và lan rộng lên trên một cách liên tục, không có khoảng niêm mạc lành xen kẽ. Mức độ lan rộng có thể từ viêm trực tràng đơn thuần đến viêm toàn bộ đại tràng."
noi-xuat-huyet-tieu-hoa-case-7-4,noi,Xuất huyết tiêu hoá,Tiêu hoá,"Bệnh nhân nữ 25 tuổi, vào viện vì đi ngoài phân máu và đau bụng. Bệnh khởi phát khoảng 1 tháng nay, ban đầu bệnh nhân chỉ đi ngoài phân lỏng 3-4 lần/ngày, sau đó số lần tăng lên 8-10 lần/ngày, phân luôn có lẫn nhầy và máu đỏ tươi. Bệnh nhân thường xuyên có cảm giác mót rặn, đau quặn bụng vùng hố chậu trái trước mỗi lần đi ngoài, sau khi đi xong thì đỡ đau. Bệnh nhân không sốt nhưng rất mệt mỏi và đã sút 3 kg. Tiền sử không có bệnh lý đặc biệt. Khám lâm sàng bệnh nhân tỉnh, da niêm mạc nhợt. Bụng mềm, ấn đau dọc theo khung đại tràng sigma. Thăm trực tràng không sờ thấy u, găng có dính nhầy máu. Cận lâm sàng: Hemoglobin 92 g/L, Bạch cầu 11 G/L, Tốc độ máu lắng (VS) 60 mm/giờ, CRP 45 mg/L. Nội soi đại tràng sigma cho thấy niêm mạc trực tràng và đại tràng sigma phù nề, xung huyết, mất hình ảnh mạch máu, rất dễ chảy máu khi chạm vào, có nhiều vết loét nông và giả polyp.",Xét nghiệm nào trong phân thường được dùng để theo dõi mức độ viêm của ruột một cách không xâm lấn?,Soi tìm ký sinh trùng.,Nhuộm soi tìm bạch cầu.,Tìm máu ẩn trong phân.,Calprotectin trong phân.,,d,"Calprotectin là một protein được giải phóng từ bạch cầu trung tính. Nồng độ của nó trong phân tăng cao khi có tình trạng viêm ở ruột. Do đó, định lượng Calprotectin trong phân là một dấu ấn sinh học không xâm lấn, rất hữu ích để chẩn đoán phân biệt IBD với hội chứng ruột kích thích và để theo dõi hoạt động bệnh."
noi-xuat-huyet-tieu-hoa-case-7-5,noi,Xuất huyết tiêu hoá,Tiêu hoá,"Bệnh nhân nữ 25 tuổi, vào viện vì đi ngoài phân máu và đau bụng. Bệnh khởi phát khoảng 1 tháng nay, ban đầu bệnh nhân chỉ đi ngoài phân lỏng 3-4 lần/ngày, sau đó số lần tăng lên 8-10 lần/ngày, phân luôn có lẫn nhầy và máu đỏ tươi. Bệnh nhân thường xuyên có cảm giác mót rặn, đau quặn bụng vùng hố chậu trái trước mỗi lần đi ngoài, sau khi đi xong thì đỡ đau. Bệnh nhân không sốt nhưng rất mệt mỏi và đã sút 3 kg. Tiền sử không có bệnh lý đặc biệt. Khám lâm sàng bệnh nhân tỉnh, da niêm mạc nhợt. Bụng mềm, ấn đau dọc theo khung đại tràng sigma. Thăm trực tràng không sờ thấy u, găng có dính nhầy máu. Cận lâm sàng: Hemoglobin 92 g/L, Bạch cầu 11 G/L, Tốc độ máu lắng (VS) 60 mm/giờ, CRP 45 mg/L. Nội soi đại tràng sigma cho thấy niêm mạc trực tràng và đại tràng sigma phù nề, xung huyết, mất hình ảnh mạch máu, rất dễ chảy máu khi chạm vào, có nhiều vết loét nông và giả polyp.",Nhóm thuốc nào là nền tảng trong điều trị để gây lui bệnh ở thể nhẹ đến trung bình?,Thuốc giảm co thắt (ví dụ: Hyoscine).,Kháng sinh.,"Dẫn xuất của 5-aminosalicylic acid (5-ASA), như Mesalamine.",Loperamide.,,c,"Các hợp chất 5-ASA (Mesalamine, Sulfasalazine) là liệu pháp đầu tay để điều trị các đợt bùng phát mức độ nhẹ đến trung bình của UC. Chúng có tác dụng chống viêm tại chỗ ở niêm mạc đại tràng. Thuốc có thể được dùng đường uống hoặc tại chỗ (đạn, thụt) tùy thuộc vào vị trí và mức độ tổn thương."
noi-xuat-huyet-tieu-hoa-case-8-1,noi,Xuất huyết tiêu hoá,Tiêu hoá,"Bệnh nhân nam 50 tuổi, không có tiền sử bệnh tật đáng chú ý, được đưa vào cấp cứu vì nôn ra máu và tụt huyết áp. Bệnh nhân đang ăn tối thì đột ngột cảm thấy buồn nôn, sau đó nôn thốc ra một lượng lớn máu đỏ tươi, không kèm đau bụng. Bệnh nhân nhanh chóng trở nên choáng váng, vã mồ hôi. Tại phòng cấp cứu, huyết áp là 85/55 mmHg, mạch 115 lần/phút. Sau khi được hồi sức, bệnh nhân được tiến hành nội https://onedrive.live.com/personal/2672550e42ddc7d4/_layouts/15/ soi dạ dày cấp cứu. Lần nội soi đầu tiên, dạ dày đầy máu cục nhưng không tìm thấy ổ loét, búi giãn tĩnh mạch hay tổn thương rõ ràng nào. Sau khi rửa sạch dạ dày và bệnh nhân tạm ổn định, 2 giờ sau bệnh nhân lại nôn ra máu tái phát. Nội soi lần thứ hai, bác sĩ quan sát kỹ và phát hiện ở vùng phình vị lớn, gần tâm vị, có một động mạch nhỏ đập ngay dưới lớp niêm mạc và đang phun máu thành tia. Niêm mạc xung quanh hoàn toàn bình thường.",Tổn thương gây chảy máu ở bệnh nhân này được gọi là gì?,Loét Cameron.,Tổn thương Dieulafoy.,Rò động mạch-ruột.,U mô đệm đường tiêu hóa (GIST).,,b,"Bệnh cảnh xuất huyết tiêu hóa trên ồ ạt, tái phát, không đau, trên một bệnh nhân không có yếu tố nguy cơ và nội soi khó tìm thấy tổn thương, với hình ảnh một động mạch phun máu từ niêm mạc bình thường là kinh điển của tổn thương Dieulafoy."
noi-xuat-huyet-tieu-hoa-case-8-2,noi,Xuất huyết tiêu hoá,Tiêu hoá,"Bệnh nhân nam 50 tuổi, không có tiền sử bệnh tật đáng chú ý, được đưa vào cấp cứu vì nôn ra máu và tụt huyết áp. Bệnh nhân đang ăn tối thì đột ngột cảm thấy buồn nôn, sau đó nôn thốc ra một lượng lớn máu đỏ tươi, không kèm đau bụng. Bệnh nhân nhanh chóng trở nên choáng váng, vã mồ hôi. Tại phòng cấp cứu, huyết áp là 85/55 mmHg, mạch 115 lần/phút. Sau khi được hồi sức, bệnh nhân được tiến hành nội https://onedrive.live.com/personal/2672550e42ddc7d4/_layouts/15/ soi dạ dày cấp cứu. Lần nội soi đầu tiên, dạ dày đầy máu cục nhưng không tìm thấy ổ loét, búi giãn tĩnh mạch hay tổn thương rõ ràng nào. Sau khi rửa sạch dạ dày và bệnh nhân tạm ổn định, 2 giờ sau bệnh nhân lại nôn ra máu tái phát. Nội soi lần thứ hai, bác sĩ quan sát kỹ và phát hiện ở vùng phình vị lớn, gần tâm vị, có một động mạch nhỏ đập ngay dưới lớp niêm mạc và đang phun máu thành tia. Niêm mạc xung quanh hoàn toàn bình thường.",Cơ chế bệnh sinh của tổn thương Dieulafoy là gì?,"Một động mạch có kích thước lớn bất thường ở lớp dưới niêm mạc, không phân nhánh nhỏ đi, làm bào mòn và vỡ qua lớp niêm mạc.",Một khối u mạch máu ác tính.,Một ổ loét sâu ăn mòn vào một động mạch lớn.,Viêm loét niêm mạc dạ dày do H. pylori.,,a,"Tổn thương Dieulafoy là một dị dạng mạch máu bẩm sinh. Một động mạch ở lớp dưới niêm mạc, thay vì phân nhánh nhỏ dần thành các mao mạch, lại duy trì đường kính lớn bất thường khi đi gần đến bề mặt niêm mạc. Theo thời gian, sự cọ xát của thức ăn hoặc nhu động dạ dày có thể làm bào mòn lớp niêm mạc mỏng manh che phủ bên trên, làm vỡ động mạch và gây chảy máu ồ ạt."
noi-xuat-huyet-tieu-hoa-case-8-3,noi,Xuất huyết tiêu hoá,Tiêu hoá,"Bệnh nhân nam 50 tuổi, không có tiền sử bệnh tật đáng chú ý, được đưa vào cấp cứu vì nôn ra máu và tụt huyết áp. Bệnh nhân đang ăn tối thì đột ngột cảm thấy buồn nôn, sau đó nôn thốc ra một lượng lớn máu đỏ tươi, không kèm đau bụng. Bệnh nhân nhanh chóng trở nên choáng váng, vã mồ hôi. Tại phòng cấp cứu, huyết áp là 85/55 mmHg, mạch 115 lần/phút. Sau khi được hồi sức, bệnh nhân được tiến hành nội https://onedrive.live.com/personal/2672550e42ddc7d4/_layouts/15/ soi dạ dày cấp cứu. Lần nội soi đầu tiên, dạ dày đầy máu cục nhưng không tìm thấy ổ loét, búi giãn tĩnh mạch hay tổn thương rõ ràng nào. Sau khi rửa sạch dạ dày và bệnh nhân tạm ổn định, 2 giờ sau bệnh nhân lại nôn ra máu tái phát. Nội soi lần thứ hai, bác sĩ quan sát kỹ và phát hiện ở vùng phình vị lớn, gần tâm vị, có một động mạch nhỏ đập ngay dưới lớp niêm mạc và đang phun máu thành tia. Niêm mạc xung quanh hoàn toàn bình thường.",Đặc điểm chảy máu của tổn thương Dieulafoy thường là gì?,Luôn kèm theo đi ngoài phân đen.,"Rỉ rả, mạn tính, gây thiếu máu thiếu sắt.",Chỉ xảy ra sau khi uống rượu.,"Dữ dội, ồ ạt, có tính chất tái phát và không đau.",,d,"Do chảy máu trực tiếp từ một động mạch, lượng máu mất thường rất lớn, đột ngột và có thể gây sốc nhanh chóng. Vì không có ổ loét hay tình trạng viêm, bệnh nhân thường không có triệu chứng báo trước như đau bụng. Chảy máu có thể tự cầm tạm thời do co thắt mạch, nhưng nguy cơ tái phát rất cao."
noi-xuat-huyet-tieu-hoa-case-8-4,noi,Xuất huyết tiêu hoá,Tiêu hoá,"Bệnh nhân nam 50 tuổi, không có tiền sử bệnh tật đáng chú ý, được đưa vào cấp cứu vì nôn ra máu và tụt huyết áp. Bệnh nhân đang ăn tối thì đột ngột cảm thấy buồn nôn, sau đó nôn thốc ra một lượng lớn máu đỏ tươi, không kèm đau bụng. Bệnh nhân nhanh chóng trở nên choáng váng, vã mồ hôi. Tại phòng cấp cứu, huyết áp là 85/55 mmHg, mạch 115 lần/phút. Sau khi được hồi sức, bệnh nhân được tiến hành nội https://onedrive.live.com/personal/2672550e42ddc7d4/_layouts/15/ soi dạ dày cấp cứu. Lần nội soi đầu tiên, dạ dày đầy máu cục nhưng không tìm thấy ổ loét, búi giãn tĩnh mạch hay tổn thương rõ ràng nào. Sau khi rửa sạch dạ dày và bệnh nhân tạm ổn định, 2 giờ sau bệnh nhân lại nôn ra máu tái phát. Nội soi lần thứ hai, bác sĩ quan sát kỹ và phát hiện ở vùng phình vị lớn, gần tâm vị, có một động mạch nhỏ đập ngay dưới lớp niêm mạc và đang phun máu thành tia. Niêm mạc xung quanh hoàn toàn bình thường.",Tại sao tổn thương này thường khó được phát hiện khi nội soi?,Vì nó luôn nằm ở tá tràng.,"Vì tổn thương rất nhỏ, niêm mạc xung quanh bình thường, và nó chỉ có thể được thấy khi đang chảy máu hoặc có cục máu đông bám vào.",Vì nó trong suốt.,Vì nó luôn được che phủ bởi thức ăn.,,b,"Đây chính là thách thức lớn trong chẩn đoán. Nếu tại thời điểm nội soi, động mạch không chảy máu, bác sĩ có thể bỏ sót hoàn toàn vì tổn thương chỉ là một điểm gồ lên rất nhỏ trên nền niêm mạc hoàn toàn bình thường. Việc rửa sạch dạ dày và quan sát kỹ, thậm chí nội soi lại nhiều lần, là rất quan trọng."
noi-xuat-huyet-tieu-hoa-case-8-5,noi,Xuất huyết tiêu hoá,Tiêu hoá,"Bệnh nhân nam 50 tuổi, không có tiền sử bệnh tật đáng chú ý, được đưa vào cấp cứu vì nôn ra máu và tụt huyết áp. Bệnh nhân đang ăn tối thì đột ngột cảm thấy buồn nôn, sau đó nôn thốc ra một lượng lớn máu đỏ tươi, không kèm đau bụng. Bệnh nhân nhanh chóng trở nên choáng váng, vã mồ hôi. Tại phòng cấp cứu, huyết áp là 85/55 mmHg, mạch 115 lần/phút. Sau khi được hồi sức, bệnh nhân được tiến hành nội https://onedrive.live.com/personal/2672550e42ddc7d4/_layouts/15/ soi dạ dày cấp cứu. Lần nội soi đầu tiên, dạ dày đầy máu cục nhưng không tìm thấy ổ loét, búi giãn tĩnh mạch hay tổn thương rõ ràng nào. Sau khi rửa sạch dạ dày và bệnh nhân tạm ổn định, 2 giờ sau bệnh nhân lại nôn ra máu tái phát. Nội soi lần thứ hai, bác sĩ quan sát kỹ và phát hiện ở vùng phình vị lớn, gần tâm vị, có một động mạch nhỏ đập ngay dưới lớp niêm mạc và đang phun máu thành tia. Niêm mạc xung quanh hoàn toàn bình thường.",Phương pháp can thiệp nào là lựa chọn hàng đầu để điều trị tổn thương này?,Thuyên tắc mạch qua đường động mạch.,Dùng PPI liều cao đơn thuần.,"Cầm máu qua nội soi (kẹp clip, thắt vòng cao su, hoặc đốt nhiệt).",Phẫu thuật cắt dạ dày.,,c,Cầm máu qua nội soi là phương pháp điều trị hiệu quả và ít xâm lấn nhất. Các phương pháp cơ học như kẹp clip hoặc thắt vòng cao su được ưu tiên hơn so với các phương pháp nhiệt vì chúng giúp kẹp trực tiếp vào mạch máu. Thuyên tắc mạch hoặc phẫu thuật được dành cho các trường hợp nội soi thất bại.
noi-xuat-huyet-tieu-hoa-case-9-1,noi,Xuất huyết tiêu hoá,Tiêu hoá,"Bệnh nhân nam 75 tuổi, có nhiều bệnh nền bao gồm đái tháo đường type 2, bệnh mạch vành, rung nhĩ đang dùng warfarin. Bệnh nhân nhập viện vì đau bụng và đi ngoài ra máu. Bệnh khởi phát đột ngột với cơn đau quặn bụng dữ dội vùng hố chậu trái, sau khoảng vài giờ, bệnh nhân đi ngoài ra một ít phân lỏng lẫn máu đỏ sẫm. Bệnh nhân không sốt, không nôn. Khám lâm sàng bệnh nhân tỉnh, đau bụng nhiều. Huyết áp 140/80 mmHg, mạch 90 lần/phút (rung nhĩ). Bụng mềm, ấn đau nhiều dọc theo khung đại tràng xuống, không có phản ứng thành bụng hay cảm ứng phúc mạc. Cận lâm sàng: Bạch cầu 14 G/L, Lactate máu 2.5 mmol/L, INR 2.8. Chụp CT scan bụng có cản quang cho thấy hình ảnh dày thành đại tràng góc lách và đại tràng xuống, có thâm nhiễm mỡ xung quanh, không thấy hình ảnh tắc các động mạch mạc treo lớn.",Chẩn đoán có khả năng nhất là gì?,Tắc mạch mạc treo cấp tính.,Vỡ phình động mạch chủ bụng.,Viêm túi thừa cấp.,Viêm đại tràng thiếu máu cục bộ.,,d,"Bệnh cảnh đau bụng cấp sau đó đi ngoài ra máu ở một bệnh nhân lớn tuổi, có nhiều yếu tố nguy cơ tim mạch là rất gợi ý đến bệnh lý thiếu máu cục bộ của ruột. Hình ảnh CT dày thành đại tràng khu trú càng củng cố chẩn đoán viêm đại tràng thiếu máu cục bộ. Tắc mạch mạc treo cấp thường gây đau dữ dội và không tương xứng với dấu hiệu khám lâm sàng."
noi-xuat-huyet-tieu-hoa-case-9-2,noi,Xuất huyết tiêu hoá,Tiêu hoá,"Bệnh nhân nam 75 tuổi, có nhiều bệnh nền bao gồm đái tháo đường type 2, bệnh mạch vành, rung nhĩ đang dùng warfarin. Bệnh nhân nhập viện vì đau bụng và đi ngoài ra máu. Bệnh khởi phát đột ngột với cơn đau quặn bụng dữ dội vùng hố chậu trái, sau khoảng vài giờ, bệnh nhân đi ngoài ra một ít phân lỏng lẫn máu đỏ sẫm. Bệnh nhân không sốt, không nôn. Khám lâm sàng bệnh nhân tỉnh, đau bụng nhiều. Huyết áp 140/80 mmHg, mạch 90 lần/phút (rung nhĩ). Bụng mềm, ấn đau nhiều dọc theo khung đại tràng xuống, không có phản ứng thành bụng hay cảm ứng phúc mạc. Cận lâm sàng: Bạch cầu 14 G/L, Lactate máu 2.5 mmol/L, INR 2.8. Chụp CT scan bụng có cản quang cho thấy hình ảnh dày thành đại tràng góc lách và đại tràng xuống, có thâm nhiễm mỡ xung quanh, không thấy hình ảnh tắc các động mạch mạc treo lớn.",Cơ chế chính gây ra viêm đại tràng thiếu máu cục bộ là gì?,Do tình trạng giảm tưới máu không do tắc mạch (non-occlusive) ở các vùng ranh giới cấp máu của đại tràng.,Do phản ứng tự miễn.,Do nhiễm trùng trực tiếp bởi vi khuẩn Clostridium.,Do huyết khối từ tim di chuyển đến gây tắc các động mạch mạc treo lớn.,,a,"Viêm đại tràng thiếu máu cục bộ thường là hậu quả của tình trạng giảm tưới máu tạm thời, không do tắc mạch lớn. Nó có thể xảy ra trong các tình huống giảm cung lượng tim, sốc, hoặc sau phẫu thuật lớn. Máu không đến đủ để đáp ứng nhu cầu chuyển hóa của niêm mạc đại tràng, gây tổn thương và loét, dẫn đến chảy máu."
noi-xuat-huyet-tieu-hoa-case-9-3,noi,Xuất huyết tiêu hoá,Tiêu hoá,"Bệnh nhân nam 75 tuổi, có nhiều bệnh nền bao gồm đái tháo đường type 2, bệnh mạch vành, rung nhĩ đang dùng warfarin. Bệnh nhân nhập viện vì đau bụng và đi ngoài ra máu. Bệnh khởi phát đột ngột với cơn đau quặn bụng dữ dội vùng hố chậu trái, sau khoảng vài giờ, bệnh nhân đi ngoài ra một ít phân lỏng lẫn máu đỏ sẫm. Bệnh nhân không sốt, không nôn. Khám lâm sàng bệnh nhân tỉnh, đau bụng nhiều. Huyết áp 140/80 mmHg, mạch 90 lần/phút (rung nhĩ). Bụng mềm, ấn đau nhiều dọc theo khung đại tràng xuống, không có phản ứng thành bụng hay cảm ứng phúc mạc. Cận lâm sàng: Bạch cầu 14 G/L, Lactate máu 2.5 mmol/L, INR 2.8. Chụp CT scan bụng có cản quang cho thấy hình ảnh dày thành đại tràng góc lách và đại tràng xuống, có thâm nhiễm mỡ xung quanh, không thấy hình ảnh tắc các động mạch mạc treo lớn.",Đặc điểm lâm sàng nào là điển hình của viêm đại tràng thiếu máu cục bộ?,"Đau bụng cấp tính, sau đó là đi ngoài ra máu.","Đi ngoài ra máu ồ ạt, không đau bụng.",Sốt cao và tiêu chảy phân nước.,Táo bón và chướng bụng.,,a,"Trình tự ""đau bụng trước, đi ngoài ra máu sau"" là diễn biến rất đặc trưng. Cơn đau thường khởi phát đột ngột, sau vài giờ, khi niêm mạc bị tổn thương và bong ra, bệnh nhân sẽ bắt đầu đi ngoài ra phân có máu."
noi-xuat-huyet-tieu-hoa-case-9-4,noi,Xuất huyết tiêu hoá,Tiêu hoá,"Bệnh nhân nam 75 tuổi, có nhiều bệnh nền bao gồm đái tháo đường type 2, bệnh mạch vành, rung nhĩ đang dùng warfarin. Bệnh nhân nhập viện vì đau bụng và đi ngoài ra máu. Bệnh khởi phát đột ngột với cơn đau quặn bụng dữ dội vùng hố chậu trái, sau khoảng vài giờ, bệnh nhân đi ngoài ra một ít phân lỏng lẫn máu đỏ sẫm. Bệnh nhân không sốt, không nôn. Khám lâm sàng bệnh nhân tỉnh, đau bụng nhiều. Huyết áp 140/80 mmHg, mạch 90 lần/phút (rung nhĩ). Bụng mềm, ấn đau nhiều dọc theo khung đại tràng xuống, không có phản ứng thành bụng hay cảm ứng phúc mạc. Cận lâm sàng: Bạch cầu 14 G/L, Lactate máu 2.5 mmol/L, INR 2.8. Chụp CT scan bụng có cản quang cho thấy hình ảnh dày thành đại tràng góc lách và đại tràng xuống, có thâm nhiễm mỡ xung quanh, không thấy hình ảnh tắc các động mạch mạc treo lớn.","Tại sao ""vùng ranh giới"" như góc lách lại là vị trí dễ bị tổn thương nhất?",Vì vùng này có nhu động mạnh nhất.,Vì vùng này thường có nhiều túi thừa.,Vì vùng này có hệ vi sinh vật khác biệt.,"Vì vùng này là nơi tiếp nối giữa hai hệ thống cấp máu chính (động mạch mạc treo tràng trên và dưới), nên dễ bị thiếu máu nhất khi có tình trạng giảm tưới máu toàn thân.",,d,"Góc lách (ranh giới giữa vùng cấp máu của động mạch mạc treo tràng trên và dưới) và vùng nối đại tràng sigma - trực tràng (ranh giới giữa vùng cấp máu của động mạch mạc treo tràng dưới và động mạch chậu trong) là những vùng ""đường cùng"" về tưới máu. Chúng không có các cung mạch nối phong phú, do đó rất nhạy cảm với bất kỳ sự sụt giảm nào của huyết áp hay lưu lượng máu toàn thân. oc.aspx?sourcedoc={186352b6-90cf-40c9-ba19-ae84e248ef20}&action=vie… 5/11"
noi-xuat-huyet-tieu-hoa-case-9-5,noi,Xuất huyết tiêu hoá,Tiêu hoá,"Bệnh nhân nam 75 tuổi, có nhiều bệnh nền bao gồm đái tháo đường type 2, bệnh mạch vành, rung nhĩ đang dùng warfarin. Bệnh nhân nhập viện vì đau bụng và đi ngoài ra máu. Bệnh khởi phát đột ngột với cơn đau quặn bụng dữ dội vùng hố chậu trái, sau khoảng vài giờ, bệnh nhân đi ngoài ra một ít phân lỏng lẫn máu đỏ sẫm. Bệnh nhân không sốt, không nôn. Khám lâm sàng bệnh nhân tỉnh, đau bụng nhiều. Huyết áp 140/80 mmHg, mạch 90 lần/phút (rung nhĩ). Bụng mềm, ấn đau nhiều dọc theo khung đại tràng xuống, không có phản ứng thành bụng hay cảm ứng phúc mạc. Cận lâm sàng: Bạch cầu 14 G/L, Lactate máu 2.5 mmol/L, INR 2.8. Chụp CT scan bụng có cản quang cho thấy hình ảnh dày thành đại tràng góc lách và đại tràng xuống, có thâm nhiễm mỡ xung quanh, không thấy hình ảnh tắc các động mạch mạc treo lớn.",Hướng xử trí ban đầu cho hầu hết các trường hợp viêm đại tràng thiếu máu cục bộ không biến chứng là gì?,Can thiệp nội mạch để làm tan huyết khối.,Dùng thuốc chống đông liều cao.,Phẫu thuật cắt bỏ đoạn đại tràng ngay lập tức.,"Điều trị bảo tồn: nhịn ăn, truyền dịch tĩnh mạch và kháng sinh phổ rộng. https://onedrive.live.com/personal/2672550e42ddc7d4/_layouts/15/",,d,"Đa số các trường hợp viêm đại tràng thiếu máu cục bộ là thoáng qua và không gây hoại tử xuyên thành. Do đó, điều trị ban đầu là điều trị bảo tồn, bao gồm cho ruột nghỉ ngơi (nhịn ăn), đảm bảo đủ dịch và tưới máu (truyền dịch), và sử dụng kháng sinh để ngăn ngừa bội nhiễm vi khuẩn từ ruột vào thành ruột bị tổn thương. Phẫu thuật chỉ được chỉ định khi có biến chứng hoại tử, thủng, hoặc viêm phúc mạc."
noi-xuat-huyet-tieu-hoa-case-10-1,noi,Xuất huyết tiêu hoá,Tiêu hoá,"Bệnh nhân nữ 35 tuổi, có tiền sử thiếu máu thiếu sắt mạn tính không rõ nguyên nhân trong 3 năm. Bệnh nhân đã được nội soi dạ dày và đại tràng 2 lần, kết quả đều bình thường. Bệnh nhân thường xuyên cảm thấy mệt mỏi, hoa mắt, phải truyền sắt và truyền máu nhiều đợt. Bệnh nhân không có biểu hiện nôn ra máu hay đi ngoài phân đen rõ ràng, chỉ thỉnh thoảng thấy phân sẫm màu. Bệnh nhân không dùng NSAID, không có tiền sử bệnh gan. Khám lâm sàng bệnh nhân tỉnh, da niêm mạc nhợt. Các cơ quan khác hoàn toàn bình thường. Cận lâm sàng: Hemoglobin 70 g/L, MCV 72 fL, MCH 24 pg, Ferritin 5 ng/mL.",Tình trạng xuất huyết của bệnh nhân được phân loại là gì?,Xuất huyết tiêu hóa trên.,Xuất huyết tiêu hóa dưới.,Xuất huyết tiêu hóa không rõ nguyên nhân (Obscure gastrointestinal bleeding).,"Không có xuất huyết tiêu hóa, chỉ là thiếu máu.",,c,Xuất huyết tiêu hóa không rõ nguyên nhân được định nghĩa là tình trạng chảy máu tiêu hóa tái phát hoặc dai dẳng mà không tìm thấy nguồn chảy máu sau khi đã tiến hành nội soi đường tiêu hóa trên (dạ dày) và đường tiêu hóa dưới (đại tràng) chuẩn.
noi-xuat-huyet-tieu-hoa-case-10-2,noi,Xuất huyết tiêu hoá,Tiêu hoá,"Bệnh nhân nữ 35 tuổi, có tiền sử thiếu máu thiếu sắt mạn tính không rõ nguyên nhân trong 3 năm. Bệnh nhân đã được nội soi dạ dày và đại tràng 2 lần, kết quả đều bình thường. Bệnh nhân thường xuyên cảm thấy mệt mỏi, hoa mắt, phải truyền sắt và truyền máu nhiều đợt. Bệnh nhân không có biểu hiện nôn ra máu hay đi ngoài phân đen rõ ràng, chỉ thỉnh thoảng thấy phân sẫm màu. Bệnh nhân không dùng NSAID, không có tiền sử bệnh gan. Khám lâm sàng bệnh nhân tỉnh, da niêm mạc nhợt. Các cơ quan khác hoàn toàn bình thường. Cận lâm sàng: Hemoglobin 70 g/L, MCV 72 fL, MCH 24 pg, Ferritin 5 ng/mL.","Khi nội soi dạ dày và đại tràng đều âm tính, vị trí chảy máu có khả năng cao nhất nằm ở đâu?",Đường mật.,Ruột non.,Trực tràng.,Thực quản.,,b,"Ruột non là một đoạn dài của ống tiêu hóa nằm giữa dạ dày và đại tràng, không thể khảo sát được bằng các phương pháp nội soi thông thường. Do đó, đây là ""vùng tối"" và là nơi ẩn náu của nhiều nguyên nhân gây xuất huyết không rõ nguồn gốc."
noi-xuat-huyet-tieu-hoa-case-10-3,noi,Xuất huyết tiêu hoá,Tiêu hoá,"Bệnh nhân nữ 35 tuổi, có tiền sử thiếu máu thiếu sắt mạn tính không rõ nguyên nhân trong 3 năm. Bệnh nhân đã được nội soi dạ dày và đại tràng 2 lần, kết quả đều bình thường. Bệnh nhân thường xuyên cảm thấy mệt mỏi, hoa mắt, phải truyền sắt và truyền máu nhiều đợt. Bệnh nhân không có biểu hiện nôn ra máu hay đi ngoài phân đen rõ ràng, chỉ thỉnh thoảng thấy phân sẫm màu. Bệnh nhân không dùng NSAID, không có tiền sử bệnh gan. Khám lâm sàng bệnh nhân tỉnh, da niêm mạc nhợt. Các cơ quan khác hoàn toàn bình thường. Cận lâm sàng: Hemoglobin 70 g/L, MCV 72 fL, MCH 24 pg, Ferritin 5 ng/mL.",Thăm dò cận lâm sàng nào là lựa chọn tiếp theo hữu ích nhất để khảo sát toàn bộ niêm mạc ruột non?,Thăm dò phóng xạ với hồng cầu đánh dấu.,Chụp CT-scan bụng.,Chụp X-quang ruột non.,Nội soi viên nang (Capsule endoscopy).,,d,"Nội soi viên nang là một kỹ thuật không xâm lấn, cho phép thu được hình ảnh của toàn bộ niêm mạc ruột non. Bệnh nhân sẽ nuốt một viên nang có gắn camera, viên nang này sẽ di chuyển trong lòng ruột và ghi lại hình ảnh. Đây là phương pháp có độ nhạy rất cao trong việc phát hiện các tổn thương niêm mạc ở ruột non."
noi-xuat-huyet-tieu-hoa-case-10-4,noi,Xuất huyết tiêu hoá,Tiêu hoá,"Bệnh nhân nữ 35 tuổi, có tiền sử thiếu máu thiếu sắt mạn tính không rõ nguyên nhân trong 3 năm. Bệnh nhân đã được nội soi dạ dày và đại tràng 2 lần, kết quả đều bình thường. Bệnh nhân thường xuyên cảm thấy mệt mỏi, hoa mắt, phải truyền sắt và truyền máu nhiều đợt. Bệnh nhân không có biểu hiện nôn ra máu hay đi ngoài phân đen rõ ràng, chỉ thỉnh thoảng thấy phân sẫm màu. Bệnh nhân không dùng NSAID, không có tiền sử bệnh gan. Khám lâm sàng bệnh nhân tỉnh, da niêm mạc nhợt. Các cơ quan khác hoàn toàn bình thường. Cận lâm sàng: Hemoglobin 70 g/L, MCV 72 fL, MCH 24 pg, Ferritin 5 ng/mL.",Nguyên nhân gây chảy máu ở ruột non thường gặp nhất ở bệnh nhân dưới 40 tuổi là gì?,"Các khối u ruột non (ví dụ: u mô đệm, u carcinoid, polyp).",Bệnh Crohn.,Túi thừa Meckel.,Loạn sản mạch máu.,,a,"Trong khi loạn sản mạch máu là nguyên nhân hàng đầu ở người lớn tuổi, thì ở những bệnh nhân trẻ hơn, các khối u (cả lành tính và ác tính) của ruột non lại là nguyên nhân cần được nghĩ đến hàng đầu. Các nguyên nhân khác như bệnh Crohn, túi thừa Meckel cũng cần được xem xét."
noi-xuat-huyet-tieu-hoa-case-10-5,noi,Xuất huyết tiêu hoá,Tiêu hoá,"Bệnh nhân nữ 35 tuổi, có tiền sử thiếu máu thiếu sắt mạn tính không rõ nguyên nhân trong 3 năm. Bệnh nhân đã được nội soi dạ dày và đại tràng 2 lần, kết quả đều bình thường. Bệnh nhân thường xuyên cảm thấy mệt mỏi, hoa mắt, phải truyền sắt và truyền máu nhiều đợt. Bệnh nhân không có biểu hiện nôn ra máu hay đi ngoài phân đen rõ ràng, chỉ thỉnh thoảng thấy phân sẫm màu. Bệnh nhân không dùng NSAID, không có tiền sử bệnh gan. Khám lâm sàng bệnh nhân tỉnh, da niêm mạc nhợt. Các cơ quan khác hoàn toàn bình thường. Cận lâm sàng: Hemoglobin 70 g/L, MCV 72 fL, MCH 24 pg, Ferritin 5 ng/mL.","Nội soi viên nang phát hiện một tổn thương loét, có gờ, nghi ngờ u ở hồi tràng. Kỹ thuật nào cho phép tiếp cận tổn thương này để sinh thiết và can thiệp?",Nội soi đại tràng.,Phẫu thuật nội soi ổ bụng.,Nội soi mật tụy ngược dòng (ERCP).,"Nội soi ruột non (Enteroscopy), ví dụ nội soi bóng đôi.",,d,"Nội soi viên nang chỉ có chức năng chẩn đoán, không thể can thiệp. Để tiếp cận một tổn thương đã được xác định ở ruột non, cần phải sử dụng các kỹ thuật nội soi chuyên sâu hơn như nội soi ruột non (bằng đường miệng hoặc đường hậu môn). Nội soi bóng đôi sử dụng một hệ thống bóng bơm-xả để giúp ống soi có thể đi sâu vào các đoạn ruột non, cho phép sinh thiết tổn thương và đôi khi là can thiệp cầm máu."
noi-xuat-huyet-tieu-hoa-case-11-1,noi,Xuất huyết tiêu hoá,Tiêu hoá,"Bệnh nhân nam 55 tuổi, nghiện rượu trên 20 năm, vào cấp cứu vì nôn ra khoảng 500 ml máu đỏ tươi lẫn máu cục. Khám: bệnh nhân lơ mơ, da niêm mạc nhợt nhạt, củng mạc mắt vàng, mạch 115 lần/phút, huyết áp 85/50 mmHg, nhịp thở 22 lần/phút, SpO₂ 95% khí trời. Khám bụng thấy tuần hoàn bàng hệ cửa chủ rõ, cổ trướng mức độ vừa, lách to độ 2. Xét nghiệm cấp cứu: Hemoglobin 65 g/L, Hematocrit 20%, Tiểu cầu 65 G/L, PT 55%, INR 1.6, AST 120 U/L, ALT 45 U/L, Bilirubin toàn phần 60 μmol/L, Ure 12 mmol/L, Creatinin 90 μmol/L.",Nguyên nhân xuất huyết tiêu hóa nghĩ đến nhiều nhất trên bệnh nhân này là gì?,Viêm loét dạ dày tá tràng.,Vỡ giãn tĩnh mạch thực quản.,Rách tâm vị chảy máu.,Dị dạng mạch máu ruột non.,,b,"Bệnh nhân có tiền sử nghiện rượu, hội chứng suy tế bào gan (vàng da) và hội chứng tăng áp tĩnh mạch cửa (cổ trướng, lách to, tuần hoàn bàng hệ). Nôn máu đỏ tươi ồ ạt trong bệnh cảnh này gợi ý hàng đầu là vỡ giãn tĩnh mạch thực quản."
noi-xuat-huyet-tieu-hoa-case-11-2,noi,Xuất huyết tiêu hoá,Tiêu hoá,"Bệnh nhân nam 55 tuổi, nghiện rượu trên 20 năm, vào cấp cứu vì nôn ra khoảng 500 ml máu đỏ tươi lẫn máu cục. Khám: bệnh nhân lơ mơ, da niêm mạc nhợt nhạt, củng mạc mắt vàng, mạch 115 lần/phút, huyết áp 85/50 mmHg, nhịp thở 22 lần/phút, SpO₂ 95% khí trời. Khám bụng thấy tuần hoàn bàng hệ cửa chủ rõ, cổ trướng mức độ vừa, lách to độ 2. Xét nghiệm cấp cứu: Hemoglobin 65 g/L, Hematocrit 20%, Tiểu cầu 65 G/L, PT 55%, INR 1.6, AST 120 U/L, ALT 45 U/L, Bilirubin toàn phần 60 μmol/L, Ure 12 mmol/L, Creatinin 90 μmol/L.",Cơ chế sinh lý bệnh chính dẫn đến biến chứng xuất huyết trên bệnh nhân này là gì?,Tăng gradient áp lực tĩnh mạch gan.,Rối loạn chức năng đông cầm máu.,Rối loạn co bóp nhu động thực quản.,Tăng tiết acid dạ dày quá mức.,,a,"Biến chứng giãn vỡ tĩnh mạch thực quản xảy ra khi gradient áp lực tĩnh mạch gan (HVPG) tăng cao (thường > 12 mmHg). Dù xơ gan có rối loạn đông máu, nguyên nhân trực tiếp làm vỡ tĩnh mạch là do áp lực cơ học vượt quá sức bền thành mạch."
noi-xuat-huyet-tieu-hoa-case-11-3,noi,Xuất huyết tiêu hoá,Tiêu hoá,"Bệnh nhân nam 55 tuổi, nghiện rượu trên 20 năm, vào cấp cứu vì nôn ra khoảng 500 ml máu đỏ tươi lẫn máu cục. Khám: bệnh nhân lơ mơ, da niêm mạc nhợt nhạt, củng mạc mắt vàng, mạch 115 lần/phút, huyết áp 85/50 mmHg, nhịp thở 22 lần/phút, SpO₂ 95% khí trời. Khám bụng thấy tuần hoàn bàng hệ cửa chủ rõ, cổ trướng mức độ vừa, lách to độ 2. Xét nghiệm cấp cứu: Hemoglobin 65 g/L, Hematocrit 20%, Tiểu cầu 65 G/L, PT 55%, INR 1.6, AST 120 U/L, ALT 45 U/L, Bilirubin toàn phần 60 μmol/L, Ure 12 mmol/L, Creatinin 90 μmol/L.",Bước xử trí ưu tiên hàng đầu ngay khi tiếp nhận bệnh nhân này tại khoa cấp cứu là gì?,Truyền tĩnh mạch huyết tương tươi đông lạnh.,Đặt nội khí quản bảo vệ đường thở.,Nội soi thực quản dạ dày can thiệp.,Tiêm thuốc ức chế bơm proton liều cao.,,b,"Bệnh nhân có rối loạn tri giác (lơ mơ), đang nôn máu ồ ạt và sốc. Nguy cơ hít sặc máu vào phổi gây ngạt là nguyên nhân tử vong tức thì. Do đó, đặt nội khí quản bảo vệ đường thở cùng với hồi sức dịch là oc.aspx?sourcedoc={186352b6-90cf-40c9-ba19-ae84e248ef20}&action=vie… 6/11 ưu tiên số một trước khi can thiệp nội soi."
noi-xuat-huyet-tieu-hoa-case-11-4,noi,Xuất huyết tiêu hoá,Tiêu hoá,"Bệnh nhân nam 55 tuổi, nghiện rượu trên 20 năm, vào cấp cứu vì nôn ra khoảng 500 ml máu đỏ tươi lẫn máu cục. Khám: bệnh nhân lơ mơ, da niêm mạc nhợt nhạt, củng mạc mắt vàng, mạch 115 lần/phút, huyết áp 85/50 mmHg, nhịp thở 22 lần/phút, SpO₂ 95% khí trời. Khám bụng thấy tuần hoàn bàng hệ cửa chủ rõ, cổ trướng mức độ vừa, lách to độ 2. Xét nghiệm cấp cứu: Hemoglobin 65 g/L, Hematocrit 20%, Tiểu cầu 65 G/L, PT 55%, INR 1.6, AST 120 U/L, ALT 45 U/L, Bilirubin toàn phần 60 μmol/L, Ure 12 mmol/L, Creatinin 90 μmol/L.",Lựa chọn thuốc vận mạch khởi đầu phù hợp nhất để giảm áp lực tĩnh mạch cửa là gì? https://onedrive.live.com/personal/2672550e42ddc7d4/_layouts/15/,Dopamin truyền tĩnh mạch.,Terlipressin truyền tĩnh mạch.,Propranolol uống liều cao.,Epinephrin tiêm tĩnh mạch.,,b,"Terlipressin, Somatostatin hoặc Octreotide là các thuốc co mạch tạng, giúp giảm dòng máu đến tĩnh mạch cửa, được chỉ định ngay lập tức khi nghi ngờ xuất huyết do tăng áp tĩnh mạch cửa. Propranolol chỉ dùng dự phòng, không dùng trong cấp cứu đang có sốc."
noi-xuat-huyet-tieu-hoa-case-11-5,noi,Xuất huyết tiêu hoá,Tiêu hoá,"Bệnh nhân nam 55 tuổi, nghiện rượu trên 20 năm, vào cấp cứu vì nôn ra khoảng 500 ml máu đỏ tươi lẫn máu cục. Khám: bệnh nhân lơ mơ, da niêm mạc nhợt nhạt, củng mạc mắt vàng, mạch 115 lần/phút, huyết áp 85/50 mmHg, nhịp thở 22 lần/phút, SpO₂ 95% khí trời. Khám bụng thấy tuần hoàn bàng hệ cửa chủ rõ, cổ trướng mức độ vừa, lách to độ 2. Xét nghiệm cấp cứu: Hemoglobin 65 g/L, Hematocrit 20%, Tiểu cầu 65 G/L, PT 55%, INR 1.6, AST 120 U/L, ALT 45 U/L, Bilirubin toàn phần 60 μmol/L, Ure 12 mmol/L, Creatinin 90 μmol/L.","Nếu nội soi cấp cứu thất bại do máu phun trào liên tục che lấp thị trường, can thiệp cơ học tạm thời nào được chỉ định?",Đặt ống thông chèn bóng Sengstaken-Blakemore.,Tiến hành phương pháp tạo luồng thông cửa chủ.,Mở dạ dày và khâu thắt tĩnh mạch qua phẫu thuật.,Bơm rửa dạ dày bằng nước đá lạnh qua ống thông.,,a,"Khi nội soi thất bại do máu chảy quá nhiều, đặt bóng chèn (Sengstaken-Blakemore) là biện pháp cơ học cứu vãn tạm thời để ép búi tĩnh mạch đang chảy máu, tạo thời gian ổn định huyết động trước khi tiến hành các can thiệp triệt để hơn như TIPS. Nguồn tham khảo: Phác đồ Baveno VII."
noi-xuat-huyet-tieu-hoa-case-12-1,noi,Xuất huyết tiêu hoá,Tiêu hoá,"Bệnh nhân nữ 65 tuổi, tiền sử thoái hóa khớp gối đang dùng Diclofenac 75mg/ngày trong 2 tuần, vào viện vì đi ngoài phân đen sệt mùi khẳm liên tục 3 ngày nay kèm hoa mắt chóng mặt. Khám: bệnh nhân tỉnh, da niêm mạc nhợt nhạt, mạch 105 lần/phút, huyết áp 110/65 mmHg, nhịp thở 18 lần/phút, không vàng da. Bụng mềm, ấn tức nhẹ vùng thượng vị, không sờ thấy khối bất thường. Thăm trực tràng có phân đen dính găng. Xét nghiệm máu: Hemoglobin 88 g/L, Hematocrit 26%, Tiểu cầu 250 G/L, chức năng đông máu bình thường, Ure 11.5 mmol/L, Creatinin 85 μmol/L.",Nguyên nhân xuất huyết tiêu hóa nghĩ đến nhiều nhất trên bệnh nhân này là gì?,Viêm loét dạ dày tá tràng.,Chảy máu từ ruột non.,Ung thư đại tràng phải.,Viêm loét đại trực tràng.,,a,"Bệnh nhân lớn tuổi, có tiền sử dùng NSAIDs (Diclofenac), biểu hiện đi ngoài phân đen sệt mùi khẳm (melena) và đau thượng vị. Đây là triệu chứng điển hình của xuất huyết tiêu hóa cao do loét dạ dày tá tràng."
noi-xuat-huyet-tieu-hoa-case-12-2,noi,Xuất huyết tiêu hoá,Tiêu hoá,"Bệnh nhân nữ 65 tuổi, tiền sử thoái hóa khớp gối đang dùng Diclofenac 75mg/ngày trong 2 tuần, vào viện vì đi ngoài phân đen sệt mùi khẳm liên tục 3 ngày nay kèm hoa mắt chóng mặt. Khám: bệnh nhân tỉnh, da niêm mạc nhợt nhạt, mạch 105 lần/phút, huyết áp 110/65 mmHg, nhịp thở 18 lần/phút, không vàng da. Bụng mềm, ấn tức nhẹ vùng thượng vị, không sờ thấy khối bất thường. Thăm trực tràng có phân đen dính găng. Xét nghiệm máu: Hemoglobin 88 g/L, Hematocrit 26%, Tiểu cầu 250 G/L, chức năng đông máu bình thường, Ure 11.5 mmol/L, Creatinin 85 μmol/L.",Cơ chế chính của nhóm thuốc bệnh nhân đang dùng gây tổn thương niêm mạc tiêu hóa là gì?,Kích thích tăng tiết acid dịch vị trực tiếp.,Ức chế men cyclooxygenase làm giảm prostaglandin.,Tăng sinh quá mức vi khuẩn Helicobacter pylori.,Kích hoạt phản ứng dị ứng miễn dịch tại chỗ.,,b,"NSAIDs ức chế enzyme Cyclooxygenase (COX-1), làm giảm tổng hợp Prostaglandin. Prostaglandin có vai trò quan trọng trong việc bảo vệ niêm mạc dạ dày (tăng tiết nhầy, bicarbonat, duy trì dòng máu niêm mạc). Sự thiếu hụt này dẫn đến loét."
noi-xuat-huyet-tieu-hoa-case-12-3,noi,Xuất huyết tiêu hoá,Tiêu hoá,"Bệnh nhân nữ 65 tuổi, tiền sử thoái hóa khớp gối đang dùng Diclofenac 75mg/ngày trong 2 tuần, vào viện vì đi ngoài phân đen sệt mùi khẳm liên tục 3 ngày nay kèm hoa mắt chóng mặt. Khám: bệnh nhân tỉnh, da niêm mạc nhợt nhạt, mạch 105 lần/phút, huyết áp 110/65 mmHg, nhịp thở 18 lần/phút, không vàng da. Bụng mềm, ấn tức nhẹ vùng thượng vị, không sờ thấy khối bất thường. Thăm trực tràng có phân đen dính găng. Xét nghiệm máu: Hemoglobin 88 g/L, Hematocrit 26%, Tiểu cầu 250 G/L, chức năng đông máu bình thường, Ure 11.5 mmol/L, Creatinin 85 μmol/L.",Chỉ định truyền máu (khối hồng cầu) ở bệnh nhân này tại thời điểm nhập viện là gì?,Truyền ngay hai đơn vị khối hồng cầu.,Truyền huyết tương tươi đông lạnh cùng nhóm.,Không có chỉ định truyền máu hiện tại.,Truyền ngay một đơn vị khối hồng cầu.,,c,"Bệnh nhân có huyết động tương đối ổn định (huyết áp 110/65 mmHg), không có bệnh lý tim mạch, mức Hemoglobin hiện tại là 88 g/L. Theo chiến lược truyền máu hạn chế, chỉ truyền máu khi Hb < 70 g/L (hoặc < 80-90 g/L ở người có bệnh tim mạch). Do đó hiện tại chưa có chỉ định truyền máu."
noi-xuat-huyet-tieu-hoa-case-12-4,noi,Xuất huyết tiêu hoá,Tiêu hoá,"Bệnh nhân nữ 65 tuổi, tiền sử thoái hóa khớp gối đang dùng Diclofenac 75mg/ngày trong 2 tuần, vào viện vì đi ngoài phân đen sệt mùi khẳm liên tục 3 ngày nay kèm hoa mắt chóng mặt. Khám: bệnh nhân tỉnh, da niêm mạc nhợt nhạt, mạch 105 lần/phút, huyết áp 110/65 mmHg, nhịp thở 18 lần/phút, không vàng da. Bụng mềm, ấn tức nhẹ vùng thượng vị, không sờ thấy khối bất thường. Thăm trực tràng có phân đen dính găng. Xét nghiệm máu: Hemoglobin 88 g/L, Hematocrit 26%, Tiểu cầu 250 G/L, chức năng đông máu bình thường, Ure 11.5 mmol/L, Creatinin 85 μmol/L.","Bệnh nhân được nội soi dạ dày phát hiện ổ loét kích thước 1 cm ở hang vị, đáy ổ loét có máu đang phun thành tia. Phân loại Forrest cho tổn thương này là gì?",Forrest Ib.,Forrest IIa.,Forrest IIb.,Forrest Ia.,,d,Phân loại Forrest đánh giá nguy cơ tái xuất huyết của loét dạ dày tá tràng. Máu phun thành tia tương ứng với độ Ia. Rỉ máu là Ib. Mạch máu nhìn thấy không chảy máu là IIa. Cục máu đông bám dính là IIb.
noi-xuat-huyet-tieu-hoa-case-12-5,noi,Xuất huyết tiêu hoá,Tiêu hoá,"Bệnh nhân nữ 65 tuổi, tiền sử thoái hóa khớp gối đang dùng Diclofenac 75mg/ngày trong 2 tuần, vào viện vì đi ngoài phân đen sệt mùi khẳm liên tục 3 ngày nay kèm hoa mắt chóng mặt. Khám: bệnh nhân tỉnh, da niêm mạc nhợt nhạt, mạch 105 lần/phút, huyết áp 110/65 mmHg, nhịp thở 18 lần/phút, không vàng da. Bụng mềm, ấn tức nhẹ vùng thượng vị, không sờ thấy khối bất thường. Thăm trực tràng có phân đen dính găng. Xét nghiệm máu: Hemoglobin 88 g/L, Hematocrit 26%, Tiểu cầu 250 G/L, chức năng đông máu bình thường, Ure 11.5 mmol/L, Creatinin 85 μmol/L.","Nếu cần làm xét nghiệm đánh giá nhiễm Helicobacter pylori qua hơi thở (Urea Breath Test) cho bệnh nhân này, cần lưu ý điều kiện gì để tránh âm tính giả?",Chỉ thực hiện khi bệnh nhân đang dùng kháng sinh.,Thực hiện ngay lập tức trong lúc nội soi cấp cứu.,Dừng thuốc ức chế bơm proton ít nhất hai tuần.,Dừng các thuốc kháng histamine H2 ít nhất một tháng.,,c,"Để thực hiện test thở Urea (UBT) đánh giá H. pylori chính xác, bệnh nhân cần ngừng sử dụng thuốc ức chế bơm proton (PPI) ít nhất 2 tuần và kháng sinh/Bismuth ít nhất 4 tuần trước khi làm test để tránh kết quả âm tính giả do lượng vi khuẩn bị ức chế tạm thời."
noi-xuat-huyet-tieu-hoa-case-13-1,noi,Xuất huyết tiêu hoá,Tiêu hoá,"Bệnh nhân nam 75 tuổi, có tiền sử rung nhĩ đang dùng Rivaroxaban nhưng tự ngưng thuốc 1 tháng nay. Bệnh nhân đột ngột xuất hiện đau quặn thắt vùng hố chậu trái, sau đó khoảng 4 giờ đi tiêu ra máu đỏ tươi lẫn máu cục lượng nhiều. Khám: bệnh nhân tỉnh, nhợt nhạt, mạch 110 lần/phút, huyết áp 95/60 mmHg. Bụng mềm, ấn đau vùng hố chậu trái, không có phản ứng thành bụng. Thăm trực tràng có máu đỏ tươi. Xét nghiệm: Hemoglobin 90 g/L, Lactate máu 3.5 mmol/L. Nội soi đại tràng cấp cứu sau khi làm sạch ruột cho thấy niêm mạc đại tràng góc lách sung huyết, phù nề, xuất huyết dưới niêm mạc và có các vết loét nông, ranh giới rõ ràng với vùng niêm mạc lành.",Chẩn đoán nguyên nhân xuất huyết tiêu hóa phù hợp nhất trên bệnh nhân này là gì?,Viêm loét đại trực tràng chảy máu.,Viêm đại tràng thiếu máu cục bộ.,Ung thư đại tràng trái hoại tử.,Viêm túi thừa đại tràng chảy máu.,,b,"Bệnh nhân lớn tuổi, có tiền sử rung nhĩ ngưng thuốc chống đông, khởi phát đột ngột đau hố chậu trái sau đó tiêu máu đỏ tươi. Nội soi thấy tổn thương niêm mạc ranh giới rõ ở đại tràng góc lách. Đây là bệnh cảnh đặc trưng của viêm đại tràng thiếu máu (Ischemic colitis)."
noi-xuat-huyet-tieu-hoa-case-13-2,noi,Xuất huyết tiêu hoá,Tiêu hoá,"Bệnh nhân nam 75 tuổi, có tiền sử rung nhĩ đang dùng Rivaroxaban nhưng tự ngưng thuốc 1 tháng nay. Bệnh nhân đột ngột xuất hiện đau quặn thắt vùng hố chậu trái, sau đó khoảng 4 giờ đi tiêu ra máu đỏ tươi lẫn máu cục lượng nhiều. Khám: bệnh nhân tỉnh, nhợt nhạt, mạch 110 lần/phút, huyết áp 95/60 mmHg. Bụng mềm, ấn đau vùng hố chậu trái, không có phản ứng thành bụng. Thăm trực tràng có máu đỏ tươi. Xét nghiệm: Hemoglobin 90 g/L, Lactate máu 3.5 mmol/L. Nội soi đại tràng cấp cứu sau khi làm sạch ruột cho thấy niêm mạc đại tràng góc lách sung huyết, phù nề, xuất huyết dưới niêm mạc và có các vết loét nông, ranh giới rõ ràng với vùng niêm mạc lành.",Cơ chế sinh bệnh học chính của tổn thương đại tràng ở bệnh nhân này là gì?,Huyết khối từ buồng tim di chuyển đến động mạch mạc treo.,Bất thường cấu trúc tĩnh mạch dưới niêm mạc.,Phản ứng tự miễn tấn công màng đáy niêm mạc ruột.,Tăng áp lực trong lòng ruột đẩy niêm mạc qua lớp cơ.,,a,"Ở bệnh nhân rung nhĩ không dùng thuốc kháng đông, cục máu đông hình thành ở nhĩ trái có thể bong ra và di chuyển theo hệ động mạch, gây tắc nghẽn các nhánh của động mạch mạc treo, dẫn đến thiếu máu cục bộ đoạn ruột tương ứng."
noi-xuat-huyet-tieu-hoa-case-13-3,noi,Xuất huyết tiêu hoá,Tiêu hoá,"Bệnh nhân nam 75 tuổi, có tiền sử rung nhĩ đang dùng Rivaroxaban nhưng tự ngưng thuốc 1 tháng nay. Bệnh nhân đột ngột xuất hiện đau quặn thắt vùng hố chậu trái, sau đó khoảng 4 giờ đi tiêu ra máu đỏ tươi lẫn máu cục lượng nhiều. Khám: bệnh nhân tỉnh, nhợt nhạt, mạch 110 lần/phút, huyết áp 95/60 mmHg. Bụng mềm, ấn đau vùng hố chậu trái, không có phản ứng thành bụng. Thăm trực tràng có máu đỏ tươi. Xét nghiệm: Hemoglobin 90 g/L, Lactate máu 3.5 mmol/L. Nội soi đại tràng cấp cứu sau khi làm sạch ruột cho thấy niêm mạc đại tràng góc lách sung huyết, phù nề, xuất huyết dưới niêm mạc và có các vết loét nông, ranh giới rõ ràng với vùng niêm mạc lành.",Vị trí giải phẫu đại tràng góc lách dễ bị tổn thương nhất do đặc điểm cấp máu nào?,Chịu áp lực cơ học lớn nhất từ khối phân cứng.,Có nhiều mạng lưới tĩnh mạch bàng hệ.,Có hệ thống động mạch xuyên lớp cơ rất ngắn.,Nằm ở ranh giới tưới máu của hai động mạch mạc treo.,,d,"Đại tràng góc lách (điểm Griffiths) và vùng nối đại tràng xigma - trực tràng (điểm Sudeck) là các vùng ""watershed"" (ranh giới tưới máu) giữa động mạch mạc treo tràng trên và động mạch mạc treo tràng dưới, hoặc giữa động mạch mạc treo tràng dưới và động mạch oc.aspx?sourcedoc={186352b6-90cf-40c9-ba19-ae84e248ef20}&action=vie… 7/11 chậu trong, nên rất dễ bị tổn thương khi có giảm tưới máu."
noi-xuat-huyet-tieu-hoa-case-13-4,noi,Xuất huyết tiêu hoá,Tiêu hoá,"Bệnh nhân nam 75 tuổi, có tiền sử rung nhĩ đang dùng Rivaroxaban nhưng tự ngưng thuốc 1 tháng nay. Bệnh nhân đột ngột xuất hiện đau quặn thắt vùng hố chậu trái, sau đó khoảng 4 giờ đi tiêu ra máu đỏ tươi lẫn máu cục lượng nhiều. Khám: bệnh nhân tỉnh, nhợt nhạt, mạch 110 lần/phút, huyết áp 95/60 mmHg. Bụng mềm, ấn đau vùng hố chậu trái, không có phản ứng thành bụng. Thăm trực tràng có máu đỏ tươi. Xét nghiệm: Hemoglobin 90 g/L, Lactate máu 3.5 mmol/L. Nội soi đại tràng cấp cứu sau khi làm sạch ruột cho thấy niêm mạc đại tràng góc lách sung huyết, phù nề, xuất huyết dưới niêm mạc và có các vết loét nông, ranh giới rõ ràng với vùng niêm mạc lành.",Lựa chọn điều trị nội khoa ưu tiên trong giai đoạn cấp tính của bệnh nhân này là gì? https://onedrive.live.com/personal/2672550e42ddc7d4/_layouts/15/,Thuốc ức chế miễn dịch và corticoid tĩnh mạch.,"Bù dịch tĩnh mạch, nhịn ăn và dùng kháng sinh.",Dùng thuốc vận mạch co mạch mạc treo liên tục.,Thắt búi tĩnh mạch trĩ qua nội soi trực tràng.,,b,"Hầu hết các trường hợp viêm đại tràng thiếu máu không có hoại tử xuyên thành có thể điều trị bảo tồn bằng bù dịch tĩnh mạch (tối ưu hóa tưới máu ruột), nhịn ăn (để ruột nghỉ ngơi) và kháng sinh phổ rộng (phòng vi khuẩn ruột xuyên mạch). Dùng thuốc co mạch (D) sẽ làm trầm trọng thêm tình trạng thiếu máu."
noi-xuat-huyet-tieu-hoa-case-13-5,noi,Xuất huyết tiêu hoá,Tiêu hoá,"Bệnh nhân nam 75 tuổi, có tiền sử rung nhĩ đang dùng Rivaroxaban nhưng tự ngưng thuốc 1 tháng nay. Bệnh nhân đột ngột xuất hiện đau quặn thắt vùng hố chậu trái, sau đó khoảng 4 giờ đi tiêu ra máu đỏ tươi lẫn máu cục lượng nhiều. Khám: bệnh nhân tỉnh, nhợt nhạt, mạch 110 lần/phút, huyết áp 95/60 mmHg. Bụng mềm, ấn đau vùng hố chậu trái, không có phản ứng thành bụng. Thăm trực tràng có máu đỏ tươi. Xét nghiệm: Hemoglobin 90 g/L, Lactate máu 3.5 mmol/L. Nội soi đại tràng cấp cứu sau khi làm sạch ruột cho thấy niêm mạc đại tràng góc lách sung huyết, phù nề, xuất huyết dưới niêm mạc và có các vết loét nông, ranh giới rõ ràng với vùng niêm mạc lành.","Nếu bệnh nhân xuất hiện đau bụng dữ dội toàn phát, sốt cao và có phản ứng thành bụng rõ rệt, biến chứng nguy hiểm nào cần nghĩ đến ngay?",Hoại tử xuyên thành gây viêm phúc mạc.,Nhồi máu cơ tim cấp vùng thành sau dưới.,Viêm tụy cấp thể xuất huyết hoại tử.,Xuất huyết tiêu hóa tái phát mức độ nặng.,,a,"Khi bệnh nhân đột ngột đau bụng dữ dội lan tỏa, có hội chứng nhiễm trùng và phản ứng thành bụng, đây là dấu hiệu của nhồi máu ruột tiến triển gây hoại tử xuyên thành và thủng ruột, dẫn đến viêm phúc mạc. Đây là chỉ định phẫu thuật cấp cứu cắt đoạn ruột hoại tử."
noi-xuat-huyet-tieu-hoa-case-14-1,noi,Xuất huyết tiêu hoá,Tiêu hoá,"Bệnh nhân nam 24 tuổi, không có tiền sử bệnh lý nội khoa, vừa tham gia một bữa tiệc uống rất nhiều rượu. Bệnh nhân nôn khan liên tục nhiều lần trong 2 giờ qua. Trong lần nôn cuối cùng, bệnh nhân nôn ra khoảng 200 ml máu đỏ tươi. Khám lúc vào viện: bệnh nhân tỉnh táo, hơi thở có mùi rượu, mạch 85 lần/phút, huyết áp 115/75 mmHg, nhịp thở 16 lần/phút. Bụng mềm, không có điểm đau khu trú. Xét nghiệm Hemoglobin 135 g/L, chức năng gan và đông máu trong giới hạn bình thường.",Chẩn đoán nguyên nhân xuất huyết tiêu hóa nghĩ đến hàng đầu ở bệnh nhân này là gì?,Viêm trợt niêm mạc dạ dày xuất huyết.,Vỡ giãn tĩnh mạch thực quản.,Hội chứng rách tâm vị chảy máu.,Viêm loét dạ dày tá tràng mạn tính.,,c,"Bệnh cảnh uống nhiều rượu, nôn khan nhiều lần lặp đi lặp lại sau đó nôn ra máu đỏ tươi ở người trẻ, huyết động ổn định là triệu chứng điển hình của hội chứng Mallory- Weiss (rách niêm mạc tâm vị)."
noi-xuat-huyet-tieu-hoa-case-14-2,noi,Xuất huyết tiêu hoá,Tiêu hoá,"Bệnh nhân nam 24 tuổi, không có tiền sử bệnh lý nội khoa, vừa tham gia một bữa tiệc uống rất nhiều rượu. Bệnh nhân nôn khan liên tục nhiều lần trong 2 giờ qua. Trong lần nôn cuối cùng, bệnh nhân nôn ra khoảng 200 ml máu đỏ tươi. Khám lúc vào viện: bệnh nhân tỉnh táo, hơi thở có mùi rượu, mạch 85 lần/phút, huyết áp 115/75 mmHg, nhịp thở 16 lần/phút. Bụng mềm, không có điểm đau khu trú. Xét nghiệm Hemoglobin 135 g/L, chức năng gan và đông máu trong giới hạn bình thường.",Cơ chế sinh bệnh học dẫn đến tổn thương trong hội chứng này là gì?,Tắc nghẽn tĩnh mạch cửa do huyết khối.,Tăng đột ngột áp lực trong dạ dày do nôn ói.,Rối loạn đông máu do ngộ độc cồn cấp tính.,Acid dạ dày trào ngược gây loét niêm mạc.,,b,"Sự nôn ói hoặc nôn khan liên tục gây ra sự chênh lệch áp lực đột ngột và dữ dội giữa dạ dày và thực quản. Áp lực trong dạ dày tăng cao đẩy mạnh lên vùng tâm vị gây rách lớp niêm mạc và dưới niêm mạc, dẫn đến chảy máu."
noi-xuat-huyet-tieu-hoa-case-14-3,noi,Xuất huyết tiêu hoá,Tiêu hoá,"Bệnh nhân nam 24 tuổi, không có tiền sử bệnh lý nội khoa, vừa tham gia một bữa tiệc uống rất nhiều rượu. Bệnh nhân nôn khan liên tục nhiều lần trong 2 giờ qua. Trong lần nôn cuối cùng, bệnh nhân nôn ra khoảng 200 ml máu đỏ tươi. Khám lúc vào viện: bệnh nhân tỉnh táo, hơi thở có mùi rượu, mạch 85 lần/phút, huyết áp 115/75 mmHg, nhịp thở 16 lần/phút. Bụng mềm, không có điểm đau khu trú. Xét nghiệm Hemoglobin 135 g/L, chức năng gan và đông máu trong giới hạn bình thường.",Đặc điểm tổn thương trên nội soi tiêu hóa trên thường gặp nhất của bệnh lý này là gì?,Nhiều nốt xuất huyết rải rác khắp niêm mạc dạ dày.,Ổ loét sâu có giả mạc trắng ở phình vị dạ dày.,Búi tĩnh mạch giãn ngoằn ngoèo ở 1/3 dưới thực quản.,Vết rách dọc niêm mạc tại vùng nối thực quản dạ dày.,,d,"Trên nội soi, hội chứng Mallory-Weiss đặc trưng bởi một hoặc nhiều vết rách chạy dọc theo chiều dài của vùng nối thực quản - dạ dày (tâm vị). Các đáp án khác mô tả loét, viêm trợt hoặc giãn tĩnh mạch."
noi-xuat-huyet-tieu-hoa-case-14-4,noi,Xuất huyết tiêu hoá,Tiêu hoá,"Bệnh nhân nam 24 tuổi, không có tiền sử bệnh lý nội khoa, vừa tham gia một bữa tiệc uống rất nhiều rượu. Bệnh nhân nôn khan liên tục nhiều lần trong 2 giờ qua. Trong lần nôn cuối cùng, bệnh nhân nôn ra khoảng 200 ml máu đỏ tươi. Khám lúc vào viện: bệnh nhân tỉnh táo, hơi thở có mùi rượu, mạch 85 lần/phút, huyết áp 115/75 mmHg, nhịp thở 16 lần/phút. Bụng mềm, không có điểm đau khu trú. Xét nghiệm Hemoglobin 135 g/L, chức năng gan và đông máu trong giới hạn bình thường.",Phương pháp điều trị thích hợp nhất cho bệnh nhân này tại thời điểm hiện tại là gì?,Chỉ định phẫu thuật khâu vết rách cấp cứu.,Truyền tĩnh mạch Terlipressin ngay lập tức.,Điều trị bảo tồn bằng thuốc ức chế bơm proton.,Đặt ống chèn bóng Sengstaken-Blakemore.,,c,"Hầu hết các trường hợp hội chứng Mallory-Weiss tự cầm máu và chỉ cần điều trị bảo tồn bằng thuốc ức chế bơm proton (PPI) tiêm tĩnh mạch, kết hợp chống nôn. Rất hiếm khi cần can thiệp nội soi cầm máu, và hầu như không bao giờ cần phẫu thuật hay chèn bóng."
noi-xuat-huyet-tieu-hoa-case-14-5,noi,Xuất huyết tiêu hoá,Tiêu hoá,"Bệnh nhân nam 24 tuổi, không có tiền sử bệnh lý nội khoa, vừa tham gia một bữa tiệc uống rất nhiều rượu. Bệnh nhân nôn khan liên tục nhiều lần trong 2 giờ qua. Trong lần nôn cuối cùng, bệnh nhân nôn ra khoảng 200 ml máu đỏ tươi. Khám lúc vào viện: bệnh nhân tỉnh táo, hơi thở có mùi rượu, mạch 85 lần/phút, huyết áp 115/75 mmHg, nhịp thở 16 lần/phút. Bụng mềm, không có điểm đau khu trú. Xét nghiệm Hemoglobin 135 g/L, chức năng gan và đông máu trong giới hạn bình thường.","Nếu bệnh nhân đột ngột xuất hiện đau ngực dữ dội, khó thở, sốt và khám thấy tràn khí dưới da vùng cổ ngực, biến chứng nào đã xảy ra?",Nhồi máu cơ tim cấp do co thắt mạch.,Vỡ thủng thực quản xuyên thành.,Tràn khí màng phổi tự phát nguyên phát.,Viêm phổi hít do trào ngược dịch dạ dày.,,b,"Hội chứng Boerhaave là biến chứng nôn ói dữ dội gây vỡ thủng thực quản xuyên thành. Dịch dạ dày và khí tràn vào trung thất gây viêm trung thất, đau ngực dữ dội, khó thở và tràn khí dưới da. Đây là một cấp cứu ngoại khoa nguy hiểm tính mạng."
noi-xuat-huyet-tieu-hoa-case-15-1,noi,Xuất huyết tiêu hoá,Tiêu hoá,"Bệnh nhân nam 58 tuổi, xơ gan do viêm gan virus C, nhập viện vì đi ngoài phân đen và lơ mơ. Khám: bệnh nhân đáp ứng chậm, có dấu hiệu run vẩy tay, mạch 105 lần/phút, huyết áp 100/60 mmHg, vàng da, cổ trướng vừa. Bệnh nhân được chẩn đoán xuất huyết tiêu hóa do vỡ giãn tĩnh mạch thực quản kèm theo bệnh lý não gan. Xét nghiệm: Hemoglobin 80 g/L, Tiểu cầu 70 G/L, Amoniac máu tăng cao.","Trong quản lý cấp cứu ban đầu, chỉ định nào sau đây cần được cân nhắc sớm nhất để bảo vệ an toàn tính mạng cho bệnh nhân này?",Tiến hành chọc tháo dịch cổ trướng toàn bộ.,Tiêm tĩnh mạch thuốc an thần nhóm Benzodiazepine.,Đặt nội khí quản bảo vệ đường thở.,Truyền ngay 3 đơn vị huyết tương tươi đông lạnh.,,c,"Bệnh nhân đang xuất huyết tiêu hóa kèm rối loạn tri giác (bệnh não gan), mất phản xạ bảo vệ đường thở. Nguy cơ hít sặc máu và chất nôn vào phổi là rất cao và gây tử vong nhanh chóng. Đặt nội khí quản là can thiệp ưu tiên để bảo vệ đường thở trước khi làm nội soi. Dùng thuốc an thần (C) chống chỉ định trong bệnh não gan."
noi-xuat-huyet-tieu-hoa-case-15-2,noi,Xuất huyết tiêu hoá,Tiêu hoá,"Bệnh nhân nam 58 tuổi, xơ gan do viêm gan virus C, nhập viện vì đi ngoài phân đen và lơ mơ. Khám: bệnh nhân đáp ứng chậm, có dấu hiệu run vẩy tay, mạch 105 lần/phút, huyết áp 100/60 mmHg, vàng da, cổ trướng vừa. Bệnh nhân được chẩn đoán xuất huyết tiêu hóa do vỡ giãn tĩnh mạch thực quản kèm theo bệnh lý não gan. Xét nghiệm: Hemoglobin 80 g/L, Tiểu cầu 70 G/L, Amoniac máu tăng cao.",Cơ chế chính giải thích tình trạng bệnh não gan bùng phát trên bệnh nhân này là gì?,Hạ natri máu pha loãng do truyền dịch tĩnh mạch.,Thiếu máu não cục bộ do huyết áp giảm.,Máu trong ruột bị vi khuẩn phân hủy tạo nhiều amoniac.,Tác dụng phụ của thuốc kháng virus viêm gan C.,,c,"Máu chảy vào đường tiêu hóa là một nguồn protein khổng lồ. Hệ vi khuẩn đường ruột phân hủy lượng protein này tạo ra amoniac (NH3). Do suy gan và có shunt cửa- chủ, amoniac không được chuyển hóa thành ure mà đi thẳng lên não, gây bệnh não gan."
noi-xuat-huyet-tieu-hoa-case-15-3,noi,Xuất huyết tiêu hoá,Tiêu hoá,"Bệnh nhân nam 58 tuổi, xơ gan do viêm gan virus C, nhập viện vì đi ngoài phân đen và lơ mơ. Khám: bệnh nhân đáp ứng chậm, có dấu hiệu run vẩy tay, mạch 105 lần/phút, huyết áp 100/60 mmHg, vàng da, cổ trướng vừa. Bệnh nhân được chẩn đoán xuất huyết tiêu hóa do vỡ giãn tĩnh mạch thực quản kèm theo bệnh lý não gan. Xét nghiệm: Hemoglobin 80 g/L, Tiểu cầu 70 G/L, Amoniac máu tăng cao.","Để dự phòng nhiễm trùng thứ phát ở bệnh nhân xơ gan có xuất huyết tiêu hóa, chỉ định nào sau đây là bắt buộc theo các hướng dẫn hiện hành?",Truyền tĩnh mạch Vancomycin kết hợp Meropenem.,Truyền tĩnh mạch Ceftriaxone liều tiêu chuẩn.,Uống Fluconazole dự phòng nấm tiêu hóa.,Uống Neomycin liên tục trong 14 ngày.,,b,"Bệnh nhân xơ gan có xuất huyết tiêu hóa có nguy cơ cao bị nhiễm trùng do vi khuẩn di trú (bacteremia, SBP). Kháng sinh dự phòng ngắn ngày (ưu tiên Ceftriaxone tĩnh mạch 1g/ngày trong tối đa 7 ngày) làm giảm tỷ lệ tái xuất huyết và cải thiện tỷ lệ sống oc.aspx?sourcedoc={186352b6-90cf-40c9-ba19-ae84e248ef20}&action=vie… 8/11 còn. Nguồn tham khảo: Phác đồ Baveno VII."
noi-xuat-huyet-tieu-hoa-case-15-4,noi,Xuất huyết tiêu hoá,Tiêu hoá,"Bệnh nhân nam 58 tuổi, xơ gan do viêm gan virus C, nhập viện vì đi ngoài phân đen và lơ mơ. Khám: bệnh nhân đáp ứng chậm, có dấu hiệu run vẩy tay, mạch 105 lần/phút, huyết áp 100/60 mmHg, vàng da, cổ trướng vừa. Bệnh nhân được chẩn đoán xuất huyết tiêu hóa do vỡ giãn tĩnh mạch thực quản kèm theo bệnh lý não gan. Xét nghiệm: Hemoglobin 80 g/L, Tiểu cầu 70 G/L, Amoniac máu tăng cao.",Nhóm can thiệp nào phù hợp nhất ở bệnh nhân xuất huyết do giãn tĩnh mạch thực quản kèm bệnh não gan?,Dùng Lactulose đơn thuần và theo dõi chảy máu tại khoa thường.,"Chỉ thắt búi giãn, không cần điều trị bệnh não gan hoặc dự phòng nhiễm trùng.","Dùng Octreotide, thắt búi giãn qua nội soi và điều trị bệnh não gan bằng Lactulose. https://onedrive.live.com/personal/2672550e42ddc7d4/_layouts/15/","Truyền Glucose 5%, ngừng thuốc co mạch và trì hoãn nội soi.",,c,"Xuất huyết do giãn tĩnh mạch cần hồi sức, thuốc co mạch tạng, kháng sinh dự phòng và nội soi thắt búi giãn. Xuất huyết là yếu tố thúc đẩy bệnh não gan nên Lactulose được dùng khi đường thở an toàn; Glucose 5% không phải dịch hồi sức thích hợp."
noi-xuat-huyet-tieu-hoa-case-15-5,noi,Xuất huyết tiêu hoá,Tiêu hoá,"Bệnh nhân nam 58 tuổi, xơ gan do viêm gan virus C, nhập viện vì đi ngoài phân đen và lơ mơ. Khám: bệnh nhân đáp ứng chậm, có dấu hiệu run vẩy tay, mạch 105 lần/phút, huyết áp 100/60 mmHg, vàng da, cổ trướng vừa. Bệnh nhân được chẩn đoán xuất huyết tiêu hóa do vỡ giãn tĩnh mạch thực quản kèm theo bệnh lý não gan. Xét nghiệm: Hemoglobin 80 g/L, Tiểu cầu 70 G/L, Amoniac máu tăng cao.","Để dự phòng xuất huyết tiêu hóa tái phát lâu dài sau khi xuất viện, phác đồ nào sau đây được chứng minh mang lại hiệu quả cao nhất?",Truyền tĩnh mạch định kỳ thuốc co mạch tạng mỗi tháng.,Kết hợp thuốc chẹn beta không chọn lọc và thắt tĩnh mạch định kỳ.,Sử dụng thuốc chẹn beta chọn lọc tim mạch đơn thuần.,Phẫu thuật cắt bỏ toàn bộ lách và búi tĩnh mạch thực quản.,,b,"Dự phòng thứ phát (sau khi đã xuất huyết) tốt nhất là sự kết hợp giữa thuốc chẹn beta giao cảm không chọn lọc (như Propranolol, Nadolol, Carvedilol) để giảm áp lực tĩnh mạch cửa và nội soi thắt búi giãn tĩnh mạch định kỳ cho đến khi búi giãn biến mất. Thuốc chẹn beta chọn lọc tim (A) không có tác dụng giảm áp tĩnh mạch cửa tốt."
noi-xuat-huyet-tieu-hoa-case-16-1,noi,Xuất huyết tiêu hoá,Tiêu hoá,"Bệnh nhân nam 48 tuổi, tiền sử hoàn toàn khỏe mạnh, không dùng thuốc giảm đau hay chống đông. Bệnh nhân đột ngột nôn ra một lượng lớn máu tươi và nhập cấp cứu. Huyết áp 100/65 mmHg, nhịp tim 95 lần/phút. Nội soi dạ dày tá tràng lần đầu không phát hiện ổ loét, không có giãn tĩnh mạch, niêm mạc bình thường. Hai ngày sau, bệnh nhân tiếp tục nôn máu ồ ạt, huyết áp tụt còn 80/50 mmHg. Nội soi cấp cứu lần hai, sau khi rửa sạch dạ dày, phát hiện một mạch máu nhỏ đang phun máu thành tia ở vùng phình vị, không có ổ loét hay tổn thương viêm xung quanh.",Tổn thương mạch máu bất thường gây chảy máu này phù hợp nhất với chẩn đoán nào?,Giãn tĩnh mạch dưới niêm mạc.,Rò động mạch chủ - ruột.,Loét Cameron tại thoát vị hoành.,Loét Dieulafoy.,,d,"Tổn thương Dieulafoy (Dieulafoy's lesion) là một bất thường mạch máu bẩm sinh. Lâm sàng đặc trưng bởi xuất huyết tiêu hóa ồ ạt, tái phát ở người không có tiền sử bệnh lý dạ dày. Nội soi thấy mạch máu nhỏ phun tia ở vùng niêm mạc hoàn toàn bình thường (thường ở bờ cong nhỏ phần cao dạ dày)."
noi-xuat-huyet-tieu-hoa-case-16-2,noi,Xuất huyết tiêu hoá,Tiêu hoá,"Bệnh nhân nam 48 tuổi, tiền sử hoàn toàn khỏe mạnh, không dùng thuốc giảm đau hay chống đông. Bệnh nhân đột ngột nôn ra một lượng lớn máu tươi và nhập cấp cứu. Huyết áp 100/65 mmHg, nhịp tim 95 lần/phút. Nội soi dạ dày tá tràng lần đầu không phát hiện ổ loét, không có giãn tĩnh mạch, niêm mạc bình thường. Hai ngày sau, bệnh nhân tiếp tục nôn máu ồ ạt, huyết áp tụt còn 80/50 mmHg. Nội soi cấp cứu lần hai, sau khi rửa sạch dạ dày, phát hiện một mạch máu nhỏ đang phun máu thành tia ở vùng phình vị, không có ổ loét hay tổn thương viêm xung quanh.",Đặc điểm vi thể và cơ chế sinh lý bệnh đặc trưng của tổn thương này là gì?,"Động mạch ngoằn ngoèo, đường kính lớn bất thường trồi lên lớp dưới niêm mạc.",Tăng sinh quá mức mạng lưới mao mạch nhỏ đan xen kẽ nhau ở màng đáy.,Sự ăn mòn của acid dạ dày vào nhánh động mạch tạng ở lớp cơ trơn.,Viêm hệ thống thành mạch làm vỡ mạch máu mao mạch nhỏ.,,a,"Về mặt vi thể, tổn thương Dieulafoy là một nhánh động mạch có đường kính lớn bất thường (kích thước của động mạch dưới thanh mạc) nhưng chạy ngoằn ngoèo lên sát lớp dưới niêm mạc. Khi có cọ xát nhẹ hoặc xói mòn biểu mạc mỏng manh bên trên, động mạch này sẽ vỡ và gây phun máu ồ ạt."
noi-xuat-huyet-tieu-hoa-case-16-3,noi,Xuất huyết tiêu hoá,Tiêu hoá,"Bệnh nhân nam 48 tuổi, tiền sử hoàn toàn khỏe mạnh, không dùng thuốc giảm đau hay chống đông. Bệnh nhân đột ngột nôn ra một lượng lớn máu tươi và nhập cấp cứu. Huyết áp 100/65 mmHg, nhịp tim 95 lần/phút. Nội soi dạ dày tá tràng lần đầu không phát hiện ổ loét, không có giãn tĩnh mạch, niêm mạc bình thường. Hai ngày sau, bệnh nhân tiếp tục nôn máu ồ ạt, huyết áp tụt còn 80/50 mmHg. Nội soi cấp cứu lần hai, sau khi rửa sạch dạ dày, phát hiện một mạch máu nhỏ đang phun máu thành tia ở vùng phình vị, không có ổ loét hay tổn thương viêm xung quanh.","Nếu can thiệp nội soi cầm máu thất bại, phương pháp điều trị xâm lấn tối thiểu nào tiếp theo được ưu tiên lựa chọn?",Phẫu thuật cắt bán phần dạ dày cấp cứu.,Đặt ống chèn bóng Sengstaken-Blakemore.,Đặt stent kim loại tự nong qua đường miệng.,Chụp mạch máu tạng và can thiệp nút mạch.,,d,"Khi nội soi cầm máu tổn thương Dieulafoy thất bại, phương pháp xâm lấn tối thiểu tiếp theo là chụp mạch tạng (angiography) và can thiệp nút mạch (embolization). Phẫu thuật (A) chỉ dùng khi nút mạch cũng thất bại."
noi-xuat-huyet-tieu-hoa-case-16-4,noi,Xuất huyết tiêu hoá,Tiêu hoá,"Bệnh nhân nam 48 tuổi, tiền sử hoàn toàn khỏe mạnh, không dùng thuốc giảm đau hay chống đông. Bệnh nhân đột ngột nôn ra một lượng lớn máu tươi và nhập cấp cứu. Huyết áp 100/65 mmHg, nhịp tim 95 lần/phút. Nội soi dạ dày tá tràng lần đầu không phát hiện ổ loét, không có giãn tĩnh mạch, niêm mạc bình thường. Hai ngày sau, bệnh nhân tiếp tục nôn máu ồ ạt, huyết áp tụt còn 80/50 mmHg. Nội soi cấp cứu lần hai, sau khi rửa sạch dạ dày, phát hiện một mạch máu nhỏ đang phun máu thành tia ở vùng phình vị, không có ổ loét hay tổn thương viêm xung quanh.",Lựa chọn kỹ thuật nội soi cầm máu cơ học nào sau đây mang lại hiệu quả tốt nhất cho tổn thương này?,Phun bột cầm máu sinh học phủ lên bề mặt niêm mạc.,Tiêm cồn tuyệt đối vào xung quanh tổn thương.,Đốt điện đông bằng đầu dò đơn cực diện rộng.,Kẹp clip kim loại (hemoclip) hoặc thắt vòng cao su.,,d,"Do đây là chảy máu từ động mạch lớn dội lên, các biện pháp cầm máu cơ học như kẹp clip kim loại (hemoclip) hoặc thắt bằng vòng cao su (band ligation) là lựa chọn tối ưu để kẹp chặt mạch máu. Tiêm xơ hay đốt điện ít hiệu quả và dễ gây thủng."
noi-xuat-huyet-tieu-hoa-case-16-5,noi,Xuất huyết tiêu hoá,Tiêu hoá,"Bệnh nhân nam 48 tuổi, tiền sử hoàn toàn khỏe mạnh, không dùng thuốc giảm đau hay chống đông. Bệnh nhân đột ngột nôn ra một lượng lớn máu tươi và nhập cấp cứu. Huyết áp 100/65 mmHg, nhịp tim 95 lần/phút. Nội soi dạ dày tá tràng lần đầu không phát hiện ổ loét, không có giãn tĩnh mạch, niêm mạc bình thường. Hai ngày sau, bệnh nhân tiếp tục nôn máu ồ ạt, huyết áp tụt còn 80/50 mmHg. Nội soi cấp cứu lần hai, sau khi rửa sạch dạ dày, phát hiện một mạch máu nhỏ đang phun máu thành tia ở vùng phình vị, không có ổ loét hay tổn thương viêm xung quanh.",Đặc điểm lâm sàng nào sau đây khiến tổn thương này thường bị bỏ sót trong lần nội soi đầu tiên?,Tổn thương chỉ xuất hiện ở những bệnh nhân có xơ gan cổ trướng.,Tổn thương có kích thước quá nhỏ và chìm khuất khi không có chảy máu chủ động.,Máu chảy ra bị dạ dày hấp thu ngay lập tức không để lại dấu vết.,Vị trí tổn thương nằm sâu trong lòng tá tràng đoạn D3.,,b,"Tổn thương Dieulafoy rất khó chẩn đoán vì kích thước phần nhô lên rất nhỏ (chỉ 1-3 mm), không có ổ loét xung quanh. Khi mạch máu ngừng chảy tạm thời (co thắt mạch), tổn thương xẹp xuống và hòa lẫn vào niêm mạc bình thường, khiến bác sĩ nội soi dễ dàng bỏ sót."
noi-xuat-huyet-tieu-hoa-case-17-1,noi,Xuất huyết tiêu hoá,Tiêu hoá,"Bệnh nhân nam 35 tuổi, làm nghề tài xế lái xe đường dài, đi khám vì phát hiện máu đỏ tươi nhỏ giọt sau khi đi đại tiện phân cứng. Bệnh nhân cảm thấy rát nhẹ vùng hậu môn khi đi cầu, ngoài ra không sốt, không sụt cân, không đau bụng. Khám sinh hiệu bình thường. Thăm trực tràng không chạm khối u, rút găng có dính ít máu đỏ tươi. Bệnh nhân không có tiền sử bệnh lý gan mật hay các bệnh mạn tính khác.",Nguyên nhân gây xuất huyết tiêu hóa dưới phù hợp nhất với bệnh cảnh lâm sàng này là gì?,Ung thư đại trực tràng.,Chảy máu từ búi trĩ nội.,Viêm túi thừa đại tràng.,Viêm loét đại tràng chảy máu.,,b,"Bệnh nhân trẻ tuổi, đặc thù công việc ngồi nhiều, táo bón, đi tiêu ra máu đỏ tươi nhỏ giọt sau phân, không có triệu chứng toàn thân. Đây là bệnh cảnh đặc trưng của bệnh trĩ chảy máu. Viêm túi thừa hay ung thư ít nghĩ tới ở người trẻ không có triệu chứng báo động."
noi-xuat-huyet-tieu-hoa-case-17-2,noi,Xuất huyết tiêu hoá,Tiêu hoá,"Bệnh nhân nam 35 tuổi, làm nghề tài xế lái xe đường dài, đi khám vì phát hiện máu đỏ tươi nhỏ giọt sau khi đi đại tiện phân cứng. Bệnh nhân cảm thấy rát nhẹ vùng hậu môn khi đi cầu, ngoài ra không sốt, không sụt cân, không đau bụng. Khám sinh hiệu bình thường. Thăm trực tràng không chạm khối u, rút găng có dính ít máu đỏ tươi. Bệnh nhân không có tiền sử bệnh lý gan mật hay các bệnh mạn tính khác.",Đặc điểm sinh lý bệnh nào sau đây giải thích sự hình thành tổn thương gây chảy máu trên bệnh nhân này?,Phản ứng tự miễn viêm mạn tính gây hoại tử màng hoạt dịch trực tràng.,Mạng lưới tĩnh mạch cửa bị bế tắc do huyết khối tĩnh mạch mạc treo.,Tăng áp lực ổ bụng kéo dài do rặn làm suy yếu mô liên kết nâng đỡ đệm tĩnh mạch.,Sự rách của nếp niêm mạc hậu môn do phân cứng cọ xát trực tiếp.,,c,"Trĩ hình thành do sự suy yếu của cấu trúc mô liên kết nâng đỡ các đệm tĩnh mạch hậu môn-trực tràng. Sự tăng áp lực ổ bụng kéo dài (ngồi lâu, táo bón, rặn nhiều) làm các đám rối tĩnh mạch này phình giãn, sa xuống và dễ chảy máu khi phân cứng cọ qua."
noi-xuat-huyet-tieu-hoa-case-17-3,noi,Xuất huyết tiêu hoá,Tiêu hoá,"Bệnh nhân nam 35 tuổi, làm nghề tài xế lái xe đường dài, đi khám vì phát hiện máu đỏ tươi nhỏ giọt sau khi đi đại tiện phân cứng. Bệnh nhân cảm thấy rát nhẹ vùng hậu môn khi đi cầu, ngoài ra không sốt, không sụt cân, không đau bụng. Khám sinh hiệu bình thường. Thăm trực tràng không chạm khối u, rút găng có dính ít máu đỏ tươi. Bệnh nhân không có tiền sử bệnh lý gan mật hay các bệnh mạn tính khác.","Thăm dò nào sau đây là chỉ định đầu tay, đơn giản và đặc hiệu nhất để xác định chẩn đoán tại phòng khám?",Soi trực tràng và hậu môn ống cứng.,Nội soi toàn bộ khung đại tràng.,Chụp cộng hưởng từ vùng chậu.,Siêu âm ổ bụng qua đầu dò thành bụng. https://onedrive.live.com/personal/2672550e42ddc7d4/_layouts/15/,,a,"Để chẩn đoán trĩ nội và các nguyên nhân chảy máu vùng hậu môn trực tràng thấp, soi hậu môn - trực tràng bằng ống cứng oc.aspx?sourcedoc={186352b6-90cf-40c9-ba19-ae84e248ef20}&action=vie… 9/11 (anoscopy) là phương tiện đầu tay, đơn giản và trực quan nhất tại phòng khám."
noi-xuat-huyet-tieu-hoa-case-17-4,noi,Xuất huyết tiêu hoá,Tiêu hoá,"Bệnh nhân nam 35 tuổi, làm nghề tài xế lái xe đường dài, đi khám vì phát hiện máu đỏ tươi nhỏ giọt sau khi đi đại tiện phân cứng. Bệnh nhân cảm thấy rát nhẹ vùng hậu môn khi đi cầu, ngoài ra không sốt, không sụt cân, không đau bụng. Khám sinh hiệu bình thường. Thăm trực tràng không chạm khối u, rút găng có dính ít máu đỏ tươi. Bệnh nhân không có tiền sử bệnh lý gan mật hay các bệnh mạn tính khác.",Chọn phương án KHÔNG ĐÚNG về các biện pháp điều trị bảo tồn ban đầu cho bệnh nhân này?,Tăng cường chất xơ và uống nhiều nước.,Chỉ định thụt tháo đại tràng hàng ngày bằng nước muối.,Ngâm hậu môn trong nước ấm sau khi đại tiện.,Sử dụng thuốc nhuận tràng thẩm thấu tránh táo bón.,,b,"Câu hỏi yêu cầu chọn phương án KHÔNG ĐÚNG. Thụt tháo đại tràng hàng ngày (D) không được khuyến cáo vì gây mất phản xạ đại tiện tự nhiên, có thể tổn thương cơ học niêm mạc và không giải quyết được gốc rễ của táo bón. Các biện pháp A, B, C là điều trị bảo tồn chuẩn."
noi-xuat-huyet-tieu-hoa-case-17-5,noi,Xuất huyết tiêu hoá,Tiêu hoá,"Bệnh nhân nam 35 tuổi, làm nghề tài xế lái xe đường dài, đi khám vì phát hiện máu đỏ tươi nhỏ giọt sau khi đi đại tiện phân cứng. Bệnh nhân cảm thấy rát nhẹ vùng hậu môn khi đi cầu, ngoài ra không sốt, không sụt cân, không đau bụng. Khám sinh hiệu bình thường. Thăm trực tràng không chạm khối u, rút găng có dính ít máu đỏ tươi. Bệnh nhân không có tiền sử bệnh lý gan mật hay các bệnh mạn tính khác.","Nếu bệnh nhân xuất hiện chảy máu kéo dài dẫn đến thiếu máu mạn tính và búi tổn thương sa ra ngoài tự co lên được, can thiệp thủ thuật nào sau đây thường được ưu tiên lựa chọn tại phòng khám?",Tiêm cồn tuyệt đối diệt đám rối thần kinh.,Cắt bỏ toàn bộ lớp niêm mạc ống hậu môn.,Thắt búi trĩ bằng vòng cao su.,Phẫu thuật cắt trĩ bằng phương pháp Longo.,,c,"Búi trĩ sa ra ngoài tự co lên được là trĩ nội độ 2. Khi trĩ độ 1-2 gây chảy máu thất bại với điều trị nội khoa, thủ thuật thắt búi trĩ bằng vòng cao su (Rubber band ligation) là lựa chọn ưu tiên, ít xâm lấn và thực hiện được ngay tại phòng khám ngoại trú. Phẫu thuật Longo (A) thường dành cho trĩ độ 3-4."
noi-xuat-huyet-tieu-hoa-case-18-1,noi,Xuất huyết tiêu hoá,Tiêu hoá,"Bệnh nhân nam 50 tuổi, tiền sử viêm loét dạ dày tái phát nhiều lần, vào viện vì đi tiêu phân đen. Bệnh nhân có nội soi dạ dày cách đây 1 tuần, kết quả loét hành tá tràng, test Urease (CLO test) dương tính với Helicobacter pylori. Bệnh nhân được kê đơn phác đồ điều trị nhưng không tuân thủ. Lần này nội soi lại thấy ổ loét ở hành tá tràng có đáy sạch, không chảy máu (Forrest III). Bệnh nhân được chỉ định tái điều trị diệt H. pylori.","Theo các khuyến cáo hiện hành, phác đồ điều trị diệt Helicobacter pylori ưu tiên hàng đầu ở khu vực có tỷ lệ kháng Clarithromycin cao là gì?","Phác đồ 3 thuốc gồm PPI, Levofloxacin và Azithromycin.",Phác đồ 2 thuốc gồm liều cao PPI và Metronidazole.,"Phác đồ 3 thuốc gồm PPI, Clarithromycin và Amoxicillin.","Phác đồ 4 thuốc có Bismuth (PPI, Bismuth, Metronidazole, Tetracycline).",,d,"Tại Việt Nam, tỷ lệ kháng Clarithromycin rất cao. Theo khuyến cáo của Bộ Y tế và các guideline tiêu hóa, phác đồ 4 thuốc có Bismuth (PPI + Bismuth + Metronidazole + Tetracycline) là lựa chọn đầu tay (first-line) vì hiệu quả diệt khuẩn cao và ít bị ảnh hưởng bởi kháng thuốc."
noi-xuat-huyet-tieu-hoa-case-18-2,noi,Xuất huyết tiêu hoá,Tiêu hoá,"Bệnh nhân nam 50 tuổi, tiền sử viêm loét dạ dày tái phát nhiều lần, vào viện vì đi tiêu phân đen. Bệnh nhân có nội soi dạ dày cách đây 1 tuần, kết quả loét hành tá tràng, test Urease (CLO test) dương tính với Helicobacter pylori. Bệnh nhân được kê đơn phác đồ điều trị nhưng không tuân thủ. Lần này nội soi lại thấy ổ loét ở hành tá tràng có đáy sạch, không chảy máu (Forrest III). Bệnh nhân được chỉ định tái điều trị diệt H. pylori.",Cơ chế sinh lý bệnh nào giải thích nguyên lý hoạt động của test Urease nhanh (CLO test) trong chẩn đoán Helicobacter pylori?,Kháng thể kháng H. pylori trong máu phản ứng với kháng nguyên gắn trên đĩa test.,Vi khuẩn lên men đường lactose tạo ra khí hydro làm đổi màu dung dịch.,Enzyme urease của vi khuẩn phân hủy urea thành amoniac làm tăng pH đổi màu chỉ thị.,Sự khuếch đại vật chất di truyền DNA của vi khuẩn qua phản ứng chuỗi polymerase.,,c,"H. pylori tồn tại trong môi trường acid dạ dày nhờ tiết ra enzyme urease. Enzyme này thủy phân urea thành amoniac (NH3) và CO2. Amoniac có tính kiềm, làm tăng pH môi trường, từ đó làm đổi màu chất chỉ thị phenol red trong đĩa test từ vàng sang hồng/đỏ. Đây là nguyên lý của CLO test."
noi-xuat-huyet-tieu-hoa-case-18-3,noi,Xuất huyết tiêu hoá,Tiêu hoá,"Bệnh nhân nam 50 tuổi, tiền sử viêm loét dạ dày tái phát nhiều lần, vào viện vì đi tiêu phân đen. Bệnh nhân có nội soi dạ dày cách đây 1 tuần, kết quả loét hành tá tràng, test Urease (CLO test) dương tính với Helicobacter pylori. Bệnh nhân được kê đơn phác đồ điều trị nhưng không tuân thủ. Lần này nội soi lại thấy ổ loét ở hành tá tràng có đáy sạch, không chảy máu (Forrest III). Bệnh nhân được chỉ định tái điều trị diệt H. pylori.",Tư vấn nào phù hợp nhất khi bệnh nhân dùng phác đồ bốn thuốc có Bismuth?,Ngừng thuốc khi phân chuyển đen vì đây luôn là dấu hiệu xuất huyết tái phát.,"Dùng đủ 14 ngày, tránh rượu khi dùng Metronidazole và biết Bismuth có thể làm phân sẫm màu.",Ngừng PPI hai ngày trước test thở là đủ để loại trừ âm tính giả.,Chỉ cần dùng bảy ngày và kiểm tra diệt trừ ngay trong tuần kế tiếp.,,b,Phác đồ Bismuth tối ưu thường dùng 14 ngày; Bismuth có thể làm phân sẫm màu và phải tránh rượu với Metronidazole. Test xác nhận diệt trừ thực hiện ít nhất 4 tuần sau kháng sinh/Bismuth và ngừng PPI khoảng 2 tuần trước xét nghiệm.
noi-xuat-huyet-tieu-hoa-case-18-4,noi,Xuất huyết tiêu hoá,Tiêu hoá,"Bệnh nhân nam 50 tuổi, tiền sử viêm loét dạ dày tái phát nhiều lần, vào viện vì đi tiêu phân đen. Bệnh nhân có nội soi dạ dày cách đây 1 tuần, kết quả loét hành tá tràng, test Urease (CLO test) dương tính với Helicobacter pylori. Bệnh nhân được kê đơn phác đồ điều trị nhưng không tuân thủ. Lần này nội soi lại thấy ổ loét ở hành tá tràng có đáy sạch, không chảy máu (Forrest III). Bệnh nhân được chỉ định tái điều trị diệt H. pylori.",Triệu chứng đi tiêu phân màu đen do uống Bismuth khác với phân đen do xuất huyết tiêu hóa ở điểm nào đặc trưng nhất?,Phân đen do Bismuth gây giảm nhanh chỉ số Hematocrit trong máu.,Phân đen do Bismuth luôn kèm theo đau quặn thắt vùng hố chậu phải.,Phân đen do Bismuth thường lỏng và có bọt khí nổi trên mặt nước.,Phân đen do Bismuth có hình khuôn bình thường và không có mùi khẳm.,,d,"Phân đen do xuất huyết tiêu hóa (melena) chứa máu bị phân hủy, đặc trưng bởi màu đen như hắc ín, sệt, dính và có mùi khẳm (foul- smelling) vô cùng đặc trưng. Phân đen do Bismuth là phản ứng hóa học (tạo Bismuth sulfide), phân vẫn thành khuôn bình thường và không có mùi máu phân hủy."
noi-xuat-huyet-tieu-hoa-case-18-5,noi,Xuất huyết tiêu hoá,Tiêu hoá,"Bệnh nhân nam 50 tuổi, tiền sử viêm loét dạ dày tái phát nhiều lần, vào viện vì đi tiêu phân đen. Bệnh nhân có nội soi dạ dày cách đây 1 tuần, kết quả loét hành tá tràng, test Urease (CLO test) dương tính với Helicobacter pylori. Bệnh nhân được kê đơn phác đồ điều trị nhưng không tuân thủ. Lần này nội soi lại thấy ổ loét ở hành tá tràng có đáy sạch, không chảy máu (Forrest III). Bệnh nhân được chỉ định tái điều trị diệt H. pylori.",Một biến chứng mạn tính của ổ loét hành tá tràng xơ chai tái phát nhiều lần nếu không diệt trừ triệt để vi khuẩn là gì?,Hẹp môn vị do sẹo xơ co kéo.,Hội chứng kém hấp thu Vitamin B12.,Trào ngược dịch mật mạn tính.,Biến chứng ung thư biểu mô tuyến tá tràng.,,a,"Loét hành tá tràng tái phát nhiều lần sẽ trải qua quá trình viêm - hoại tử - tạo sẹo xơ liên tục. Sự co kéo của sẹo xơ quanh vùng môn vị - tá tràng sẽ dẫn đến hẹp môn vị cơ học (Gastric outlet obstruction), khiến bệnh nhân nôn ra thức ăn cũ. Loét tá tràng hầu như không bao giờ ung thư hóa (khác với loét dạ dày)."
noi-xuat-huyet-tieu-hoa-case-19-1,noi,Xuất huyết tiêu hoá,Tiêu hoá,"Bệnh nhân nữ 72 tuổi, tiền sử viêm khớp dạng thấp, vào viện vì mệt mỏi, hoa mắt, đi ngoài phân đen 1 tuần nay. Gần đây bệnh nhân sụt 4 kg, ăn uống kém. Khám: niêm mạc nhợt nhạt, mạch 95 lần/phút, huyết áp 110/70 mmHg. Sờ thấy một hạch thượng đòn trái kích thước 1.5 cm, cứng, không đau (hạch Virchow). Xét nghiệm máu: Hemoglobin 75 g/L, MCV 70 fL, Ferritin 10 ng/mL. Nội soi dạ dày phát hiện một khối sùi loét kích thước 4 cm ở bờ cong nhỏ dạ dày, bề mặt đang rỉ máu lượng ít.",Chẩn đoán nguyên nhân xuất huyết tiêu hóa có khả năng cao nhất trên bệnh nhân này là gì?,Vỡ giãn tĩnh mạch phình vị dạ dày.,Viêm loét dạ dày lành tính do thuốc NSAIDs.,Ung thư dạ dày thể sùi loét chảy máu.,Chảy máu từ tổn thương Dieulafoy bờ cong nhỏ.,,c,"Bệnh nhân lớn tuổi, sụt cân, thiếu máu mạn, nội soi có khối sùi loét ở dạ dày và đặc biệt có hạch Virchow (hạch thượng đòn trái di căn từ ung thư đường tiêu hóa). Chẩn đoán hướng đến chắc chắn là ung thư dạ dày chảy máu. Loét do NSAIDs ít tạo khối sùi và không có hạch di căn."
noi-xuat-huyet-tieu-hoa-case-19-2,noi,Xuất huyết tiêu hoá,Tiêu hoá,"Bệnh nhân nữ 72 tuổi, tiền sử viêm khớp dạng thấp, vào viện vì mệt mỏi, hoa mắt, đi ngoài phân đen 1 tuần nay. Gần đây bệnh nhân sụt 4 kg, ăn uống kém. Khám: niêm mạc nhợt nhạt, mạch 95 lần/phút, huyết áp 110/70 mmHg. Sờ thấy một hạch thượng đòn trái kích thước 1.5 cm, cứng, không đau (hạch Virchow). Xét nghiệm máu: Hemoglobin 75 g/L, MCV 70 fL, Ferritin 10 ng/mL. Nội soi dạ dày phát hiện một khối sùi loét kích thước 4 cm ở bờ cong nhỏ dạ dày, bề mặt đang rỉ máu lượng ít.",Sự xuất hiện của hạch Virchow ở thượng đòn trái phản ánh cơ chế lây lan nào của bệnh lý này?,Di căn ngược dòng theo ống ngực bạch huyết.,Di căn theo đường máu động mạch hệ thống.,Rơi rớt tế bào ác tính vào trong ổ phúc mạc.,Xâm lấn trực tiếp qua cơ hoành lên trung thất.,,a,"Hạch Virchow (hạch thượng đòn trái) là trạm nhận dẫn lưu bạch huyết từ ống ngực (thoracic duct), nơi thu nhận bạch huyết từ toàn bộ các tạng trong ổ bụng (kể cả dạ dày). Ung thư dạ dày di căn hạch này thông qua sự lan truyền theo đường bạch huyết. oc.aspx?sourcedoc={186352b6-90cf-40c9-ba19-ae84e248ef20}&action=vi… 10/11"
noi-xuat-huyet-tieu-hoa-case-19-3,noi,Xuất huyết tiêu hoá,Tiêu hoá,"Bệnh nhân nữ 72 tuổi, tiền sử viêm khớp dạng thấp, vào viện vì mệt mỏi, hoa mắt, đi ngoài phân đen 1 tuần nay. Gần đây bệnh nhân sụt 4 kg, ăn uống kém. Khám: niêm mạc nhợt nhạt, mạch 95 lần/phút, huyết áp 110/70 mmHg. Sờ thấy một hạch thượng đòn trái kích thước 1.5 cm, cứng, không đau (hạch Virchow). Xét nghiệm máu: Hemoglobin 75 g/L, MCV 70 fL, Ferritin 10 ng/mL. Nội soi dạ dày phát hiện một khối sùi loét kích thước 4 cm ở bờ cong nhỏ dạ dày, bề mặt đang rỉ máu lượng ít.","Đặc điểm thiếu máu (MCV 70 fL, Ferritin 10 ng/mL) ở bệnh nhân này phản ánh cơ chế sinh lý bệnh nào?",Thiếu máu do tủy xương bị ức chế bởi độc tố u.,Thiếu máu hồng cầu to do kém hấp thu Vitamin B12. https://onedrive.live.com/personal/2672550e42ddc7d4/_layouts/15/,Thiếu máu tán huyết tự miễn do kháng thể kháng hồng cầu.,Thiếu máu hồng cầu nhỏ nhược sắc do mất máu rỉ rả mạn tính.,,d,"Tổn thương u sùi trong dạ dày thường hoại tử và chảy máu rỉ rả kéo dài (occult bleeding). Việc mất máu mạn tính làm cạn kiệt nguồn dự trữ sắt (Ferritin 10 ng/mL), dẫn đến thiếu máu thiếu sắt đặc trưng bởi hồng cầu nhỏ (MCV < 80 fL) và nhược sắc."
noi-xuat-huyet-tieu-hoa-case-19-4,noi,Xuất huyết tiêu hoá,Tiêu hoá,"Bệnh nhân nữ 72 tuổi, tiền sử viêm khớp dạng thấp, vào viện vì mệt mỏi, hoa mắt, đi ngoài phân đen 1 tuần nay. Gần đây bệnh nhân sụt 4 kg, ăn uống kém. Khám: niêm mạc nhợt nhạt, mạch 95 lần/phút, huyết áp 110/70 mmHg. Sờ thấy một hạch thượng đòn trái kích thước 1.5 cm, cứng, không đau (hạch Virchow). Xét nghiệm máu: Hemoglobin 75 g/L, MCV 70 fL, Ferritin 10 ng/mL. Nội soi dạ dày phát hiện một khối sùi loét kích thước 4 cm ở bờ cong nhỏ dạ dày, bề mặt đang rỉ máu lượng ít.","Trong các phát biểu sau đây về quản lý tổn thương này, phát biểu nào KHÔNG ĐÚNG?",Cần sinh thiết nhiều mảnh tại bờ và đáy ổ loét để chẩn đoán mô bệnh học.,Cần tiến hành tiêm xơ ngay lập tức để làm hoại tử khối u qua nội soi.,Cần hội chẩn ngoại khoa sớm để lên kế hoạch phẫu thuật cắt dạ dày.,Cần siêu âm nội soi (EUS) để đánh giá mức độ xâm lấn sâu của khối u.,,b,"Câu hỏi yêu cầu tìm ý KHÔNG ĐÚNG. Việc tiêm xơ (D) làm hoại tử khối u qua nội soi không phải là phương pháp điều trị ung thư dạ dày, hơn nữa có thể gây thủng dạ dày hoặc chảy máu ồ ạt. Các can thiệp đúng là sinh thiết nhiều mảnh (A), đánh giá giai đoạn bằng EUS/CT (C) và hội chẩn ngoại khoa (B)."
noi-xuat-huyet-tieu-hoa-case-19-5,noi,Xuất huyết tiêu hoá,Tiêu hoá,"Bệnh nhân nữ 72 tuổi, tiền sử viêm khớp dạng thấp, vào viện vì mệt mỏi, hoa mắt, đi ngoài phân đen 1 tuần nay. Gần đây bệnh nhân sụt 4 kg, ăn uống kém. Khám: niêm mạc nhợt nhạt, mạch 95 lần/phút, huyết áp 110/70 mmHg. Sờ thấy một hạch thượng đòn trái kích thước 1.5 cm, cứng, không đau (hạch Virchow). Xét nghiệm máu: Hemoglobin 75 g/L, MCV 70 fL, Ferritin 10 ng/mL. Nội soi dạ dày phát hiện một khối sùi loét kích thước 4 cm ở bờ cong nhỏ dạ dày, bề mặt đang rỉ máu lượng ít.",Khác biệt quan trọng nhất về chỉ định theo dõi sau điều trị nội khoa giữa loét dạ dày và loét hành tá tràng là gì?,"Loét dạ dày cần nội soi sinh thiết lại để loại trừ ung thư, loét tá tràng thì không.",Loét tá tràng cần phải phẫu thuật cắt dây thần kinh phế vị thường quy.,Loét dạ dày chỉ cần test vi khuẩn qua hơi thở là đủ tiêu chuẩn khỏi bệnh.,Loét tá tràng có nguy cơ ung thư hóa cao hơn nên phải chụp CT định kỳ.,,a,"Nguyên tắc kinh điển trong tiêu hóa: Loét hành tá tràng hầu như luôn lành tính và hiếm khi ung thư hóa. Ngược lại, loét dạ dày có tỷ lệ ung thư hóa (ung thư thể loét). Do đó, mọi ổ loét dạ dày đều phải được nội soi kiểm tra lại và sinh thiết cho đến khi lành hẳn để không bỏ sót ung thư. Nguồn tham khảo: Phác đồ chẩn đoán và điều trị Bệnh lý Tiêu hóa. oc.aspx?sourcedoc={186352b6-90cf-40c9-ba19-ae84e248ef20}&action=vi… 11/11"
