id,subject,chapter,group,case_stem,question,option_a,option_b,option_c,option_d,option_e,correct_answer,explanation
noi-ung-thu-gan-mcq-001,noi,Ung thư gan,Tiêu hoá,,Loại ung thư gan nguyên phát phổ biến nhất trên lâm sàng là loại nào?,Ung thư biểu mô đường mật,Ung thư nguyên bào gan,Ung thư biểu mô tế bào gan,Sarcôm mạch máu gan,,c,Ung thư biểu mô tế bào gan (HCC) chiếm tới 80-90% các trường hợp ung thư gan nguyên phát ở người trưởng thành. Nguồn: Bệnh học nội khoa YHN.
noi-ung-thu-gan-mcq-002,noi,Ung thư gan,Tiêu hoá,,Yếu tố nguy cơ hàng đầu gây bệnh ung thư gan nguyên phát tại Việt Nam là gì?,Viêm gan virus C,Nhiễm độc Aflatoxin B1,Viêm gan virus B,Xơ gan do rượu,,c,"Việt Nam nằm trong vùng dịch tễ có tỷ lệ nhiễm virus viêm gan B (HBV) cao, đây là nguyên nhân trực tiếp và hàng đầu dẫn đến HCC. Nguồn: Bệnh học nội khoa YHN."
noi-ung-thu-gan-mcq-003,noi,Ung thư gan,Tiêu hoá,,Đặc điểm dịch tễ nào sau đây đúng với bệnh lý ung thư biểu mô tế bào gan?,Tỷ lệ mắc ở nữ giới cao hơn nam giới,Bệnh thường gặp ở độ tuổi thanh thiếu niên,Tỷ lệ mắc ở nam giới cao hơn nữ giới,Tỷ lệ mắc bệnh đồng đều ở mọi khu vực trên thế giới,,c,"HCC thường gặp ở nam giới nhiều hơn nữ giới với tỷ lệ khoảng 3:1 đến 4:1, liên quan đến tỷ lệ mang HBV, HCV và sử dụng rượu bia cao hơn."
noi-ung-thu-gan-mcq-004,noi,Ung thư gan,Tiêu hoá,,Bệnh lý nền nào sau đây hiện diện trong khoảng 80% các trường hợp mắc ung thư biểu mô tế bào gan?,Gan nhiễm mỡ không do rượu,Xơ gan,Áp xe gan amip,U máu trong gan,,b,"Xơ gan (do mọi nguyên nhân) là tổn thương tiền ung thư quan trọng nhất, xuất hiện ở khoảng 80% bệnh nhân ung thư gan. Nguồn: Bệnh học nội khoa YHN."
noi-ung-thu-gan-mcq-005,noi,Ung thư gan,Tiêu hoá,,Yếu tố nào sau đây KHÔNG phải là nguy cơ dẫn đến ung thư biểu mô tế bào gan?,Viêm gan virus A,Viêm gan virus C,Bệnh ứ sắt (Hemochromatosis),Nhiễm độc tố Aflatoxin,,a,"Viêm gan virus A chỉ lây qua đường tiêu hóa và gây viêm gan cấp, không tiến triển thành viêm gan mạn hay xơ gan nên không gây ung thư gan."
noi-ung-thu-gan-mcq-006,noi,Ung thư gan,Tiêu hoá,,Độc tố vi nấm nào liên quan chặt chẽ đến sinh bệnh học ung thư biểu mô tế bào gan ở vùng khí hậu nhiệt đới ẩm?,Ochratoxin,Botulinum,Aflatoxin B1,Fumonisins,,c,Aflatoxin B1 do nấm Aspergillus flavus sinh ra trên ngũ cốc mốc là chất gây ung thư gan cực mạnh do gây đột biến gene.
noi-ung-thu-gan-mcq-007,noi,Ung thư gan,Tiêu hoá,,Cơ chế chính yếu giải thích khả năng sinh ung thư trực tiếp của virus viêm gan B (HBV) là gì?,Gây suy giảm miễn dịch toàn thân,Tích hợp DNA của virus vào bộ gen của tế bào gan chủ,Phá hủy trực tiếp màng tế bào gan,Tạo ra các gốc tự do oxy hóa trong máu,,b,"HBV là virus DNA, có khả năng tích hợp bộ gen của nó vào DNA của tế bào gan chủ, gây đột biến gene và kích hoạt quá trình sinh ung thư ngay cả khi chưa có xơ gan."
noi-ung-thu-gan-mcq-008,noi,Ung thư gan,Tiêu hoá,,Độc tố Aflatoxin B1 gây ung thư gan thông qua cơ chế gây đột biến tại gene nào?,Gene sinh ung thư c-myc,Gene ức chế khối u p53,Gene sửa chữa DNA BRCA1,Gene KRAS,,b,"Aflatoxin B1 gắn vào DNA và đặc biệt gây đột biến điểm tại codon 249 của gene ức chế khối u p53, làm mất khả năng kiểm soát chu kỳ tế bào. Nguồn: Bệnh học nội khoa YHN."
noi-ung-thu-gan-mcq-009,noi,Ung thư gan,Tiêu hoá,,Sự khác biệt về cơ chế sinh ung thư của virus viêm gan C (HCV) so với virus viêm gan B (HBV) là gì?,HCV tích hợp RNA vào nhân tế bào chủ,HCV sinh ung thư chủ yếu thông qua quá trình viêm mạn tính và xơ gan,HCV sản sinh trực tiếp độc tố phá hủy gene,HCV chỉ sinh ung thư khi đồng nhiễm với virus viêm gan D,,b,"HCV là virus RNA, không tích hợp vào bộ gen tế bào chủ. Nó sinh ung thư gián tiếp thông qua viêm mạn, hoại tử, tái tạo tế bào gan liên tục và hình thành xơ gan."
noi-ung-thu-gan-mcq-010,noi,Ung thư gan,Tiêu hoá,,Khối ung thư biểu mô tế bào gan chủ yếu nhận nguồn cung cấp máu từ đâu?,Tĩnh mạch cửa,Động mạch gan,Tĩnh mạch chủ dưới,Tĩnh mạch gan,,b,"Mô gan bình thường nhận 75% máu từ tĩnh mạch cửa, nhưng tế bào ung thư gan lại được nuôi dưỡng chủ yếu (90%) bởi động mạch gan. Đây là cơ sở cho phương pháp nút mạch (TACE)."
noi-ung-thu-gan-mcq-011,noi,Ung thư gan,Tiêu hoá,,Hội chứng chuyển hóa và béo phì dẫn đến ung thư gan chủ yếu thông qua con đường bệnh lý nào?,Viêm đường mật tiên phát,Gan thoái hóa mỡ không do rượu,Viêm gan tự miễn,Thiếu hụt Alpha-1 antitrypsin,,b,"Gan nhiễm mỡ không do rượu (NAFLD/NASH) gây kháng insulin, viêm mạn và stress oxy hóa, có thể dẫn đến xơ gan và ung thư gan, đây là cơ chế ngày càng phổ biến."
noi-ung-thu-gan-mcq-012,noi,Ung thư gan,Tiêu hoá,,Đặc điểm sinh lý bệnh nào giải thích tại sao ung thư biểu mô tế bào gan rất dễ di căn nội gan?,Khối u dễ vỡ vào ổ bụng,Có xu hướng xâm lấn vào các nhánh tĩnh mạch cửa,Khối u lan qua đường mật,Di căn mạnh qua hệ bạch huyết,,b,"Tế bào ung thư gan có ái lực cao với tĩnh mạch cửa, dễ dàng xâm nhập tạo huyết khối u và theo dòng máu lan tràn tạo các nốt vệ tinh nội gan."
noi-ung-thu-gan-mcq-013,noi,Ung thư gan,Tiêu hoá,,Sự phát triển nhanh chóng của khối u gan thường kích hoạt hiện tượng nào ở mức độ tổ chức học?,Quá trình xơ hóa đồng tâm,Tăng sinh mạch máu mới tân tạo,Tích tụ canxi thành mảng,Hình thành nang giả,,b,"U gan tiết ra các yếu tố tăng trưởng nội mô mạch máu (VEGF) kích thích tăng sinh mạch tân tạo mạnh mẽ để nuôi khối u, khiến khối u rất giàu mạch máu."
noi-ung-thu-gan-mcq-014,noi,Ung thư gan,Tiêu hoá,,Sự gia tăng PIVKA-II trong máu bệnh nhân ung thư gan phản ánh sự bất thường của quá trình nào?,Tổng hợp albumin tại gan,Giáng hóa bilirubin,Quá trình carboxyl hóa prothrombin do thiếu vitamin K tại mô u,Chu trình urea sinh NH3,,c,"PIVKA-II (hay DCP) là prothrombin bất thường không được carboxyl hóa hoàn toàn do tế bào ung thư mất khả năng sử dụng vitamin K, là dấu ấn rất đặc hiệu cho ung thư gan."
noi-ung-thu-gan-mcq-015,noi,Ung thư gan,Tiêu hoá,,Triệu chứng lâm sàng phổ biến nhất ở bệnh nhân ung thư biểu mô tế bào gan giai đoạn sớm là gì?,Đau hạ sườn phải dữ dội,Vàng da sậm,Cổ trướng lượng nhiều,Hoàn toàn không có triệu chứng,,d,"Gan có khả năng bù trừ rất tốt và không có thần kinh cảm giác trong nhu mô, do đó ở giai đoạn sớm khối u gan thường hoàn toàn không gây triệu chứng, chỉ phát hiện tình cờ."
noi-ung-thu-gan-mcq-016,noi,Ung thư gan,Tiêu hoá,,Khám thực thể bệnh nhân ung thư gan có thể nghe thấy tiếng thổi tâm thu ở vùng gan. Đặc điểm này phản ánh cơ chế nào?,Hẹp tĩnh mạch cửa,Hẹp tĩnh mạch chủ dưới,Sự tăng sinh và dòng máu xoáy qua hệ động mạch tân tạo của khối u,Tăng áp lực đường mật,,c,Tiếng thổi vùng gan do tăng lưu lượng dòng máu qua các động mạch gan bị giãn nở và hệ thống mạch máu tân tạo hỗn loạn của khối u. Nguồn: Bệnh học nội khoa YHN.
noi-ung-thu-gan-mcq-017,noi,Ung thư gan,Tiêu hoá,,Hội chứng cận ung thư nào sau đây thường gặp và có thể gây hôn mê ở bệnh nhân ung thư gan tiến triển?,Tăng canxi máu,Hạ đường huyết,Tăng kali máu,Hạ natri máu,,b,"Hạ đường huyết cận ung thư do khối u tiêu thụ nhiều glucose hoặc tiết ra chất giống insulin (IGF-2), là nguyên nhân nguy hiểm cần cấp cứu."
noi-ung-thu-gan-mcq-018,noi,Ung thư gan,Tiêu hoá,,Một bệnh nhân ung thư gan có xét nghiệm Hemoglobin 185 g/L và Hematocrit 55%. Cơ chế gây ra tình trạng này là do khối u tiết ra chất gì?,Renin,Thyroxine,Erythropoietin,Cortisol,,c,Đa hồng cầu cận ung thư ở bệnh nhân HCC xảy ra do khối u tự sản xuất hormone Erythropoietin kích thích tủy xương tạo hồng cầu.
noi-ung-thu-gan-mcq-019,noi,Ung thư gan,Tiêu hoá,,"Bệnh nhân nam 60 tuổi, có xơ gan, đột ngột đau bụng dữ dội vùng hạ sườn phải, huyết áp tụt 80/50 mmHg, mạch 120 lần/phút. Biến chứng cấp tính nào cần nghĩ tới đầu tiên?",Vỡ giãn tĩnh mạch thực quản,Vỡ khối u gan gây tràn máu ổ bụng,Viêm túi mật cấp,Huyết khối tĩnh mạch cửa,,b,"Đau bụng dữ dội kèm hội chứng sốc mất máu ở bệnh nhân có khối u gan/xơ gan là dấu hiệu điển hình của vỡ u gan, một cấp cứu ngoại khoa khẩn cấp."
noi-ung-thu-gan-mcq-020,noi,Ung thư gan,Tiêu hoá,,Dịch cổ trướng ở bệnh nhân ung thư gan giai đoạn muộn thường có đặc điểm đại thể nào?,Dịch trong vắt,Dịch màu hồng hoặc đỏ máu,Dịch đục như mủ,Dịch dưỡng trấp trắng đục,,b,Cổ trướng máu thường gặp trong ung thư gan do khối u xâm lấn bao gan rỉ máu hoặc các nốt ung thư di căn màng bụng. Nguồn: Bệnh học nội khoa YHN.
noi-ung-thu-gan-mcq-021,noi,Ung thư gan,Tiêu hoá,,Đặc điểm lâm sàng nào giúp phân biệt phân biệt ung thư biểu mô tế bào gan (HCC) và ung thư đường mật rốn gan?,"Vàng da xuất hiện sớm và tiến triển ở ung thư đường mật, muộn ở HCC","Đau bụng dữ dội ở ung thư đường mật, không đau ở HCC","Sốt cao rét run gặp trong HCC, không gặp ở ung thư đường mật",Gan to chỉ gặp trong ung thư đường mật,,a,"Ung thư đường mật rốn gan gây bít tắc cơ học sớm dẫn đến vàng da tắc mật rõ rệt, trong khi HCC thường chỉ gây vàng da ở giai đoạn rất muộn khi suy tế bào gan nặng."
noi-ung-thu-gan-mcq-022,noi,Ung thư gan,Tiêu hoá,,Rối loạn nội tiết nào sau đây là hậu quả của hội chứng cận ung thư trong ung thư gan gây tăng canxi máu?,Tiết Calcitonin,Tiết Protein liên quan đến hormone cận giáp (PTHrP),Tiết Aldosterone,Tiết Glucagon,,b,Khối u gan có thể tiết ra PTHrP (Parathyroid hormone- related protein) hoạt động giống hệt PTH gây tiêu xương và tăng canxi máu ác tính.
noi-ung-thu-gan-mcq-023,noi,Ung thư gan,Tiêu hoá,,Đặc điểm nào KHÔNG phù hợp với gan to trong ung thư biểu mô tế bào gan tiến triển?,Mật độ cứng chắc như đá,Bề mặt gồ ghề lổn nhổn,"Ấn đau chói, bờ tù","Mật độ mềm, ấn xẹp",,d,"Gan trong ung thư thường to, bờ sắc hoặc tù, bề mặt gồ ghề do các khối u, mật độ rất cứng (như đá). Mật độ mềm là đặc điểm sai. Nguồn: Bệnh học nội khoa YHN."
noi-ung-thu-gan-mcq-024,noi,Ung thư gan,Tiêu hoá,,Triệu chứng nổi ban đỏ lòng bàn tay và sao mạch trên bệnh nhân ung thư gan chủ yếu phản ánh điều gì?,Tình trạng di căn da của ung thư,Suy tế bào gan do bệnh lý xơ gan nền,Tác dụng phụ của thuốc giảm đau,Tình trạng dị ứng với độc tố khối u,,b,"Ban đỏ lòng bàn tay và sao mạch là triệu chứng kinh điển của hội chứng suy tế bào gan (do giảm thoái hóa estrogen), thường thấy do xơ gan nền chứ không đặc hiệu cho ung thư."
noi-ung-thu-gan-mcq-025,noi,Ung thư gan,Tiêu hoá,,"Trong chẩn đoán phân biệt, đặc điểm nào gợi ý khối u tại gan là ung thư di căn (thứ phát) chứ không phải nguyên phát?",Có tiền sử nhiễm viêm gan B,"Khối u đơn độc, kích thước lớn","Hình ảnh nhiều nốt rải rác ở cả 2 thùy gan, AFP bình thường",Tĩnh mạch cửa có huyết khối,,c,"Ung thư di căn gan thường biểu hiện dạng đa nốt ở cả 2 thùy (hình ảnh ""bóng bay"" hoặc ""mắt bò""), không có xơ gan nền và AFP thường không tăng."
noi-ung-thu-gan-mcq-026,noi,Ung thư gan,Tiêu hoá,,Di căn ngoài gan của ung thư biểu mô tế bào gan thường gặp nhất ở cơ quan nào?,Não,Phổi,Xương,Thận,,b,"Phổi là vị trí di căn ngoài gan phổ biến nhất của HCC do hệ tĩnh mạch gan đổ trực tiếp về tĩnh mạch chủ dưới và lên tim phải, bơm thẳng lên phổi."
noi-ung-thu-gan-mcq-027,noi,Ung thư gan,Tiêu hoá,,Phương tiện chẩn đoán hình ảnh nào được khuyến cáo đầu tay để tầm soát định kỳ ung thư gan?,Chụp cắt lớp vi tính (CT) ổ bụng có tiêm thuốc,Siêu âm ổ bụng,Chụp cộng hưởng từ (MRI) gan,Chụp PET/CT,,b,"Siêu âm ổ bụng là phương pháp đầu tay, chi phí thấp, không xâm lấn, được dùng để tầm soát định kỳ (mỗi 6 tháng) cho các đối tượng nguy cơ cao."
noi-ung-thu-gan-mcq-028,noi,Ung thư gan,Tiêu hoá,,Hình ảnh động học kinh điển giúp chẩn đoán xác định ung thư biểu mô tế bào gan trên CT hoặc MRI là gì?,Ngấm thuốc dần từ ngoại vi vào trung tâm ở thì tĩnh mạch,Ngấm thuốc mạnh ở thì động mạch và thải thuốc nhanh ở thì tĩnh mạch (Wash-out),Không ngấm thuốc ở cả 4 thì,Ngấm thuốc mạnh ở thì muộn,,b,"Hình ảnh ""wash-in/wash-out"" là tiêu chuẩn vàng hình ảnh học: u ngấm thuốc mạnh thì động mạch (do nuôi bằng ĐM gan) và thải thuốc nhanh thì tĩnh mạch cửa so với nhu mô gan xung quanh."
noi-ung-thu-gan-mcq-029,noi,Ung thư gan,Tiêu hoá,,Bộ ba xét nghiệm dấu ấn sinh học (biomarker) thường được kết hợp để tăng độ nhạy trong sàng lọc ung thư gan là?,"AFP, CEA, CA 19-9","AFP, AFP-L3, PIVKA-II","AFP, CA 125, PSA","CEA, CA 15-3, PIVKA-II",,b,"Bộ ba AFP, AFP-L3 (tỷ lệ AFP gắn Lectin) và PIVKA-II (DCP) hiện được sử dụng phối hợp giúp phát hiện sớm HCC tốt hơn dùng AFP đơn độc."
noi-ung-thu-gan-mcq-030,noi,Ung thư gan,Tiêu hoá,,"Theo hướng dẫn của Bộ Y tế Việt Nam, nồng độ AFP huyết thanh tăng trên ngưỡng nào (cùng với hình ảnh học điển hình) có giá trị chẩn đoán xác định ung thư gan ở bệnh nhân xơ gan?",> 20 ng/mL,> 100 ng/mL,> 200 ng/mL,> 400 ng/mL,,d,Nồng độ AFP > 400 ng/mL kết hợp với hình ảnh học khối u gan điển hình trên nền xơ gan/viêm gan B là tiêu chuẩn chẩn đoán xác định HCC không cần sinh thiết.
noi-ung-thu-gan-mcq-031,noi,Ung thư gan,Tiêu hoá,,"Theo tiêu chuẩn AASLD, kích thước khối u tối thiểu để áp dụng chẩn đoán xác định không xâm lấn qua CT/MRI động học (có wash-in/wash-out) là bao nhiêu?",≥ 0.5 cm,≥ 1 cm,≥ 2 cm,≥ 3 cm,,b,"Guideline AASLD/EASL quy định nốt ≥ 1 cm trên nền gan xơ có hình ảnh động học điển hình (ngấm động mạch, thải tĩnh mạch) được chẩn đoán xác định HCC."
noi-ung-thu-gan-mcq-032,noi,Ung thư gan,Tiêu hoá,,Chỉ định sinh thiết gan để chẩn đoán ung thư biểu mô tế bào gan BẮT BUỘC được đặt ra trong tình huống nào?,Bệnh nhân có hình ảnh khối u điển hình trên siêu âm và AFP > 1000 ng/mL,Hình ảnh CT/MRI động học không điển hình ở nốt > 1 cm,Bệnh nhân có xơ gan nặng Child-Pugh C kèm cổ trướng nhiều,Khối u đã có huyết khối tĩnh mạch cửa rõ,,b,"Sinh thiết gan được chỉ định khi các tiêu chuẩn chẩn đoán không xâm lấn (hình ảnh động học và marker) không điển hình, nhằm xác định bản chất u."
noi-ung-thu-gan-mcq-033,noi,Ung thư gan,Tiêu hoá,,Dấu hiệu sinh hóa máu thường gặp trong ung thư gan nguyên phát phản ánh sự chèn ép đường mật vi thể là gì?,Bilirubin gián tiếp tăng cao đơn độc,Tăng ALT và AST gấp 10 lần bình thường,Phosphatase kiềm và GGT tăng cao không tương xứng với AST/ALT,Albumin máu tăng cao,,c,"Tăng Phosphatase kiềm và GGT là dấu hiệu của sự tắc nghẽn đường mật vi thể do sự phát triển chèn ép của khối u, thường cao hơn mức độ hoại tử tế bào gan (AST/ALT)."
noi-ung-thu-gan-mcq-034,noi,Ung thư gan,Tiêu hoá,,Hệ thống phân loại Child-Pugh dùng để đánh giá chức năng gan KHÔNG bao gồm tiêu chí nào sau đây?,Bilirubin máu,Tỷ lệ Prothrombin / INR,Creatinin máu,Tình trạng bệnh lý não gan,,c,"Thang điểm Child-Pugh gồm 5 yếu tố: Bilirubin, Albumin, PT/INR, Cổ trướng và Bệnh lý não gan. Creatinin máu thuộc thang điểm MELD, không phải Child-Pugh."
noi-ung-thu-gan-mcq-035,noi,Ung thư gan,Tiêu hoá,,"Hình ảnh ""rửa thuốc"" (wash-out) trong thì tĩnh mạch trên phim CT động học của ung thư gan có cơ sở giải phẫu bệnh là gì?",Khối u chứa nhiều mỡ nên không giữ được thuốc,Khối u không nhận máu từ tĩnh mạch cửa như nhu mô gan lành,Khối u có quá nhiều mô liên kết xơ,Mạch máu khối u bị tắc nghẽn bởi huyết khối,,b,"Thì tĩnh mạch cửa, nhu mô gan lành ngấm thuốc mạnh từ tĩnh mạch cửa, trong khi khối u (chỉ nhận máu từ động mạch) không nhận máu tĩnh mạch cửa nên có vẻ ""tối đi"" nhanh chóng (rửa thuốc)."
noi-ung-thu-gan-mcq-036,noi,Ung thư gan,Tiêu hoá,,"Bệnh nhân nam 45 tuổi có tiền sử xơ gan do rượu, siêu âm phát hiện nốt 1.5 cm ở thùy phải. Bước tiếp cận lâm sàng tiếp theo phù hợp nhất là?",Sinh thiết gan dưới hướng dẫn siêu âm ngay,Chụp CT hoặc MRI gan 4 thì động học,"Chỉ cần xét nghiệm AFP, nếu tăng > 20 ng/mL là mổ",Hẹn siêu âm theo dõi lại sau 12 tháng,,b,"Khi phát hiện nốt ≥ 1 cm trên nền xơ gan qua siêu âm tầm soát, bước tiếp theo bắt buộc là chụp CT hoặc MRI động học đa thì để đánh giá tiêu chuẩn chẩn đoán không xâm lấn."
noi-ung-thu-gan-mcq-037,noi,Ung thư gan,Tiêu hoá,,Tiêu chuẩn Milan để lựa chọn bệnh nhân ung thư gan có chỉ định ghép gan quy định như thế nào?,"1 u ≤ 5 cm hoặc tối đa 3 u, mỗi u ≤ 3 cm, không xâm lấn mạch máu","U đơn độc bất kể kích thước, chưa di căn xa","Tối đa 5 u, mỗi u ≤ 5 cm",Khối u chiếm dưới 50% thể tích gan,,a,"Tiêu chuẩn Milan kinh điển cho ghép gan: 1 khối u kích thước ≤ 5 cm, hoặc tối đa 3 khối u với kích thước không quá 3 cm mỗi khối, chưa có xâm lấn mạch máu đại thể hay di căn xa."
noi-ung-thu-gan-mcq-038,noi,Ung thư gan,Tiêu hoá,,Hệ thống phân giai đoạn BCLC (Barcelona Clinic Liver Cancer) tích hợp những nhóm yếu tố nào để đưa ra chỉ định điều trị?,"Kích thước khối u, mức độ di căn hạch, mức độ di căn xa","Mức độ lan rộng khối u, chức năng gan nền, toàn trạng bệnh nhân (ECOG)","Chỉ số AFP máu, kích thước u, loại đột biến gene","Chức năng thận, tuổi bệnh nhân, số lượng u",,b,"BCLC là hệ thống phân loại toàn diện nhất vì nó kết hợp cả đặc điểm khối u (Tumor burden), chức năng gan (Child-Pugh) và toàn trạng bệnh nhân (Performance status - ECOG) để đưa ra phác đồ."
noi-ung-thu-gan-mcq-039,noi,Ung thư gan,Tiêu hoá,,Chống chỉ định tuyệt đối của phương pháp nút mạch hóa chất (TACE) trong điều trị ung thư gan là gì?,Khối u lớn trên 5 cm,Đa ổ ở hai thùy gan,Huyết khối lấp hoàn toàn thân tĩnh mạch cửa chính,Bệnh nhân có viêm gan B thể hoạt động,,c,"Khi thân tĩnh mạch cửa bị tắc, nhu mô gan lành chỉ còn sống dựa vào động mạch gan. Nếu làm TACE (tắc động mạch gan) sẽ gây nhồi máu và hoại tử toàn bộ gan."
noi-ung-thu-gan-mcq-040,noi,Ung thư gan,Tiêu hoá,,Thuốc điều trị đích Sorafenib dùng trong ung thư gan giai đoạn tiến triển (BCLC C) tác động theo cơ chế nào?,Ức chế điểm kiểm soát miễn dịch PD-1,"Ức chế đa kinase (VEGFR, PDGFR, Raf)",Kháng thể đơn dòng gắn vào kháng nguyên bề mặt tế bào ung thư,Gây độc tế bào bằng cách cắt đứt chuỗi DNA,,b,"Sorafenib là thuốc ức chế tyrosine kinase đường uống (multikinase inhibitor), ức chế sự tăng sinh tế bào u (qua Raf) và ức chế sinh mạch mới (qua VEGFR, PDGFR)."
noi-ung-thu-gan-mcq-041,noi,Ung thư gan,Tiêu hoá,,Tác dụng không mong muốn đặc trưng và thường gặp nhất gây cản trở điều trị của Sorafenib là gì?,Phản ứng dị ứng phản vệ,Suy thận cấp,Hội chứng bàn tay - bàn chân (Hand-foot skin reaction),Nhịp tim chậm,,c,"Hội chứng bàn tay-bàn chân (đỏ, đau, bong tróc da ở lòng bàn tay, bàn chân) là tác dụng phụ rất phổ biến của các thuốc ức chế multikinase như Sorafenib, cần theo dõi giảm liều."
noi-ung-thu-gan-mcq-042,noi,Ung thư gan,Tiêu hoá,,Phương pháp phá hủy u tại chỗ (như đốt sóng cao tần - RFA) đạt hiệu quả điều trị triệt căn có thể tương đương phẫu thuật trong trường hợp nào?,Khối u lớn 7 cm ở thùy phải,"Khối u đa nốt, di căn hạch rốn gan","Khối u đơn độc kích thước dưới 3 cm, nằm sâu trong nhu mô",Khối u nằm sát ngay rốn gan và nhánh túi mật chính,,c,"RFA được chỉ định ưu tiên cho các khối u nhỏ (≤ 3cm), nằm ở vị trí thuận lợi (không sát mạch máu lớn hay đường mật) với tỷ lệ sống thêm tương đương phẫu thuật."
noi-ung-thu-gan-mcq-043,noi,Ung thư gan,Tiêu hoá,,Tiêu chuẩn nào sau đây là chống chỉ định của phẫu thuật cắt khối u gan ở bệnh nhân xơ gan?,Tăng áp lực tĩnh mạch cửa đáng kể (Độ chênh áp tĩnh mạch gan > 10 mmHg),Tuổi trên 60,Bệnh nhân nhiễm virus HCV,Kích thước khối u 4 cm,,a,"Tăng áp tĩnh mạch cửa có ý nghĩa lâm sàng (có giãn TM thực quản, lách to, tiểu cầu thấp...) là chống chỉ định cắt gan do nguy cơ suy gan sau mổ cực kỳ cao. Nguồn: Guideline EASL."
noi-ung-thu-gan-mcq-044,noi,Ung thư gan,Tiêu hoá,,Phác đồ miễn dịch Atezolizumab + Bevacizumab trong HCC giai đoạn tiến triển yêu cầu bắt buộc tầm soát biến chứng nào trước khi khởi trị?,Loãng xương,Giãn tĩnh mạch thực quản - dạ dày,Bệnh lý võng mạc tiểu đường,Khối u xơ tử cung,,b,Bevacizumab là thuốc chống tăng sinh mạch (kháng VEGF) có nguy cơ gây xuất huyết rất cao. Do đó bắt buộc phải nội soi tiêu hóa để xử lý giãn tĩnh mạch thực quản trước khi dùng nhằm tránh xuất huyết ồ ạt.
noi-ung-thu-gan-mcq-045,noi,Ung thư gan,Tiêu hoá,,"Theo phân loại BCLC, bệnh nhân ung thư gan giai đoạn D (giai đoạn cuối) có hướng tiếp cận điều trị ưu tiên là gì?",Ghép gan cấp cứu,Nút mạch hóa chất (TACE) liều thấp,Chăm sóc giảm nhẹ triệu chứng,Xạ trị chiếu ngoài,,c,"Giai đoạn BCLC D (Child-Pugh C, ECOG >2) có chức năng gan quá kém, thời gian sống dự kiến rất ngắn (< 3 tháng). Mọi can thiệp đặc hiệu đều gây hại, mục tiêu là chăm sóc giảm nhẹ (Best supportive care)."
noi-ung-thu-gan-mcq-046,noi,Ung thư gan,Tiêu hoá,,Phương pháp nút tĩnh mạch cửa (Portal Vein Embolization - PVE) trước phẫu thuật cắt gan lớn nhằm mục đích chính là gì?,Làm hoại tử khối u gan,Cầm máu dự phòng trước khi cắt gan,Gây phì đại phần nhu mô gan lành còn lại dự kiến giữ lại sau mổ,Ngăn chặn tế bào ung thư di căn lên phổi,,c,"PVE làm tắc nhánh tĩnh mạch cửa nuôi bên gan có u, giúp định hướng dòng máu cửa sang thùy gan lành, kích thích thùy này tăng sinh thể tích (phì đại) để tránh suy gan sau cắt gan lớn."
noi-ung-thu-gan-mcq-047,noi,Ung thư gan,Tiêu hoá,,Yếu tố giải phẫu bệnh nào sau mổ cắt gan là yếu tố tiên lượng độc lập quan trọng nhất dự báo nguy cơ tái phát cao?,Khối u chứa nhiều tế bào mỡ,Xâm lấn vi mạch (Microvascular invasion),Khối u có vỏ bao giả (pseudocapsule),Gan nền bị gan nhiễm mỡ,,b,"Xâm lấn vi mạch học (chỉ thấy trên vi thể) chứng tỏ tế bào u đã chui vào hệ tuần hoàn tĩnh mạch nội gan, là yếu tố nguy cơ tái phát cao nhất sau phẫu thuật."
noi-ung-thu-gan-mcq-048,noi,Ung thư gan,Tiêu hoá,,Tần suất tầm soát ung thư gan bằng siêu âm và xét nghiệm AFP cho nhóm đối tượng nguy cơ cao (như xơ gan) được các hiệp hội (AASLD/EASL) khuyến cáo là bao lâu?,Mỗi 3 tháng,Mỗi 6 tháng,Mỗi 12 tháng,Mỗi 24 tháng,,b,"Thời gian nhân đôi thể tích trung bình của khối u gan là khoảng 4-6 tháng. Do đó, tầm soát mỗi 6 tháng là khoảng thời gian tối ưu để phát hiện u ở giai đoạn còn điều trị triệt căn được."
noi-ung-thu-gan-mcq-049,noi,Ung thư gan,Tiêu hoá,,Nguyên nhân tử vong phổ biến nhất ở bệnh nhân ung thư biểu mô tế bào gan giai đoạn cuối không được can thiệp là gì?,Nhồi máu cơ tim,Tắc mạch phổi,Suy gan tiến triển và hội chứng não gan,Suy thận mạn tính,,c,"Trong quá trình tiến triển tự nhiên, phần lớn bệnh nhân tử vong do suy tế bào gan nặng nề (vàng da, hôn mê gan) hoặc xuất huyết tiêu hóa, hơn là do tác động trực tiếp của khối u di căn."
noi-ung-thu-gan-mcq-050,noi,Ung thư gan,Tiêu hoá,,"Ở bệnh nhân đã được điều trị triệt căn ung thư gan (cắt gan hoặc đốt sóng cao tần), khoảng thời gian nào có nguy cơ tái phát cao nhất, đòi hỏi theo dõi sát sao nhất?",Trong 2 năm đầu tiên,Từ năm thứ 3 đến năm thứ 5,Từ năm thứ 5 đến năm thứ 10,Sau 10 năm,,a,Hơn 70% các trường hợp tái phát sau điều trị triệt căn xảy ra trong vòng 2 năm đầu (thường do di căn nội gan tiềm ẩn từ khối u gốc). Tái phát sau 5 năm thường được coi là khối u mới (de novo) do bệnh cảnh xơ gan nền.
noi-ung-thu-gan-case-1-1,noi,Ung thư gan,Tiêu hoá,"Bệnh nhân nam 65 tuổi, nông dân, có tiền sử viêm gan B mạn tính được phát hiện 10 năm nay nhưng không theo dõi và điều trị thường xuyên. Bệnh nhân đi khám sức khỏe định kỳ, hoàn toàn không có triệu chứng cơ năng, không đau bụng, không sụt cân, ăn uống tốt. Khám lâm sàng bệnh nhân tỉnh táo, thể trạng tốt, sinh hiệu ổn, SpO₂ 98% khí trời, BMI 23 kg/m². Khám thấy da niêm mạc không vàng, không có sao mạch hay lòng bàn tay son, bụng mềm, gan lách không sờ thấy, không có cổ trướng hay phù. Khám các cơ quan khác chưa phát hiện bất thường. Kết quả xét nghiệm máu: HBsAg dương tính, HBeAg âm tính, anti-HBe dương tính, HBV DNA 1500 IU/mL; Hemoglobin 135 g/L, tiểu cầu 160 G/L; Albumin máu 42 g/L; Bilirubin toàn phần 15 µmol/L; PT(INR) 1.0. Siêu âm bụng tầm soát phát hiện ở hạ phân thùy VIII gan phải có một khối u đặc, tăng âm, kích thước 2.5 cm, bờ rõ. Bệnh nhân được chỉ định chụp CT ổ bụng 4 thì, kết quả cho thấy khối u ngấm thuốc rất mạnh ở thì động mạch và thải thuốc nhanh ở thì tĩnh mạch (dấu hiệu ""wash-out""), không có bằng chứng xâm lấn mạch máu hay di căn xa.",Chẩn đoán phù hợp nhất với khối u gan của bệnh nhân là gì?,Ung thư biểu mô tế bào gan (HCC).,Áp xe gan giai đoạn hóa đặc.,U máu gan (Hemangioma).,Tăng sản thể nốt khu trú (FNH).,,a,"Ở một bệnh nhân có yếu tố nguy cơ cao (viêm gan B mạn), một khối u gan có đặc điểm hình ảnh học điển hình ""ngấm thuốc nhanh, thải thuốc nhanh"" (wash- in, wash-out) trên CT scan hoặc MRI là đủ tiêu chuẩn để chẩn đoán xác định Ung thư biểu mô tế bào gan (HCC) mà không cần sinh thiết, theo hướng dẫn của AASLD và EASL."
noi-ung-thu-gan-case-1-2,noi,Ung thư gan,Tiêu hoá,"Bệnh nhân nam 65 tuổi, nông dân, có tiền sử viêm gan B mạn tính được phát hiện 10 năm nay nhưng không theo dõi và điều trị thường xuyên. Bệnh nhân đi khám sức khỏe định kỳ, hoàn toàn không có triệu chứng cơ năng, không đau bụng, không sụt cân, ăn uống tốt. Khám lâm sàng bệnh nhân tỉnh táo, thể trạng tốt, sinh hiệu ổn, SpO₂ 98% khí trời, BMI 23 kg/m². Khám thấy da niêm mạc không vàng, không có sao mạch hay lòng bàn tay son, bụng mềm, gan lách không sờ thấy, không có cổ trướng hay phù. Khám các cơ quan khác chưa phát hiện bất thường. Kết quả xét nghiệm máu: HBsAg dương tính, HBeAg âm tính, anti-HBe dương tính, HBV DNA 1500 IU/mL; Hemoglobin 135 g/L, tiểu cầu 160 G/L; Albumin máu 42 g/L; Bilirubin toàn phần 15 µmol/L; PT(INR) 1.0. Siêu âm bụng tầm soát phát hiện ở hạ phân thùy VIII gan phải có một khối u đặc, tăng âm, kích thước 2.5 cm, bờ rõ. Bệnh nhân được chỉ định chụp CT ổ bụng 4 thì, kết quả cho thấy khối u ngấm thuốc rất mạnh ở thì động mạch và thải thuốc nhanh ở thì tĩnh mạch (dấu hiệu ""wash-out""), không có bằng chứng xâm lấn mạch máu hay di căn xa.",Cơ chế bệnh sinh chính dẫn đến sự phát triển của HCC trên nền viêm gan B mạn tính là gì?,Tác dụng độc trực tiếp của thuốc kháng virus.,Tình trạng ứ mật mạn tính gây độc cho tế bào gan.,Sự lắng đọng sắt quá mức trong nhu mô gan.,"Sự tích hợp của HBV DNA vào bộ gen của tế bào gan, gây mất ổn định gen và hoạt hóa các gen sinh ung thư.",,d,"Virus viêm gan B (HBV) là một virus DNA có khả năng gây ung thư trực tiếp. HBV DNA có thể tích hợp vào bộ gen của tế bào chủ, gây ra sự mất ổn định, đột biến gen (ví dụ gen p53) và hoạt hóa các con đường tín hiệu sinh ung. Quá trình viêm mạn tính và tái tạo tế bào liên tục cũng góp phần làm tăng nguy cơ phát sinh đột biến."
noi-ung-thu-gan-case-1-3,noi,Ung thư gan,Tiêu hoá,"Bệnh nhân nam 65 tuổi, nông dân, có tiền sử viêm gan B mạn tính được phát hiện 10 năm nay nhưng không theo dõi và điều trị thường xuyên. Bệnh nhân đi khám sức khỏe định kỳ, hoàn toàn không có triệu chứng cơ năng, không đau bụng, không sụt cân, ăn uống tốt. Khám lâm sàng bệnh nhân tỉnh táo, thể trạng tốt, sinh hiệu ổn, SpO₂ 98% khí trời, BMI 23 kg/m². Khám thấy da niêm mạc không vàng, không có sao mạch hay lòng bàn tay son, bụng mềm, gan lách không sờ thấy, không có cổ trướng hay phù. Khám các cơ quan khác chưa phát hiện bất thường. Kết quả xét nghiệm máu: HBsAg dương tính, HBeAg âm tính, anti-HBe dương tính, HBV DNA 1500 IU/mL; Hemoglobin 135 g/L, tiểu cầu 160 G/L; Albumin máu 42 g/L; Bilirubin toàn phần 15 µmol/L; PT(INR) 1.0. Siêu âm bụng tầm soát phát hiện ở hạ phân thùy VIII gan phải có một khối u đặc, tăng âm, kích thước 2.5 cm, bờ rõ. Bệnh nhân được chỉ định chụp CT ổ bụng 4 thì, kết quả cho thấy khối u ngấm thuốc rất mạnh ở thì động mạch và thải thuốc nhanh ở thì tĩnh mạch (dấu hiệu ""wash-out""), không có bằng chứng xâm lấn mạch máu hay di căn xa.","Theo hệ thống phân giai đoạn Barcelona Clinic Liver Cancer (BCLC), bệnh nhân này được xếp vào giai đoạn nào?",Giai đoạn C (tiến triển).,Giai đoạn B (trung gian).,Giai đoạn 0 (rất sớm).,Giai đoạn A (sớm).,,c,"Bệnh nhân có khối u đơn độc ≤ 2 cm, tổng trạng tốt (ECOG 0) và chức năng gan được bảo tồn hoàn toàn (Child-Pugh A), phù hợp với tiêu chuẩn của BCLC giai đoạn 0 (giai đoạn rất sớm)."
noi-ung-thu-gan-case-1-4,noi,Ung thư gan,Tiêu hoá,"Bệnh nhân nam 65 tuổi, nông dân, có tiền sử viêm gan B mạn tính được phát hiện 10 năm nay nhưng không theo dõi và điều trị thường xuyên. Bệnh nhân đi khám sức khỏe định kỳ, hoàn toàn không có triệu chứng cơ năng, không đau bụng, không sụt cân, ăn uống tốt. Khám lâm sàng bệnh nhân tỉnh táo, thể trạng tốt, sinh hiệu ổn, SpO₂ 98% khí trời, BMI 23 kg/m². Khám thấy da niêm mạc không vàng, không có sao mạch hay lòng bàn tay son, bụng mềm, gan lách không sờ thấy, không có cổ trướng hay phù. Khám các cơ quan khác chưa phát hiện bất thường. Kết quả xét nghiệm máu: HBsAg dương tính, HBeAg âm tính, anti-HBe dương tính, HBV DNA 1500 IU/mL; Hemoglobin 135 g/L, tiểu cầu 160 G/L; Albumin máu 42 g/L; Bilirubin toàn phần 15 µmol/L; PT(INR) 1.0. Siêu âm bụng tầm soát phát hiện ở hạ phân thùy VIII gan phải có một khối u đặc, tăng âm, kích thước 2.5 cm, bờ rõ. Bệnh nhân được chỉ định chụp CT ổ bụng 4 thì, kết quả cho thấy khối u ngấm thuốc rất mạnh ở thì động mạch và thải thuốc nhanh ở thì tĩnh mạch (dấu hiệu ""wash-out""), không có bằng chứng xâm lấn mạch máu hay di căn xa.",Xét nghiệm nào sau đây là chất chỉ điểm khối u (tumor marker) được sử dụng phổ biến nhất trong chẩn đoán và theo dõi HCC?,AFP (Alpha-fetoprotein).,PSA (Prostate-specific antigen).,CEA (Carcinoembryonic antigen).,CA 19-9.,,a,"AFP là chất chỉ điểm khối u kinh điển cho HCC. Mặc dù độ nhạy và độ đặc hiệu không hoàn hảo (nhiều trường hợp HCC không tăng AFP), nó vẫn rất hữu ích trong sàng lọc, chẩn đoán (khi tăng rất cao) và đặc biệt là theo dõi đáp ứng điều trị và phát hiện tái phát."
noi-ung-thu-gan-case-1-5,noi,Ung thư gan,Tiêu hoá,"Bệnh nhân nam 65 tuổi, nông dân, có tiền sử viêm gan B mạn tính được phát hiện 10 năm nay nhưng không theo dõi và điều trị thường xuyên. Bệnh nhân đi khám sức khỏe định kỳ, hoàn toàn không có triệu chứng cơ năng, không đau bụng, không sụt cân, ăn uống tốt. Khám lâm sàng bệnh nhân tỉnh táo, thể trạng tốt, sinh hiệu ổn, SpO₂ 98% khí trời, BMI 23 kg/m². Khám thấy da niêm mạc không vàng, không có sao mạch hay lòng bàn tay son, bụng mềm, gan lách không sờ thấy, không có cổ trướng hay phù. Khám các cơ quan khác chưa phát hiện bất thường. Kết quả xét nghiệm máu: HBsAg dương tính, HBeAg âm tính, anti-HBe dương tính, HBV DNA 1500 IU/mL; Hemoglobin 135 g/L, tiểu cầu 160 G/L; Albumin máu 42 g/L; Bilirubin toàn phần 15 µmol/L; PT(INR) 1.0. Siêu âm bụng tầm soát phát hiện ở hạ phân thùy VIII gan phải có một khối u đặc, tăng âm, kích thước 2.5 cm, bờ rõ. Bệnh nhân được chỉ định chụp CT ổ bụng 4 thì, kết quả cho thấy khối u ngấm thuốc rất mạnh ở thì động mạch và thải thuốc nhanh ở thì tĩnh mạch (dấu hiệu ""wash-out""), không có bằng chứng xâm lấn mạch máu hay di căn xa.","Với một khối u đơn độc 2.5 cm trên nền gan còn bù tốt, phương pháp điều trị triệt để nào là lựa chọn tối ưu cho bệnh nhân này?",Chăm sóc giảm nhẹ.,Hóa trị toàn thân.,Phẫu thuật cắt gan hoặc phá hủy khối u tại chỗ (RFA).,Nút mạch hóa chất (TACE).,,c,"Đối với HCC giai đoạn rất sớm hoặc sớm (BCLC 0, A), các phương pháp điều trị triệt để được ưu tiên hàng đầu. Phẫu thuật cắt gan là lựa chọn lý tưởng nếu vị trí khối u cho phép và chức năng gan đủ tốt. Phá hủy khối u tại chỗ bằng sóng cao tần (RFA) là một lựa chọn thay thế hiệu quả, đặc biệt với các khối u nhỏ (< 3 cm)."
noi-ung-thu-gan-case-2-1,noi,Ung thư gan,Tiêu hoá,"Bệnh nhân nam 60 tuổi, có tiền sử uống rượu nặng (trên 300ml/ngày) trong 30 năm, vào viện vì đau bụng và sụt cân. Khoảng 3 tháng nay, bệnh nhân cảm thấy đau âm ỉ liên tục vùng hạ sườn phải, mệt mỏi, chán ăn, và sút khoảng 8 kg. Gần đây, bệnh nhân thấy bụng chướng dần, vàng mắt và phù hai chân. Tiền sử không ghi nhận viêm gan virus. Khám lâm sàng bệnh nhân tỉnh, thể trạng suy kiệt, da củng mạc mắt vàng đậm, có nhiều sao mạch ở ngực. Sinh hiệu ổn. Bụng chướng căng, tuần hoàn bàng hệ cửa-chủ, có dịch cổ trướng độ III. Khám thấy gan to, cứng, bề mặt gồ ghề, ấn đau. Lách to 2 cm dưới sườn. Phù mềm hai chi dưới. Cận lâm sàng: Hemoglobin 98 g/L, tiểu cầu 75 G/L; Albumin máu 24 g/L; Bilirubin toàn phần 85 µmol/L; PT(INR) 1.7. Xét nghiệm AFP tăng rất cao 1500 ng/mL. Siêu âm bụng cho thấy gan thô, bờ không đều, có nhiều khối u đặc ở cả hai thùy gan, khối lớn nhất ở gan phải kích thước 8 cm, có hình ảnh huyết khối trong nhánh phải tĩnh mạch cửa.",Nguyên nhân gây bệnh gan mạn tính và HCC ở bệnh nhân này là gì?,Bệnh gan nhiễm mỡ không do rượu (NASH).,Xơ gan do rượu.,Viêm gan virus C.,Bệnh Wilson.,,b,"Tiền sử uống rượu nặng kéo dài cùng với các dấu hiệu lâm sàng và cận lâm sàng của bệnh gan mạn tính mất bù (vàng da, cổ trướng, suy chức năng tổng hợp) là bằng chứng rõ ràng của xơ gan do rượu. Đây là nền tảng phát triển HCC ở bệnh nhân này."
noi-ung-thu-gan-case-2-2,noi,Ung thư gan,Tiêu hoá,"Bệnh nhân nam 60 tuổi, có tiền sử uống rượu nặng (trên 300ml/ngày) trong 30 năm, vào viện vì đau bụng và sụt cân. Khoảng 3 tháng nay, bệnh nhân cảm thấy đau âm ỉ liên tục vùng hạ sườn phải, mệt mỏi, chán ăn, và sút khoảng 8 kg. Gần đây, bệnh nhân thấy bụng chướng dần, vàng mắt và phù hai chân. Tiền sử không ghi nhận viêm gan virus. Khám lâm sàng bệnh nhân tỉnh, thể trạng suy kiệt, da củng mạc mắt vàng đậm, có nhiều sao mạch ở ngực. Sinh hiệu ổn. Bụng chướng căng, tuần hoàn bàng hệ cửa-chủ, có dịch cổ trướng độ III. Khám thấy gan to, cứng, bề mặt gồ ghề, ấn đau. Lách to 2 cm dưới sườn. Phù mềm hai chi dưới. Cận lâm sàng: Hemoglobin 98 g/L, tiểu cầu 75 G/L; Albumin máu 24 g/L; Bilirubin toàn phần 85 µmol/L; PT(INR) 1.7. Xét nghiệm AFP tăng rất cao 1500 ng/mL. Siêu âm bụng cho thấy gan thô, bờ không đều, có nhiều khối u đặc ở cả hai thùy gan, khối lớn nhất ở gan phải kích thước 8 cm, có hình ảnh huyết khối trong nhánh phải tĩnh mạch cửa.",Cơ chế chính gây HCC trong xơ gan do rượu là gì?,Sự ứ đọng các sản phẩm chuyển hóa của rượu trong tế bào gan.,Tăng áp lực tĩnh mạch cửa gây thiếu oxy tế bào gan.,"Tình trạng viêm mạn tính, stress oxy hóa và quá trình tái tạo tế bào liên tục trong môi trường gan xơ.",Tác động gây đột biến gen trực tiếp của ethanol.,,c,"Ethanol và các chất chuyển hóa của nó (như acetaldehyde) gây độc trực tiếp cho tế bào gan. Tuy nhiên, cơ chế chính gây ung thư là gián tiếp: quá trình viêm và hoại tử tế bào gan mạn tính do rượu dẫn đến xơ hóa. Môi trường xơ hóa, viêm và stress oxy hóa liên tục thúc đẩy sự tăng sinh và tái tạo tế bào gan, làm tăng nguy cơ phát sinh các đột biến gen ngẫu nhiên và cuối cùng là hình thành khối u."
noi-ung-thu-gan-case-2-3,noi,Ung thư gan,Tiêu hoá,"Bệnh nhân nam 60 tuổi, có tiền sử uống rượu nặng (trên 300ml/ngày) trong 30 năm, vào viện vì đau bụng và sụt cân. Khoảng 3 tháng nay, bệnh nhân cảm thấy đau âm ỉ liên tục vùng hạ sườn phải, mệt mỏi, chán ăn, và sút khoảng 8 kg. Gần đây, bệnh nhân thấy bụng chướng dần, vàng mắt và phù hai chân. Tiền sử không ghi nhận viêm gan virus. Khám lâm sàng bệnh nhân tỉnh, thể trạng suy kiệt, da củng mạc mắt vàng đậm, có nhiều sao mạch ở ngực. Sinh hiệu ổn. Bụng chướng căng, tuần hoàn bàng hệ cửa-chủ, có dịch cổ trướng độ III. Khám thấy gan to, cứng, bề mặt gồ ghề, ấn đau. Lách to 2 cm dưới sườn. Phù mềm hai chi dưới. Cận lâm sàng: Hemoglobin 98 g/L, tiểu cầu 75 G/L; Albumin máu 24 g/L; Bilirubin toàn phần 85 µmol/L; PT(INR) 1.7. Xét nghiệm AFP tăng rất cao 1500 ng/mL. Siêu âm bụng cho thấy gan thô, bờ không đều, có nhiều khối u đặc ở cả hai thùy gan, khối lớn nhất ở gan phải kích thước 8 cm, có hình ảnh huyết khối trong nhánh phải tĩnh mạch cửa.",Tình trạng huyết khối tĩnh mạch cửa ở bệnh nhân này được phân loại là gì?,Huyết khối tĩnh mạch cửa ác tính (xâm lấn của khối u).,Tăng đông do xơ gan.,Phản ứng viêm của thành tĩnh mạch.,Huyết khối lành tính.,,a,Sự hiện diện của huyết khối trong tĩnh mạch cửa ở bệnh nhân HCC gần như chắc chắn là do các tế bào u xâm lấn trực tiếp vào lòng mạch. Đây là một dấu hiệu của bệnh ở giai đoạn tiến c.aspx?sourcedoc={186352b6-90cf-40c9-ba19-ae84e248ef20}&action=vie… 1/12 triển và là một yếu tố tiên lượng rất xấu.
noi-ung-thu-gan-case-2-4,noi,Ung thư gan,Tiêu hoá,"Bệnh nhân nam 60 tuổi, có tiền sử uống rượu nặng (trên 300ml/ngày) trong 30 năm, vào viện vì đau bụng và sụt cân. Khoảng 3 tháng nay, bệnh nhân cảm thấy đau âm ỉ liên tục vùng hạ sườn phải, mệt mỏi, chán ăn, và sút khoảng 8 kg. Gần đây, bệnh nhân thấy bụng chướng dần, vàng mắt và phù hai chân. Tiền sử không ghi nhận viêm gan virus. Khám lâm sàng bệnh nhân tỉnh, thể trạng suy kiệt, da củng mạc mắt vàng đậm, có nhiều sao mạch ở ngực. Sinh hiệu ổn. Bụng chướng căng, tuần hoàn bàng hệ cửa-chủ, có dịch cổ trướng độ III. Khám thấy gan to, cứng, bề mặt gồ ghề, ấn đau. Lách to 2 cm dưới sườn. Phù mềm hai chi dưới. Cận lâm sàng: Hemoglobin 98 g/L, tiểu cầu 75 G/L; Albumin máu 24 g/L; Bilirubin toàn phần 85 µmol/L; PT(INR) 1.7. Xét nghiệm AFP tăng rất cao 1500 ng/mL. Siêu âm bụng cho thấy gan thô, bờ không đều, có nhiều khối u đặc ở cả hai thùy gan, khối lớn nhất ở gan phải kích thước 8 cm, có hình ảnh huyết khối trong nhánh phải tĩnh mạch cửa.","Dựa vào đặc điểm khối u và tình trạng lâm sàng, bệnh nhân được xếp vào giai đoạn nào theo BCLC?",Giai đoạn B (trung gian).,Giai đoạn D (cuối). https://onedrive.live.com/personal/2672550e42ddc7d4/_layouts/15/D,Giai đoạn A (sớm).,Giai đoạn C (tiến triển).,,d,"Bệnh nhân có khối u xâm lấn mạch máu (huyết khối tĩnh mạch cửa) và có thể đã có biểu hiện toàn thân (sụt cân). Theo hệ thống phân loại BCLC, bất kỳ bệnh nhân HCC nào có xâm lấn mạch máu hoặc di căn ngoài gan đều được xếp vào giai đoạn C (giai đoạn tiến triển)."
noi-ung-thu-gan-case-2-5,noi,Ung thư gan,Tiêu hoá,"Bệnh nhân nam 60 tuổi, có tiền sử uống rượu nặng (trên 300ml/ngày) trong 30 năm, vào viện vì đau bụng và sụt cân. Khoảng 3 tháng nay, bệnh nhân cảm thấy đau âm ỉ liên tục vùng hạ sườn phải, mệt mỏi, chán ăn, và sút khoảng 8 kg. Gần đây, bệnh nhân thấy bụng chướng dần, vàng mắt và phù hai chân. Tiền sử không ghi nhận viêm gan virus. Khám lâm sàng bệnh nhân tỉnh, thể trạng suy kiệt, da củng mạc mắt vàng đậm, có nhiều sao mạch ở ngực. Sinh hiệu ổn. Bụng chướng căng, tuần hoàn bàng hệ cửa-chủ, có dịch cổ trướng độ III. Khám thấy gan to, cứng, bề mặt gồ ghề, ấn đau. Lách to 2 cm dưới sườn. Phù mềm hai chi dưới. Cận lâm sàng: Hemoglobin 98 g/L, tiểu cầu 75 G/L; Albumin máu 24 g/L; Bilirubin toàn phần 85 µmol/L; PT(INR) 1.7. Xét nghiệm AFP tăng rất cao 1500 ng/mL. Siêu âm bụng cho thấy gan thô, bờ không đều, có nhiều khối u đặc ở cả hai thùy gan, khối lớn nhất ở gan phải kích thước 8 cm, có hình ảnh huyết khối trong nhánh phải tĩnh mạch cửa.",Lựa chọn điều trị nào là phù hợp nhất cho bệnh nhân ở giai đoạn này?,"Điều trị toàn thân bằng liệu pháp nhắm trúng đích (ví dụ: Sorafenib, Lenvatinib).",Ghép gan.,Nút mạch hóa chất (TACE).,Phẫu thuật cắt gan.,,a,"Đối với HCC giai đoạn C, các phương pháp điều trị tại chỗ- tại vùng như phẫu thuật hay TACE không còn phù hợp và có thể gây hại. Điều trị chuẩn là các liệu pháp toàn thân, bao gồm các thuốc ức chế tyrosine kinase (TKI) như Sorafenib, Lenvatinib hoặc liệu pháp miễn dịch (ví dụ Atezolizumab + Bevacizumab), nhằm mục đích kiểm soát sự phát triển của khối u và kéo dài thời gian sống cho bệnh nhân."
noi-ung-thu-gan-case-3-1,noi,Ung thư gan,Tiêu hoá,"Bệnh nhân nữ 68 tuổi, tiền sử xơ gan do viêm gan C (đã điều trị khỏi virus bằng DAAs), được theo dõi định kỳ. Lần khám này, siêu âm phát hiện 3 khối u ở gan phải, kích thước lần lượt là 2.5 cm, 3 cm và 3.5 cm. Bệnh nhân hoàn toàn không có triệu chứng, tổng trạng tốt (ECOG 0). Chức năng gan được bảo tồn, thuộc nhóm Child-Pugh A. Xét nghiệm AFP 25 ng/mL. Chụp MRI ổ bụng xác nhận 3 khối u có đặc điểm điển hình của HCC, không có xâm lấn mạch máu hay di căn xa.","Mặc dù đã điều trị khỏi HCV, tại sao bệnh nhân vẫn có nguy cơ phát triển HCC?",Do nhiễm một loại virus gây ung thư khác.,Do virus HCV tái hoạt động.,Do thuốc điều trị HCV gây ung thư.,"Do gan đã ở giai đoạn xơ, quá trình xơ hóa và nguy cơ sinh ung vẫn còn tồn tại.",,d,"Việc điều trị thành công HCV (đạt SVR) làm giảm đáng kể nguy cơ HCC, nhưng không loại bỏ hoàn toàn, đặc biệt ở những bệnh nhân đã có xơ gan hoặc xơ hóa nặng. Gan đã bị tổn thương cấu trúc, môi trường viêm và xơ hóa vẫn là một mảnh đất màu mỡ cho sự phát triển của ung thư. Do đó, những bệnh nhân này vẫn phải được tầm soát HCC định kỳ."
noi-ung-thu-gan-case-3-2,noi,Ung thư gan,Tiêu hoá,"Bệnh nhân nữ 68 tuổi, tiền sử xơ gan do viêm gan C (đã điều trị khỏi virus bằng DAAs), được theo dõi định kỳ. Lần khám này, siêu âm phát hiện 3 khối u ở gan phải, kích thước lần lượt là 2.5 cm, 3 cm và 3.5 cm. Bệnh nhân hoàn toàn không có triệu chứng, tổng trạng tốt (ECOG 0). Chức năng gan được bảo tồn, thuộc nhóm Child-Pugh A. Xét nghiệm AFP 25 ng/mL. Chụp MRI ổ bụng xác nhận 3 khối u có đặc điểm điển hình của HCC, không có xâm lấn mạch máu hay di căn xa.",Cơ chế chính gây HCC do viêm gan C là gì?,Ức chế hệ thống miễn dịch của cơ thể.,Tích hợp bộ gen của virus vào bộ gen tế bào gan.,"Chủ yếu là cơ chế gián tiếp thông qua quá trình viêm mạn tính, hoại tử, tái tạo tế bào và xơ hóa.",Gây ra tình trạng ứ mật dẫn đến ung thư đường mật.,,c,"Khác với HBV, HCV là một virus RNA và không tích hợp vào bộ gen của tế bào chủ. Cơ chế gây ung thư của nó chủ yếu là gián tiếp. Quá trình nhiễm virus mạn tính gây ra chu kỳ viêm-hoại tử-tái tạo tế bào gan liên tục trong nhiều năm, dẫn đến xơ hóa và tăng nguy cơ phát sinh đột biến trong quá trình phân bào, cuối cùng hình thành HCC."
noi-ung-thu-gan-case-3-3,noi,Ung thư gan,Tiêu hoá,"Bệnh nhân nữ 68 tuổi, tiền sử xơ gan do viêm gan C (đã điều trị khỏi virus bằng DAAs), được theo dõi định kỳ. Lần khám này, siêu âm phát hiện 3 khối u ở gan phải, kích thước lần lượt là 2.5 cm, 3 cm và 3.5 cm. Bệnh nhân hoàn toàn không có triệu chứng, tổng trạng tốt (ECOG 0). Chức năng gan được bảo tồn, thuộc nhóm Child-Pugh A. Xét nghiệm AFP 25 ng/mL. Chụp MRI ổ bụng xác nhận 3 khối u có đặc điểm điển hình của HCC, không có xâm lấn mạch máu hay di căn xa.","Theo hệ thống phân loại BCLC, bệnh nhân này thuộc giai đoạn nào?",Giai đoạn A (sớm).,Giai đoạn C (tiến triển).,Giai đoạn D (cuối).,Giai đoạn B (trung gian).,,d,"Bệnh nhân có nhiều khối u (>3 khối hoặc 1 khối > 5cm), không thể điều trị triệt để bằng phẫu thuật hay RFA, nhưng tổng trạng vẫn tốt và chưa có xâm lấn mạch máu hay di căn. Theo BCLC, đây là giai đoạn trung gian (BCLC B)."
noi-ung-thu-gan-case-3-4,noi,Ung thư gan,Tiêu hoá,"Bệnh nhân nữ 68 tuổi, tiền sử xơ gan do viêm gan C (đã điều trị khỏi virus bằng DAAs), được theo dõi định kỳ. Lần khám này, siêu âm phát hiện 3 khối u ở gan phải, kích thước lần lượt là 2.5 cm, 3 cm và 3.5 cm. Bệnh nhân hoàn toàn không có triệu chứng, tổng trạng tốt (ECOG 0). Chức năng gan được bảo tồn, thuộc nhóm Child-Pugh A. Xét nghiệm AFP 25 ng/mL. Chụp MRI ổ bụng xác nhận 3 khối u có đặc điểm điển hình của HCC, không có xâm lấn mạch máu hay di căn xa.",Phương pháp điều trị nào được xem là lựa chọn hàng đầu cho bệnh nhân HCC ở giai đoạn này?,Xạ trị chiếu ngoài.,Phẫu thuật cắt gan.,Điều trị toàn thân bằng Sorafenib.,Nút mạch hóa chất (Transarterial Chemoembolization - TACE).,,d,"TACE là phương pháp điều trị chuẩn và được lựa chọn hàng đầu cho bệnh nhân HCC giai đoạn BCLC B. Phương pháp này giúp kiểm soát sự phát triển của khối u, cải thiện triệu chứng và kéo dài thời gian sống."
noi-ung-thu-gan-case-3-5,noi,Ung thư gan,Tiêu hoá,"Bệnh nhân nữ 68 tuổi, tiền sử xơ gan do viêm gan C (đã điều trị khỏi virus bằng DAAs), được theo dõi định kỳ. Lần khám này, siêu âm phát hiện 3 khối u ở gan phải, kích thước lần lượt là 2.5 cm, 3 cm và 3.5 cm. Bệnh nhân hoàn toàn không có triệu chứng, tổng trạng tốt (ECOG 0). Chức năng gan được bảo tồn, thuộc nhóm Child-Pugh A. Xét nghiệm AFP 25 ng/mL. Chụp MRI ổ bụng xác nhận 3 khối u có đặc điểm điển hình của HCC, không có xâm lấn mạch máu hay di căn xa.",Mục đích chính của phương pháp TACE là gì?,Giảm áp lực tĩnh mạch cửa.,Gây tắc động mạch cấp máu cho khối u và đưa hóa chất nồng độ cao vào khối u một cách chọn lọc.,Kích thích hệ miễn dịch của cơ thể chống lại khối u.,Tiêu diệt virus viêm gan C còn sót lại.,,b,"HCC là khối u rất giàu mạch máu, chủ yếu nhận máu từ động mạch gan. TACE lợi dụng đặc điểm này bằng cách đưa một ống thông nhỏ qua đường động mạch đến tận các nhánh cấp máu cho khối u. Sau đó, các hạt vi cầu trộn với hóa chất được bơm vào để làm tắc các mạch máu này (gây thiếu máu hoại tử u) và đồng thời giải phóng hóa chất nồng độ cao ngay tại khối u, tăng hiệu quả điều trị và giảm độc tính toàn thân."
noi-ung-thu-gan-case-4-1,noi,Ung thư gan,Tiêu hoá,"Bệnh nhân nữ 22 tuổi, không có tiền sử bệnh gan hay uống rượu, đến khám vì đau bụng âm ỉ vùng hạ sườn phải. Bệnh nhân hoàn toàn khỏe mạnh trước đó. Khám lâm sàng không phát hiện dấu hiệu bệnh gan mạn tính. Siêu âm bụng phát hiện một khối u lớn, giới hạn rõ, kích thước 10 cm ở gan phải. Xét nghiệm chức năng gan bình thường, HBsAg và anti-HCV âm tính. AFP ở mức bình thường (5 ng/mL). Chụp MRI ổ bụng có tiêm thuốc đối quang đặc hiệu cho gan cho thấy một khối u lớn, có vỏ bao, ngấm thuốc không đồng nhất, với một sẹo xơ trung tâm không ngấm thuốc ở thì muộn. Bệnh nhân được phẫu thuật cắt gan. Kết quả giải phẫu bệnh là Ung thư biểu mô tế bào gan thể xơ dẹt (Fibrolamellar HCC).",Đặc điểm dịch tễ học nào là điển hình của Fibrolamellar HCC (FL-HCC)?,Chỉ xảy ra ở nam giới.,Luôn liên quan đến nhiễm virus viêm gan B. https://onedrive.live.com/personal/2672550e42ddc7d4/_layouts/15/D,Thường xảy ra ở người lớn tuổi có nền gan xơ.,"Thường xảy ra ở trẻ em và người trẻ tuổi, không có bệnh gan nền.",,d,"FL-HCC là một biến thể hiếm gặp của HCC, có đặc điểm dịch tễ và sinh học phân tử riêng biệt. Nó thường xuất hiện ở người trẻ (tuổi trung bình 20-40), không phân biệt giới tính, và đặc biệt là c.aspx?sourcedoc={186352b6-90cf-40c9-ba19-ae84e248ef20}&action=vie… 2/12 không có liên quan đến xơ gan hay các bệnh gan mạn tính khác."
noi-ung-thu-gan-case-4-2,noi,Ung thư gan,Tiêu hoá,"Bệnh nhân nữ 22 tuổi, không có tiền sử bệnh gan hay uống rượu, đến khám vì đau bụng âm ỉ vùng hạ sườn phải. Bệnh nhân hoàn toàn khỏe mạnh trước đó. Khám lâm sàng không phát hiện dấu hiệu bệnh gan mạn tính. Siêu âm bụng phát hiện một khối u lớn, giới hạn rõ, kích thước 10 cm ở gan phải. Xét nghiệm chức năng gan bình thường, HBsAg và anti-HCV âm tính. AFP ở mức bình thường (5 ng/mL). Chụp MRI ổ bụng có tiêm thuốc đối quang đặc hiệu cho gan cho thấy một khối u lớn, có vỏ bao, ngấm thuốc không đồng nhất, với một sẹo xơ trung tâm không ngấm thuốc ở thì muộn. Bệnh nhân được phẫu thuật cắt gan. Kết quả giải phẫu bệnh là Ung thư biểu mô tế bào gan thể xơ dẹt (Fibrolamellar HCC).",Cơ chế bệnh sinh của FL-HCC được cho là liên quan đến sự dung hợp của gen nào?,Gen BCR và gen ABL.,Gen p53 và gen Rb.,Gen B-raf và gen Ras.,Gen DNAJB1 và gen PRKACA.,,d,"Nghiên cứu đã chỉ ra rằng hầu hết các trường hợp FL-HCC đều có một đột biến gen đặc trưng là sự dung hợp giữa gen DNAJB1 và PRKACA, tạo ra một protein kinase bất thường, được cho là yếu tố khởi phát quá trình sinh ung."
noi-ung-thu-gan-case-4-3,noi,Ung thư gan,Tiêu hoá,"Bệnh nhân nữ 22 tuổi, không có tiền sử bệnh gan hay uống rượu, đến khám vì đau bụng âm ỉ vùng hạ sườn phải. Bệnh nhân hoàn toàn khỏe mạnh trước đó. Khám lâm sàng không phát hiện dấu hiệu bệnh gan mạn tính. Siêu âm bụng phát hiện một khối u lớn, giới hạn rõ, kích thước 10 cm ở gan phải. Xét nghiệm chức năng gan bình thường, HBsAg và anti-HCV âm tính. AFP ở mức bình thường (5 ng/mL). Chụp MRI ổ bụng có tiêm thuốc đối quang đặc hiệu cho gan cho thấy một khối u lớn, có vỏ bao, ngấm thuốc không đồng nhất, với một sẹo xơ trung tâm không ngấm thuốc ở thì muộn. Bệnh nhân được phẫu thuật cắt gan. Kết quả giải phẫu bệnh là Ung thư biểu mô tế bào gan thể xơ dẹt (Fibrolamellar HCC).",Tại sao AFP thường không tăng trong FL-HCC?,Vì khối u quá nhỏ.,Vì đây không phải là ung thư có nguồn gốc từ tế bào gan.,Vì đây là một loại ung thư biệt hóa tốt hơn so với HCC thông thường.,Vì khối u phát triển quá nhanh.,,c,Nồng độ AFP trong huyết thanh thường ở mức bình thường hoặc chỉ tăng nhẹ ở bệnh nhân FL- HCC. Điều này có thể phản ánh bản chất sinh học khác biệt và mức độ biệt hóa tốt hơn của loại ung thư này so với HCC kinh điển.
noi-ung-thu-gan-case-4-4,noi,Ung thư gan,Tiêu hoá,"Bệnh nhân nữ 22 tuổi, không có tiền sử bệnh gan hay uống rượu, đến khám vì đau bụng âm ỉ vùng hạ sườn phải. Bệnh nhân hoàn toàn khỏe mạnh trước đó. Khám lâm sàng không phát hiện dấu hiệu bệnh gan mạn tính. Siêu âm bụng phát hiện một khối u lớn, giới hạn rõ, kích thước 10 cm ở gan phải. Xét nghiệm chức năng gan bình thường, HBsAg và anti-HCV âm tính. AFP ở mức bình thường (5 ng/mL). Chụp MRI ổ bụng có tiêm thuốc đối quang đặc hiệu cho gan cho thấy một khối u lớn, có vỏ bao, ngấm thuốc không đồng nhất, với một sẹo xơ trung tâm không ngấm thuốc ở thì muộn. Bệnh nhân được phẫu thuật cắt gan. Kết quả giải phẫu bệnh là Ung thư biểu mô tế bào gan thể xơ dẹt (Fibrolamellar HCC).","So với HCC thông thường, FL-HCC thường có tiên lượng như thế nào khi ở cùng giai đoạn?",Tương tự nhau.,"Tốt hơn, do bệnh nhân thường trẻ, không có xơ gan và khối u đáp ứng tốt hơn với điều trị.",Không thể so sánh được.,Xấu hơn nhiều.,,b,"Nhìn chung, tiên lượng của FL-HCC tốt hơn so với HCC thông thường. Lý do là vì bệnh nhân thường trẻ, không có bệnh gan nền (chức năng gan tốt), cho phép áp dụng các phương pháp điều trị triệt để như phẫu thuật. Khối u cũng có xu hướng phát triển chậm hơn và ít xâm lấn hơn."
noi-ung-thu-gan-case-4-5,noi,Ung thư gan,Tiêu hoá,"Bệnh nhân nữ 22 tuổi, không có tiền sử bệnh gan hay uống rượu, đến khám vì đau bụng âm ỉ vùng hạ sườn phải. Bệnh nhân hoàn toàn khỏe mạnh trước đó. Khám lâm sàng không phát hiện dấu hiệu bệnh gan mạn tính. Siêu âm bụng phát hiện một khối u lớn, giới hạn rõ, kích thước 10 cm ở gan phải. Xét nghiệm chức năng gan bình thường, HBsAg và anti-HCV âm tính. AFP ở mức bình thường (5 ng/mL). Chụp MRI ổ bụng có tiêm thuốc đối quang đặc hiệu cho gan cho thấy một khối u lớn, có vỏ bao, ngấm thuốc không đồng nhất, với một sẹo xơ trung tâm không ngấm thuốc ở thì muộn. Bệnh nhân được phẫu thuật cắt gan. Kết quả giải phẫu bệnh là Ung thư biểu mô tế bào gan thể xơ dẹt (Fibrolamellar HCC).",Phương pháp điều trị nào có khả năng chữa khỏi bệnh cao nhất cho bệnh nhân FL-HCC?,Phẫu thuật cắt bỏ hoàn toàn khối u.,Điều trị đích.,Xạ trị.,Hóa trị toàn thân.,,a,"Do bệnh nhân thường có gan lành, phẫu thuật cắt bỏ triệt để khối u là phương pháp điều trị duy nhất có khả năng chữa khỏi bệnh. Ghép gan cũng có thể được xem xét trong một số trường hợp không thể cắt bỏ. Các liệu pháp toàn thân như hóa trị hay điều trị đích có hiệu quả rất hạn chế."
noi-ung-thu-gan-case-5-1,noi,Ung thư gan,Tiêu hoá,"Bệnh nhân nam 55 tuổi, xơ gan do rượu, được chẩn đoán HCC đa ổ ở gan phải, BCLC giai đoạn B, đã được nút mạch hóa chất (TACE) 2 lần. Lần khám này, bệnh nhân than phiền đau ngực phải và ho khan. Khám lâm sàng tổng trạng trung bình, không sốt. Phổi phải nghe rì rào phế nang giảm ở đáy, gõ đục. Chụp X-quang ngực cho thấy có hình ảnh tràn dịch màng phổi phải lượng vừa. CT scan ngực và bụng cho thấy các khối u ở gan vẫn còn hoạt tính, không có xâm lấn mạch máu lớn, nhưng xuất hiện nhiều nốt mờ ở cả hai phổi và hạch trung thất, phù hợp với di căn.",Tình trạng xuất hiện các tổn thương ở phổi và hạch trung thất được gọi là gì?,Di căn ngoài gan của HCC.,Ung thư phổi nguyên phát.,Nhiễm trùng cơ hội.,Bệnh lao phổi.,,a,"Sự xuất hiện của các tổn thương mới ở các cơ quan xa (phổi, hạch) ở một bệnh nhân đã có chẩn đoán HCC là bằng chứng của việc bệnh đã di căn ra ngoài gan."
noi-ung-thu-gan-case-5-2,noi,Ung thư gan,Tiêu hoá,"Bệnh nhân nam 55 tuổi, xơ gan do rượu, được chẩn đoán HCC đa ổ ở gan phải, BCLC giai đoạn B, đã được nút mạch hóa chất (TACE) 2 lần. Lần khám này, bệnh nhân than phiền đau ngực phải và ho khan. Khám lâm sàng tổng trạng trung bình, không sốt. Phổi phải nghe rì rào phế nang giảm ở đáy, gõ đục. Chụp X-quang ngực cho thấy có hình ảnh tràn dịch màng phổi phải lượng vừa. CT scan ngực và bụng cho thấy các khối u ở gan vẫn còn hoạt tính, không có xâm lấn mạch máu lớn, nhưng xuất hiện nhiều nốt mờ ở cả hai phổi và hạch trung thất, phù hợp với di căn.",Cơ chế nào là con đường di căn phổ biến nhất của HCC?,Di căn theo đường bạch huyết.,Gieo rắc trực tiếp trong ổ bụng.,Di căn theo đường máu.,Di căn theo dây thần kinh.,,c,"HCC là một khối u rất giàu mạch máu và có xu hướng xâm lấn vào các mạch máu trong gan (vi xâm lấn hoặc xâm lấn rõ rệt). Các tế bào ung thư sẽ theo dòng máu của tĩnh mạch gan, về tim và từ đó được bơm đi khắp cơ thể, gây ra di căn ở các cơ quan khác."
noi-ung-thu-gan-case-5-3,noi,Ung thư gan,Tiêu hoá,"Bệnh nhân nam 55 tuổi, xơ gan do rượu, được chẩn đoán HCC đa ổ ở gan phải, BCLC giai đoạn B, đã được nút mạch hóa chất (TACE) 2 lần. Lần khám này, bệnh nhân than phiền đau ngực phải và ho khan. Khám lâm sàng tổng trạng trung bình, không sốt. Phổi phải nghe rì rào phế nang giảm ở đáy, gõ đục. Chụp X-quang ngực cho thấy có hình ảnh tràn dịch màng phổi phải lượng vừa. CT scan ngực và bụng cho thấy các khối u ở gan vẫn còn hoạt tính, không có xâm lấn mạch máu lớn, nhưng xuất hiện nhiều nốt mờ ở cả hai phổi và hạch trung thất, phù hợp với di căn.",Cơ quan nào là vị trí di căn xa thường gặp nhất của HCC?,Não.,Phổi.,Tuyến thượng thận.,Xương.,,b,"Do sự dẫn lưu của tĩnh mạch gan về tuần hoàn hệ thống, phổi là ""trạm dừng chân"" đầu tiên và là cơ quan bị di căn thường xuyên nhất của HCC, tiếp theo là xương, tuyến thượng thận và não."
noi-ung-thu-gan-case-5-4,noi,Ung thư gan,Tiêu hoá,"Bệnh nhân nam 55 tuổi, xơ gan do rượu, được chẩn đoán HCC đa ổ ở gan phải, BCLC giai đoạn B, đã được nút mạch hóa chất (TACE) 2 lần. Lần khám này, bệnh nhân than phiền đau ngực phải và ho khan. Khám lâm sàng tổng trạng trung bình, không sốt. Phổi phải nghe rì rào phế nang giảm ở đáy, gõ đục. Chụp X-quang ngực cho thấy có hình ảnh tràn dịch màng phổi phải lượng vừa. CT scan ngực và bụng cho thấy các khối u ở gan vẫn còn hoạt tính, không có xâm lấn mạch máu lớn, nhưng xuất hiện nhiều nốt mờ ở cả hai phổi và hạch trung thất, phù hợp với di căn.","Khi bệnh nhân đã có di căn ngoài gan, giai đoạn bệnh theo BCLC được chuyển thành gì?",Giai đoạn D (cuối).,Vẫn là giai đoạn B.,Không thể phân giai đoạn được nữa.,Giai đoạn C (tiến triển).,,d,"Theo định nghĩa của hệ thống BCLC, bất kỳ bệnh nhân nào có bằng chứng của di căn ngoài gan hoặc xâm lấn mạch máu lớn (tĩnh mạch cửa, tĩnh mạch gan) đều được tự động xếp vào giai đoạn C (giai đoạn tiến triển), bất kể số lượng hay kích thước khối u trong gan."
noi-ung-thu-gan-case-5-5,noi,Ung thư gan,Tiêu hoá,"Bệnh nhân nam 55 tuổi, xơ gan do rượu, được chẩn đoán HCC đa ổ ở gan phải, BCLC giai đoạn B, đã được nút mạch hóa chất (TACE) 2 lần. Lần khám này, bệnh nhân than phiền đau ngực phải và ho khan. Khám lâm sàng tổng trạng trung bình, không sốt. Phổi phải nghe rì rào phế nang giảm ở đáy, gõ đục. Chụp X-quang ngực cho thấy có hình ảnh tràn dịch màng phổi phải lượng vừa. CT scan ngực và bụng cho thấy các khối u ở gan vẫn còn hoạt tính, không có xâm lấn mạch máu lớn, nhưng xuất hiện nhiều nốt mờ ở cả hai phổi và hạch trung thất, phù hợp với di căn.",Hướng xử trí tiếp theo cho bệnh nhân này là gì?,Chuyển sang điều trị toàn thân.,Xạ trị vào các nốt di căn ở phổi.,Tiếp tục nút mạch hóa chất (TACE).,Chăm sóc giảm nhẹ đơn thuần.,,a,"Khi bệnh đã ở giai đoạn C, các phương pháp điều trị tại chỗ- tại vùng như TACE không còn hiệu quả vì không thể kiểm soát được các tổn thương di căn. Bệnh nhân cần được chuyển sang các liệu pháp điều trị toàn thân (như thuốc ức chế TKI, liệu pháp miễn dịch) để làm chậm sự tiến triển của bệnh ở tất cả các vị trí."
noi-ung-thu-gan-case-6-1,noi,Ung thư gan,Tiêu hoá,"Bệnh nhân nam 59 tuổi, bị xơ gan do NASH (viêm gan nhiễm mỡ không do rượu) trên nền đái tháo đường và béo phì (BMI 32 kg/m²). Bệnh nhân được chẩn đoán HCC đơn độc, kích thước 4 cm ở gan trái (hạ phân thùy II, III), Child-Pugh A. Bệnh nhân được hội chẩn và có chỉ định phẫu thuật cắt gan. Tuy nhiên, đánh giá chức năng gan dự trữ sau cắt gan (FLR) cho thấy thể tích gan còn lại có thể không đủ. Bệnh nhân được đưa ra thảo luận về các lựa chọn điều trị khác.",Yếu tố nguy cơ nào là nguyên nhân chính gây ra bệnh gan và HCC ở bệnh nhân này?,Nhiễm virus viêm gan.,"Hội chứng chuyển hóa (béo phì, đái tháo đường).",Bệnh tự miễn.,Uống rượu. https://onedrive.live.com/personal/2672550e42ddc7d4/_layouts/15/D,,b,"Bệnh gan nhiễm mỡ không do rượu (NAFLD), đặc biệt là thể viêm (NASH), đang trở thành nguyên nhân hàng đầu gây bệnh gan mạn tính và HCC ở nhiều nước phát triển. Nó liên quan c.aspx?sourcedoc={186352b6-90cf-40c9-ba19-ae84e248ef20}&action=vie… 3/12 chặt chẽ với các thành tố của hội chứng chuyển hóa."
noi-ung-thu-gan-case-6-2,noi,Ung thư gan,Tiêu hoá,"Bệnh nhân nam 59 tuổi, bị xơ gan do NASH (viêm gan nhiễm mỡ không do rượu) trên nền đái tháo đường và béo phì (BMI 32 kg/m²). Bệnh nhân được chẩn đoán HCC đơn độc, kích thước 4 cm ở gan trái (hạ phân thùy II, III), Child-Pugh A. Bệnh nhân được hội chẩn và có chỉ định phẫu thuật cắt gan. Tuy nhiên, đánh giá chức năng gan dự trữ sau cắt gan (FLR) cho thấy thể tích gan còn lại có thể không đủ. Bệnh nhân được đưa ra thảo luận về các lựa chọn điều trị khác.","So với các nguyên nhân khác, HCC trên nền NASH có đặc điểm gì?",Thường là đa ổ ngay từ đầu.,Không đáp ứng với bất kỳ phương pháp điều trị nào.,Luôn có AFP tăng rất cao.,Có thể phát triển ngay cả trên nền gan chưa xơ.,,d,"Một đặc điểm đáng chú ý của HCC liên quan đến NASH là có một tỷ lệ đáng kể các trường hợp (lên đến 40%) phát triển trên nền gan chưa xơ hoặc chỉ xơ hóa nhẹ, khiến việc tầm soát trở nên khó khăn hơn."
noi-ung-thu-gan-case-6-3,noi,Ung thư gan,Tiêu hoá,"Bệnh nhân nam 59 tuổi, bị xơ gan do NASH (viêm gan nhiễm mỡ không do rượu) trên nền đái tháo đường và béo phì (BMI 32 kg/m²). Bệnh nhân được chẩn đoán HCC đơn độc, kích thước 4 cm ở gan trái (hạ phân thùy II, III), Child-Pugh A. Bệnh nhân được hội chẩn và có chỉ định phẫu thuật cắt gan. Tuy nhiên, đánh giá chức năng gan dự trữ sau cắt gan (FLR) cho thấy thể tích gan còn lại có thể không đủ. Bệnh nhân được đưa ra thảo luận về các lựa chọn điều trị khác.",Đánh giá chức năng gan dự trữ sau cắt gan (FLR - Future Liver Remnant) có mục đích gì?,Để đánh giá mức độ xâm lấn của khối u.,"Để đảm bảo phần gan còn lại đủ thể tích và chức năng để duy trì sự sống, tránh suy gan sau mổ.",Để quyết định loại hóa chất sẽ sử dụng.,Để tiên lượng khả năng tái phát của khối u.,,b,"Suy gan sau mổ là một biến chứng gây tử vong hàng đầu sau phẫu thuật cắt gan lớn. Việc đo lường thể tích gan còn lại (thường bằng CT Volumetry) là một bước cực kỳ quan trọng trong đánh giá trước mổ để đảm bảo bệnh nhân không bị ""cắt gan quá nhiều"" và phần gan còn lại đủ để đảm đương chức năng."
noi-ung-thu-gan-case-6-4,noi,Ung thư gan,Tiêu hoá,"Bệnh nhân nam 59 tuổi, bị xơ gan do NASH (viêm gan nhiễm mỡ không do rượu) trên nền đái tháo đường và béo phì (BMI 32 kg/m²). Bệnh nhân được chẩn đoán HCC đơn độc, kích thước 4 cm ở gan trái (hạ phân thùy II, III), Child-Pugh A. Bệnh nhân được hội chẩn và có chỉ định phẫu thuật cắt gan. Tuy nhiên, đánh giá chức năng gan dự trữ sau cắt gan (FLR) cho thấy thể tích gan còn lại có thể không đủ. Bệnh nhân được đưa ra thảo luận về các lựa chọn điều trị khác.","Đối với bệnh nhân này (khối u 4cm, Child A, nhưng không phù hợp cho phẫu thuật), phương pháp điều trị triệt để nào có thể được xem xét?",Theo dõi thêm.,Ghép gan.,Điều trị toàn thân.,Nút mạch hóa chất (TACE).,,b,Ghép gan là một lựa chọn điều trị triệt để cho bệnh nhân HCC giai đoạn sớm không phù hợp với cắt gan (do vị trí khối u hoặc do chức năng gan nền kém). Ghép gan không chỉ loại bỏ khối u mà còn điều trị luôn cả bệnh gan nền (xơ gan).
noi-ung-thu-gan-case-6-5,noi,Ung thư gan,Tiêu hoá,"Bệnh nhân nam 59 tuổi, bị xơ gan do NASH (viêm gan nhiễm mỡ không do rượu) trên nền đái tháo đường và béo phì (BMI 32 kg/m²). Bệnh nhân được chẩn đoán HCC đơn độc, kích thước 4 cm ở gan trái (hạ phân thùy II, III), Child-Pugh A. Bệnh nhân được hội chẩn và có chỉ định phẫu thuật cắt gan. Tuy nhiên, đánh giá chức năng gan dự trữ sau cắt gan (FLR) cho thấy thể tích gan còn lại có thể không đủ. Bệnh nhân được đưa ra thảo luận về các lựa chọn điều trị khác.",Tiêu chuẩn nào thường được sử dụng để lựa chọn bệnh nhân HCC cho phẫu thuật ghép gan?,Nồng độ AFP.,Thang điểm Child-Pugh.,"Tiêu chuẩn Milan (một khối u ≤ 5 cm, hoặc tối đa 3 khối u, mỗi khối ≤ 3 cm, không xâm lấn mạch máu).",Tuổi của bệnh nhân.,,c,"Tiêu chuẩn Milan là bộ tiêu chuẩn được chấp nhận rộng rãi nhất trên thế giới để lựa chọn bệnh nhân HCC cho ghép gan. Những bệnh nhân đáp ứng tiêu chuẩn này (tức là gánh nặng khối u còn thấp) có tỷ lệ sống sau ghép rất cao, tương đương với những bệnh nhân được ghép gan vì các nguyên nhân khác không phải ung thư."
noi-ung-thu-gan-case-7-1,noi,Ung thư gan,Tiêu hoá,"Bệnh nhân nam 54 tuổi, xơ gan do rượu, được chẩn đoán HCC một khối lớn 7 cm ở gan phải, Child-Pugh B. Bệnh nhân đột ngột đau dữ dội vùng bụng trên, sau đó nhanh chóng chướng căng và trở nên lơ mơ. Tại phòng cấp cứu, bệnh nhân trong tình trạng sốc: da tái nhợt, vã mồ hôi, mạch 130 lần/phút, huyết áp 75/40 mmHg. Bụng chướng căng, gõ đục toàn bộ, không nghe thấy nhu động ruột. Chọc dò ổ bụng ra máu tươi không đông. Siêu âm tại giường xác nhận có khối u lớn ở gan phải và rất nhiều dịch tự do trong ổ bụng.",Tình trạng cấp cứu của bệnh nhân là gì?,Sốc nhiễm khuẩn do viêm phúc mạc.,Vỡ giãn tĩnh mạch thực quản.,Vỡ khối u HCC gây xuất huyết nội.,Thuyên tắc động mạch phổi.,,c,"Bệnh cảnh một bệnh nhân HCC đột ngột đau bụng dữ dội và rơi vào tình trạng sốc mất máu, chọc ra máu trong ổ bụng là kinh điển cho vỡ khối u HCC, một biến chứng cấp tính và gây tử vong."
noi-ung-thu-gan-case-7-2,noi,Ung thư gan,Tiêu hoá,"Bệnh nhân nam 54 tuổi, xơ gan do rượu, được chẩn đoán HCC một khối lớn 7 cm ở gan phải, Child-Pugh B. Bệnh nhân đột ngột đau dữ dội vùng bụng trên, sau đó nhanh chóng chướng căng và trở nên lơ mơ. Tại phòng cấp cứu, bệnh nhân trong tình trạng sốc: da tái nhợt, vã mồ hôi, mạch 130 lần/phút, huyết áp 75/40 mmHg. Bụng chướng căng, gõ đục toàn bộ, không nghe thấy nhu động ruột. Chọc dò ổ bụng ra máu tươi không đông. Siêu âm tại giường xác nhận có khối u lớn ở gan phải và rất nhiều dịch tự do trong ổ bụng.",Cơ chế chính gây vỡ khối u HCC là gì?,Do tác dụng phụ của thuốc điều trị.,Do chấn thương trực tiếp vào bụng.,Do tăng áp lực tĩnh mạch cửa.,"Do hoại tử trung tâm khối u và tăng áp lực bên trong, hoặc do khối u phát triển ra ngoài vỏ bao gan.",,d,"Các khối u HCC lớn thường phát triển nhanh, các mạch máu tân tạo bên trong có thành mỏng manh. Áp lực bên trong khối u có thể tăng lên do chảy máu hoặc hoại tử, dẫn đến nứt vỡ. Các khối u nằm sát bề mặt gan cũng có nguy cơ vỡ ra khoang phúc mạc cao hơn."
noi-ung-thu-gan-case-7-3,noi,Ung thư gan,Tiêu hoá,"Bệnh nhân nam 54 tuổi, xơ gan do rượu, được chẩn đoán HCC một khối lớn 7 cm ở gan phải, Child-Pugh B. Bệnh nhân đột ngột đau dữ dội vùng bụng trên, sau đó nhanh chóng chướng căng và trở nên lơ mơ. Tại phòng cấp cứu, bệnh nhân trong tình trạng sốc: da tái nhợt, vã mồ hôi, mạch 130 lần/phút, huyết áp 75/40 mmHg. Bụng chướng căng, gõ đục toàn bộ, không nghe thấy nhu động ruột. Chọc dò ổ bụng ra máu tươi không đông. Siêu âm tại giường xác nhận có khối u lớn ở gan phải và rất nhiều dịch tự do trong ổ bụng.",Ưu tiên hàng đầu trong xử trí ban đầu cho bệnh nhân này là gì?,Chụp MRI gan để đánh giá khối u.,"Hồi sức chống sốc bằng truyền dịch, truyền máu và ổn định huyết động.",Cho bệnh nhân dùng thuốc giảm đau mạnh.,Đặt sonde dạ dày để loại trừ xuất huyết tiêu hóa trên.,,b,"Tương tự như mọi trường hợp sốc mất máu khác, ưu tiên tuyệt đối là ổn định huyết động cho bệnh nhân. Việc này bao gồm thiết lập đường truyền lớn, truyền dịch tinh thể, truyền máu và các chế phẩm máu để bù lại lượng máu đã mất và duy trì tưới máu cho các cơ quan quan trọng."
noi-ung-thu-gan-case-7-4,noi,Ung thư gan,Tiêu hoá,"Bệnh nhân nam 54 tuổi, xơ gan do rượu, được chẩn đoán HCC một khối lớn 7 cm ở gan phải, Child-Pugh B. Bệnh nhân đột ngột đau dữ dội vùng bụng trên, sau đó nhanh chóng chướng căng và trở nên lơ mơ. Tại phòng cấp cứu, bệnh nhân trong tình trạng sốc: da tái nhợt, vã mồ hôi, mạch 130 lần/phút, huyết áp 75/40 mmHg. Bụng chướng căng, gõ đục toàn bộ, không nghe thấy nhu động ruột. Chọc dò ổ bụng ra máu tươi không đông. Siêu âm tại giường xác nhận có khối u lớn ở gan phải và rất nhiều dịch tự do trong ổ bụng.",Phương pháp can thiệp nào là hiệu quả nhất để cầm máu cấp cứu trong trường hợp này?,Phẫu thuật cắt gan cấp cứu.,Dùng thuốc cầm máu toàn thân.,Nút mạch cầm máu qua đường động mạch (Transarterial Embolization - TAE).,Tiêm cồn tuyệt đối vào khối u.,,c,"Phẫu thuật cắt gan cấp cứu trong tình trạng sốc và rối loạn đông máu có tỷ lệ tử vong cực kỳ cao. Nút mạch cầm máu qua đường động mạch (TAE) là phương pháp can thiệp tối thiểu, hiệu quả và an toàn hơn. Bằng cách làm tắc động mạch cấp máu cho khối u, TAE có thể kiểm soát tình trạng chảy máu ở hơn 80% các trường hợp, giúp bệnh nhân qua khỏi giai đoạn cấp tính."
noi-ung-thu-gan-case-7-5,noi,Ung thư gan,Tiêu hoá,"Bệnh nhân nam 54 tuổi, xơ gan do rượu, được chẩn đoán HCC một khối lớn 7 cm ở gan phải, Child-Pugh B. Bệnh nhân đột ngột đau dữ dội vùng bụng trên, sau đó nhanh chóng chướng căng và trở nên lơ mơ. Tại phòng cấp cứu, bệnh nhân trong tình trạng sốc: da tái nhợt, vã mồ hôi, mạch 130 lần/phút, huyết áp 75/40 mmHg. Bụng chướng căng, gõ đục toàn bộ, không nghe thấy nhu động ruột. Chọc dò ổ bụng ra máu tươi không đông. Siêu âm tại giường xác nhận có khối u lớn ở gan phải và rất nhiều dịch tự do trong ổ bụng.",Tiên lượng của bệnh nhân HCC bị vỡ thường như thế nào?,"Rất tốt, hầu hết bệnh nhân qua khỏi.",Tương đối tốt nếu được phẫu thuật sớm.,Phụ thuộc vào nồng độ AFP.,"Rất xấu, với tỷ lệ tử vong trong giai đoạn cấp rất cao.",,d,"Vỡ HCC là một biến cố có tiên lượng cực kỳ xấu. Tỷ lệ tử vong trong vòng 30 ngày có thể lên tới 30-50% hoặc cao hơn, tùy thuộc vào mức độ mất máu, chức năng gan nền và khả năng can thiệp cầm máu. Ngay cả khi bệnh nhân sống sót qua đợt cấp, nguy cơ gieo rắc tế bào ung thư trong ổ bụng cũng tăng lên."
noi-ung-thu-gan-case-8-1,noi,Ung thư gan,Tiêu hoá,"Bệnh nhân nam 46 tuổi, tiền sử viêm gan B, được chẩn đoán HCC đa ổ hai thùy gan, BCLC giai đoạn C do có huyết khối nhánh chính tĩnh mạch cửa, không phù hợp với các phương pháp điều trị tại chỗ-tại vùng. Bệnh nhân được bắt đầu điều trị bằng Lenvatinib. Sau 2 tháng điều trị, bệnh nhân đến khám lại và than phiền về tình trạng tăng huyết áp, mệt mỏi và tiêu https://onedrive.live.com/personal/2672550e42ddc7d4/_layouts/15/D chảy. Khám lâm sàng huyết áp đo được là 165/95 mmHg (so với 120/80 mmHg trước điều trị). Bệnh nhân không phù, không đau bụng.",Lenvatinib thuộc nhóm thuốc điều trị ung thư nào?,Liệu pháp miễn dịch (Immune checkpoint inhibitor).,Hóa trị gây độc tế bào.,Liệu pháp nội tiết.,Thuốc ức chế tyrosine kinase đa mục tiêu (Multi-target TKI).,,d,"Lenvatinib, cùng với Sorafenib, Regorafenib, là các thuốc phân tử nhỏ dùng đường uống, thuộc nhóm thuốc ức chế tyrosine kinase (TKI) tác động lên nhiều đích khác nhau liên quan đến quá trình sinh ung."
noi-ung-thu-gan-case-8-2,noi,Ung thư gan,Tiêu hoá,"Bệnh nhân nam 46 tuổi, tiền sử viêm gan B, được chẩn đoán HCC đa ổ hai thùy gan, BCLC giai đoạn C do có huyết khối nhánh chính tĩnh mạch cửa, không phù hợp với các phương pháp điều trị tại chỗ-tại vùng. Bệnh nhân được bắt đầu điều trị bằng Lenvatinib. Sau 2 tháng điều trị, bệnh nhân đến khám lại và than phiền về tình trạng tăng huyết áp, mệt mỏi và tiêu https://onedrive.live.com/personal/2672550e42ddc7d4/_layouts/15/D chảy. Khám lâm sàng huyết áp đo được là 165/95 mmHg (so với 120/80 mmHg trước điều trị). Bệnh nhân không phù, không đau bụng.",Cơ chế tác dụng chính của Lenvatinib trong điều trị HCC là gì?,Gây ra quá trình chết theo chương trình của tế bào gan.,"Ức chế các thụ thể của yếu tố tăng trưởng nội mô mạch máu (VEGFR) và các thụ thể khác, từ đó ức chế sự tân tạo mạch và sự tăng sinh của tế bào u.",Kích hoạt tế bào T để tấn công tế bào ung thư.,Ức chế sự sao chép của virus viêm gan B.,,b,"Lenvatinib là một chất ức chế mạnh các thụ thể của yếu tố tăng trưởng nội mô mạch máu (VEGFR 1-3), yếu tố tăng trưởng nguyên bào sợi (FGFR 1-4) và các thụ thể khác như PDGFRα, KIT và RET. Bằng cách ức chế các con đường tín hiệu này, Lenvatinib ngăn chặn sự hình thành các mạch máu mới nuôi u và ức chế sự phát triển của tế bào ung thư."
noi-ung-thu-gan-case-8-3,noi,Ung thư gan,Tiêu hoá,"Bệnh nhân nam 46 tuổi, tiền sử viêm gan B, được chẩn đoán HCC đa ổ hai thùy gan, BCLC giai đoạn C do có huyết khối nhánh chính tĩnh mạch cửa, không phù hợp với các phương pháp điều trị tại chỗ-tại vùng. Bệnh nhân được bắt đầu điều trị bằng Lenvatinib. Sau 2 tháng điều trị, bệnh nhân đến khám lại và than phiền về tình trạng tăng huyết áp, mệt mỏi và tiêu https://onedrive.live.com/personal/2672550e42ddc7d4/_layouts/15/D chảy. Khám lâm sàng huyết áp đo được là 165/95 mmHg (so với 120/80 mmHg trước điều trị). Bệnh nhân không phù, không đau bụng.","Các tác dụng phụ như tăng huyết áp, mệt mỏi, tiêu chảy của bệnh nhân là do đâu?",Do tác dụng không mong muốn của Lenvatinib.,Do nhiễm trùng đường ruột.,Do hội chứng cai rượu.,Do sự tiến triển của bệnh ung thư.,,a,"Các triệu chứng mà bệnh nhân gặp phải là những tác dụng phụ rất thường gặp của nhóm thuốc TKI kháng tân tạo mạch. Tăng huyết áp, mệt mỏi, tiêu chảy, hội chứng tay-chân, chán ăn là những độc tính cần được theo dõi và quản lý chặt chẽ trong quá trình điều trị."
noi-ung-thu-gan-case-8-4,noi,Ung thư gan,Tiêu hoá,"Bệnh nhân nam 46 tuổi, tiền sử viêm gan B, được chẩn đoán HCC đa ổ hai thùy gan, BCLC giai đoạn C do có huyết khối nhánh chính tĩnh mạch cửa, không phù hợp với các phương pháp điều trị tại chỗ-tại vùng. Bệnh nhân được bắt đầu điều trị bằng Lenvatinib. Sau 2 tháng điều trị, bệnh nhân đến khám lại và than phiền về tình trạng tăng huyết áp, mệt mỏi và tiêu https://onedrive.live.com/personal/2672550e42ddc7d4/_layouts/15/D chảy. Khám lâm sàng huyết áp đo được là 165/95 mmHg (so với 120/80 mmHg trước điều trị). Bệnh nhân không phù, không đau bụng.",Tăng huyết áp là một tác dụng phụ phổ biến và liên quan đến cơ chế của các thuốc kháng VEGF. Việc xử trí phù hợp nhất là gì?,Ngừng Lenvatinib ngay lập tức.,"Bắt đầu điều trị bằng thuốc hạ huyết áp (ví dụ: thuốc ức chế men chuyển, chẹn kênh calci) và theo dõi sát.","Không cần can thiệp, huyết áp sẽ tự ổn định.",Giảm một nửa liều Lenvatinib.,,b,"Tăng huyết áp là một tác dụng phụ ""trên cơ chế"" (on- target) của việc ức chế VEGF. Việc xử trí bao gồm theo dõi huyết áp thường xuyên và chủ động dùng thuốc hạ huyết áp khi cần thiết để duy trì huyết áp mục tiêu. Ngừng hoặc giảm liều thuốc đích chỉ được xem xét khi tăng huyết áp nặng và không kiểm soát được bằng thuốc."
noi-ung-thu-gan-case-8-5,noi,Ung thư gan,Tiêu hoá,"Bệnh nhân nam 46 tuổi, tiền sử viêm gan B, được chẩn đoán HCC đa ổ hai thùy gan, BCLC giai đoạn C do có huyết khối nhánh chính tĩnh mạch cửa, không phù hợp với các phương pháp điều trị tại chỗ-tại vùng. Bệnh nhân được bắt đầu điều trị bằng Lenvatinib. Sau 2 tháng điều trị, bệnh nhân đến khám lại và than phiền về tình trạng tăng huyết áp, mệt mỏi và tiêu https://onedrive.live.com/personal/2672550e42ddc7d4/_layouts/15/D chảy. Khám lâm sàng huyết áp đo được là 165/95 mmHg (so với 120/80 mmHg trước điều trị). Bệnh nhân không phù, không đau bụng.",Việc đánh giá đáp ứng điều trị của các liệu pháp nhắm trúng đích thường dựa vào tiêu chuẩn nào trên hình ảnh học?,"Tiêu chuẩn mRECIST (modified RECIST), đánh giá sự thay đổi kích thước của phần khối u còn ngấm thuốc (phần còn sống).",Chỉ dựa vào nồng độ AFP.,Tiêu chuẩn RECIST 1.1 (chỉ dựa vào kích thước).,Chỉ dựa vào triệu chứng lâm sàng.,,a,"Do các thuốc kháng tân tạo mạch chủ yếu gây hoại tử khối u hơn là làm giảm kích thước, tiêu chuẩn RECIST 1.1 (chỉ đo đường kính lớn nhất) có thể không phản ánh đúng đáp ứng. Tiêu chuẩn mRECIST được phát triển dành riêng cho HCC, chỉ đo đường kính của phần khối u còn hoạt tính (ngấm thuốc ở thì động mạch) để đánh giá đáp ứng một cách chính xác hơn."
noi-ung-thu-gan-case-9-1,noi,Ung thư gan,Tiêu hoá,"Bệnh nhân nam 63 tuổi, xơ gan do viêm gan C, được chẩn đoán HCC một khối 6 cm ở gan phải, BCLC giai đoạn B. Bệnh nhân đã được nút mạch hóa chất (TACE) 3 lần trong vòng 1 năm. Tuy nhiên, lần chụp MRI kiểm tra gần đây cho thấy khối u vẫn tiếp tục phát triển, xâm lấn vào nhánh sau tĩnh mạch cửa phải. Tổng trạng bệnh nhân còn tốt (ECOG 1), chức năng gan Child-Pugh A. Bác sĩ xác định đây là tình trạng kháng TACE và cần chuyển đổi phương pháp điều trị.",Tình trạng bệnh của bệnh nhân được định nghĩa là gì?,Đáp ứng hoàn toàn với TACE.,"Bệnh tiến triển, kháng TACE.",Bệnh ổn định.,Tái phát sau TACE.,,b,Bệnh nhân đã được điều trị TACE nhiều lần nhưng khối u vẫn tiếp tục phát triển về kích thước và mức độ xâm lấn. Đây là định nghĩa của bệnh tiến triển và không còn đáp ứng với TACE (TACE refractory).
noi-ung-thu-gan-case-9-2,noi,Ung thư gan,Tiêu hoá,"Bệnh nhân nam 63 tuổi, xơ gan do viêm gan C, được chẩn đoán HCC một khối 6 cm ở gan phải, BCLC giai đoạn B. Bệnh nhân đã được nút mạch hóa chất (TACE) 3 lần trong vòng 1 năm. Tuy nhiên, lần chụp MRI kiểm tra gần đây cho thấy khối u vẫn tiếp tục phát triển, xâm lấn vào nhánh sau tĩnh mạch cửa phải. Tổng trạng bệnh nhân còn tốt (ECOG 1), chức năng gan Child-Pugh A. Bác sĩ xác định đây là tình trạng kháng TACE và cần chuyển đổi phương pháp điều trị.",Cơ chế nào giải thích phù hợp nhất tình trạng khối u không còn đáp ứng với TACE?,TACE làm tăng tưới máu tĩnh mạch cửa vào trung tâm khối u.,Khối u mất hoàn toàn nguồn cấp máu và không còn tế bào sống.,Khối u hình thành tuần hoàn bàng hệ và chọn lọc các dòng tế bào giảm nhạy với hóa chất.,Sự giảm AFP đơn thuần làm thuốc hóa trị không còn tác dụng.,,c,"Sau nhiều lần TACE, khối u có thể huy động tuần hoàn bàng hệ ngoài động mạch gan và chọn lọc các dòng tế bào ít nhạy với hóa chất hoặc thiếu oxy. Khi tiến triển dù TACE thích hợp, cần đánh giá chuyển chiến lược điều trị thay vì lặp lại vô hạn."
noi-ung-thu-gan-case-9-3,noi,Ung thư gan,Tiêu hoá,"Bệnh nhân nam 63 tuổi, xơ gan do viêm gan C, được chẩn đoán HCC một khối 6 cm ở gan phải, BCLC giai đoạn B. Bệnh nhân đã được nút mạch hóa chất (TACE) 3 lần trong vòng 1 năm. Tuy nhiên, lần chụp MRI kiểm tra gần đây cho thấy khối u vẫn tiếp tục phát triển, xâm lấn vào nhánh sau tĩnh mạch cửa phải. Tổng trạng bệnh nhân còn tốt (ECOG 1), chức năng gan Child-Pugh A. Bác sĩ xác định đây là tình trạng kháng TACE và cần chuyển đổi phương pháp điều trị.","Khi bệnh nhân HCC giai đoạn trung gian không còn đáp ứng hoặc không phù hợp với TACE, lựa chọn điều trị tiếp theo là gì?",Chuyển sang điều trị toàn thân.,Phẫu thuật cắt gan.,Ghép gan.,Xạ trị trong chọn lọc (SIRT).,,a,"Theo các hướng dẫn điều trị, khi bệnh nhân ở giai đoạn BCLC B không còn là ứng cử viên cho TACE (do kháng trị, chống chỉ định, hoặc chức năng gan suy giảm), họ nên được xem xét chuyển sang các liệu pháp điều trị toàn thân như ở giai đoạn BCLC C."
noi-ung-thu-gan-case-9-4,noi,Ung thư gan,Tiêu hoá,"Bệnh nhân nam 63 tuổi, xơ gan do viêm gan C, được chẩn đoán HCC một khối 6 cm ở gan phải, BCLC giai đoạn B. Bệnh nhân đã được nút mạch hóa chất (TACE) 3 lần trong vòng 1 năm. Tuy nhiên, lần chụp MRI kiểm tra gần đây cho thấy khối u vẫn tiếp tục phát triển, xâm lấn vào nhánh sau tĩnh mạch cửa phải. Tổng trạng bệnh nhân còn tốt (ECOG 1), chức năng gan Child-Pugh A. Bác sĩ xác định đây là tình trạng kháng TACE và cần chuyển đổi phương pháp điều trị.",Xạ trị trong chọn lọc (SIRT) là phương pháp gì?,Chiếu tia xạ từ bên ngoài vào khối u gan.,Uống dung dịch i-ốt phóng xạ.,Cấy các hạt phóng xạ trực tiếp vào khối u qua da.,Đưa các vi cầu phóng xạ (chứa Yttrium-90) qua đường động mạch vào khối u để phát tia xạ tại chỗ.,,d,"SIRT, hay còn gọi là TARE (Transarterial Radioembolization), là một dạng xạ trị trong. Các vi cầu rất nhỏ chứa đồng vị phóng xạ Yttrium-90 được bơm qua đường động mạch gan vào các vi mạch của khối u. Các vi cầu này bị giữ lại đó và phát ra bức xạ beta năng lượng cao trong một phạm vi ngắn, giúp tiêu diệt tế bào ung thư tại chỗ."
noi-ung-thu-gan-case-9-5,noi,Ung thư gan,Tiêu hoá,"Bệnh nhân nam 63 tuổi, xơ gan do viêm gan C, được chẩn đoán HCC một khối 6 cm ở gan phải, BCLC giai đoạn B. Bệnh nhân đã được nút mạch hóa chất (TACE) 3 lần trong vòng 1 năm. Tuy nhiên, lần chụp MRI kiểm tra gần đây cho thấy khối u vẫn tiếp tục phát triển, xâm lấn vào nhánh sau tĩnh mạch cửa phải. Tổng trạng bệnh nhân còn tốt (ECOG 1), chức năng gan Child-Pugh A. Bác sĩ xác định đây là tình trạng kháng TACE và cần chuyển đổi phương pháp điều trị.","So với TACE, SIRT có ưu điểm gì trong một số trường hợp, đặc biệt là khi có xâm lấn tĩnh mạch cửa?",Không có tác dụng phụ.,Rẻ tiền hơn.,"Có thể gây hoại tử khối u mà ít gây thiếu máu cục bộ cho gan lành hơn, do đó an toàn hơn ở bệnh nhân có huyết khối tĩnh mạch cửa.",Không cần phải nằm viện. https://onedrive.live.com/personal/2672550e42ddc7d4/_layouts/15/D,,c,"Ưu điểm chính của SIRT là cơ chế tác dụng chủ yếu dựa vào bức xạ thay vì gây tắc mạch hoàn c.aspx?sourcedoc={186352b6-90cf-40c9-ba19-ae84e248ef20}&action=vie… 5/12 toàn. Điều này giúp bảo tồn tốt hơn dòng máu đến nhu mô gan lành, làm cho nó trở thành một lựa chọn tương đối an toàn và hiệu quả ở những bệnh nhân có huyết khối tĩnh mạch cửa, vốn là một chống chỉ định tương đối của TACE kinh điển."
noi-ung-thu-gan-case-10-1,noi,Ung thư gan,Tiêu hoá,"Bệnh nhân nam 51 tuổi, tiền sử viêm gan B, được chẩn đoán HCC một khối 3 cm ở gan phải, BCLC giai đoạn A. Bệnh nhân được điều trị bằng phương pháp đốt sóng cao tần (RFA). Sau 1 tháng, chụp MRI kiểm tra cho thấy khối u đã hoại tử hoàn toàn, không còn tín hiệu ngấm thuốc. Bệnh nhân được đưa vào chương trình theo dõi sau điều trị triệt để.",Phương pháp RFA tiêu diệt khối u bằng cơ chế nào?,Sử dụng tia laser.,Sử dụng sóng siêu âm hội tụ.,Sử dụng hóa chất để gây độc tế bào.,Sử dụng nhiệt độ cao do dòng điện xoay chiều tần số radio tạo ra để gây hoại tử đông khối u.,,d,"Trong RFA, một điện cực hình kim được đưa vào trung tâm khối u. Dòng điện xoay chiều tần số radio được truyền qua điện cực, gây ra sự ma sát và gia nhiệt các ion trong mô xung quanh. Khi nhiệt độ đạt trên 60°C, protein của tế bào sẽ bị biến tính, gây ra hoại tử đông không hồi phục, từ đó tiêu diệt khối u."
noi-ung-thu-gan-case-10-2,noi,Ung thư gan,Tiêu hoá,"Bệnh nhân nam 51 tuổi, tiền sử viêm gan B, được chẩn đoán HCC một khối 3 cm ở gan phải, BCLC giai đoạn A. Bệnh nhân được điều trị bằng phương pháp đốt sóng cao tần (RFA). Sau 1 tháng, chụp MRI kiểm tra cho thấy khối u đã hoại tử hoàn toàn, không còn tín hiệu ngấm thuốc. Bệnh nhân được đưa vào chương trình theo dõi sau điều trị triệt để.",Tiêu chuẩn nào trên hình ảnh học được sử dụng để khẳng định một khối u HCC đã được phá hủy hoàn toàn sau điều trị tại chỗ?,Khối u không còn ngấm thuốc ở thì động mạch trên CT/MRI có cản quang.,Kích thước khối u giảm đi một nửa.,Bệnh nhân hết đau bụng.,Nồng độ AFP trở về bình thường.,,a,Dấu hiệu quan trọng nhất của đáp ứng hoàn toàn là sự biến mất của tín hiệu tăng quang ở thì động mạch. Điều này cho thấy toàn bộ phần mô u còn hoạt động (còn được cấp máu) đã bị phá hủy. Vùng điều trị sẽ chỉ còn lại mô hoại tử không ngấm thuốc.
noi-ung-thu-gan-case-10-3,noi,Ung thư gan,Tiêu hoá,"Bệnh nhân nam 51 tuổi, tiền sử viêm gan B, được chẩn đoán HCC một khối 3 cm ở gan phải, BCLC giai đoạn A. Bệnh nhân được điều trị bằng phương pháp đốt sóng cao tần (RFA). Sau 1 tháng, chụp MRI kiểm tra cho thấy khối u đã hoại tử hoàn toàn, không còn tín hiệu ngấm thuốc. Bệnh nhân được đưa vào chương trình theo dõi sau điều trị triệt để.",Chế độ theo dõi sau điều trị triệt để HCC thường bao gồm những gì?,Chỉ cần xét nghiệm AFP hàng năm.,Ngừng theo dõi vì bệnh đã khỏi.,Chẩn đoán hình ảnh (CT hoặc MRI) và xét nghiệm AFP mỗi 3-6 tháng.,Siêu âm bụng mỗi 2 năm.,,c,"Do nguy cơ tái phát cao, bệnh nhân cần được theo dõi rất chặt chẽ. Hầu hết các hướng dẫn đều khuyến cáo thực hiện chẩn đoán hình ảnh (ưu tiên CT hoặc MRI) và xét nghiệm AFP mỗi 3-6 tháng, đặc biệt là trong 2 năm đầu sau điều trị."
noi-ung-thu-gan-case-10-4,noi,Ung thư gan,Tiêu hoá,"Bệnh nhân nam 51 tuổi, tiền sử viêm gan B, được chẩn đoán HCC một khối 3 cm ở gan phải, BCLC giai đoạn A. Bệnh nhân được điều trị bằng phương pháp đốt sóng cao tần (RFA). Sau 1 tháng, chụp MRI kiểm tra cho thấy khối u đã hoại tử hoàn toàn, không còn tín hiệu ngấm thuốc. Bệnh nhân được đưa vào chương trình theo dõi sau điều trị triệt để.",Mục đích chính của việc theo dõi sát sau điều trị là gì?,Để phát hiện sớm tình trạng tái phát tại chỗ hoặc xuất hiện khối u mới trong gan.,Để tầm soát các loại ung thư khác.,Để theo dõi chức năng thận.,Để đánh giá tác dụng phụ của phương pháp điều trị.,,a,"Mục tiêu chính của chương trình giám sát là phát hiện sớm sự tái phát của HCC. Nếu tái phát được phát hiện ở giai đoạn sớm, bệnh nhân vẫn có cơ hội được điều trị lại bằng các phương pháp triệt để, giúp cải thiện tiên lượng sống còn."
noi-ung-thu-gan-case-10-5,noi,Ung thư gan,Tiêu hoá,"Bệnh nhân nam 51 tuổi, tiền sử viêm gan B, được chẩn đoán HCC một khối 3 cm ở gan phải, BCLC giai đoạn A. Bệnh nhân được điều trị bằng phương pháp đốt sóng cao tần (RFA). Sau 1 tháng, chụp MRI kiểm tra cho thấy khối u đã hoại tử hoàn toàn, không còn tín hiệu ngấm thuốc. Bệnh nhân được đưa vào chương trình theo dõi sau điều trị triệt để.",Nguy cơ tái phát HCC sau khi điều trị triệt để vẫn còn cao là do đâu?,Do tế bào ung thư di căn đến các cơ quan khác.,"Toàn bộ lá gan bị bệnh mạn tính (ví dụ: xơ gan do HBV) vẫn là một ""cánh đồng sinh ung"", có thể phát triển khối u mới ở vị trí khác.",Do bệnh nhân không tuân thủ chế độ ăn.,Do kỹ thuật điều trị không tốt.,,b,"Điều trị tại chỗ chỉ giải quyết được khối u hiện có. Nó không thay đổi được bệnh gan nền. ""Hiệu ứng cánh đồng"" (field effect) mô tả tình trạng toàn bộ nhu mô gan bị ảnh hưởng bởi các yếu tố gây ung thư (như HBV, HCV, rượu), khiến cho các đột biến và khối u mới có thể phát sinh ở bất kỳ vị trí nào khác trong gan, ngay cả sau khi khối u ban đầu đã được loại bỏ hoàn toàn."
noi-ung-thu-gan-case-11-1,noi,Ung thư gan,Tiêu hoá,"Bệnh nhân nam 55 tuổi, tiền sử viêm gan B mạn 10 năm không điều trị kháng virus, đến khám vì mệt mỏi và sụt 3 kg trong 1 tháng qua. Khám lâm sàng bệnh nhân tỉnh táo, thể trạng trung bình (BMI 21 kg/m²), mạch 80 lần/phút, huyết áp 120/70 mmHg, nhịp thở 18 lần/phút, nhiệt độ 37°C. Khám bụng mềm, gan mấp mé bờ sườn, ấn tức nhẹ hạ sườn phải, lách không to. Không có vàng da, không sao mạch, không tuần hoàn bàng hệ, không có phù hai chi dưới. Xét nghiệm: AST 65 U/L, ALT 70 U/L, Bilirubin toàn phần 20 μmol/L, Albumin 38 g/L, Creatinine 75 μmol/L, INR 1.1, Tiểu cầu 180 G/L. Siêu âm ổ bụng phát hiện một khối rỗng âm không đồng nhất kích thước 3 cm ở hạ phân thùy VI, có viền tăng sinh mạch máu.",Định hướng chẩn đoán nào sau đây là phù hợp nhất trên bệnh nhân này?,Ung thư biểu mô tế bào gan.,Nang gan bẩm sinh.,U máu gan lành tính.,Áp xe gan amip.,,a,"Nam lớn tuổi, viêm gan B mạn, có khối u gan tăng sinh mạch trên siêu âm là bệnh cảnh điển hình của ung thư biểu mô tế bào gan (HCC). Các phương án nang gan, u máu hay áp xe không phù hợp với tính chất tăng sinh mạch bất thường và nền viêm gan mạn. Lưu ý luôn tầm soát khối u ở người mang HBV."
noi-ung-thu-gan-case-11-2,noi,Ung thư gan,Tiêu hoá,"Bệnh nhân nam 55 tuổi, tiền sử viêm gan B mạn 10 năm không điều trị kháng virus, đến khám vì mệt mỏi và sụt 3 kg trong 1 tháng qua. Khám lâm sàng bệnh nhân tỉnh táo, thể trạng trung bình (BMI 21 kg/m²), mạch 80 lần/phút, huyết áp 120/70 mmHg, nhịp thở 18 lần/phút, nhiệt độ 37°C. Khám bụng mềm, gan mấp mé bờ sườn, ấn tức nhẹ hạ sườn phải, lách không to. Không có vàng da, không sao mạch, không tuần hoàn bàng hệ, không có phù hai chi dưới. Xét nghiệm: AST 65 U/L, ALT 70 U/L, Bilirubin toàn phần 20 μmol/L, Albumin 38 g/L, Creatinine 75 μmol/L, INR 1.1, Tiểu cầu 180 G/L. Siêu âm ổ bụng phát hiện một khối rỗng âm không đồng nhất kích thước 3 cm ở hạ phân thùy VI, có viền tăng sinh mạch máu.",Cơ chế bệnh sinh chính gây ra bệnh lý này ở bệnh nhân nhiễm virus viêm gan B là gì?,Tắc nghẽn vi quản mật mạn tính.,Tích tụ đồng trong tế bào gan.,Tích hợp ADN virus vào hệ gen ký chủ.,Đột biến gen chuyển hóa sắt.,,c,"Virus viêm gan B (HBV) là một virus ADN, có khả năng tích hợp trực tiếp ADN của nó vào hệ gen của tế bào gan ký chủ, gây đột biến gen ức chế khối u và kích hoạt gen sinh ung, dẫn đến HCC ngay cả khi chưa có xơ gan. Các đáp án khác mô tả cơ chế của bệnh Wilson, Hemochromatosis và xơ gan ứ mật."
noi-ung-thu-gan-case-11-3,noi,Ung thư gan,Tiêu hoá,"Bệnh nhân nam 55 tuổi, tiền sử viêm gan B mạn 10 năm không điều trị kháng virus, đến khám vì mệt mỏi và sụt 3 kg trong 1 tháng qua. Khám lâm sàng bệnh nhân tỉnh táo, thể trạng trung bình (BMI 21 kg/m²), mạch 80 lần/phút, huyết áp 120/70 mmHg, nhịp thở 18 lần/phút, nhiệt độ 37°C. Khám bụng mềm, gan mấp mé bờ sườn, ấn tức nhẹ hạ sườn phải, lách không to. Không có vàng da, không sao mạch, không tuần hoàn bàng hệ, không có phù hai chi dưới. Xét nghiệm: AST 65 U/L, ALT 70 U/L, Bilirubin toàn phần 20 μmol/L, Albumin 38 g/L, Creatinine 75 μmol/L, INR 1.1, Tiểu cầu 180 G/L. Siêu âm ổ bụng phát hiện một khối rỗng âm không đồng nhất kích thước 3 cm ở hạ phân thùy VI, có viền tăng sinh mạch máu.",Thăm dò cận lâm sàng nào tiếp theo có giá trị chẩn đoán xác định cao nhất?,Chụp cắt lớp vi tính ổ bụng có tiêm thuốc cản quang đa thì.,Sinh thiết khối u gan dưới hướng dẫn siêu âm.,Chụp đường mật ngược dòng qua nội soi (ERCP).,Chụp cộng hưởng từ sọ não và tủy sống.,,a,"Chụp CT hoặc MRI ổ bụng đa thì (động mạch, tĩnh mạch cửa, muộn) là tiêu chuẩn vàng chẩn đoán HCC không xâm lấn thông qua hình ảnh ngấm thuốc mạnh thì động mạch (wash-in) và thải thuốc nhanh thì tĩnh mạch (wash- out). Sinh thiết gan hiện nay hiếm c.aspx?sourcedoc={186352b6-90cf-40c9-ba19-ae84e248ef20}&action=vie… 6/12 khi cần thiết nếu hình ảnh đã điển hình theo tiêu chuẩn LIRADS."
noi-ung-thu-gan-case-11-4,noi,Ung thư gan,Tiêu hoá,"Bệnh nhân nam 55 tuổi, tiền sử viêm gan B mạn 10 năm không điều trị kháng virus, đến khám vì mệt mỏi và sụt 3 kg trong 1 tháng qua. Khám lâm sàng bệnh nhân tỉnh táo, thể trạng trung bình (BMI 21 kg/m²), mạch 80 lần/phút, huyết áp 120/70 mmHg, nhịp thở 18 lần/phút, nhiệt độ 37°C. Khám bụng mềm, gan mấp mé bờ sườn, ấn tức nhẹ hạ sườn phải, lách không to. Không có vàng da, không sao mạch, không tuần hoàn bàng hệ, không có phù hai chi dưới. Xét nghiệm: AST 65 U/L, ALT 70 U/L, Bilirubin toàn phần 20 μmol/L, Albumin 38 g/L, Creatinine 75 μmol/L, INR 1.1, Tiểu cầu 180 G/L. Siêu âm ổ bụng phát hiện một khối rỗng âm không đồng nhất kích thước 3 cm ở hạ phân thùy VI, có viền tăng sinh mạch máu.",Xét nghiệm dấu ấn sinh học nào sau đây có giá trị hỗ trợ chẩn đoán và theo dõi tốt nhất?,HBsAg và HBeAg.,AFP và PIVKA-II.,CA 19-9 và CEA.,PSA và CA 125. https://onedrive.live.com/personal/2672550e42ddc7d4/_layouts/15/D,,b,"Alpha-fetoprotein (AFP) và Prothrombin induced by vitamin K absence-II (PIVKA-II hay DCP) là các biomarker đặc hiệu cho HCC, dùng phối hợp làm tăng độ nhạy chẩn đoán. CA 19-9 và CEA định hướng ung thư đường mật hoặc di căn đường tiêu hóa."
noi-ung-thu-gan-case-11-5,noi,Ung thư gan,Tiêu hoá,"Bệnh nhân nam 55 tuổi, tiền sử viêm gan B mạn 10 năm không điều trị kháng virus, đến khám vì mệt mỏi và sụt 3 kg trong 1 tháng qua. Khám lâm sàng bệnh nhân tỉnh táo, thể trạng trung bình (BMI 21 kg/m²), mạch 80 lần/phút, huyết áp 120/70 mmHg, nhịp thở 18 lần/phút, nhiệt độ 37°C. Khám bụng mềm, gan mấp mé bờ sườn, ấn tức nhẹ hạ sườn phải, lách không to. Không có vàng da, không sao mạch, không tuần hoàn bàng hệ, không có phù hai chi dưới. Xét nghiệm: AST 65 U/L, ALT 70 U/L, Bilirubin toàn phần 20 μmol/L, Albumin 38 g/L, Creatinine 75 μmol/L, INR 1.1, Tiểu cầu 180 G/L. Siêu âm ổ bụng phát hiện một khối rỗng âm không đồng nhất kích thước 3 cm ở hạ phân thùy VI, có viền tăng sinh mạch máu.","Nếu khối u được xác định là ác tính, khu trú và chức năng gan tốt (Child- Pugh A), phương pháp điều trị mang tính triệt căn nào được ưu tiên?",Truyền hóa chất toàn thân.,Đặt stent đường mật.,Nút mạch hóa chất (TACE).,Phẫu thuật cắt bỏ khối u.,,d,"Đối với HCC giai đoạn sớm (một u khối đơn độc, không xâm lấn mạch máu), chức năng gan còn bù tốt (Child-Pugh A) và không tăng áp lực tĩnh mạch cửa, phẫu thuật cắt gan là phương pháp điều trị triệt căn ưu tiên hàng đầu. TACE chỉ là điều trị tạm thời hoặc làm giảm giai đoạn."
noi-ung-thu-gan-case-12-1,noi,Ung thư gan,Tiêu hoá,"Bệnh nhân nam 62 tuổi, có tiền sử xơ gan do rượu Child- Pugh B, vào cấp cứu vì đau nhói đột ngột hạ sườn phải lan ra sau lưng kèm vã mồ hôi khoảng 2 giờ nay. Khám lâm sàng bệnh nhân lơ mơ, da xanh tái, nhịp tim 115 lần/phút, huyết áp 80/50 mmHg, nhịp thở 24 lần/phút, SpO₂ 94% khí trời. Khám bụng thấy bụng chướng căng, ấn đau nhiều vùng gan, phản ứng thành bụng rõ, gõ đục vùng thấp. Không có xuất huyết dưới da, không có dấu hiệu liệt khu trú. Siêu âm tại giường (FAST) thấy dịch tự do ổ bụng lượng nhiều, nhu mô gan thô, có khối hồi âm hỗn hợp đường kính 6 cm ở thùy phải, quanh khối có lớp dịch mỏng.",Tình trạng cấp cứu nào sau đây ít có khả năng xảy ra nhất trên bệnh nhân này?,Vỡ ung thư biểu mô tế bào gan.,Vỡ phình động mạch chủ bụng.,Viêm túi mật cấp hoại tử.,Thủng ổ loét dạ dày tá tràng.,,c,"Bệnh cảnh đau đột ngột, sốc mất máu, dịch tự do ổ bụng trên nền xơ gan có khối u chỉ điểm vỡ HCC. Thủng tạng rỗng hay vỡ phình động mạch chủ cũng gây đau và sốc. Viêm túi mật hoại tử thường có hội chứng nhiễm trùng diễn tiến từ từ, ít gây sốc mất máu tối cấp và dịch tự do ồ ạt như bệnh cảnh này."
noi-ung-thu-gan-case-12-2,noi,Ung thư gan,Tiêu hoá,"Bệnh nhân nam 62 tuổi, có tiền sử xơ gan do rượu Child- Pugh B, vào cấp cứu vì đau nhói đột ngột hạ sườn phải lan ra sau lưng kèm vã mồ hôi khoảng 2 giờ nay. Khám lâm sàng bệnh nhân lơ mơ, da xanh tái, nhịp tim 115 lần/phút, huyết áp 80/50 mmHg, nhịp thở 24 lần/phút, SpO₂ 94% khí trời. Khám bụng thấy bụng chướng căng, ấn đau nhiều vùng gan, phản ứng thành bụng rõ, gõ đục vùng thấp. Không có xuất huyết dưới da, không có dấu hiệu liệt khu trú. Siêu âm tại giường (FAST) thấy dịch tự do ổ bụng lượng nhiều, nhu mô gan thô, có khối hồi âm hỗn hợp đường kính 6 cm ở thùy phải, quanh khối có lớp dịch mỏng.",Cơ chế chính dẫn đến tình trạng sốc ở bệnh nhân này là gì?,Sốc phản vệ do độc tố giải phóng từ gan.,Sốc nhiễm khuẩn do vi khuẩn Gram âm.,Sốc tim do nhồi máu cơ tim cấp.,Sốc giảm thể tích do chảy máu trong ổ bụng.,,d,"Sốc giảm thể tích (sốc mất máu) là hậu quả trực tiếp của việc khối lượng máu lớn thoát ra khỏi lòng mạch vào khoang phúc mạc do khối u gan bị vỡ. Bệnh nhân có mạch nhanh, huyết áp tụt, da xanh tái là biểu hiện điển hình của sốc mất máu."
noi-ung-thu-gan-case-12-3,noi,Ung thư gan,Tiêu hoá,"Bệnh nhân nam 62 tuổi, có tiền sử xơ gan do rượu Child- Pugh B, vào cấp cứu vì đau nhói đột ngột hạ sườn phải lan ra sau lưng kèm vã mồ hôi khoảng 2 giờ nay. Khám lâm sàng bệnh nhân lơ mơ, da xanh tái, nhịp tim 115 lần/phút, huyết áp 80/50 mmHg, nhịp thở 24 lần/phút, SpO₂ 94% khí trời. Khám bụng thấy bụng chướng căng, ấn đau nhiều vùng gan, phản ứng thành bụng rõ, gõ đục vùng thấp. Không có xuất huyết dưới da, không có dấu hiệu liệt khu trú. Siêu âm tại giường (FAST) thấy dịch tự do ổ bụng lượng nhiều, nhu mô gan thô, có khối hồi âm hỗn hợp đường kính 6 cm ở thùy phải, quanh khối có lớp dịch mỏng.",Bước xử trí ưu tiên hàng đầu ngay tại phòng cấp cứu là gì?,Chọc hút dịch ổ bụng làm xét nghiệm tế bào.,Đưa ngay bệnh nhân vào phòng mổ mở bụng.,Lập đường truyền tĩnh mạch lớn và bù dịch.,Tiêm bắp thuốc giảm đau opioid liều cao.,,c,Hồi sức huyết động là nguyên tắc bất di bất dịch trong mọi loại sốc. Lập đường truyền tĩnh mạch kích thước lớn để bù dịch tinh thể (và chuẩn bị truyền máu) phải được thực hiện trước khi di chuyển bệnh nhân đi chụp chiếu hay can thiệp. Chọc dịch hay phẫu thuật ngay khi chưa ổn định huyết động là nguy hiểm.
noi-ung-thu-gan-case-12-4,noi,Ung thư gan,Tiêu hoá,"Bệnh nhân nam 62 tuổi, có tiền sử xơ gan do rượu Child- Pugh B, vào cấp cứu vì đau nhói đột ngột hạ sườn phải lan ra sau lưng kèm vã mồ hôi khoảng 2 giờ nay. Khám lâm sàng bệnh nhân lơ mơ, da xanh tái, nhịp tim 115 lần/phút, huyết áp 80/50 mmHg, nhịp thở 24 lần/phút, SpO₂ 94% khí trời. Khám bụng thấy bụng chướng căng, ấn đau nhiều vùng gan, phản ứng thành bụng rõ, gõ đục vùng thấp. Không có xuất huyết dưới da, không có dấu hiệu liệt khu trú. Siêu âm tại giường (FAST) thấy dịch tự do ổ bụng lượng nhiều, nhu mô gan thô, có khối hồi âm hỗn hợp đường kính 6 cm ở thùy phải, quanh khối có lớp dịch mỏng.",Cận lâm sàng nào giúp xác định chính xác vị trí chảy máu và hướng dẫn can thiệp cầm máu?,Chụp cắt lớp vi tính mạch máu ổ bụng.,Chụp cộng hưởng từ đường mật (MRCP).,Chụp X-quang bụng đứng không chuẩn bị.,Nội soi thực quản dạ dày tá tràng.,,a,"Chụp CT mạch máu (CT angiography) ổ bụng giúp phát hiện tình trạng thoát mạch (active extravasation) chất cản quang, xác định chính xác động mạch nuôi khối u bị vỡ, làm bản đồ cho can thiệp nút mạch. X-quang hay nội soi không có vai trò chẩn đoán nguồn chảy máu trong nhu mô gan."
noi-ung-thu-gan-case-12-5,noi,Ung thư gan,Tiêu hoá,"Bệnh nhân nam 62 tuổi, có tiền sử xơ gan do rượu Child- Pugh B, vào cấp cứu vì đau nhói đột ngột hạ sườn phải lan ra sau lưng kèm vã mồ hôi khoảng 2 giờ nay. Khám lâm sàng bệnh nhân lơ mơ, da xanh tái, nhịp tim 115 lần/phút, huyết áp 80/50 mmHg, nhịp thở 24 lần/phút, SpO₂ 94% khí trời. Khám bụng thấy bụng chướng căng, ấn đau nhiều vùng gan, phản ứng thành bụng rõ, gõ đục vùng thấp. Không có xuất huyết dưới da, không có dấu hiệu liệt khu trú. Siêu âm tại giường (FAST) thấy dịch tự do ổ bụng lượng nhiều, nhu mô gan thô, có khối hồi âm hỗn hợp đường kính 6 cm ở thùy phải, quanh khối có lớp dịch mỏng.",Phương pháp can thiệp nào thường được ưu tiên lựa chọn để cầm máu khẩn cấp cho trường hợp này?,Khâu gan qua phẫu thuật nội soi.,Nút mạch gan siêu chọn lọc (TAE).,Cắt thùy gan phải cấp cứu.,Tiêm cồn tuyệt đối vào khối u.,,b,"Can thiệp nút mạch (Transarterial Embolization - TAE) là phương pháp cầm máu ưu tiên, ít xâm lấn, hiệu quả cao trong vỡ HCC, đặc biệt ở bệnh nhân xơ gan Child-Pugh B có nguy cơ tử vong chu phẫu rất cao nếu mổ hở. Phẫu thuật cắt gan cấp cứu có tỷ lệ biến chứng và tử vong cao nên ít được chỉ định đầu tay."
noi-ung-thu-gan-case-13-1,noi,Ung thư gan,Tiêu hoá,"Bệnh nhân nữ 68 tuổi, tiền sử đái tháo đường type 2 và béo phì (BMI 28 kg/m²), không hút thuốc, không uống rượu, đến khám vì sụt 5 kg trong 2 tháng và đau âm ỉ hạ sườn phải. Khám thấy gan to DBS 3 cm, mật độ chắc, ấn tức. Không có dấu hiệu suy tế bào gan hay tăng áp lực tĩnh mạch cửa. Xét nghiệm: HBsAg âm tính, Anti-HCV âm tính, AST 45 U/L, ALT 40 U/L, Bilirubin toàn phần 15 μmol/L, AFP 5 ng/mL (bình thường < 10). Siêu âm ổ bụng thấy gan nhiễm mỡ, có một khối kích thước 4.5 cm ở hạ phân thùy VII. Chụp CT đa thì cho thấy khối này ngấm thuốc thì động mạch nhưng không có dấu hiệu thải thuốc rõ ràng thì tĩnh mạch và thì muộn.",Nhận định nào phù hợp nhất về khối u gan ở bệnh nhân không xơ gan và chưa có hình ảnh học điển hình?,Chỉ định điều trị HCC ngay mà không cần đánh giá thêm bản chất tổn thương.,Không cần chẩn đoán phân biệt vì mọi khối tăng quang động mạch đều là HCC.,Có thể chẩn đoán chắc chắn HCC chỉ dựa trên LI-RADS ở mọi bệnh nhân không xơ gan.,Cần nghĩ đến u tuyến gan và ung thư đường mật; MRI đặc hiệu gan mật và có thể sinh thiết giúp xác định.,,d,"LI-RADS chẩn đoán không xâm lấn HCC chủ yếu áp dụng cho quần thể nguy cơ cao. Ở người không xơ gan với tổn thương không điển hình, cần xem xét u tuyến gan, FNH, ung thư đường mật và các tổn thương khác; MRI đặc hiệu gan mật hoặc sinh thiết có thể cần thiết."
noi-ung-thu-gan-case-13-2,noi,Ung thư gan,Tiêu hoá,"Bệnh nhân nữ 68 tuổi, tiền sử đái tháo đường type 2 và béo phì (BMI 28 kg/m²), không hút thuốc, không uống rượu, đến khám vì sụt 5 kg trong 2 tháng và đau âm ỉ hạ sườn phải. Khám thấy gan to DBS 3 cm, mật độ chắc, ấn tức. Không có dấu hiệu suy tế bào gan hay tăng áp lực tĩnh mạch cửa. Xét nghiệm: HBsAg âm tính, Anti-HCV âm tính, AST 45 U/L, ALT 40 U/L, Bilirubin toàn phần 15 μmol/L, AFP 5 ng/mL (bình thường < 10). Siêu âm ổ bụng thấy gan nhiễm mỡ, có một khối kích thước 4.5 cm ở hạ phân thùy VII. Chụp CT đa thì cho thấy khối này ngấm thuốc thì động mạch nhưng không có dấu hiệu thải thuốc rõ ràng thì tĩnh mạch và thì muộn.","Ở bệnh nhân này, yếu tố nguy cơ chính thúc đẩy bệnh lý ác tính tại gan (nếu có) là gì? https://onedrive.live.com/personal/2672550e42ddc7d4/_layouts/15/D",Bệnh gan nhiễm mỡ không do rượu.,Tích lũy độc tố aflatoxin B1.,Sử dụng thuốc tránh thai kéo dài.,Viêm gan virus chưa được phát hiện.,,a,"Bệnh nhân có béo phì, đái tháo đường, siêu âm gan nhiễm mỡ, không có viêm gan virus. Bệnh gan nhiễm mỡ liên quan đến chuyển hóa (MASLD/NAFLD) đang trở thành nguyên nhân hàng c.aspx?sourcedoc={186352b6-90cf-40c9-ba19-ae84e248ef20}&action=vie… 7/12 đầu gây xơ gan và ung thư gan. Viêm gan mỡ (NASH) có thể tiến triển thành HCC ngay cả khi chưa có xơ gan rõ rệt."
noi-ung-thu-gan-case-13-3,noi,Ung thư gan,Tiêu hoá,"Bệnh nhân nữ 68 tuổi, tiền sử đái tháo đường type 2 và béo phì (BMI 28 kg/m²), không hút thuốc, không uống rượu, đến khám vì sụt 5 kg trong 2 tháng và đau âm ỉ hạ sườn phải. Khám thấy gan to DBS 3 cm, mật độ chắc, ấn tức. Không có dấu hiệu suy tế bào gan hay tăng áp lực tĩnh mạch cửa. Xét nghiệm: HBsAg âm tính, Anti-HCV âm tính, AST 45 U/L, ALT 40 U/L, Bilirubin toàn phần 15 μmol/L, AFP 5 ng/mL (bình thường < 10). Siêu âm ổ bụng thấy gan nhiễm mỡ, có một khối kích thước 4.5 cm ở hạ phân thùy VII. Chụp CT đa thì cho thấy khối này ngấm thuốc thì động mạch nhưng không có dấu hiệu thải thuốc rõ ràng thì tĩnh mạch và thì muộn.",Tại sao AFP trong trường hợp này lại bình thường dù khối u có kích thước lớn?,AFP bị phá hủy nhanh bởi môi trường gan nhiễm mỡ.,Khoảng 30-40% bệnh nhân ung thư gan không tăng AFP.,AFP chỉ tăng trong ung thư do virus viêm gan B.,Khối u chưa hoại tử nên chưa giải phóng AFP.,,b,"AFP không phải là một marker hoàn hảo. Có một tỷ lệ đáng kể (30-40%) bệnh nhân HCC, đặc biệt là các khối u nhỏ hoặc khối u biệt hóa tốt, không hề sản xuất hoặc không giải phóng AFP vào máu. Việc AFP bình thường không loại trừ được chẩn đoán ung thư gan."
noi-ung-thu-gan-case-13-4,noi,Ung thư gan,Tiêu hoá,"Bệnh nhân nữ 68 tuổi, tiền sử đái tháo đường type 2 và béo phì (BMI 28 kg/m²), không hút thuốc, không uống rượu, đến khám vì sụt 5 kg trong 2 tháng và đau âm ỉ hạ sườn phải. Khám thấy gan to DBS 3 cm, mật độ chắc, ấn tức. Không có dấu hiệu suy tế bào gan hay tăng áp lực tĩnh mạch cửa. Xét nghiệm: HBsAg âm tính, Anti-HCV âm tính, AST 45 U/L, ALT 40 U/L, Bilirubin toàn phần 15 μmol/L, AFP 5 ng/mL (bình thường < 10). Siêu âm ổ bụng thấy gan nhiễm mỡ, có một khối kích thước 4.5 cm ở hạ phân thùy VII. Chụp CT đa thì cho thấy khối này ngấm thuốc thì động mạch nhưng không có dấu hiệu thải thuốc rõ ràng thì tĩnh mạch và thì muộn.",Xét nghiệm nào sau đây nên được chỉ định thêm để đánh giá bản chất khối u ở bệnh nhân này?,Nội soi mật tụy ngược dòng (ERCP).,Chụp MRI gan có chất tương phản từ đặc hiệu gan mật.,Chụp PET/CT toàn thân với 18F-FDG.,Xét nghiệm CA 15-3 và BRCA1.,,b,"MRI gan với chất tương phản từ đặc hiệu tế bào gan (hepatobiliary specific contrast agents - ví dụ Primovist) rất hữu ích để phân biệt HCC không điển hình với các tổn thương lành tính (như FNH, u tuyến) hoặc ung thư đường mật, nhờ khả năng đánh giá sự bắt thuốc của tế bào gan chức năng ở thì gan mật."
noi-ung-thu-gan-case-13-5,noi,Ung thư gan,Tiêu hoá,"Bệnh nhân nữ 68 tuổi, tiền sử đái tháo đường type 2 và béo phì (BMI 28 kg/m²), không hút thuốc, không uống rượu, đến khám vì sụt 5 kg trong 2 tháng và đau âm ỉ hạ sườn phải. Khám thấy gan to DBS 3 cm, mật độ chắc, ấn tức. Không có dấu hiệu suy tế bào gan hay tăng áp lực tĩnh mạch cửa. Xét nghiệm: HBsAg âm tính, Anti-HCV âm tính, AST 45 U/L, ALT 40 U/L, Bilirubin toàn phần 15 μmol/L, AFP 5 ng/mL (bình thường < 10). Siêu âm ổ bụng thấy gan nhiễm mỡ, có một khối kích thước 4.5 cm ở hạ phân thùy VII. Chụp CT đa thì cho thấy khối này ngấm thuốc thì động mạch nhưng không có dấu hiệu thải thuốc rõ ràng thì tĩnh mạch và thì muộn.","Nếu kết quả giải phẫu bệnh qua sinh thiết trả về là ung thư đường mật trong gan (Cholangiocarcinoma), dấu hiệu nào trên CT có thể đã gợi ý trước đó?",Khối u thải thuốc rất nhanh ở thì tĩnh mạch cửa.,"Có hình ảnh ""bia bắn"" (bulls-eye) điển hình của áp xe.",Khối u ngấm thuốc mạnh ở thì động mạch ngoại vi và ngấm dần vào trung tâm.,Có huyết khối lấp đầy tĩnh mạch cửa nhánh phải.,,c,"Ung thư đường mật trong gan (ICC) có đặc điểm ngấm thuốc tiến triển, thường ngấm muộn và ngấm dần từ ngoại vi vào trung tâm ở các thì tĩnh mạch và thì muộn do tính chất giàu mô đệm xơ. Dấu hiệu wash-out nhanh là của HCC, huyết khối tĩnh mạch cửa cũng hay gặp trong HCC hơn. Nguồn tham khảo: Phác đồ chẩn đoán và điều trị ung thư biểu mô tế bào gan, Bộ Y tế Việt Nam."
noi-ung-thu-gan-case-14-1,noi,Ung thư gan,Tiêu hoá,"Bệnh nhân nam 48 tuổi, vào viện vì sốt cao 39°C, rét run và đau tức nhiều vùng hạ sườn phải bắt đầu từ ngày hôm qua. Bệnh nhân có tiền sử phát hiện ung thư biểu mô tế bào gan kích thước 5 cm và đã được can thiệp nút mạch hóa chất (TACE) cách đây 3 ngày. Khám lâm sàng: nhịp tim 105 lần/phút, huyết áp 110/70 mmHg, nhịp thở 20 lần/phút. Bụng mềm, ấn đau vùng gan nhưng không có phản ứng thành bụng. Xét nghiệm máu: Bạch cầu 12 G/L (Neutrophil 80%), CRP 45 mg/L, AST 250 U/L, ALT 210 U/L. Siêu âm gan tại giường thấy khối u gan cũ có vùng hoại tử trung tâm, không thấy dịch quanh gan, đường mật không giãn.",Nguyên nhân phổ biến nhất gây ra triệu chứng hiện tại của bệnh nhân là gì?,Nhiễm trùng huyết do vi khuẩn đường ruột.,Vỡ khối u gan sau nút mạch.,Hội chứng sau tắc mạch.,Viêm màng ngoài tim cấp tính.,,c,"Hội chứng sau tắc mạch (Post-embolization syndrome - PES) rất thường gặp trong vòng 2- 7 ngày sau TACE. Biểu hiện kinh điển gồm sốt, đau hạ sườn phải, buồn nôn và tăng men gan nhẹ. Bệnh nhân không có dấu hiệu vỡ u hay sốc nhiễm khuẩn rõ ràng."
noi-ung-thu-gan-case-14-2,noi,Ung thư gan,Tiêu hoá,"Bệnh nhân nam 48 tuổi, vào viện vì sốt cao 39°C, rét run và đau tức nhiều vùng hạ sườn phải bắt đầu từ ngày hôm qua. Bệnh nhân có tiền sử phát hiện ung thư biểu mô tế bào gan kích thước 5 cm và đã được can thiệp nút mạch hóa chất (TACE) cách đây 3 ngày. Khám lâm sàng: nhịp tim 105 lần/phút, huyết áp 110/70 mmHg, nhịp thở 20 lần/phút. Bụng mềm, ấn đau vùng gan nhưng không có phản ứng thành bụng. Xét nghiệm máu: Bạch cầu 12 G/L (Neutrophil 80%), CRP 45 mg/L, AST 250 U/L, ALT 210 U/L. Siêu âm gan tại giường thấy khối u gan cũ có vùng hoại tử trung tâm, không thấy dịch quanh gan, đường mật không giãn.",Cơ chế sinh lý bệnh cốt lõi của hội chứng này là gì?,Phản ứng viêm toàn thân do hoại tử tổ chức khối u.,Tổn thương ống thận cấp do thuốc cản quang.,Tắc nghẽn cơ học đường dẫn mật chính.,Rối loạn hệ vi khuẩn đường ruột do hóa chất.,,a,"Cơ chế của PES là do động mạch nuôi khối u bị tắc nghẽn, dẫn đến thiếu máu cục bộ, nhồi máu và hoại tử khối u cũng như một phần nhu mô gan lành xung quanh. Quá trình hoại tử giải phóng các cytokine viêm gây ra phản ứng sốt và đau."
noi-ung-thu-gan-case-14-3,noi,Ung thư gan,Tiêu hoá,"Bệnh nhân nam 48 tuổi, vào viện vì sốt cao 39°C, rét run và đau tức nhiều vùng hạ sườn phải bắt đầu từ ngày hôm qua. Bệnh nhân có tiền sử phát hiện ung thư biểu mô tế bào gan kích thước 5 cm và đã được can thiệp nút mạch hóa chất (TACE) cách đây 3 ngày. Khám lâm sàng: nhịp tim 105 lần/phút, huyết áp 110/70 mmHg, nhịp thở 20 lần/phút. Bụng mềm, ấn đau vùng gan nhưng không có phản ứng thành bụng. Xét nghiệm máu: Bạch cầu 12 G/L (Neutrophil 80%), CRP 45 mg/L, AST 250 U/L, ALT 210 U/L. Siêu âm gan tại giường thấy khối u gan cũ có vùng hoại tử trung tâm, không thấy dịch quanh gan, đường mật không giãn.","Xét nghiệm men gan (AST, ALT) tăng cao ở bệnh nhân này phản ánh điều gì?",Tình trạng tắc mật do huyết khối đường mật.,Tổn thương hoại tử tế bào gan do thiếu máu cục bộ.,Sự phát triển bùng phát của tế bào ung thư.,Tác dụng phụ gây độc gan của kháng sinh.,,b,"Men gan tăng là hậu quả trực tiếp của việc hoại tử nhu mô gan lành lân cận khối u bị thiếu máu sau khi bơm chất tắc mạch. Sự tăng này thường thoáng qua, đạt đỉnh trong vài ngày đầu và giảm dần, là minh chứng cho thấy thủ thuật đã tác động đến gan."
noi-ung-thu-gan-case-14-4,noi,Ung thư gan,Tiêu hoá,"Bệnh nhân nam 48 tuổi, vào viện vì sốt cao 39°C, rét run và đau tức nhiều vùng hạ sườn phải bắt đầu từ ngày hôm qua. Bệnh nhân có tiền sử phát hiện ung thư biểu mô tế bào gan kích thước 5 cm và đã được can thiệp nút mạch hóa chất (TACE) cách đây 3 ngày. Khám lâm sàng: nhịp tim 105 lần/phút, huyết áp 110/70 mmHg, nhịp thở 20 lần/phút. Bụng mềm, ấn đau vùng gan nhưng không có phản ứng thành bụng. Xét nghiệm máu: Bạch cầu 12 G/L (Neutrophil 80%), CRP 45 mg/L, AST 250 U/L, ALT 210 U/L. Siêu âm gan tại giường thấy khối u gan cũ có vùng hoại tử trung tâm, không thấy dịch quanh gan, đường mật không giãn.",Thái độ xử trí ban đầu phù hợp nhất cho bệnh nhân này là gì?,Bơm thêm hóa chất vào động mạch gan để tiêu diệt u.,Chỉ định phẫu thuật cắt gan cấp cứu ngay lập tức.,Chọc hút dẫn lưu khối u hoại tử qua da ngay.,"Điều trị hỗ trợ giảm đau, hạ sốt, bù dịch đường tĩnh mạch.",,d,"PES là một diễn biến tự giới hạn. Quản lý chủ yếu là điều trị triệu chứng và hỗ trợ: bù dịch, dùng thuốc hạ sốt (Paracetamol), thuốc giảm đau (có thể dùng NSAIDs hoặc Opioid nhẹ) và chống nôn. Không có chỉ định phẫu thuật hay chọc hút dịch lúc này."
noi-ung-thu-gan-case-14-5,noi,Ung thư gan,Tiêu hoá,"Bệnh nhân nam 48 tuổi, vào viện vì sốt cao 39°C, rét run và đau tức nhiều vùng hạ sườn phải bắt đầu từ ngày hôm qua. Bệnh nhân có tiền sử phát hiện ung thư biểu mô tế bào gan kích thước 5 cm và đã được can thiệp nút mạch hóa chất (TACE) cách đây 3 ngày. Khám lâm sàng: nhịp tim 105 lần/phút, huyết áp 110/70 mmHg, nhịp thở 20 lần/phút. Bụng mềm, ấn đau vùng gan nhưng không có phản ứng thành bụng. Xét nghiệm máu: Bạch cầu 12 G/L (Neutrophil 80%), CRP 45 mg/L, AST 250 U/L, ALT 210 U/L. Siêu âm gan tại giường thấy khối u gan cũ có vùng hoại tử trung tâm, không thấy dịch quanh gan, đường mật không giãn.","Diễn biến nào sau đây, nếu xuất hiện, sẽ gợi ý bệnh nhân đã tiến triển thành áp xe gan thực sự chứ không chỉ là hội chứng sau tắc mạch?",Bệnh nhân đi ngoài phân đen và nôn ra máu.,Men gan tiếp tục giảm dần trong những ngày tới.,Sốt cao kéo dài trên 1 tuần kèm tăng Procalcitonin máu.,Xuất hiện cổ trướng lượng ít trên siêu âm.,,c,"Áp xe gan thứ phát là một biến chứng nặng sau TACE do vi khuẩn xâm nhập vào vùng mô hoại tử. Gợi ý áp xe gan khi tình trạng sốt không thuyên giảm sau 5-7 ngày, tình trạng nhiễm trùng nhiễm độc nặng lên, tăng bạch cầu nhiều và tăng Procalcitonin máu (marker nhiễm khuẩn). Khi đó cần chọc hút dịch cấy vi khuẩn."
noi-ung-thu-gan-case-15-1,noi,Ung thư gan,Tiêu hoá,"Bệnh nhân nữ 23 tuổi, sinh viên, không có tiền sử bệnh lý, không dùng thuốc tránh thai, đi khám vì tự sờ thấy một khối cứng dưới sườn phải. Bệnh nhân không sốt, không vàng da, ăn uống bình thường. Khám thực thể thấy gan to 5 cm dưới bờ sườn, mật độ chắc, bề mặt nhẵn, không đau. Không có dấu hiệu bệnh gan mạn tính. Xét nghiệm: AST 30 U/L, ALT 25 U/L, Bilirubin 12 μmol/L. Viêm gan B và C đều âm tính. AFP 3 ng/mL. Chụp CT ổ bụng phát hiện một khối u đơn độc kích thước 10 cm ở thùy gan trái, bờ đều, có hình ảnh ""sẹo trung tâm"" hình sao bắt thuốc cản quang thì muộn.","Dựa trên độ tuổi và hình ảnh học, chẩn đoán nào sau đây là phù hợp nhất?",Nang sán lá gan lớn.,Ung thư biểu mô tế bào gan thể sợi lá (Fibrolamellar HCC).,U nguyên bào gan (Hepatoblastoma).,Ung thư gan di căn từ đường tiêu hóa.,,b,"Phụ nữ trẻ, không có bệnh gan nền, AFP bình thường, khối u gan lớn có ""sẹo trung tâm"" là đặc c.aspx?sourcedoc={186352b6-90cf-40c9-ba19-ae84e248ef20}&action=vie… 8/12 điểm kinh điển của HCC thể sợi lá (Fibrolamellar carcinoma). U nguyên bào gan thường gặp ở trẻ em dưới 3 tuổi. Không có yếu tố nguy cơ của sán lá gan hay di căn."
noi-ung-thu-gan-case-15-2,noi,Ung thư gan,Tiêu hoá,"Bệnh nhân nữ 23 tuổi, sinh viên, không có tiền sử bệnh lý, không dùng thuốc tránh thai, đi khám vì tự sờ thấy một khối cứng dưới sườn phải. Bệnh nhân không sốt, không vàng da, ăn uống bình thường. Khám thực thể thấy gan to 5 cm dưới bờ sườn, mật độ chắc, bề mặt nhẵn, không đau. Không có dấu hiệu bệnh gan mạn tính. Xét nghiệm: AST 30 U/L, ALT 25 U/L, Bilirubin 12 μmol/L. Viêm gan B và C đều âm tính. AFP 3 ng/mL. Chụp CT ổ bụng phát hiện một khối u đơn độc kích thước 10 cm ở thùy gan trái, bờ đều, có hình ảnh ""sẹo trung tâm"" hình sao bắt thuốc cản quang thì muộn.",Đặc điểm sinh lý bệnh nổi bật nhất của thể ung thư gan này là gì?,Gây tắc nghẽn tĩnh mạch chủ dưới từ rất sớm.,Phát triển trên nền nhu mô gan hoàn toàn bình thường.,Luôn liên quan đến xơ gan do rượu.,Là hậu quả của tình trạng ứ mật bẩm sinh.,,b,"Đặc điểm sinh lý bệnh quan trọng nhất của thể sợi lá là nó gần như luôn luôn phát sinh trên nền nhu mô gan bình thường, hoàn toàn không có xơ gan hay viêm gan virus đi kèm. Điều này khác biệt hoàn toàn với HCC kinh điển (thường trên nền xơ gan)."
noi-ung-thu-gan-case-15-3,noi,Ung thư gan,Tiêu hoá,"Bệnh nhân nữ 23 tuổi, sinh viên, không có tiền sử bệnh lý, không dùng thuốc tránh thai, đi khám vì tự sờ thấy một khối cứng dưới sườn phải. Bệnh nhân không sốt, không vàng da, ăn uống bình thường. Khám thực thể thấy gan to 5 cm dưới bờ sườn, mật độ chắc, bề mặt nhẵn, không đau. Không có dấu hiệu bệnh gan mạn tính. Xét nghiệm: AST 30 U/L, ALT 25 U/L, Bilirubin 12 μmol/L. Viêm gan B và C đều âm tính. AFP 3 ng/mL. Chụp CT ổ bụng phát hiện một khối u đơn độc kích thước 10 cm ở thùy gan trái, bờ đều, có hình ảnh ""sẹo trung tâm"" hình sao bắt thuốc cản quang thì muộn.","Dấu hiệu ""sẹo trung tâm"" (central scar) trên chẩn đoán hình ảnh giúp phân biệt bệnh lý này với tổn thương lành tính nào?",U máu thể hang.,Nang gan đơn thuần.,Áp xe gan vi khuẩn.,Tăng sản nốt khu trú.,,d,"Sẹo trung tâm là dấu hiệu đặc trưng của cả HCC thể sợi lá và Tăng sản nốt khu trú (FNH). FNH là một tổn thương lành tính, sẹo trung tâm của FNH thường bắt thuốc mạnh trên MRI thì gan mật, trong khi thể sợi lá là tổn thương ác tính cần can thiệp."
noi-ung-thu-gan-case-15-4,noi,Ung thư gan,Tiêu hoá,"Bệnh nhân nữ 23 tuổi, sinh viên, không có tiền sử bệnh lý, không dùng thuốc tránh thai, đi khám vì tự sờ thấy một khối cứng dưới sườn phải. Bệnh nhân không sốt, không vàng da, ăn uống bình thường. Khám thực thể thấy gan to 5 cm dưới bờ sườn, mật độ chắc, bề mặt nhẵn, không đau. Không có dấu hiệu bệnh gan mạn tính. Xét nghiệm: AST 30 U/L, ALT 25 U/L, Bilirubin 12 μmol/L. Viêm gan B và C đều âm tính. AFP 3 ng/mL. Chụp CT ổ bụng phát hiện một khối u đơn độc kích thước 10 cm ở thùy gan trái, bờ đều, có hình ảnh ""sẹo trung tâm"" hình sao bắt thuốc cản quang thì muộn.",Phương pháp điều trị tối ưu nhất mang lại cơ hội sống còn lâu dài cho bệnh nhân là gì?,Hóa trị toàn thân phác đồ FOLFOX.,Ghép gan cấp cứu ngay lập tức.,Phẫu thuật cắt bỏ thùy gan chứa khối u.,Xạ trị chiếu ngoài tập trung khối u.,,c,"Do bệnh nhân có chức năng gan hoàn toàn bình thường (không xơ gan) và khối u khu trú, phẫu thuật cắt gan (cắt thùy gan trái) là điều trị triệt căn ưu tiên mang lại hy vọng chữa khỏi bệnh. Hóa xạ trị ít có vai trò trong giai đoạn có thể mổ được."
noi-ung-thu-gan-case-15-5,noi,Ung thư gan,Tiêu hoá,"Bệnh nhân nữ 23 tuổi, sinh viên, không có tiền sử bệnh lý, không dùng thuốc tránh thai, đi khám vì tự sờ thấy một khối cứng dưới sườn phải. Bệnh nhân không sốt, không vàng da, ăn uống bình thường. Khám thực thể thấy gan to 5 cm dưới bờ sườn, mật độ chắc, bề mặt nhẵn, không đau. Không có dấu hiệu bệnh gan mạn tính. Xét nghiệm: AST 30 U/L, ALT 25 U/L, Bilirubin 12 μmol/L. Viêm gan B và C đều âm tính. AFP 3 ng/mL. Chụp CT ổ bụng phát hiện một khối u đơn độc kích thước 10 cm ở thùy gan trái, bờ đều, có hình ảnh ""sẹo trung tâm"" hình sao bắt thuốc cản quang thì muộn.",Tiên lượng của bệnh nhân này so với ung thư biểu mô tế bào gan kinh điển (classic HCC) nhìn chung sẽ như thế nào?,"Tốt hơn do bệnh nhân trẻ, chức năng gan bảo tồn và khả năng cắt bỏ cao.",Xấu hơn nhiều do tốc độ di căn não cực kỳ nhanh.,Phụ thuộc hoàn toàn vào nồng độ AFP ban đầu.,Tương đương nhau vì đều là ung thư tế bào gan.,,a,"Bệnh nhân HCC thể sợi lá thường có tiên lượng tốt hơn HCC kinh điển. Nguyên nhân là do họ không bị suy gan hay xơ gan nền, chịu đựng được phẫu thuật lớn tốt hơn, và khối u thường được chẩn đoán khi chưa di căn đa ổ trong gan, tỷ lệ phẫu thuật triệt căn thành công cao hơn."
noi-ung-thu-gan-case-16-1,noi,Ung thư gan,Tiêu hoá,"Bệnh nhân nam 65 tuổi, có tiền sử polyp đại tràng đã cắt qua nội soi cách đây 2 năm không theo dõi lại. Đợt này vào viện vì mệt mỏi, chán ăn, sụt 6 kg trong 3 tháng và đôi khi đi cầu phân lẫn máu đen. Khám thấy da niêm mạc nhợt nhạt, gan to 4 cm dưới sườn, bề mặt lổn nhổn nhiều nốt cứng, không đau. Các hạch ngoại vi không sờ thấy. Xét nghiệm: Hemoglobin 85 g/L, MCV 72 fL. Siêu âm gan phát hiện nhiều khối giảm âm kích thước từ 1-4 cm rải rác cả hai thùy gan, hình ảnh ""mắt bò"" (bulls-eye).","TẤT CẢ các chẩn đoán sau đây đều có thể nghĩ tới ở bệnh nhân này, TRỪ:",Ung thư đại trực tràng di căn gan.,U thần kinh nội tiết (NET) di căn.,U máu đa ổ lành tính ở gan.,Ung thư dạ dày di căn gan.,,c,"Hội chứng sụt cân, đi ngoài phân máu, gan to lổn nhổn, siêu âm nhiều nốt hình ""mắt bò"" (bulls-eye/target lesion) là hình ảnh kinh điển của ung thư di căn gan đa ổ. U máu đa ổ lành tính không gây hội chứng suy mòn, thiếu máu và hình ảnh siêu âm thường là tăng âm đồng nhất."
noi-ung-thu-gan-case-16-2,noi,Ung thư gan,Tiêu hoá,"Bệnh nhân nam 65 tuổi, có tiền sử polyp đại tràng đã cắt qua nội soi cách đây 2 năm không theo dõi lại. Đợt này vào viện vì mệt mỏi, chán ăn, sụt 6 kg trong 3 tháng và đôi khi đi cầu phân lẫn máu đen. Khám thấy da niêm mạc nhợt nhạt, gan to 4 cm dưới sườn, bề mặt lổn nhổn nhiều nốt cứng, không đau. Các hạch ngoại vi không sờ thấy. Xét nghiệm: Hemoglobin 85 g/L, MCV 72 fL. Siêu âm gan phát hiện nhiều khối giảm âm kích thước từ 1-4 cm rải rác cả hai thùy gan, hình ảnh ""mắt bò"" (bulls-eye).","Đặc điểm thiếu máu hồng cầu nhỏ, nhược sắc (MCV 72 fL) ở bệnh nhân này giải thích tốt nhất bởi cơ chế nào?",Tán máu tự miễn do kháng thể kháng ung thư.,Thiếu hụt vitamin B12 do suy chức năng gan.,Ức chế tủy xương trực tiếp bởi khối u ở gan.,Thiếu máu do chảy máu rỉ rả mạn tính đường tiêu hóa.,,d,Thiếu máu hồng cầu nhỏ (MCV thấp) kết hợp đi cầu phân máu đen ở một bệnh nhân nghi ngờ ung thư tiêu hóa là biểu hiện của thiếu máu thiếu sắt do mất máu mạn tính (chảy máu rỉ rả từ khối u đại tràng hoặc dạ dày).
noi-ung-thu-gan-case-16-3,noi,Ung thư gan,Tiêu hoá,"Bệnh nhân nam 65 tuổi, có tiền sử polyp đại tràng đã cắt qua nội soi cách đây 2 năm không theo dõi lại. Đợt này vào viện vì mệt mỏi, chán ăn, sụt 6 kg trong 3 tháng và đôi khi đi cầu phân lẫn máu đen. Khám thấy da niêm mạc nhợt nhạt, gan to 4 cm dưới sườn, bề mặt lổn nhổn nhiều nốt cứng, không đau. Các hạch ngoại vi không sờ thấy. Xét nghiệm: Hemoglobin 85 g/L, MCV 72 fL. Siêu âm gan phát hiện nhiều khối giảm âm kích thước từ 1-4 cm rải rác cả hai thùy gan, hình ảnh ""mắt bò"" (bulls-eye).",Dấu ấn ung thư nào sau đây cần được ưu tiên định lượng trong huyết thanh để hỗ trợ chẩn đoán nguyên phát?,AFP.,CA 125.,CEA.,PSA.,,c,CEA (Carcinoembryonic Antigen) là dấu ấn sinh học đặc trưng được sử dụng rộng rãi để theo dõi và hỗ trợ chẩn đoán ung thư đại trực tràng và các ung thư đường tiêu hóa khác. Cần làm thêm các marker khác (như CA 19-9) nhưng CEA là ưu tiên.
noi-ung-thu-gan-case-16-4,noi,Ung thư gan,Tiêu hoá,"Bệnh nhân nam 65 tuổi, có tiền sử polyp đại tràng đã cắt qua nội soi cách đây 2 năm không theo dõi lại. Đợt này vào viện vì mệt mỏi, chán ăn, sụt 6 kg trong 3 tháng và đôi khi đi cầu phân lẫn máu đen. Khám thấy da niêm mạc nhợt nhạt, gan to 4 cm dưới sườn, bề mặt lổn nhổn nhiều nốt cứng, không đau. Các hạch ngoại vi không sờ thấy. Xét nghiệm: Hemoglobin 85 g/L, MCV 72 fL. Siêu âm gan phát hiện nhiều khối giảm âm kích thước từ 1-4 cm rải rác cả hai thùy gan, hình ảnh ""mắt bò"" (bulls-eye).",Thăm dò nào là bắt buộc và ưu tiên nhất để xác định vị trí khối u nguyên phát ở bệnh nhân này?,Nội soi đại trực tràng toàn bộ và dạ dày ống mềm.,Chụp xạ hình xương toàn thân.,Chọc hút dịch tủy sống làm xét nghiệm.,Chụp cộng hưởng từ sọ não.,,a,"Ở bệnh nhân có khối u gan nghi ngờ di căn và có triệu chứng xuất huyết tiêu hóa, nội soi đường tiêu hóa (nội soi đại tràng và dạ dày) là phương pháp trực tiếp, độ nhạy cao nhất để tìm kiếm khối u nguyên phát và lấy sinh thiết làm giải phẫu bệnh."
noi-ung-thu-gan-case-16-5,noi,Ung thư gan,Tiêu hoá,"Bệnh nhân nam 65 tuổi, có tiền sử polyp đại tràng đã cắt qua nội soi cách đây 2 năm không theo dõi lại. Đợt này vào viện vì mệt mỏi, chán ăn, sụt 6 kg trong 3 tháng và đôi khi đi cầu phân lẫn máu đen. Khám thấy da niêm mạc nhợt nhạt, gan to 4 cm dưới sườn, bề mặt lổn nhổn nhiều nốt cứng, không đau. Các hạch ngoại vi không sờ thấy. Xét nghiệm: Hemoglobin 85 g/L, MCV 72 fL. Siêu âm gan phát hiện nhiều khối giảm âm kích thước từ 1-4 cm rải rác cả hai thùy gan, hình ảnh ""mắt bò"" (bulls-eye).","Nếu khối nguyên phát được xác định là ung thư đại tràng, phương pháp điều trị toàn thân nào là nền tảng cho giai đoạn di căn đa ổ này?",Liệu pháp kháng virus viêm gan B.,Đốt sóng cao tần (RFA) tất cả các nốt ở gan.,Hóa trị liệu kết hợp thuốc nhắm trúng đích.,Phẫu thuật cắt toàn bộ gan và đại tràng.,,c,"Ung thư đại trực tràng di căn gan đa ổ không thể cắt bỏ hoàn toàn ngay từ đầu. Phương pháp điều trị tiêu chuẩn là hóa trị liệu toàn thân (ví dụ FOLFOX, FOLFIRI) kết hợp với các thuốc nhắm trúng đích (như Bevacizumab, Cetuximab) để kiểm soát bệnh và kéo dài thời gian sống. Cắt toàn bộ gan không có chỉ định."
noi-ung-thu-gan-case-17-1,noi,Ung thư gan,Tiêu hoá,"Bệnh nhân nam 59 tuổi, tiền sử viêm gan C mạn đã điều trị khỏi cách đây 5 năm (SVR), nay đi siêu âm kiểm tra định kỳ phát hiện một nốt tăng âm kích thước 2.5 cm ở hạ phân thùy VIII, nằm sâu trong nhu mô, cách xa các mạch máu lớn. Bệnh nhân không có triệu chứng lâm sàng. Khám không có vàng da, không phù. Xét nghiệm chức năng gan bình thường (Child- Pugh A), AFP 25 ng/mL. Chụp MRI gan xác nhận đây là tổn thương ung thư https://onedrive.live.com/personal/2672550e42ddc7d4/_layouts/15/D biểu mô tế bào gan khu trú đơn độc. Bệnh nhân từ chối phẫu thuật do lo sợ đau và thời gian hồi phục lâu.","Dựa trên phân loại BCLC (Barcelona Clinic Liver Cancer), bệnh nhân này thuộc giai đoạn nào?",Giai đoạn 0 (Rất sớm) hoặc A (Sớm).,Giai đoạn B (Trung gian).,Giai đoạn C (Tiến triển).,Giai đoạn D (Giai đoạn cuối).,,a,"Bệnh nhân có khối u đơn độc kích thước nhỏ (2.5cm), chức năng gan bảo tồn (Child A) và thể trạng tốt (PS 0) được xếp vào giai đoạn BCLC A (giai đoạn sớm). Ở giai đoạn này, các phương pháp điều trị triệt căn (phẫu thuật, RFA, ghép gan) được chỉ định."
noi-ung-thu-gan-case-17-2,noi,Ung thư gan,Tiêu hoá,"Bệnh nhân nam 59 tuổi, tiền sử viêm gan C mạn đã điều trị khỏi cách đây 5 năm (SVR), nay đi siêu âm kiểm tra định kỳ phát hiện một nốt tăng âm kích thước 2.5 cm ở hạ phân thùy VIII, nằm sâu trong nhu mô, cách xa các mạch máu lớn. Bệnh nhân không có triệu chứng lâm sàng. Khám không có vàng da, không phù. Xét nghiệm chức năng gan bình thường (Child- Pugh A), AFP 25 ng/mL. Chụp MRI gan xác nhận đây là tổn thương ung thư https://onedrive.live.com/personal/2672550e42ddc7d4/_layouts/15/D biểu mô tế bào gan khu trú đơn độc. Bệnh nhân từ chối phẫu thuật do lo sợ đau và thời gian hồi phục lâu.",Vì sao bệnh nhân vẫn bị ung thư gan dù đã điều trị khỏi virus viêm gan C (đạt SVR)?,Tổn thương xơ hóa/viêm mạn tính trước đó vẫn duy trì rủi ro sinh ung thư.,Thuốc kháng virus C trực tiếp gây đột biến gen ung thư.,Do bệnh nhân bị nhiễm đồng thời HIV chưa phát hiện.,Vi rút viêm gan C luôn tái hoạt động trong mô mỡ.,,a,"Diệt sạch vi rút HCV (đạt SVR) giúp giảm nguy cơ tiến triển xơ gan và ung thư gan, nhưng không loại bỏ hoàn toàn nguy cơ (đặc biệt nếu bệnh nhân đã có xơ hóa gan F3-F4 trước khi điều trị). Các sẹo xơ và biến đổi biểu sinh tế bào trước đó vẫn tiềm ẩn rủi ro sinh ung."
noi-ung-thu-gan-case-17-3,noi,Ung thư gan,Tiêu hoá,"Bệnh nhân nam 59 tuổi, tiền sử viêm gan C mạn đã điều trị khỏi cách đây 5 năm (SVR), nay đi siêu âm kiểm tra định kỳ phát hiện một nốt tăng âm kích thước 2.5 cm ở hạ phân thùy VIII, nằm sâu trong nhu mô, cách xa các mạch máu lớn. Bệnh nhân không có triệu chứng lâm sàng. Khám không có vàng da, không phù. Xét nghiệm chức năng gan bình thường (Child- Pugh A), AFP 25 ng/mL. Chụp MRI gan xác nhận đây là tổn thương ung thư https://onedrive.live.com/personal/2672550e42ddc7d4/_layouts/15/D biểu mô tế bào gan khu trú đơn độc. Bệnh nhân từ chối phẫu thuật do lo sợ đau và thời gian hồi phục lâu.","Trong trường hợp từ chối phẫu thuật, phương pháp can thiệp tại chỗ nào sau đây có hiệu quả triệt căn tương đương phẫu thuật cho khối u kích thước này?",Phóng xạ miễn dịch toàn thân.,Đốt sóng cao tần (RFA).,Truyền hóa chất tĩnh mạch.,Nút mạch hóa chất (TACE).,,b,"Đối với HCC kích thước nhỏ (đặc biệt < 3 cm), các nghiên cứu chỉ ra rằng đốt sóng cao tần (RFA) hoặc đốt vi sóng (MWA) mang lại tỷ lệ sống còn toàn bộ không thua kém phẫu thuật cắt gan, đồng thời ít biến chứng và thời gian nằm viện ngắn hơn."
noi-ung-thu-gan-case-17-4,noi,Ung thư gan,Tiêu hoá,"Bệnh nhân nam 59 tuổi, tiền sử viêm gan C mạn đã điều trị khỏi cách đây 5 năm (SVR), nay đi siêu âm kiểm tra định kỳ phát hiện một nốt tăng âm kích thước 2.5 cm ở hạ phân thùy VIII, nằm sâu trong nhu mô, cách xa các mạch máu lớn. Bệnh nhân không có triệu chứng lâm sàng. Khám không có vàng da, không phù. Xét nghiệm chức năng gan bình thường (Child- Pugh A), AFP 25 ng/mL. Chụp MRI gan xác nhận đây là tổn thương ung thư https://onedrive.live.com/personal/2672550e42ddc7d4/_layouts/15/D biểu mô tế bào gan khu trú đơn độc. Bệnh nhân từ chối phẫu thuật do lo sợ đau và thời gian hồi phục lâu.","Đặc điểm vị trí ""nằm sâu trong nhu mô, cách xa mạch máu lớn"" của khối u này mang lại lợi thế gì cho phương pháp đốt sóng cao tần (RFA)?",Kích thích khối u tự sản sinh kháng thể chống lại nhiệt độ.,Ngăn cản quá trình hấp thu thuốc cản quang vào máu.,Tránh được hiệu ứng tản nhiệt (heat sink effect) làm giảm hiệu quả đốt.,Giúp sóng cao tần lan truyền dọc theo đường mật nhanh hơn.,,c,"Hiệu ứng tản nhiệt (heat sink effect) xảy ra khi khối u nằm sát các tĩnh mạch lớn (>3mm). Dòng máu chảy liên tục sẽ mang nhiệt đi nơi khác, khiến vùng mô khối u gần mạch máu không đạt được nhiệt độ tiêu diệt tế bào. Khối u nằm sâu, xa mạch máu lớn là vị trí lý tưởng cho RFA."
noi-ung-thu-gan-case-17-5,noi,Ung thư gan,Tiêu hoá,"Bệnh nhân nam 59 tuổi, tiền sử viêm gan C mạn đã điều trị khỏi cách đây 5 năm (SVR), nay đi siêu âm kiểm tra định kỳ phát hiện một nốt tăng âm kích thước 2.5 cm ở hạ phân thùy VIII, nằm sâu trong nhu mô, cách xa các mạch máu lớn. Bệnh nhân không có triệu chứng lâm sàng. Khám không có vàng da, không phù. Xét nghiệm chức năng gan bình thường (Child- Pugh A), AFP 25 ng/mL. Chụp MRI gan xác nhận đây là tổn thương ung thư https://onedrive.live.com/personal/2672550e42ddc7d4/_layouts/15/D biểu mô tế bào gan khu trú đơn độc. Bệnh nhân từ chối phẫu thuật do lo sợ đau và thời gian hồi phục lâu.","Sau can thiệp thành công, lịch theo dõi định kỳ bằng hình ảnh học và xét nghiệm AFP nên được thực hiện với tần suất như thế nào trong năm đầu?",Mỗi 3-4 tháng một lần.,Mỗi 1 tuần một lần.,Mỗi 2 năm một lần.,Không cần theo dõi nếu đã đạt triệt căn.,,a,"Sau can thiệp triệt căn HCC, nguy cơ tái phát tại chỗ hoặc xuất hiện nốt mới trong gan rất cao. Các guideline (như AASLD, EASL) khuyến cáo theo dõi sát bằng hình ảnh học (CT/MRI hoặc siêu âm) kết hợp với AFP mỗi 3 đến 6 tháng trong ít nhất 2 năm đầu, sau đó có thể giãn ra mỗi 6 tháng."
noi-ung-thu-gan-case-18-1,noi,Ung thư gan,Tiêu hoá,"Bệnh nhân nam 70 tuổi, vào viện vì hội chứng vàng da tắc mật (vàng da sậm, nước tiểu vàng sậm, phân bạc màu) xuất hiện từ 1 tháng nay kèm ngứa da dữ dội. Tiền sử sỏi đường mật trong gan nhiều năm. Khám thấy gan to, ấn tức hạ sườn phải, túi mật không sờ thấy. Xét nghiệm: AST 60 U/L, ALT 55 U/L, Bilirubin toàn phần 250 μmol/L, Bilirubin trực tiếp 180 μmol/L, ALP (Phosphatase kiềm) 850 U/L (tăng rất cao). Chụp cộng hưởng từ đường mật (MRCP) cho thấy hình ảnh tắc nghẽn hoàn toàn ngã ba đường mật vùng rốn gan do một khối u thâm nhiễm dọc theo ống mật, đường mật trong gan hai bên giãn to.",Chẩn đoán nào là phù hợp nhất với vị trí tổn thương trên MRCP của bệnh nhân này?,Ung thư túi mật.,Ung thư đường mật rốn gan (U Klatskin).,U bóng Vater.,Ung thư đầu tụy.,,b,"Khối u nằm ở ngã ba đường mật vùng rốn gan, gây giãn đường mật trong gan hai bên nhưng túi mật không to (không sờ thấy) là đặc trưng kinh điển của ung thư đường mật rốn gan (Cholangiocarcinoma rốn gan), hay còn gọi là u Klatskin."
noi-ung-thu-gan-case-18-2,noi,Ung thư gan,Tiêu hoá,"Bệnh nhân nam 70 tuổi, vào viện vì hội chứng vàng da tắc mật (vàng da sậm, nước tiểu vàng sậm, phân bạc màu) xuất hiện từ 1 tháng nay kèm ngứa da dữ dội. Tiền sử sỏi đường mật trong gan nhiều năm. Khám thấy gan to, ấn tức hạ sườn phải, túi mật không sờ thấy. Xét nghiệm: AST 60 U/L, ALT 55 U/L, Bilirubin toàn phần 250 μmol/L, Bilirubin trực tiếp 180 μmol/L, ALP (Phosphatase kiềm) 850 U/L (tăng rất cao). Chụp cộng hưởng từ đường mật (MRCP) cho thấy hình ảnh tắc nghẽn hoàn toàn ngã ba đường mật vùng rốn gan do một khối u thâm nhiễm dọc theo ống mật, đường mật trong gan hai bên giãn to.",Dấu hiệu ngứa da dữ dội ở bệnh nhân vàng da tắc mật chủ yếu do cơ chế nào gây ra?,Tăng nồng độ men AST và ALT trong máu.,Tích tụ muối mật trong tổ chức dưới da.,Dị ứng với vi khuẩn đường ruột.,Sự phân hủy của hồng cầu sinh ra histamin.,,b,"Ngứa là triệu chứng rất phổ biến và gây khó chịu trong hội chứng ứ mật. Mặc dù cơ chế chưa hoàn toàn sáng tỏ, sự tích tụ của acid mật (muối mật) tại tổ chức dưới da được cho là một trong những nguyên nhân chính kích thích các tận cùng thần kinh gây ngứa."
noi-ung-thu-gan-case-18-3,noi,Ung thư gan,Tiêu hoá,"Bệnh nhân nam 70 tuổi, vào viện vì hội chứng vàng da tắc mật (vàng da sậm, nước tiểu vàng sậm, phân bạc màu) xuất hiện từ 1 tháng nay kèm ngứa da dữ dội. Tiền sử sỏi đường mật trong gan nhiều năm. Khám thấy gan to, ấn tức hạ sườn phải, túi mật không sờ thấy. Xét nghiệm: AST 60 U/L, ALT 55 U/L, Bilirubin toàn phần 250 μmol/L, Bilirubin trực tiếp 180 μmol/L, ALP (Phosphatase kiềm) 850 U/L (tăng rất cao). Chụp cộng hưởng từ đường mật (MRCP) cho thấy hình ảnh tắc nghẽn hoàn toàn ngã ba đường mật vùng rốn gan do một khối u thâm nhiễm dọc theo ống mật, đường mật trong gan hai bên giãn to.",Chỉ số xét nghiệm sinh hóa ALP (Phosphatase kiềm) tăng cao vượt trội có ý nghĩa gì?,Đặc trưng của hội chứng ứ mật mạn tính/tắc mật.,Khối u đã di căn đến hệ thống thần kinh trung ương.,Bệnh nhân bị loãng xương nghiêm trọng do tuổi già.,Bệnh nhân đang bị viêm gan virus cấp tính.,,a,"Phosphatase kiềm (ALP) và GGT là các enzyme nằm ở màng tiểu quản mật. Khi có tình trạng tắc nghẽn đường mật (ứ mật), áp lực đường mật tăng kích thích tổng hợp và giải phóng các enzyme này vào máu, làm ALP tăng rất cao, trong khi AST/ALT chỉ tăng nhẹ hoặc vừa."
noi-ung-thu-gan-case-18-4,noi,Ung thư gan,Tiêu hoá,"Bệnh nhân nam 70 tuổi, vào viện vì hội chứng vàng da tắc mật (vàng da sậm, nước tiểu vàng sậm, phân bạc màu) xuất hiện từ 1 tháng nay kèm ngứa da dữ dội. Tiền sử sỏi đường mật trong gan nhiều năm. Khám thấy gan to, ấn tức hạ sườn phải, túi mật không sờ thấy. Xét nghiệm: AST 60 U/L, ALT 55 U/L, Bilirubin toàn phần 250 μmol/L, Bilirubin trực tiếp 180 μmol/L, ALP (Phosphatase kiềm) 850 U/L (tăng rất cao). Chụp cộng hưởng từ đường mật (MRCP) cho thấy hình ảnh tắc nghẽn hoàn toàn ngã ba đường mật vùng rốn gan do một khối u thâm nhiễm dọc theo ống mật, đường mật trong gan hai bên giãn to.","Với tình trạng tắc mật nặng hiện tại gây suy giảm chất lượng cuộc sống, biện pháp can thiệp giảm nhẹ nào nên được xem xét ưu tiên nếu u không thể cắt bỏ?",Cắt bỏ toàn bộ dạ dày và tá tràng.,Chỉ dùng thuốc lợi tiểu liều cao.,Dẫn lưu đường mật xuyên gan qua da (PTBD) hoặc đặt stent qua ERCP.,Lọc máu chu kỳ bằng màng lọc thẩm tách.,,c,"Ở bệnh nhân u Klatskin giai đoạn muộn gây vàng da tắc mật nặng, can thiệp dẫn lưu đường mật (qua da - PTBD hoặc qua nội soi - ERCP) để giải áp, giảm bilirubin và giảm ngứa là biện pháp điều trị triệu chứng (palliative) vô cùng quan trọng, giúp cải thiện chức năng gan để có thể hóa trị tiếp theo."
noi-ung-thu-gan-case-18-5,noi,Ung thư gan,Tiêu hoá,"Bệnh nhân nam 70 tuổi, vào viện vì hội chứng vàng da tắc mật (vàng da sậm, nước tiểu vàng sậm, phân bạc màu) xuất hiện từ 1 tháng nay kèm ngứa da dữ dội. Tiền sử sỏi đường mật trong gan nhiều năm. Khám thấy gan to, ấn tức hạ sườn phải, túi mật không sờ thấy. Xét nghiệm: AST 60 U/L, ALT 55 U/L, Bilirubin toàn phần 250 μmol/L, Bilirubin trực tiếp 180 μmol/L, ALP (Phosphatase kiềm) 850 U/L (tăng rất cao). Chụp cộng hưởng từ đường mật (MRCP) cho thấy hình ảnh tắc nghẽn hoàn toàn ngã ba đường mật vùng rốn gan do một khối u thâm nhiễm dọc theo ống mật, đường mật trong gan hai bên giãn to.",Biến chứng cấp tính nguy hiểm nhất có thể xảy ra do tình trạng tắc nghẽn đường mật kéo dài này là gì?,Viêm đường mật nhiễm khuẩn cấp tính.,Vỡ lách tự phát.,Viêm tụy mạn tính.,Viêm loét dạ dày tá tràng. https://onedrive.live.com/personal/2672550e42ddc7d4/_layouts/15/D,,a,"Tắc nghẽn đường mật làm ứ trệ dịch mật, tạo môi trường thuận lợi cho vi khuẩn ruột đi ngược dòng phát triển, gây ra viêm đường mật nhiễm khuẩn cấp tính (viêm đường mật mủ cấp). Bệnh nhân có thể rơi vào tam chứng Charcot (Đau, Sốt, Vàng da) và sốc nhiễm khuẩn nhanh chóng. c.aspx?sourcedoc={186352b6-90cf-40c9-ba19-ae84e248ef20}&action=vi… 10/12"
noi-ung-thu-gan-case-19-1,noi,Ung thư gan,Tiêu hoá,"Bệnh nhân nam 64 tuổi, xơ gan do viêm gan B Child-Pugh B, phát hiện ung thư biểu mô tế bào gan đa ổ ở thùy phải, kích thước lớn nhất 8 cm, có kèm huyết khối lấp đầy tĩnh mạch cửa nhánh phải. Bệnh nhân có dịch cổ trướng lượng vừa, ăn kém. Xét nghiệm: Creatinine 85 μmol/L, Bilirubin toàn phần 45 μmol/L, Albumin 28 g/L. Nội soi dạ dày thấy tĩnh mạch trướng thực quản độ II, chưa có dấu xuất huyết. Hội chẩn chuyên môn quyết định không có chỉ định phẫu thuật cắt gan hay can thiệp nút mạch (TACE).",Dấu hiệu nào trên hình ảnh học khiến bệnh nhân này bị chống chỉ định với phương pháp nút mạch hóa chất (TACE)?,Khối u nằm hoàn toàn ở thùy gan phải.,Dịch cổ trướng lượng vừa trên siêu âm.,Gan có nhiều hơn một nốt ung thư.,Có huyết khối lấp đầy tĩnh mạch cửa chính nhánh phải.,,d,"Huyết khối tĩnh mạch cửa (đặc biệt nhánh chính) là một chống chỉ định tương đối đến tuyệt đối của TACE thông thường. Đa ổ không phải là chống chỉ định của TACE, thực tế TACE thường dùng cho HCC đa ổ."
noi-ung-thu-gan-case-19-2,noi,Ung thư gan,Tiêu hoá,"Bệnh nhân nam 64 tuổi, xơ gan do viêm gan B Child-Pugh B, phát hiện ung thư biểu mô tế bào gan đa ổ ở thùy phải, kích thước lớn nhất 8 cm, có kèm huyết khối lấp đầy tĩnh mạch cửa nhánh phải. Bệnh nhân có dịch cổ trướng lượng vừa, ăn kém. Xét nghiệm: Creatinine 85 μmol/L, Bilirubin toàn phần 45 μmol/L, Albumin 28 g/L. Nội soi dạ dày thấy tĩnh mạch trướng thực quản độ II, chưa có dấu xuất huyết. Hội chẩn chuyên môn quyết định không có chỉ định phẫu thuật cắt gan hay can thiệp nút mạch (TACE).",Cơ chế giải thích tại sao huyết khối tĩnh mạch cửa lại gây nguy hiểm khi thực hiện TACE là gì?,"Tĩnh mạch cửa là nguồn cấp máu chính cho nhu mô gan lành, nếu nút cả động mạch gan sẽ gây hoại tử gan cấp.",TACE làm tan huyết khối gây thuyên tắc phổi diện rộng.,Huyết khối làm hóa chất trào ngược lên tĩnh mạch thực quản.,Thuốc hóa chất sẽ đi thẳng vào tim gây độc cơ tim.,,a,"Nhu mô gan bình thường nhận khoảng 75% máu từ tĩnh mạch cửa và 25% từ động mạch gan (khối u nhận 100% từ động mạch). Khi tĩnh mạch cửa bị tắc do huyết khối, sự sống còn của gan lành phụ thuộc hoàn toàn vào động mạch gan. Nếu làm TACE (nút động mạch), gan sẽ bị nhồi máu và suy gan cấp tối cấp."
noi-ung-thu-gan-case-19-3,noi,Ung thư gan,Tiêu hoá,"Bệnh nhân nam 64 tuổi, xơ gan do viêm gan B Child-Pugh B, phát hiện ung thư biểu mô tế bào gan đa ổ ở thùy phải, kích thước lớn nhất 8 cm, có kèm huyết khối lấp đầy tĩnh mạch cửa nhánh phải. Bệnh nhân có dịch cổ trướng lượng vừa, ăn kém. Xét nghiệm: Creatinine 85 μmol/L, Bilirubin toàn phần 45 μmol/L, Albumin 28 g/L. Nội soi dạ dày thấy tĩnh mạch trướng thực quản độ II, chưa có dấu xuất huyết. Hội chẩn chuyên môn quyết định không có chỉ định phẫu thuật cắt gan hay can thiệp nút mạch (TACE).",Phương pháp điều trị toàn thân nào sau đây hiện nay được ưu tiên chỉ định bước 1 (first-line) cho bệnh nhân ung thư gan giai đoạn tiến triển có huyết khối tĩnh mạch cửa?,Đặt máy tạo nhịp tim tạm thời.,Kết hợp Atezolizumab và Bevacizumab.,Ghép tế bào gốc tủy xương.,Hóa trị truyền tĩnh mạch phác đồ CHOP.,,b,"Theo các hướng dẫn hiện hành (BCLC, NCCN, ESMO), sự kết hợp giữa liệu pháp miễn dịch (Atezolizumab) và thuốc kháng tạo mạch (Bevacizumab) là tiêu chuẩn chăm sóc bước 1 cho HCC giai đoạn tiến triển (không thể phẫu thuật, có xâm lấn mạch máu đại thể hoặc di căn xa), vượt trội hơn Sorafenib truyền thống."
noi-ung-thu-gan-case-19-4,noi,Ung thư gan,Tiêu hoá,"Bệnh nhân nam 64 tuổi, xơ gan do viêm gan B Child-Pugh B, phát hiện ung thư biểu mô tế bào gan đa ổ ở thùy phải, kích thước lớn nhất 8 cm, có kèm huyết khối lấp đầy tĩnh mạch cửa nhánh phải. Bệnh nhân có dịch cổ trướng lượng vừa, ăn kém. Xét nghiệm: Creatinine 85 μmol/L, Bilirubin toàn phần 45 μmol/L, Albumin 28 g/L. Nội soi dạ dày thấy tĩnh mạch trướng thực quản độ II, chưa có dấu xuất huyết. Hội chẩn chuyên môn quyết định không có chỉ định phẫu thuật cắt gan hay can thiệp nút mạch (TACE).",Thuốc Bevacizumab trong phác đồ trên hoạt động dựa trên cơ chế sinh lý bệnh nào?,Trung hòa trực tiếp virus viêm gan B.,Ức chế tổng hợp vách tế bào vi khuẩn.,Kích thích tăng sinh tế bào lympho T độc.,"Ức chế yếu tố tăng trưởng nội mạc mạch máu (anti-VEGF), ngăn tăng sinh mạch nuôi u.",,d,"HCC là khối u tăng sinh mạch máu rất mạnh mẽ thông qua việc tiết ra yếu tố tăng trưởng nội mô mạch máu (VEGF). Bevacizumab là một kháng thể đơn dòng gắn và ức chế VEGF, làm thoái hóa hệ mạch máu của u, ""bỏ đói"" khối u và điều hòa vi môi trường miễn dịch khối u."
noi-ung-thu-gan-case-19-5,noi,Ung thư gan,Tiêu hoá,"Bệnh nhân nam 64 tuổi, xơ gan do viêm gan B Child-Pugh B, phát hiện ung thư biểu mô tế bào gan đa ổ ở thùy phải, kích thước lớn nhất 8 cm, có kèm huyết khối lấp đầy tĩnh mạch cửa nhánh phải. Bệnh nhân có dịch cổ trướng lượng vừa, ăn kém. Xét nghiệm: Creatinine 85 μmol/L, Bilirubin toàn phần 45 μmol/L, Albumin 28 g/L. Nội soi dạ dày thấy tĩnh mạch trướng thực quản độ II, chưa có dấu xuất huyết. Hội chẩn chuyên môn quyết định không có chỉ định phẫu thuật cắt gan hay can thiệp nút mạch (TACE).","Trước khi khởi trị phác đồ có chứa Bevacizumab, can thiệp dự phòng nào là cần thiết do tình trạng bệnh lý nền của bệnh nhân này?",Thay huyết tương toàn phần.,Đặt ống thông tiểu liên tục.,Lọc máu hấp phụ độc tố.,Thắt tĩnh mạch thực quản qua nội soi để dự phòng chảy máu.,,d,"Tác dụng phụ nguy hiểm của Bevacizumab (thuốc anti- VEGF) là tăng nguy cơ xuất huyết. Bệnh nhân xơ gan có tĩnh mạch trướng thực quản độ II có nguy cơ vỡ rất cao. Do đó, cần nội soi thắt tĩnh mạch trướng dự phòng để đảm bảo an toàn trước khi truyền Bevacizumab."
noi-ung-thu-gan-case-20-1,noi,Ung thư gan,Tiêu hoá,"Bệnh nhân nam 68 tuổi, có khối u gan kích thước 12 cm đã được chẩn đoán là ung thư biểu mô tế bào gan, từ chối mọi can thiệp điều trị đặc hiệu. Sáng nay người nhà phát hiện bệnh nhân gọi hỏi đáp ứng chậm, vã mồ hôi lạnh, nhịp tim nhanh 110 lần/phút, chân tay run rẩy. Đưa vào cấp cứu đo huyết áp 130/80 mmHg. Test đường huyết mao mạch tại giường kết quả là 2.1 mmol/L. Xét nghiệm chức năng gan: Bilirubin 22 μmol/L, Albumin 32 g/L. Chức năng thận bình thường. Nồng độ Insulin trong máu định lượng ở mức thấp.",Tình trạng hạ đường huyết của bệnh nhân này có khả năng cao nhất là biểu hiện của hội chứng nào?,Hội chứng não gan cấp tính.,Hội chứng cận ung thư (Paraneoplastic syndrome).,Hội chứng cai rượu trầm trọng.,Hội chứng huyết tán tăng ure máu (HUS).,,b,"Ở bệnh nhân ung thư gan có khối u lớn, hạ đường huyết không do thuốc hay suy gan giai đoạn cuối thường là một hội chứng cận ung thư. Các triệu chứng thần kinh tự chủ (vã mồ hôi, nhịp nhanh) và thần kinh trung ương (đáp ứng chậm) là điển hình của hạ đường huyết trầm trọng."
noi-ung-thu-gan-case-20-2,noi,Ung thư gan,Tiêu hoá,"Bệnh nhân nam 68 tuổi, có khối u gan kích thước 12 cm đã được chẩn đoán là ung thư biểu mô tế bào gan, từ chối mọi can thiệp điều trị đặc hiệu. Sáng nay người nhà phát hiện bệnh nhân gọi hỏi đáp ứng chậm, vã mồ hôi lạnh, nhịp tim nhanh 110 lần/phút, chân tay run rẩy. Đưa vào cấp cứu đo huyết áp 130/80 mmHg. Test đường huyết mao mạch tại giường kết quả là 2.1 mmol/L. Xét nghiệm chức năng gan: Bilirubin 22 μmol/L, Albumin 32 g/L. Chức năng thận bình thường. Nồng độ Insulin trong máu định lượng ở mức thấp.",Cơ chế sinh lý bệnh chính gây hạ đường huyết trong các khối u gan lớn rải rác ngoài gan tiết ra chất nào sau đây?,Tiết ra kháng thể phá hủy tụy tạng.,Khối u tiêu thụ toàn bộ oxy của cơ thể.,Tiết ra quá nhiều Glucagon.,Tiết ra dạng chưa hoàn chỉnh của Yếu tố tăng trưởng giống insulin type 2 (IGF-2).,,d,"Cơ chế hạ đường huyết cận ung thư ở HCC (hội chứng Doege-Potter) chủ yếu do khối u sản xuất quá mức pro-IGF-2 (Yếu tố tăng trưởng giống insulin type 2 ở dạng lớn). Chất này gắn vào thụ thể insulin ở cơ và mô mỡ, kích thích tiêu thụ glucose và ức chế gan tạo glucose, dẫn đến hạ đường máu."
noi-ung-thu-gan-case-20-3,noi,Ung thư gan,Tiêu hoá,"Bệnh nhân nam 68 tuổi, có khối u gan kích thước 12 cm đã được chẩn đoán là ung thư biểu mô tế bào gan, từ chối mọi can thiệp điều trị đặc hiệu. Sáng nay người nhà phát hiện bệnh nhân gọi hỏi đáp ứng chậm, vã mồ hôi lạnh, nhịp tim nhanh 110 lần/phút, chân tay run rẩy. Đưa vào cấp cứu đo huyết áp 130/80 mmHg. Test đường huyết mao mạch tại giường kết quả là 2.1 mmol/L. Xét nghiệm chức năng gan: Bilirubin 22 μmol/L, Albumin 32 g/L. Chức năng thận bình thường. Nồng độ Insulin trong máu định lượng ở mức thấp.",Việc nồng độ Insulin máu nội sinh ở mức thấp trong cơn hạ đường huyết có ý nghĩa gì trong chẩn đoán?,Khẳng định bệnh nhân lén tiêm insulin quá liều.,Chứng tỏ bệnh nhân bị đái tháo đường type 1.,Chỉ điểm tình trạng suy tuyến thượng thận cấp.,Loại trừ nguyên nhân hạ đường huyết do u tiết insulin (Insulinoma).,,d,"Khi đường huyết hạ xuống mức 2.1 mmol/L, phản xạ sinh lý của cơ thể là ngừng tiết insulin. Do đó, insulin nội sinh thấp là phù hợp với cơ chế hạ đường huyết không qua trung gian insulin (như IGF-2). Nếu insulin cao, phải nghĩ tới U tiết insulin (Insulinoma) hoặc bệnh nhân tiêm lén insulin."
noi-ung-thu-gan-case-20-4,noi,Ung thư gan,Tiêu hoá,"Bệnh nhân nam 68 tuổi, có khối u gan kích thước 12 cm đã được chẩn đoán là ung thư biểu mô tế bào gan, từ chối mọi can thiệp điều trị đặc hiệu. Sáng nay người nhà phát hiện bệnh nhân gọi hỏi đáp ứng chậm, vã mồ hôi lạnh, nhịp tim nhanh 110 lần/phút, chân tay run rẩy. Đưa vào cấp cứu đo huyết áp 130/80 mmHg. Test đường huyết mao mạch tại giường kết quả là 2.1 mmol/L. Xét nghiệm chức năng gan: Bilirubin 22 μmol/L, Albumin 32 g/L. Chức năng thận bình thường. Nồng độ Insulin trong máu định lượng ở mức thấp.",Xử trí cấp cứu ưu tiên ngay tại giường cho bệnh nhân này là gì?,Truyền tĩnh mạch chậm Adrenalin.,Tiêm bắp Glucocorticoid liều cao.,Tiêm tĩnh mạch dung dịch Glucose ưu trương (ví dụ Glucose 20% hoặc 30%).,Bơm rửa dạ dày bằng nước muối sinh lý.,,c,"Nguyên tắc xử trí cấp cứu mọi trường hợp hạ đường huyết có triệu chứng thần kinh là cung cấp glucose đường tĩnh mạch ngay lập tức. Tiêm tĩnh mạch Glucose ưu trương (20%, 30% hoặc 50%) giúp đảo ngược nhanh chóng các triệu chứng và bảo vệ c.aspx?sourcedoc={186352b6-90cf-40c9-ba19-ae84e248ef20}&action=vi… 11/12 não bộ khỏi tổn thương không hồi phục."
noi-ung-thu-gan-case-20-5,noi,Ung thư gan,Tiêu hoá,"Bệnh nhân nam 68 tuổi, có khối u gan kích thước 12 cm đã được chẩn đoán là ung thư biểu mô tế bào gan, từ chối mọi can thiệp điều trị đặc hiệu. Sáng nay người nhà phát hiện bệnh nhân gọi hỏi đáp ứng chậm, vã mồ hôi lạnh, nhịp tim nhanh 110 lần/phút, chân tay run rẩy. Đưa vào cấp cứu đo huyết áp 130/80 mmHg. Test đường huyết mao mạch tại giường kết quả là 2.1 mmol/L. Xét nghiệm chức năng gan: Bilirubin 22 μmol/L, Albumin 32 g/L. Chức năng thận bình thường. Nồng độ Insulin trong máu định lượng ở mức thấp.","Về mặt tiên lượng, sự xuất hiện của hội chứng hạ đường huyết ác tính ở bệnh nhân HCC thường mang ý nghĩa gì?",Chức năng tổng hợp của gan đang hồi phục mạnh mẽ.,"Tiên lượng rất xấu, khối u phát triển nhanh, gánh nặng u lớn (tumor burden).",Dấu hiệu cho thấy khối u đang teo nhỏ và tự khỏi.,Khối u đã di căn hoàn toàn sang tuyến tụy. https://onedrive.live.com/personal/2672550e42ddc7d4/_layouts/15/D,,b,"Hội chứng cận ung thư như hạ đường huyết hay đa hồng cầu ở bệnh nhân HCC thường xuất hiện khi khối lượng khối u (tumor burden) rất lớn. Đây là dấu hiệu tiên lượng xấu, cho thấy bệnh ở giai đoạn muộn, khối u hoạt động mạnh và thời gian sống còn thường rất ngắn nếu không thể kiểm soát được u."
