id,subject,chapter,group,case_stem,question,option_a,option_b,option_c,option_d,option_e,correct_answer,explanation
noi-tao-bon-mcq-001,noi,Táo bón,Tiêu hoá,,"Theo tiêu chuẩn Rome IV, để chẩn đoán táo bón chức năng mạn tính, các triệu chứng phải khởi phát ít nhất bao lâu trước khi chẩn đoán?",1 tháng,3 tháng,6 tháng,12 tháng,,c,"Theo Rome IV, triệu chứng phải khởi phát ít nhất 6 tháng trước khi chẩn đoán và hiện diện liên tục trong 3 tháng gần nhất. Đây là mốc thời gian kinh điển để phân biệt táo bón cấp và mạn tính. (Nguồn: Bệnh học nội khoa YHN)."
noi-tao-bon-mcq-002,noi,Táo bón,Tiêu hoá,,"Ở người trưởng thành khỏe mạnh, giới hạn tần số đại tiện bình thường thường được định nghĩa trong khoảng nào?",Từ 1 lần/ngày đến 1 lần/tuần,Từ 3 lần/ngày đến 3 lần/tuần,Từ 2 lần/ngày đến 2 lần/tuần,Tối thiểu 1 lần/ngày,,b,"Sinh lý bình thường, tần số đại tiện dao động từ 3 lần/ngày đến 3 lần/tuần. Dưới 3 lần/tuần là một trong các tiêu chuẩn cốt lõi gợi ý chẩn đoán táo bón. (Nguồn: Bệnh học nội khoa YHN)."
noi-tao-bon-mcq-003,noi,Táo bón,Tiêu hoá,,"Theo thang điểm hình thái phân Bristol (Bristol Stool Form Scale), các nhóm phân nào sau đây phản ánh tình trạng táo bón?",Type 1 và Type 2,Type 3 và Type 4,Type 5 và Type 6,Type 6 và Type 7,,a,"Type 1 (phân cứng, lổn nhổn như hạt ốc/phân dê) và Type 2 (phân hình xúc xích nhưng sần sùi) phản ánh thời gian lưu chuyển phân chậm tại đại tràng, điển hình cho táo bón. Type 3, 4 là bình thường."
noi-tao-bon-mcq-004,noi,Táo bón,Tiêu hoá,,Đối tượng nào sau đây có tỷ lệ mắc táo bón nguyên phát (chức năng) cao nhất trong cộng đồng?,Nam giới trẻ tuổi,Phụ nữ và người cao tuổi,Trẻ em nam tuổi học đường,Phụ nữ độ tuổi mãn kinh (cao hơn người cao tuổi),,b,Dịch tễ học cho thấy táo bón chức năng gặp nhiều nhất ở nữ giới (tỷ lệ nữ:nam khoảng 2:1 đến 3:1) và gia tăng đáng kể ở người cao tuổi (>65 tuổi) do giảm nhu động ruột và ít vận động.
noi-tao-bon-mcq-005,noi,Táo bón,Tiêu hoá,,Táo bón nguyên phát (táo bón chức năng) được chia thành 3 nhóm sinh lý bệnh chính nào sau đây?,"Táo bón do thuốc, táo bón thần kinh, táo bón chuyển hóa","Thời gian vận chuyển bình thường, thời gian vận chuyển chậm, rối loạn chức năng sàn chậu","Táo bón co thắt, táo bón cơ học, táo bón nội tiết","Táo bón do tổn thương tủy, tắc nghẽn đường ra, phình đại tràng",,b,"Về mặt đại cương và sinh lý bệnh học, táo bón chức năng được chia làm 3 type chính: Vận chuyển bình thường (NTC), vận chuyển chậm (STC), và rối loạn chức năng đại tiện/sàn chậu (Pelvic floor dysfunction)."
noi-tao-bon-mcq-006,noi,Táo bón,Tiêu hoá,,Dấu hiệu nào sau đây KHÔNG thuộc nhóm triệu chứng của táo bón chức năng thông thường?,"Phân khô cứng, nhỏ",Cảm giác đại tiện không hết phân,Sụt cân không chủ ý và đi ngoài ra máu,Phải rặn nhiều khi đại tiện,,c,"Sụt cân và đi ngoài ra máu là các ""dấu hiệu báo động"" (red flags) gợi ý tổn thương thực thể như ung thư đại trực tràng, viêm ruột, tuyệt đối không được chẩn đoán là táo bón chức năng thông thường khi chưa loại trừ thực thể."
noi-tao-bon-mcq-007,noi,Táo bón,Tiêu hoá,,Sinh lý bình thường của động tác đại tiện đòi hỏi sự phối hợp cốt lõi nào sau đây để tống phân ra ngoài?,"Co cơ mu trực tràng, co cơ thắt ngoài, tăng áp lực ổ bụng","Giãn cơ mu trực tràng, giãn cơ thắt ngoài, tăng áp lực ổ bụng","Co cơ mu trực tràng, giãn cơ thắt trong, giảm áp lực ổ bụng","Giãn cơ mu trực tràng, co cơ thắt ngoài, giảm áp lực ổ bụng",,b,"Để đại tiện bình thường, góc hậu môn - trực tràng phải mở rộng bằng cách giãn cơ mu trực tràng (puborectalis) và cơ thắt hậu môn ngoài, đồng thời cơ hoành và cơ thành bụng co lại để tăng áp lực ổ bụng đẩy phân xuống."
noi-tao-bon-mcq-008,noi,Táo bón,Tiêu hoá,,Cơ chế bệnh sinh chính ở bệnh nhân mắc táo bón do vận chuyển chậm (Slow- transit constipation) là gì?,Phì đại cơ thắt hậu môn trong,Co thắt nghịch thường cơ mu trực tràng khi rặn,Giảm số lượng tế bào kẽ Cajal (ICC) và rối loạn đám rối thần kinh ruột,Khối u chèn ép vào lòng đại tràng,,c,"Tế bào kẽ Cajal đóng vai trò là ""máy tạo nhịp"" của nhu động ruột. Sự suy giảm số lượng tế bào Cajal và chất dẫn truyền thần kinh kích thích ở đám rối cơ ruột (Auerbach) là cơ chế cốt lõi gây chậm vận chuyển đại tràng."
noi-tao-bon-mcq-009,noi,Táo bón,Tiêu hoá,,"Trong rối loạn đồng vận đại tiện (Dyssynergic defecation), cơ chế gây tắc nghẽn chức năng đường ra là gì?",Mất phản xạ ruột - dạ dày,Tăng nhu động đại tràng sigma quá mức,Co thắt nghịch thường hoặc không giãn đủ của cơ sàn chậu và cơ thắt hậu môn khi rặn,Sa niêm mạc trực tràng bít tắc lỗ hậu môn,,c,"Bẫy kinh điển: Dyssynergia là sự mất đồng vận. Thay vì giãn ra, cơ mu trực tràng và cơ thắt ngoài lại co lại (co thắt nghịch thường) hoặc giãn không đủ (<20%) khi bệnh nhân rặn, tạo ra rào cản cản trở phân tống ra ngoài."
noi-tao-bon-mcq-010,noi,Táo bón,Tiêu hoá,,"Các thuốc giảm đau nhóm Opioid (như Morphine, Codein) gây táo bón chủ yếu qua cơ chế nào?",Ức chế thụ thể muscarinic ở đại tràng,"Gắn vào thụ thể mu-opioid ở hệ thần kinh ruột, làm giảm nhu động và tăng hấp thu nước",Phong bế kênh calci ở tế bào cơ trơn thành ruột,Tiêu diệt hệ vi khuẩn có lợi ở ruột già,,b,"Opioid gắn vào thụ thể mu-opioid ngoại vi ở ruột, ức chế giải phóng acetylcholine, làm giảm sóng nhu động đẩy, kéo dài thời gian lưu chuyển phân, từ đó tăng hấp thu nước khiến phân khô cứng. (Nguồn: CMDT 2026)."
noi-tao-bon-mcq-011,noi,Táo bón,Tiêu hoá,,"Bệnh lý nội tiết nào sau đây là nguyên nhân kinh điển làm giảm nhu động ruột, dẫn đến táo bón thứ phát?",Suy giáp (Hypothyroidism),Cường giáp (Hyperthyroidism),Đái tháo nhạt (Diabetes insipidus),Suy thượng thận cấp,,a,"Suy giáp làm giảm chuyển hóa cơ bản toàn cơ thể, bao gồm cả giảm hoạt động điện và nhu động của cơ trơn dạ dày - ruột, gây táo bón. Cường giáp ngược lại thường gây tiêu chảy."
noi-tao-bon-mcq-012,noi,Táo bón,Tiêu hoá,,Tình trạng rối loạn điện giải nào sau đây thường xuyên gây biến chứng liệt ruột hoặc táo bón nặng?,Hạ calci máu và tăng natri máu,Tăng calci máu và hạ kali máu,Hạ kali máu và hạ calci máu,Tăng kali máu và tăng natri máu,,b,"Bẫy kinh điển nội khoa: Tăng calci máu (gây giảm kích thích thần kinh cơ) và hạ kali máu (gây giảm điện thế nghỉ, yếu cơ trơn) đều làm giảm nhu động ruột, dẫn đến táo bón hoặc liệt ruột."
noi-tao-bon-mcq-013,noi,Táo bón,Tiêu hoá,,Sa trực tràng kiểu túi (Rectocele) ở phụ nữ gây táo bón chủ yếu qua cơ chế cơ học nào?,Chèn ép từ ngoài vào trực tràng do tử cung đổ sau,"Tạo túi phình ở thành trước trực tràng, làm phân kẹt lại túi này thay vì đi xuống ống hậu môn khi rặn",Tổn thương dây thần kinh thẹn trong quá trình sinh đẻ,Hẹp ống hậu môn do sẹo cắt tầng sinh môn,,b,"Rectocele là tình trạng vách trực tràng - âm đạo bị yếu, trực tràng phình về phía trước âm đạo. Khi rặn, áp lực đẩy phân lọt vào túi phình này (tạo ngõ cụt) thay vì đi thẳng ra hậu môn, gây cảm giác tắc nghẽn."
noi-tao-bon-mcq-014,noi,Táo bón,Tiêu hoá,,Tổn thương tủy sống đoạn cùng (S2- S4) gây ra kiểu táo bón nào sau đây?,Tăng phản xạ nhu động ruột non bù trừ,"Mất phản xạ tủy - ruột đoạn xa, mất cảm giác mót rặn và giảm trương lực cơ thắt",Tăng trương lực cơ thắt hậu môn trong liên tục do mất ức chế từ não,Rối loạn vận chuyển ruột non do tổn thương thần kinh phế vị,,b,"Đoạn tủy S2-S4 chi phối đối giao cảm cho đại tràng trái và trực tràng. Tổn thương đoạn này (Lower motor neuron lesion) gây mất phản xạ đại tiện tại chỗ, trực tràng đờ đẫn, giãn to và mất cảm giác tống phân."
noi-tao-bon-mcq-015,noi,Táo bón,Tiêu hoá,,Đặc điểm lâm sàng nào sau đây đặc trưng và gợi ý nhiều nhất đến táo bón do tắc nghẽn đường ra (tổn thương sàn chậu)?,Đi ngoài 1 lần/tuần không có cảm giác mót rặn,Phải dùng ngón tay ấn vào tầng sinh môn hoặc âm đạo để hỗ trợ tống phân,Đau quặn bụng dọc khung đại tràng giảm sau khi đại tiện,Phân đen và lỏng xen kẽ táo bón,,b,"Sử dụng thủ thuật hỗ trợ bằng tay (digitations) như móc phân, ấn tầng sinh môn, ấn âm đạo là triệu chứng rất đặc hiệu (độ đặc hiệu cao) cho hội chứng tắc nghẽn đường ra / sa trực tràng kiểu túi."
noi-tao-bon-mcq-016,noi,Táo bón,Tiêu hoá,,Yếu tố lâm sàng quyết định để chẩn đoán phân biệt giữa Hội chứng ruột kích thích thể táo bón (IBS-C) và Táo bón vô căn mạn tính (CIC) là gì?,Đặc điểm hình thái phân (Bristol scale),Tần suất đại tiện dưới 3 lần/tuần,"Đau bụng nổi bật, liên quan đến đại tiện",Tiền sử dùng thuốc nhuận tràng,,c,"Bẫy kinh điển: Cả hai đều có táo bón, nhưng theo tiêu chuẩn Rome IV, IBS-C bắt buộc phải có ĐAU BỤNG (tái phát ít nhất 1 ngày/tuần) liên quan tới đại tiện, trong khi CIC thì triệu chứng đau bụng không phải là chủ đạo."
noi-tao-bon-mcq-017,noi,Táo bón,Tiêu hoá,,Bệnh nhân nam 45 tuổi được chẩn đoán Táo bón do vận chuyển chậm (Slow- transit). Triệu chứng nào sau đây thường xuất hiện phổ biến nhất ở bệnh nhân này?,Cảm giác mót rặn liên tục nhưng không đi được,Hiếm khi hoặc không có cảm giác buồn đại tiện tự nhiên,Đau quặn quanh rốn dữ dội mỗi ngày,Són phân lỏng không tự chủ hàng ngày,,b,"Ở bệnh nhân táo bón vận chuyển chậm, phân lưu lại ở đại tràng đoạn gần, không xuống được trực tràng nên bóng trực tràng rỗng, bệnh nhân mất hoặc rất hiếm khi có cảm giác buồn đại tiện."
noi-tao-bon-mcq-018,noi,Táo bón,Tiêu hoá,,Nhóm thuốc nào sau đây KHÔNG thuộc nguyên nhân phổ biến gây táo bón thứ phát?,"Thuốc chẹn kênh Calci (Verapamil, Diltiazem)",Thuốc chống trầm cảm ba vòng (Amitriptyline),Viên uống bổ sung Sắt,Kháng sinh nhóm Macrolide (Erythromycin),,d,"Kháng sinh Macrolide (đặc biệt Erythromycin) có tác dụng chủ vận thụ thể Motilin, làm TĂNG nhu động ruột dạ dày, thường gây tác dụng phụ là tiêu chảy/đau quặn bụng, chứ không gây táo bón. (Nguồn: Dược lý lâm sàng)."
noi-tao-bon-mcq-019,noi,Táo bón,Tiêu hoá,,"Bệnh nhân nữ 60 tuổi, tiền sử hoàn toàn khỏe mạnh, mới xuất hiện táo bón 3 tháng nay, kèm mệt mỏi và xét nghiệm có thiếu máu hồng cầu nhỏ nhược sắc. Thái độ xử trí phù hợp nhất là gì?",Kê đơn thuốc nhuận tràng thẩm thấu và theo dõi sau 1 tháng,Chỉ định nội soi đại tràng toàn bộ sớm để loại trừ bệnh lý ác tính,"Khuyên ăn nhiều chất xơ, uống nhiều nước",Đo thời gian vận chuyển đại tràng ngay lập tức,,b,"Tuổi > 50, thay đổi thói quen đại tiện mới khởi phát, thiếu máu thiếu sắt là các ""dấu hiệu báo động"" kinh điển của ung thư đại trực tràng phải. Nội soi đại tràng là bắt buộc và cấp thiết. (Nguồn: Guideline ACG)."
noi-tao-bon-mcq-020,noi,Táo bón,Tiêu hoá,,"Một bệnh nhân Đái tháo đường type 2 lâu năm, kiểm soát đường huyết kém, bị táo bón nặng. Cơ chế bệnh sinh chính yếu gây táo bón ở bệnh nhân này là gì?",Bệnh lý thần kinh tự chủ do đái tháo đường gây rối loạn nhu động ruột,Phì đại cơ thắt hậu môn do tăng đường huyết,Viêm niêm mạc đại tràng do thiếu máu cục bộ,Tác dụng phụ của thuốc Metformin,,a,"Biến chứng thần kinh tự chủ ở bệnh nhân tiểu đường (diabetic autonomic neuropathy) gây thoái hóa thần kinh phế vị và đám rối thần kinh ruột, làm giảm nhu động đại tràng dẫn đến táo bón. (Metformin thường gây tiêu chảy)."
noi-tao-bon-mcq-021,noi,Táo bón,Tiêu hoá,,"Bệnh nhân bị táo bón mạn tính thường xuyên thấy ""són phân lỏng"" (overflow incontinence) ra quần lót mà không tự chủ được. Tình trạng này gợi ý biến chứng hoặc đặc điểm gì?",Táo bón do rối loạn thần kinh trung ương,Hội chứng ruột kích thích thể hỗn hợp (IBS-M),Khối phân cứng ứ đọng chèn ép (Fecal impaction) làm dịch phân lỏng rỉ qua mép khối phân,Tác dụng phụ của thuốc nhuận tràng tạo khối,,c,"Bẫy kinh điển: Ỉa són/ỉa chảy nghịch thường (overflow diarrhea) hay gặp ở người già/trẻ em táo bón nặng, do một khối phân lớn chèn chặt ở trực tràng, chỉ có dịch ruột phía trên lỏng mới len lỏi qua khe hở chảy ra ngoài."
noi-tao-bon-mcq-022,noi,Táo bón,Tiêu hoá,,"Trong thăm khám lâm sàng bệnh nhân táo bón, động tác thăm khám trực tràng bằng ngón tay (Digital Rectal Exam - DRE) KHÔNG giúp đánh giá trực tiếp yếu tố nào sau đây?",Trương lực cơ thắt hậu môn lúc nghỉ và lúc rặn,Sự hiện diện của phân đóng cục ở bóng trực tràng,Khối u sùi ở trực tràng thấp,Thời gian vận chuyển phân qua đại tràng phải,,d,"DRE chỉ đánh giá được đoạn hậu môn - trực tràng (khoảng 7-10cm cuối), giúp phát hiện khối u vùng thấp, phân ứ đọng, sa trực tràng và đánh giá chức năng co/giãn cơ sàn chậu. Không thể đánh giá nhu động/vận chuyển đại tràng phải."
noi-tao-bon-mcq-023,noi,Táo bón,Tiêu hoá,,Bệnh nhân mắc Xơ cứng bì hệ thống (Systemic Sclerosis) thường bị táo bón nặng. Tổn thương cơ bản tại đại tràng ở bệnh nhân này là gì?,Tăng sinh quá mức mạch máu niêm mạc ruột,Viêm loét đại tràng mạn tính,"Teo lớp cơ trơn và xơ hóa lớp dưới niêm mạc/lớp cơ, làm mất nhu động",Phì đại hạch giao cảm quanh động mạch mạc treo,,c,"Xơ cứng bì hệ thống gây lắng đọng collagen, xơ hóa và teo cơ trơn đường tiêu hóa (từ thực quản đến trực tràng), làm mất sóng nhu động bình thường dẫn đến tình trạng giả tắc ruột, táo bón nặng."
noi-tao-bon-mcq-024,noi,Táo bón,Tiêu hoá,,"Triệu chứng ""cảm giác tắc nghẽn ở vùng hậu môn, đại tiện ra máu, nhầy, đôi khi loét niêm mạc vùng trực tràng trước thấp"" là bệnh cảnh điển hình của hội chứng nào?",Bệnh Crohn đại tràng,Hội chứng loét trực tràng đơn độc (Solitary rectal ulcer syndrome),Trĩ nội độ 4,Viêm loét đại trực tràng chảy máu (UC),,b,"Hội chứng loét trực tràng đơn độc thường liên quan đến chứng sa trực tràng trong và rặn quá mức. Lực rặn ép niêm mạc trực tràng trước vào cơ thắt gây thiếu máu cục bộ, loét, nhầy máu và cảm giác tắc nghẽn."
noi-tao-bon-mcq-025,noi,Táo bón,Tiêu hoá,,"Bệnh nhân đến khám vì 1 tuần nay hoàn toàn không đi đại tiện được, kèm theo đau quặn bụng từng cơn, chướng bụng, buồn nôn và không trung tiện. Chẩn đoán lâm sàng cấp cứu cần nghĩ tới đầu tiên là gì?",Táo bón mạn tính đợt cấp,Tắc ruột cơ học,Hội chứng ruột kích thích,Rối loạn đồng vận sàn chậu,,b,"Táo bón kết hợp với bí trung tiện (hội chứng tắc ruột: đau - nôn - bí - chướng) là dấu hiệu cấp cứu ngoại khoa của tắc ruột, cần phân biệt ngay với táo bón nội khoa thông thường bằng X-quang bụng/CT."
noi-tao-bon-mcq-026,noi,Táo bón,Tiêu hoá,,"Theo tiêu chuẩn Rome IV đối với táo bón chức năng, triệu chứng nào sau đây bắt buộc phải có ít nhất trong 25% số lần đi đại tiện?",Cần uống thuốc nhuận tràng để đi ngoài,Đau bụng quanh rốn,Phân lỏng nát,Phân cứng hoặc lổn nhổn (type 1-2) hoặc cảm giác đi không hết,,d,"Tiêu chuẩn Rome IV yêu cầu có ≥2 triệu chứng trong số: rặn nhiều, phân cứng/lổn nhổn, cảm giác đi không hết, cảm giác tắc nghẽn, cần dùng tay hỗ trợ, hoặc <3 lần đại tiện/tuần (trong >25% số lần đại tiện)."
noi-tao-bon-mcq-027,noi,Táo bón,Tiêu hoá,,Chỉ định làm xét nghiệm hình thái học ruột già (Nội soi hoặc chụp X-quang đại tràng cản quang) KHÔNG nhằm mục đích sàng lọc điều kiện nào sau đây ở bệnh nhân táo bón?,Ung thư đại trực tràng,Hẹp đại tràng do viêm túi thừa cũ,Đánh giá tốc độ di chuyển phân qua các đoạn ruột,Phình đại tràng bẩm sinh (Megacolon),,c,"Nội soi hoặc chụp cản quang nhằm phát hiện cấu trúc giải phẫu (u, hẹp, phình, tổn thương thực thể). Để đánh giá ""tốc độ di chuyển phân"" (chức năng vận chuyển), phải dùng xét nghiệm marker cản quang (Sitzmarks test)."
noi-tao-bon-mcq-028,noi,Táo bón,Tiêu hoá,,Xét nghiệm cận lâm sàng nào được coi là tiêu chuẩn vàng để chẩn đoán phân biệt táo bón do vận chuyển chậm và táo bón chức năng thông thường?,Nội soi đại tràng toàn bộ,Đo thời gian vận chuyển đại tràng bằng marker cản quang (Colonic Transit Time),Siêu âm ổ bụng,Đo áp lực hậu môn trực tràng (Anorectal Manometry),,b,"Test Sitzmarks (nuốt vòng chứa marker cản quang, chụp X-quang sau 5 ngày) giúp đánh giá chính xác thời gian và vị trí phân bị chậm lại trong đại tràng, là tiêu chuẩn vàng xác định Slow- transit constipation. (Nguồn: ACG Guidelines)."
noi-tao-bon-mcq-029,noi,Táo bón,Tiêu hoá,,"Trong xét nghiệm đo thời gian vận chuyển đại tràng bằng marker cản quang sau 120 giờ (5 ngày), nếu thấy > 20% số marker còn tồn đọng và tập trung chủ yếu ở vùng trực tràng - đại tràng sigma, điều này gợi ý chẩn đoán gì?",Táo bón do thời gian vận chuyển chậm toàn bộ,Rối loạn chức năng tống phân (Tắc nghẽn đường ra / Rối loạn sàn chậu),Táo bón chức năng bình thường,Tiêu chảy cấp,,b,Nếu marker rải rác khắp đại tràng -> Vận chuyển chậm. Nếu marker dồn hết về đoạn trực tràng - sigma nhưng không tống ra được -> Tắc nghẽn đường ra (Pelvic floor dyssynergia/Outlet obstruction).
noi-tao-bon-mcq-030,noi,Táo bón,Tiêu hoá,,Tiêu chuẩn chẩn đoán quan trọng nhất trên xét nghiệm Đo áp lực hậu môn trực tràng (Anorectal manometry) ở bệnh nhân có Hội chứng rối loạn đồng vận đại tiện là gì?,Tăng áp lực cơ thắt hậu môn trong lúc nghỉ ngơi,Giảm độ nhạy cảm của bóng trực tràng,Không có sự giãn (<20%) hoặc tăng áp lực nghịch thường của cơ mu trực tràng và cơ thắt ngoài khi rặn,Không có phản xạ ức chế trực tràng - hậu môn,,c,"Đặc trưng của Dyssynergia (rối loạn đồng vận) trên Manometry là cơ sàn chậu và cơ thắt ngoài không giãn đủ mức hoặc thậm chí co thắt lại trong động tác rặn đại tiện, cản trở đường ra."
noi-tao-bon-mcq-031,noi,Táo bón,Tiêu hoá,,Test tống xuất bóng (Balloon expulsion test) được coi là bất thường (gợi ý rối loạn chức năng sàn chậu) khi thời gian tống quả bóng 50ml ra ngoài là bao lâu?,Dưới 10 giây,Dưới 30 giây,Dưới 1 phút,Kéo dài trên 1 đến 2 phút,,d,"Người bình thường tống quả bóng (chứa 50ml nước nóng/khí) ra ngoài trong vòng chưa tới 1 phút. Thời gian kéo dài > 1 phút (hoặc >2 phút tùy tài liệu) là bất thường, chỉ điểm rối loạn bài xuất trực tràng. (Nguồn: CMDT 2026)."
noi-tao-bon-mcq-032,noi,Táo bón,Tiêu hoá,,Chụp X-quang động trực tràng (Defecography) có giá trị cao nhất trong việc chẩn đoán xác định bệnh lý nào dưới đây gây táo bón?,Phình đại tràng bẩm sinh (Hirschsprung),Lồng ruột trong trực tràng và sa trực tràng kiểu túi (Rectocele),Ung thư đại tràng phải,Polyp trực tràng,,b,"Defecography (chụp cản quang trong khi rặn đại tiện) cho phép quan sát sự biến đổi động lực học giải phẫu sàn chậu, phát hiện xuất sắc các bất thường cơ học động như sa trực tràng kiểu túi, lồng ruột trong, sa đáy chậu mà lúc nghỉ không thấy."
noi-tao-bon-mcq-033,noi,Táo bón,Tiêu hoá,,Xét nghiệm chẩn đoán xác định tiêu chuẩn vàng cho bệnh vô hạch đại tràng bẩm sinh (Hirschsprung disease) ở người lớn mắc táo bón mạn tính nặng là gì?,Chụp X-quang đại tràng cản quang (Barium enema),Nội soi trực tràng,Đo áp lực hậu môn trực tràng,Sinh thiết sâu thành trực tràng,,d,"Sinh thiết trực tràng (Full-thickness hoặc hút sâu) là tiêu chuẩn vàng chẩn đoán Hirschsprung, hình ảnh mô bệnh học cho thấy sự vắng mặt hoàn toàn của các tế bào hạch (ganglion cells) ở đám rối thần kinh Meissner và Auerbach."
noi-tao-bon-mcq-034,noi,Táo bón,Tiêu hoá,,"Ở một bệnh nhân táo bón mạn tính không có dấu hiệu báo động, bộ xét nghiệm máu cơ bản nào sau đây thường được Guideline quốc tế (như ACG) khuyên làm để tầm soát nguyên nhân thứ phát?","Cortisol máu, ACTH","TSH (Hormone tuyến giáp), Canxi máu, Đường huyết","CA 19-9, CEA","Điện giải đồ nước tiểu, Khí máu động mạch",,b,"Hướng dẫn của ACG khuyến cáo làm TSH (loại trừ suy giáp), Canxi máu (loại trừ tăng canxi huyết), Glucose (loại trừ đái tháo đường) và Công thức máu toàn bộ ở bệnh nhân táo bón vô căn để loại trừ nguyên nhân chuyển hóa/nội tiết thường gặp."
noi-tao-bon-mcq-035,noi,Táo bón,Tiêu hoá,,Phản xạ ức chế trực tràng - hậu môn (RAIR) được đánh giá thông qua đo áp lực hậu môn trực tràng. Việc MẤT phản xạ RAIR là dấu hiệu chẩn đoán bệnh lý nào sau đây?,Hội chứng ruột kích thích,Nứt kẽ hậu môn,Bệnh Hirschsprung,Táo bón vận chuyển chậm,,c,"Bẫy kinh điển: Phản xạ RAIR bình thường là khi bóng trực tràng căng phồng, cơ thắt hậu môn trong sẽ tự động giãn ra. Mất phản xạ này là đặc trưng cơ bản trên Manometry của bệnh Hirschsprung (do vô hạch thần kinh trực tràng)."
noi-tao-bon-mcq-036,noi,Táo bón,Tiêu hoá,,"Theo hướng dẫn điều trị của ACG, khi bệnh nhân táo bón vô căn mạn tính không đáp ứng với thay đổi lối sống và các thuốc nhuận tràng thông thường (thẩm thấu/kích thích), bước chẩn đoán chuyên sâu đầu tiên nên làm là gì?",Phẫu thuật cắt đại tràng,Đo áp lực hậu môn trực tràng (ARM) và Test tống xuất bóng,Chụp MRI tiểu khung có cản từ,Sinh thiết đại tràng,,b,"Khi kháng trị nội khoa, cần đánh giá ngay chức năng sàn chậu bằng ARM và Balloon expulsion test để xem có phải tắc nghẽn đường ra (có thể chữa bằng Biofeedback) trước khi làm các can thiệp xâm lấn hay xét mổ. (Nguồn: Hướng dẫn ACG)."
noi-tao-bon-mcq-037,noi,Táo bón,Tiêu hoá,,Chế độ ăn uống không dùng thuốc cho bệnh nhân táo bón chức năng được khuyến cáo mức bổ sung chất xơ hàng ngày là bao nhiêu?,5 - 10 g/ngày,10 - 15 g/ngày,20 - 35 g/ngày,Trên 50 g/ngày,,c,Mục tiêu chất xơ khuyến cáo theo các Guideline cho người trưởng thành là từ 20 đến 35 gram mỗi ngày kết hợp uống đủ nước (1.5-2 lít) để tăng khối lượng và làm mềm phân.
noi-tao-bon-mcq-038,noi,Táo bón,Tiêu hoá,,Thuốc nhuận tràng tạo khối (Bulk- forming laxatives) như Psyllium có cơ chế tác dụng chính là gì?,Kích thích đám rối thần kinh ruột gây co bóp cơ trơn,"Hấp thu nước tạo thành dạng gel, làm tăng thể tích và độ mềm của phân, kích thích nhu động tự nhiên",Tăng tiết dịch clo vào lòng ruột,Bôi trơn niêm mạc trực tràng,,b,"Chất xơ hòa tan/tạo khối không bị hấp thu, hút nước trương nở tạo thành khối gel làm tăng thể tích phân, từ đó kích thích phản xạ căng thành ruột, thúc đẩy nhu động tự nhiên an toàn nhất."
noi-tao-bon-mcq-039,noi,Táo bón,Tiêu hoá,,"Chống chỉ định TUYỆT ĐỐI của các thuốc nhuận tràng tạo khối (như Psyllium, Methylcellulose) là gì?",Phụ nữ có thai,Táo bón ở người cao tuổi,Hẹp lòng ruột cơ học hoặc hội chứng tắc ruột,Hội chứng ruột kích thích (IBS-C),,c,"Bẫy an toàn thuốc: Thuốc tạo khối phình to trong ruột, nếu đường tiêu hóa bị hẹp, tắc nghẽn cơ học, thuốc có thể tạo thành cục cứng kẹt lại gây tắc ruột hoàn toàn và hoại tử ruột."
noi-tao-bon-mcq-040,noi,Táo bón,Tiêu hoá,,"Các thuốc nhuận tràng thẩm thấu như Lactulose, Polyethylene Glycol (PEG) hoạt động theo cơ chế nào?",Ức chế tái hấp thu nước ở ống thận,"Chứa các phân tử kém hấp thu, giữ nước lại trong lòng đại tràng do áp lực thẩm thấu, làm mềm phân",Kích thích thụ thể serotonin 5-HT4,Nhũ tương hóa lipid trong phân,,b,"PEG, Lactulose là các polymer/đường không hấp thu. Chúng tạo ra áp lực thẩm thấu cao trong lòng ruột, kéo và giữ nước lại, làm phân lỏng ra. PEG là thuốc đầu tay được khuyến cáo (Level 1) do hiệu quả cao và an toàn."
noi-tao-bon-mcq-041,noi,Táo bón,Tiêu hoá,,"Việc sử dụng kéo dài nhóm thuốc nhuận tràng kích thích (như Senna, Bisacodyl) có thể dẫn đến hình ảnh nội soi đặc trưng nào sau đây?",Loét nhọt niêm mạc đại tràng,Nhiễm hắc tố niêm mạc đại tràng (Melanosis coli),Viêm đại tràng màng giả,Giãn tĩnh mạch trực tràng,,b,Melanosis coli là tình trạng niêm mạc đại tràng nhuốm màu đen/nâu xám do đại thực bào ăn các sắc tố lipofuscin. Đây là biến chứng kinh điển của việc dùng Anthraquinone (Senna) kéo dài.
noi-tao-bon-mcq-042,noi,Táo bón,Tiêu hoá,,Thuốc Linaclotide được FDA chấp thuận điều trị Táo bón vô căn (CIC) và IBS- C có cơ chế tác dụng ở mức tế bào là gì?,Hoạt hóa kênh clorua (ClC-2),"Chủ vận thụ thể Guanylate Cyclase-C (GC-C), làm tăng cGMP nội bào và kích thích tiết dịch",Ức chế tái hấp thu muối mật,Đối kháng thụ thể D2 của Dopamin,,b,"Linaclotide bám vào thụ thể GC-C trên màng đỉnh tế bào biểu mô ruột, làm tăng cGMP, kích hoạt kênh CFTR tiết Cl- và HCO3- vào lòng ruột, kéo theo nước làm mềm phân và giảm đau nội tạng (rất tốt cho IBS-C). (Nguồn: Dược lý tiêu hóa)."
noi-tao-bon-mcq-043,noi,Táo bón,Tiêu hoá,,Prucalopride là một thuốc điều trị mới cho táo bón mạn tính vô căn. Cơ chế tác dụng chính của Prucalopride là gì?,Kháng cholinergic,Chủ vận thụ thể Opioid ngoại vi,"Chủ vận chọn lọc ái lực cao trên thụ thể Serotonin 5-HT4, tăng nhu động ruột",Ức chế bơm proton ở đại tràng,,c,"Serotonin (5-HT) đóng vai trò kích thích vận động ruột. Prucalopride là thuốc chủ vận 5-HT4 có tính chọn lọc cao, kích thích nhu động đại tràng đẩy phân mà không gây tác dụng phụ tim mạch nghiêm trọng như các thế hệ cũ (Tegaserod)."
noi-tao-bon-mcq-044,noi,Táo bón,Tiêu hoá,,"Một bệnh nhân ung thư giai đoạn cuối dùng Morphine liều cao bị táo bón nặng. Nếu thuốc nhuận tràng thông thường thất bại, nhóm thuốc nhắm đích nào sau đây được chỉ định ưu tiên?",Kháng sinh nhóm Macrolide,Thuốc chủ vận 5-HT4 (Prucalopride),"Thuốc đối kháng thụ thể mu-opioid ngoại vi (PAMORAs) như Methylnaltrexone, Naloxegol",Thuốc chống trầm cảm ba vòng,,c,"PAMORAs phong bế thụ thể opioid ở hệ thần kinh ruột ngoại vi để hóa giải táo bón, nhưng các thuốc này không qua được hàng rào máu não nên không làm mất tác dụng giảm đau trung ương của Morphine. Điểm mấu chốt trong quản lý OIC."
noi-tao-bon-mcq-045,noi,Táo bón,Tiêu hoá,,Điều trị nào sau đây là phương pháp ĐẦU TAY và có hiệu quả cao nhất (khuyến cáo mức độ A) cho bệnh nhân Táo bón do rối loạn đồng vận sàn chậu (Dyssynergic defecation)?,Phẫu thuật cắt bán phần đại tràng,Dùng thuốc nhuận tràng kích thích liều cao (Bisacodyl),Tiêm Botulinum toxin vào cơ thắt,Liệu pháp phản hồi sinh học (Biofeedback therapy),,d,"Thuốc nhuận tràng không thể giải quyết được sự co thắt nghịch thường cơ sàn chậu. Biofeedback giúp tập luyện lại phối hợp thần kinh-cơ qua màn hình theo dõi, đạt tỷ lệ thành công 70-80% và là tiêu chuẩn vàng điều trị nguyên nhân này."
noi-tao-bon-mcq-046,noi,Táo bón,Tiêu hoá,,"Phẫu thuật cắt bán phần lớn đại tràng, nối hồi - trực tràng (Subtotal Colectomy with Ileorectal Anastomosis) chỉ được cân nhắc chỉ định trong trường hợp nào dưới đây?","Táo bón mạn tính vô căn, chưa điều trị thử nội khoa",Táo bón do co thắt cơ sàn chậu nghịch thường,"Táo bón do thời gian vận chuyển chậm (STC) mức độ rất nặng, kháng trị hoàn toàn, và ĐÃ LOẠI TRỪ tắc nghẽn đường ra",Táo bón kèm trĩ nội độ 2,,c,"Phẫu thuật là cứu cánh cuối cùng cho Slow- transit constipation trơ với thuốc. Bẫy ngoại khoa: TUYỆT ĐỐI KHÔNG mổ cắt đại tràng nếu bệnh nhân có rối loạn sàn chậu (Dyssynergia) đi kèm vì mổ xong vẫn không đi ngoài được, lại thêm tiêu chảy/tiểu tiện không tự chủ."
noi-tao-bon-mcq-047,noi,Táo bón,Tiêu hoá,,"Biến chứng nguy hiểm nhất, đe dọa tính mạng do khối phân ứ đọng kéo dài (Fecal impaction) tạo áp lực lên thành ruột ở người cao tuổi là gì?",Trĩ ngoại huyết khối,Loét stercoral (Stercoral ulceration) gây thủng trực tràng/đại tràng và viêm phúc mạc,Rò hậu môn - âm đạo,Polyp trực tràng ác tính hóa,,b,"Khối phân cứng (fecaloma) chèn ép chặt vào thành trực tràng/đại tràng sigma làm thiếu máu cục bộ niêm mạc, dẫn đến loét hoại tử (stercoral ulcer) và thủng đại tràng, tỷ lệ tử vong rất cao nếu viêm phúc mạc phân."
noi-tao-bon-mcq-048,noi,Táo bón,Tiêu hoá,,Tiên lượng và xử trí hiện tượng Nhiễm hắc tố đại tràng (Melanosis coli) do dùng thuốc nhuận tràng Senna lâu năm là gì?,"Tiền ung thư, cần phẫu thuật cắt đại tràng dự phòng","Gây ung thư hắc tố tố (Melanoma), cần hóa trị","Lành tính, thường tự thoái triển và biến mất sau vài tháng đến 1 năm ngừng thuốc nhuận tràng Anthraquinone","Không thể hồi phục, gây liệt ruột vĩnh viễn",,c,"Melanosis coli có hình ảnh nội soi đen như da báo rất đáng sợ nhưng thực chất chỉ là sắc tố lắng đọng, hoàn toàn lành tính, không tăng nguy cơ ung thư và tự hết khi dừng thuốc. Đây là điểm phải nhớ để giải thích cho bệnh nhân an tâm."
noi-tao-bon-mcq-049,noi,Táo bón,Tiêu hoá,,"Biến chứng nào sau đây ở hệ thần kinh ngoại biên thường là hậu quả muộn của việc rặn đại tiện quá mức, mạn tính nhiều năm ở bệnh nhân táo bón?",Đau dây thần kinh tọa (Sciatica),Bệnh lý thần kinh thẹn (Pudendal neuropathy) gây đại tiện/tiểu tiện không tự chủ,Hội chứng chùm đuôi ngựa,Thoát vị đĩa đệm tủy cổ,,b,"Rặn kéo dài nhiều năm làm đáy chậu sa xuống liên tục, gây căng giãn và tổn thương vi mô mạn tính ở dây thần kinh thẹn (Pudendal nerve), cuối cùng dẫn đến teo cơ thắt và đại tiện/són phân không tự chủ (Fecal incontinence) ở tuổi già."
noi-tao-bon-mcq-050,noi,Táo bón,Tiêu hoá,,"Đối với bệnh nhân được chỉ định liệu pháp Phản hồi sinh học (Biofeedback) trị rối loạn đồng vận sàn chậu, yếu tố nào sau đây là tiêu chí tiên lượng TỐT NHẤT cho sự thành công lâu dài của liệu pháp?",Mức độ chậm vận chuyển đại tràng,Kích thước trực tràng trên X-quang,"Sự thấu hiểu bệnh lý, động lực và mức độ tuân thủ tập luyện tại nhà của bệnh nhân",Liều thuốc nhuận tràng bệnh nhân đang dùng,,c,"Biofeedback là một quá trình ""học lại"" (re- learning) hành vi thần kinh-cơ. Do đó, kỹ năng của kỹ thuật viên và động lực tuân thủ thực hành của bệnh nhân quyết định gần như toàn bộ tỷ lệ thành công của phương pháp này. (Nguồn: CMDT 2026)."
noi-tao-bon-case-1-1,noi,Táo bón,Tiêu hoá,"Bệnh nhân nữ 78 tuổi, sống tại viện dưỡng lão, được nhân viên y tế đưa đến khám vì tình trạng không đi ngoài được 5 ngày nay. Bệnh nhân có tiền sử sa sút trí tuệ, tai biến mạch máu não cũ di chứng yếu nửa người phải, đái tháo đường type 2 và thoái hóa khớp gối. Bệnh nhân ít vận động, chủ yếu ngồi xe lăn, chế độ ăn tại viện dưỡng lão khá mềm và ít chất xơ. Các thuốc đang dùng bao gồm metformin, amlodipine, atorvastatin, gabapentin để giảm đau thần kinh và oxycodone liều thấp để giảm đau khớp gối. Khám lâm sàng bệnh nhân lơ mơ, không trả lời câu hỏi chính xác. Sinh hiệu ổn định, SpO₂ 97% khí trời, BMI 20 kg/m². Bụng chướng mềm, gõ vang, nghe nhu động ruột thưa thớt. Thăm trực tràng thấy bóng trực tràng rỗng, không sờ thấy u cục, găng không có phân. Khám thần kinh có dấu hiệu yếu 1/2 người phải cũ, không có dấu hiệu màng não. Chụp X-quang bụng không chuẩn bị cho thấy các quai đại tràng giãn chứa đầy phân, không có liềm hơi dưới hoành hay mức nước mức hơi.",Nguyên nhân nào sau đây có khả năng góp phần nhiều nhất gây ra tình trạng táo bón ở bệnh nhân này?,Chế độ ăn nhiều chất xơ.,Tác dụng phụ của metformin.,Sử dụng thuốc giảm đau nhóm opioid (oxycodone) và tình trạng ít vận động.,Tăng nhu động ruột do tuổi già.,,c,"Bệnh nhân có nhiều yếu tố nguy cơ, nhưng việc sử dụng opioid là một trong những nguyên nhân gây táo bón phổ biến và mạnh mẽ nhất, đặc biệt khi kết hợp với tình trạng ít vận động do di chứng tai biến và đau khớp."
noi-tao-bon-case-1-2,noi,Táo bón,Tiêu hoá,"Bệnh nhân nữ 78 tuổi, sống tại viện dưỡng lão, được nhân viên y tế đưa đến khám vì tình trạng không đi ngoài được 5 ngày nay. Bệnh nhân có tiền sử sa sút trí tuệ, tai biến mạch máu não cũ di chứng yếu nửa người phải, đái tháo đường type 2 và thoái hóa khớp gối. Bệnh nhân ít vận động, chủ yếu ngồi xe lăn, chế độ ăn tại viện dưỡng lão khá mềm và ít chất xơ. Các thuốc đang dùng bao gồm metformin, amlodipine, atorvastatin, gabapentin để giảm đau thần kinh và oxycodone liều thấp để giảm đau khớp gối. Khám lâm sàng bệnh nhân lơ mơ, không trả lời câu hỏi chính xác. Sinh hiệu ổn định, SpO₂ 97% khí trời, BMI 20 kg/m². Bụng chướng mềm, gõ vang, nghe nhu động ruột thưa thớt. Thăm trực tràng thấy bóng trực tràng rỗng, không sờ thấy u cục, găng không có phân. Khám thần kinh có dấu hiệu yếu 1/2 người phải cũ, không có dấu hiệu màng não. Chụp X-quang bụng không chuẩn bị cho thấy các quai đại tràng giãn chứa đầy phân, không có liềm hơi dưới hoành hay mức nước mức hơi.",Cơ chế chính mà opioid gây táo bón là gì?,"Tăng tiết dịch vào lòng ruột, làm phân lỏng hơn.",Ức chế trực tiếp trung tâm đi đại tiện ở tủy sống.,"Kích thích các thụ thể μ (mu) ở đám rối thần kinh ruột, làm giảm nhu động ruột và tăng tái hấp thu nước.","Gây giãn cơ thắt hậu môn, khiến phân khó được tống ra ngoài.",,c,"Opioid gắn vào các thụ thể μ trong đám rối thần kinh Auerbach và Meissner của ruột. Việc này làm ức chế giải phóng acetylcholine, dẫn đến giảm co bóp đẩy của ruột (giảm nhu động), tăng co bóp phân đoạn (gây khó di chuyển phân), và tăng thời gian vận chuyển phân qua đại tràng, làm tăng tái hấp thu nước và khiến phân trở nên khô cứng."
noi-tao-bon-case-1-3,noi,Táo bón,Tiêu hoá,"Bệnh nhân nữ 78 tuổi, sống tại viện dưỡng lão, được nhân viên y tế đưa đến khám vì tình trạng không đi ngoài được 5 ngày nay. Bệnh nhân có tiền sử sa sút trí tuệ, tai biến mạch máu não cũ di chứng yếu nửa người phải, đái tháo đường type 2 và thoái hóa khớp gối. Bệnh nhân ít vận động, chủ yếu ngồi xe lăn, chế độ ăn tại viện dưỡng lão khá mềm và ít chất xơ. Các thuốc đang dùng bao gồm metformin, amlodipine, atorvastatin, gabapentin để giảm đau thần kinh và oxycodone liều thấp để giảm đau khớp gối. Khám lâm sàng bệnh nhân lơ mơ, không trả lời câu hỏi chính xác. Sinh hiệu ổn định, SpO₂ 97% khí trời, BMI 20 kg/m². Bụng chướng mềm, gõ vang, nghe nhu động ruột thưa thớt. Thăm trực tràng thấy bóng trực tràng rỗng, không sờ thấy u cục, găng không có phân. Khám thần kinh có dấu hiệu yếu 1/2 người phải cũ, không có dấu hiệu màng não. Chụp X-quang bụng không chuẩn bị cho thấy các quai đại tràng giãn chứa đầy phân, không có liềm hơi dưới hoành hay mức nước mức hơi.",Tình trạng bóng trực tràng rỗng khi thăm khám ở một bệnh nhân táo bón nặng gợi ý điều gì?,Tắc ruột non.,Bệnh nhân đã tự dùng thuốc xổ.,Bệnh nhân không thực sự bị táo bón.,"Phân bị ứ đọng ở các đoạn đại tràng cao hơn (ví dụ: đại tràng sigma), chưa xuống đến trực tràng.",,d,"Táo bón có thể do ứ đọng phân ở bất kỳ đoạn nào của đại tràng. Khi bóng trực tràng rỗng, điều đó chứng tỏ khối phân lớn đang bị kẹt ở các đoạn cao hơn như đại tràng sigma hoặc đại tràng xuống, và nhu động ruột không đủ mạnh để đẩy chúng xuống thấp hơn."
noi-tao-bon-case-1-4,noi,Táo bón,Tiêu hoá,"Bệnh nhân nữ 78 tuổi, sống tại viện dưỡng lão, được nhân viên y tế đưa đến khám vì tình trạng không đi ngoài được 5 ngày nay. Bệnh nhân có tiền sử sa sút trí tuệ, tai biến mạch máu não cũ di chứng yếu nửa người phải, đái tháo đường type 2 và thoái hóa khớp gối. Bệnh nhân ít vận động, chủ yếu ngồi xe lăn, chế độ ăn tại viện dưỡng lão khá mềm và ít chất xơ. Các thuốc đang dùng bao gồm metformin, amlodipine, atorvastatin, gabapentin để giảm đau thần kinh và oxycodone liều thấp để giảm đau khớp gối. Khám lâm sàng bệnh nhân lơ mơ, không trả lời câu hỏi chính xác. Sinh hiệu ổn định, SpO₂ 97% khí trời, BMI 20 kg/m². Bụng chướng mềm, gõ vang, nghe nhu động ruột thưa thớt. Thăm trực tràng thấy bóng trực tràng rỗng, không sờ thấy u cục, găng không có phân. Khám thần kinh có dấu hiệu yếu 1/2 người phải cũ, không có dấu hiệu màng não. Chụp X-quang bụng không chuẩn bị cho thấy các quai đại tràng giãn chứa đầy phân, không có liềm hơi dưới hoành hay mức nước mức hơi.",Biện pháp điều trị đầu tay nào là phù hợp nhất để giải quyết tình trạng ứ đọng phân cấp tính này?,Nội soi đại tràng để gắp phân.,"Sử dụng thuốc xổ thẩm thấu (ví dụ: lactulose, polyethylene glycol - PEG).",Cho bệnh nhân uống nhiều nước.,Phẫu thuật.,,b,"Thuốc xổ thẩm thấu như PEG hoặc lactulose là lựa chọn an toàn và hiệu quả. Chúng hoạt động bằng cách giữ nước trong lòng ruột, làm mềm khối phân và tăng thể tích phân, từ đó kích thích nhu động ruột và giúp tống phân ra ngoài."
noi-tao-bon-case-1-5,noi,Táo bón,Tiêu hoá,"Bệnh nhân nữ 78 tuổi, sống tại viện dưỡng lão, được nhân viên y tế đưa đến khám vì tình trạng không đi ngoài được 5 ngày nay. Bệnh nhân có tiền sử sa sút trí tuệ, tai biến mạch máu não cũ di chứng yếu nửa người phải, đái tháo đường type 2 và thoái hóa khớp gối. Bệnh nhân ít vận động, chủ yếu ngồi xe lăn, chế độ ăn tại viện dưỡng lão khá mềm và ít chất xơ. Các thuốc đang dùng bao gồm metformin, amlodipine, atorvastatin, gabapentin để giảm đau thần kinh và oxycodone liều thấp để giảm đau khớp gối. Khám lâm sàng bệnh nhân lơ mơ, không trả lời câu hỏi chính xác. Sinh hiệu ổn định, SpO₂ 97% khí trời, BMI 20 kg/m². Bụng chướng mềm, gõ vang, nghe nhu động ruột thưa thớt. Thăm trực tràng thấy bóng trực tràng rỗng, không sờ thấy u cục, găng không có phân. Khám thần kinh có dấu hiệu yếu 1/2 người phải cũ, không có dấu hiệu màng não. Chụp X-quang bụng không chuẩn bị cho thấy các quai đại tràng giãn chứa đầy phân, không có liềm hơi dưới hoành hay mức nước mức hơi.","Về lâu dài, để phòng ngừa táo bón tái phát ở bệnh nhân này, ngoài việc điều chỉnh chế độ ăn, cần xem xét vấn đề gì?",Cho bệnh nhân nhịn ăn hoàn toàn.,"Xem xét tối ưu hóa liều hoặc đổi sang thuốc giảm đau khác ít gây táo bón hơn, kết hợp với thuốc nhuận tràng dự phòng.",Tăng liều oxycodone để bệnh nhân không đau và vận động nhiều hơn.,Ngừng tất cả các loại thuốc đang điều trị.,,b,"Quản lý táo bón do opioid đòi hỏi một chiến lược đa mô thức. Việc xem xét lại sự cần thiết của opioid, giảm liều đến mức thấp nhất có hiệu quả, hoặc chuyển sang các nhóm giảm đau khác (nếu có thể) là rất quan trọng. Đồng thời, bệnh nhân sử dụng opioid dài ngày thường cần được kê đơn thuốc nhuận tràng dự phòng (thường là kết hợp một thuốc kích thích và một thuốc làm mềm phân) để chống lại tác dụng gây táo bón của opioid."
noi-tao-bon-case-2-1,noi,Táo bón,Tiêu hoá,"Bệnh nhân nữ 35 tuổi, nhân viên văn phòng, đến khám vì táo bón kéo dài khoảng 2 năm. Bệnh nhân mô tả phải đi ngoài dưới 3 lần mỗi tuần, phân thường khô cứng, phải rặn nhiều và có cảm giác đi ngoài không hết. Bệnh nhân không đau bụng đáng kể, chỉ thỉnh thoảng có cảm giác chướng bụng, đầy hơi. Các triệu chứng này không kèm theo sụt cân, thiếu máu hay đi ngoài ra máu. Bệnh nhân không có tiền sử bệnh lý đặc biệt, không dùng thuốc gì thường xuyên. Lối sống khá tĩnh tại, uống ít nước và ăn ít rau. Khám lâm sàng toàn thân và khám bụng hoàn toàn bình thường. Thăm trực tràng không có bất thường về trương lực cơ hay cấu trúc. Các xét nghiệm máu cơ bản (công thức máu, chức năng tuyến giáp, calci máu) đều trong giới hạn bình thường.","Chẩn đoán nào là phù hợp nhất với bệnh nhân này, dựa trên tiêu chuẩn Rome IV?",Táo bón chức năng.,Bệnh Hirschsprung khởi phát muộn.,Hội chứng ruột kích thích thể táo bón (IBS-C).,Táo bón do chế độ ăn.,,a,"Bệnh nhân có các triệu chứng của táo bón mạn tính, nhưng không có đau bụng là triệu chứng nổi bật, và không có các dấu hiệu báo động đỏ. Các xét nghiệm loại trừ nguyên nhân thứ phát đều bình thường. Điều này phù hợp với chẩn đoán Táo bón chức năng theo tiêu chuẩn Rome IV. IBS-C đòi hỏi phải có đau bụng liên quan đến đi ngoài là triệu chứng chính."
noi-tao-bon-case-2-2,noi,Táo bón,Tiêu hoá,"Bệnh nhân nữ 35 tuổi, nhân viên văn phòng, đến khám vì táo bón kéo dài khoảng 2 năm. Bệnh nhân mô tả phải đi ngoài dưới 3 lần mỗi tuần, phân thường khô cứng, phải rặn nhiều và có cảm giác đi ngoài không hết. Bệnh nhân không đau bụng đáng kể, chỉ thỉnh thoảng có cảm giác chướng bụng, đầy hơi. Các triệu chứng này không kèm theo sụt cân, thiếu máu hay đi ngoài ra máu. Bệnh nhân không có tiền sử bệnh lý đặc biệt, không dùng thuốc gì thường xuyên. Lối sống khá tĩnh tại, uống ít nước và ăn ít rau. Khám lâm sàng toàn thân và khám bụng hoàn toàn bình thường. Thăm trực tràng không có bất thường về trương lực cơ hay cấu trúc. Các xét nghiệm máu cơ bản (công thức máu, chức năng tuyến giáp, calci máu) đều trong giới hạn bình thường.",Cơ chế bệnh sinh chính của táo bón chức năng là gì?,Do một khối u gây tắc nghẽn lòng ruột.,Do tác dụng phụ của thuốc.,"Do sự rối loạn phức tạp trong chức năng vận động của đại tràng và/hoặc cơ chế đi đại tiện, không có tổn thương cấu trúc hay sinh hóa rõ ràng.",Do suy giảm chức năng tuyến giáp.,,c,"Táo bón chức năng là một rối loạn tương tác trục não-ruột. Nó được cho là kết quả của sự kết hợp nhiều yếu tố, bao gồm nhu động đại tràng chậm, rối loạn chức năng sàn chậu, tăng nhạy cảm tạng, và yếu tố tâm lý xã hội, mà không có một bất thường thực thể nào có thể xác định được."
noi-tao-bon-case-2-3,noi,Táo bón,Tiêu hoá,"Bệnh nhân nữ 35 tuổi, nhân viên văn phòng, đến khám vì táo bón kéo dài khoảng 2 năm. Bệnh nhân mô tả phải đi ngoài dưới 3 lần mỗi tuần, phân thường khô cứng, phải rặn nhiều và có cảm giác đi ngoài không hết. Bệnh nhân không đau bụng đáng kể, chỉ thỉnh thoảng có cảm giác chướng bụng, đầy hơi. Các triệu chứng này không kèm theo sụt cân, thiếu máu hay đi ngoài ra máu. Bệnh nhân không có tiền sử bệnh lý đặc biệt, không dùng thuốc gì thường xuyên. Lối sống khá tĩnh tại, uống ít nước và ăn ít rau. Khám lâm sàng toàn thân và khám bụng hoàn toàn bình thường. Thăm trực tràng không có bất thường về trương lực cơ hay cấu trúc. Các xét nghiệm máu cơ bản (công thức máu, chức năng tuyến giáp, calci máu) đều trong giới hạn bình thường.","Theo tiêu chuẩn Rome IV, táo bón chức năng được chẩn đoán khi nào?",Khi không tìm thấy bất kỳ nguyên nhân nào khác.,"Khi bệnh nhân có ít nhất 2 trong số các triệu chứng (rặn nhiều, phân cứng, cảm giác đi không hết...) trong ít nhất 3 tháng gần đây.",Khi bệnh nhân đi ngoài ít hơn 3 lần/tuần.,Khi có bằng chứng về nhu động ruột chậm trên xét nghiệm chuyên sâu.,,b,"Tiêu chuẩn chẩn đoán của Rome IV cho táo bón chức năng yêu cầu bệnh nhân phải có ít nhất 2 trong 6 triệu chứng (phải rặn sức >25% số lần, phân vón cục hoặc cứng >25% số lần, cảm giác đi không hết >25% số lần, cảm giác tắc nghẽn >25% số lần, cần dùng tay hỗ trợ >25% số lần, và đi ngoài <3 lần/tuần) trong ít nhất 3 tháng, với triệu chứng khởi phát ít nhất 6 tháng trước. Doc.aspx?sourcedoc={186352b6-90cf-40c9-ba19-ae84e248ef20}&action=vie… 1/11"
noi-tao-bon-case-2-4,noi,Táo bón,Tiêu hoá,"Bệnh nhân nữ 35 tuổi, nhân viên văn phòng, đến khám vì táo bón kéo dài khoảng 2 năm. Bệnh nhân mô tả phải đi ngoài dưới 3 lần mỗi tuần, phân thường khô cứng, phải rặn nhiều và có cảm giác đi ngoài không hết. Bệnh nhân không đau bụng đáng kể, chỉ thỉnh thoảng có cảm giác chướng bụng, đầy hơi. Các triệu chứng này không kèm theo sụt cân, thiếu máu hay đi ngoài ra máu. Bệnh nhân không có tiền sử bệnh lý đặc biệt, không dùng thuốc gì thường xuyên. Lối sống khá tĩnh tại, uống ít nước và ăn ít rau. Khám lâm sàng toàn thân và khám bụng hoàn toàn bình thường. Thăm trực tràng không có bất thường về trương lực cơ hay cấu trúc. Các xét nghiệm máu cơ bản (công thức máu, chức năng tuyến giáp, calci máu) đều trong giới hạn bình thường.",Can thiệp đầu tay nào được khuyến cáo cho bệnh nhân này?,Nội soi đại tràng tầm soát.,Bắt đầu ngay một loại thuốc nhuận tràng kích thích mạnh.,Dùng thuốc chống trầm cảm ba vòng.,"Thay đổi lối sống: tăng cường chất xơ trong chế độ ăn, uống đủ nước và tăng cường hoạt động thể chất. https://onedrive.live.com/personal/2672550e42ddc7d4/_layouts/15",,d,"Đối với táo bón chức năng không có dấu hiệu báo động, bước đầu tiên và quan trọng nhất luôn là các biện pháp không dùng thuốc. Việc tăng cường chất xơ (đến 25- 30g/ngày), uống đủ nước (1.5-2 lít/ngày) và tập thể dục đều đặn có thể cải thiện đáng kể triệu chứng ở nhiều bệnh nhân."
noi-tao-bon-case-2-5,noi,Táo bón,Tiêu hoá,"Bệnh nhân nữ 35 tuổi, nhân viên văn phòng, đến khám vì táo bón kéo dài khoảng 2 năm. Bệnh nhân mô tả phải đi ngoài dưới 3 lần mỗi tuần, phân thường khô cứng, phải rặn nhiều và có cảm giác đi ngoài không hết. Bệnh nhân không đau bụng đáng kể, chỉ thỉnh thoảng có cảm giác chướng bụng, đầy hơi. Các triệu chứng này không kèm theo sụt cân, thiếu máu hay đi ngoài ra máu. Bệnh nhân không có tiền sử bệnh lý đặc biệt, không dùng thuốc gì thường xuyên. Lối sống khá tĩnh tại, uống ít nước và ăn ít rau. Khám lâm sàng toàn thân và khám bụng hoàn toàn bình thường. Thăm trực tràng không có bất thường về trương lực cơ hay cấu trúc. Các xét nghiệm máu cơ bản (công thức máu, chức năng tuyến giáp, calci máu) đều trong giới hạn bình thường.",Loại chất xơ nào được ưu tiên thử nghiệm ở bệnh nhân táo bón chức năng?,Cám lúa mì thô liều cao ngay từ ngày đầu ở mọi bệnh nhân.,Mọi loại chất xơ có hiệu quả tương đương và không gây đầy hơi.,Không sử dụng chất xơ vì luôn làm táo bón nặng thêm.,"Chất xơ hòa tan tạo gel như psyllium, tăng dần liều và uống đủ nước.",,d,"Psyllium là chất xơ hòa tan có bằng chứng tốt hơn cho táo bón và IBS. Cần tăng liều từ từ, uống đủ nước và theo dõi chướng bụng; cám không hòa tan có thể làm đầy hơi hoặc đau tăng ở một số bệnh nhân."
noi-tao-bon-case-3-1,noi,Táo bón,Tiêu hoá,"Bệnh nhân nam 68 tuổi, đến khám vì táo bón ngày càng tăng và thay đổi hình dạng phân. Khoảng 4 tháng nay, bệnh nhân thấy phải rặn nhiều hơn, đi ngoài khó khăn, khuôn phân trở nên nhỏ dẹt như chiếc đũa. Gần đây, bệnh nhân thấy có máu đỏ sẫm dính theo phân. Bệnh nhân cảm thấy mệt mỏi, ăn kém, sút 5 kg trong 4 tháng. Tiền sử gia đình có bố mất vì ung thư đại tràng. Khám lâm sàng bệnh nhân tỉnh, da niêm mạc nhợt. Bụng mềm, không sờ thấy u cục. Thăm trực tràng phát hiện ở thành sau, cách rìa hậu môn 7 cm có một khối u sùi, cứng, chắc, gây hẹp lòng trực tràng, găng tay có dính máu. Cận lâm sàng: Hemoglobin 95 g/L (hồng cầu nhược sắc).",Táo bón và các triệu chứng kèm theo ở bệnh nhân này được xem là gì?,Tác dụng phụ của thuốc.,"Một tập hợp các ""dấu hiệu báo động đỏ"" cần phải được điều tra khẩn cấp.",Hội chứng ruột kích thích.,Táo bón chức năng ở người lớn tuổi.,,b,"Táo bón mới khởi phát hoặc nặng lên ở người trên 50 tuổi, kèm theo các triệu chứng như sụt cân không giải thích được, thiếu máu, đi ngoài ra máu, và thay đổi khuôn phân đều là những dấu hiệu báo động đỏ, gợi ý một bệnh lý thực thể nguy hiểm."
noi-tao-bon-case-3-2,noi,Táo bón,Tiêu hoá,"Bệnh nhân nam 68 tuổi, đến khám vì táo bón ngày càng tăng và thay đổi hình dạng phân. Khoảng 4 tháng nay, bệnh nhân thấy phải rặn nhiều hơn, đi ngoài khó khăn, khuôn phân trở nên nhỏ dẹt như chiếc đũa. Gần đây, bệnh nhân thấy có máu đỏ sẫm dính theo phân. Bệnh nhân cảm thấy mệt mỏi, ăn kém, sút 5 kg trong 4 tháng. Tiền sử gia đình có bố mất vì ung thư đại tràng. Khám lâm sàng bệnh nhân tỉnh, da niêm mạc nhợt. Bụng mềm, không sờ thấy u cục. Thăm trực tràng phát hiện ở thành sau, cách rìa hậu môn 7 cm có một khối u sùi, cứng, chắc, gây hẹp lòng trực tràng, găng tay có dính máu. Cận lâm sàng: Hemoglobin 95 g/L (hồng cầu nhược sắc).",Cơ chế chính gây táo bón và thay đổi khuôn phân ở bệnh nhân này là gì?,Mất nước do ăn uống kém.,Rối loạn nhu động toàn bộ đại tràng.,Sự chèn ép và gây hẹp lòng ruột một cách cơ học bởi khối u đang phát triển.,Rối loạn chức năng sàn chậu.,,c,"Khi một khối u phát triển trong lòng đại trực tràng, nó sẽ dần dần làm hẹp đường kính của ống tiêu hóa. Điều này cản trở sự di chuyển của phân, gây táo bón. Khi phân cố gắng đi qua chỗ hẹp, nó sẽ bị ép lại và có hình dạng nhỏ, dẹt."
noi-tao-bon-case-3-3,noi,Táo bón,Tiêu hoá,"Bệnh nhân nam 68 tuổi, đến khám vì táo bón ngày càng tăng và thay đổi hình dạng phân. Khoảng 4 tháng nay, bệnh nhân thấy phải rặn nhiều hơn, đi ngoài khó khăn, khuôn phân trở nên nhỏ dẹt như chiếc đũa. Gần đây, bệnh nhân thấy có máu đỏ sẫm dính theo phân. Bệnh nhân cảm thấy mệt mỏi, ăn kém, sút 5 kg trong 4 tháng. Tiền sử gia đình có bố mất vì ung thư đại tràng. Khám lâm sàng bệnh nhân tỉnh, da niêm mạc nhợt. Bụng mềm, không sờ thấy u cục. Thăm trực tràng phát hiện ở thành sau, cách rìa hậu môn 7 cm có một khối u sùi, cứng, chắc, gây hẹp lòng trực tràng, găng tay có dính máu. Cận lâm sàng: Hemoglobin 95 g/L (hồng cầu nhược sắc).",Chẩn đoán có khả năng cao nhất là gì?,Ung thư đại trực tràng.,Polyp đại tràng.,Bệnh túi thừa.,Bệnh trĩ nội.,,a,"Bệnh cảnh lâm sàng và khám thực thể (sờ thấy khối u ở trực tràng) là rất điển hình cho ung thư đại trực tràng, đặc biệt là ung thư ở đoạn thấp."
noi-tao-bon-case-3-4,noi,Táo bón,Tiêu hoá,"Bệnh nhân nam 68 tuổi, đến khám vì táo bón ngày càng tăng và thay đổi hình dạng phân. Khoảng 4 tháng nay, bệnh nhân thấy phải rặn nhiều hơn, đi ngoài khó khăn, khuôn phân trở nên nhỏ dẹt như chiếc đũa. Gần đây, bệnh nhân thấy có máu đỏ sẫm dính theo phân. Bệnh nhân cảm thấy mệt mỏi, ăn kém, sút 5 kg trong 4 tháng. Tiền sử gia đình có bố mất vì ung thư đại tràng. Khám lâm sàng bệnh nhân tỉnh, da niêm mạc nhợt. Bụng mềm, không sờ thấy u cục. Thăm trực tràng phát hiện ở thành sau, cách rìa hậu môn 7 cm có một khối u sùi, cứng, chắc, gây hẹp lòng trực tràng, găng tay có dính máu. Cận lâm sàng: Hemoglobin 95 g/L (hồng cầu nhược sắc).",Thăm dò nào là tiêu chuẩn vàng để chẩn đoán xác định bệnh này?,Chụp X-quang đại tràng có cản quang.,Nội soi đại tràng và sinh thiết khối u.,Xét nghiệm chất chỉ điểm khối u CEA.,Chụp CT scan ổ bụng.,,b,"Tiêu chuẩn vàng để chẩn đoán xác định là nội soi, cho phép quan sát trực tiếp tổn thương, đánh giá vị trí, mức độ và quan trọng nhất là lấy mẫu mô (sinh thiết) để xét nghiệm giải phẫu bệnh, đây là bằng chứng không thể chối cãi để khẳng định chẩn đoán ung thư."
noi-tao-bon-case-3-5,noi,Táo bón,Tiêu hoá,"Bệnh nhân nam 68 tuổi, đến khám vì táo bón ngày càng tăng và thay đổi hình dạng phân. Khoảng 4 tháng nay, bệnh nhân thấy phải rặn nhiều hơn, đi ngoài khó khăn, khuôn phân trở nên nhỏ dẹt như chiếc đũa. Gần đây, bệnh nhân thấy có máu đỏ sẫm dính theo phân. Bệnh nhân cảm thấy mệt mỏi, ăn kém, sút 5 kg trong 4 tháng. Tiền sử gia đình có bố mất vì ung thư đại tràng. Khám lâm sàng bệnh nhân tỉnh, da niêm mạc nhợt. Bụng mềm, không sờ thấy u cục. Thăm trực tràng phát hiện ở thành sau, cách rìa hậu môn 7 cm có một khối u sùi, cứng, chắc, gây hẹp lòng trực tràng, găng tay có dính máu. Cận lâm sàng: Hemoglobin 95 g/L (hồng cầu nhược sắc).",Tình trạng thiếu máu của bệnh nhân có khả năng là do đâu?,Thiếu vitamin B12.,Suy tủy xương.,"Mất máu rỉ rả, mạn tính từ bề mặt khối u.",Tán huyết.,,c,"Bề mặt của khối u ung thư thường có nhiều mạch máu tân tạo, rất mỏng manh và dễ vỡ. Sự cọ xát của phân khi đi qua sẽ gây chảy máu rỉ rả liên tục. Tình trạng mất máu mạn tính này sẽ dẫn đến thiếu máu thiếu sắt, với đặc điểm hồng cầu nhỏ, nhược sắc."
noi-tao-bon-case-4-1,noi,Táo bón,Tiêu hoá,"Bệnh nhân nữ 40 tuổi, đến khám vì táo bón và cảm giác tắc nghẽn ở hậu môn. Bệnh nhân khai rằng mặc dù có cảm giác buồn đi ngoài và vào nhà vệ sinh, nhưng bà phải rặn rất lâu và rất mạnh mà phân vẫn không ra được. Bệnh nhân thường phải dùng tay ấn vào vùng tầng sinh môn hoặc thành sau âm đạo để giúp phân thoát ra. Tình trạng này đã kéo dài nhiều năm và ngày càng nặng hơn. Bệnh nhân không có các dấu hiệu báo động đỏ. Khám lâm sàng không có gì đặc biệt. Thăm trực tràng thấy trương lực cơ thắt lúc nghỉ bình thường, nhưng khi yêu cầu bệnh nhân rặn, cơ thắt hậu môn và cơ mu trực tràng co thắt một cách nghịch thường. Đo áp lực hậu môn trực tràng (anorectal manometry) và test tống bóng (balloon expulsion test) xác nhận chẩn đoán.",Loại táo bón mà bệnh nhân này mắc phải được gọi là gì?,Hội chứng ruột kích thích.,Rối loạn chức năng sàn chậu (Pelvic floor dysfunction).,Táo bón chức năng.,Táo bón do nhu động chậm.,,b,"Các triệu chứng của bệnh nhân (phải rặn nhiều, cảm giác tắc nghẽn, phải dùng tay hỗ trợ) là rất điển hình cho táo bón do rối loạn quá trình tống phân, hay còn gọi là rối loạn chức năng sàn chậu."
noi-tao-bon-case-4-2,noi,Táo bón,Tiêu hoá,"Bệnh nhân nữ 40 tuổi, đến khám vì táo bón và cảm giác tắc nghẽn ở hậu môn. Bệnh nhân khai rằng mặc dù có cảm giác buồn đi ngoài và vào nhà vệ sinh, nhưng bà phải rặn rất lâu và rất mạnh mà phân vẫn không ra được. Bệnh nhân thường phải dùng tay ấn vào vùng tầng sinh môn hoặc thành sau âm đạo để giúp phân thoát ra. Tình trạng này đã kéo dài nhiều năm và ngày càng nặng hơn. Bệnh nhân không có các dấu hiệu báo động đỏ. Khám lâm sàng không có gì đặc biệt. Thăm trực tràng thấy trương lực cơ thắt lúc nghỉ bình thường, nhưng khi yêu cầu bệnh nhân rặn, cơ thắt hậu môn và cơ mu trực tràng co thắt một cách nghịch thường. Đo áp lực hậu môn trực tràng (anorectal manometry) và test tống bóng (balloon expulsion test) xác nhận chẩn đoán.",Cơ chế bệnh sinh chính trong rối loạn chức năng sàn chậu gây táo bón là gì?,Niêm mạc trực tràng quá nhạy cảm.,"Sự mất phối hợp giữa việc rặn (tăng áp lực ổ bụng) và việc giãn các cơ sàn chậu (cơ thắt hậu môn, cơ mu trực tràng).",Tình trạng yếu của các cơ thành bụng.,Sự co thắt quá mức của toàn bộ đại tràng.,,b,"Quá trình đi đại tiện bình thường đòi hỏi sự phối hợp nhịp nhàng: cơ thành bụng co lại để tăng áp lực tống phân xuống, trong khi các cơ của sàn chậu (đặc biệt là cơ thắt hậu môn ngoài và cơ mu trực tràng) phải giãn ra để mở đường cho phân thoát. Trong rối loạn chức năng sàn chậu, các cơ này lại co thắt một cách nghịch lý khi bệnh nhân rặn, tạo ra một ""hàng rào"" cản trở phân đi ra."
noi-tao-bon-case-4-3,noi,Táo bón,Tiêu hoá,"Bệnh nhân nữ 40 tuổi, đến khám vì táo bón và cảm giác tắc nghẽn ở hậu môn. Bệnh nhân khai rằng mặc dù có cảm giác buồn đi ngoài và vào nhà vệ sinh, nhưng bà phải rặn rất lâu và rất mạnh mà phân vẫn không ra được. Bệnh nhân thường phải dùng tay ấn vào vùng tầng sinh môn hoặc thành sau âm đạo để giúp phân thoát ra. Tình trạng này đã kéo dài nhiều năm và ngày càng nặng hơn. Bệnh nhân không có các dấu hiệu báo động đỏ. Khám lâm sàng không có gì đặc biệt. Thăm trực tràng thấy trương lực cơ thắt lúc nghỉ bình thường, nhưng khi yêu cầu bệnh nhân rặn, cơ thắt hậu môn và cơ mu trực tràng co thắt một cách nghịch thường. Đo áp lực hậu môn trực tràng (anorectal manometry) và test tống bóng (balloon expulsion test) xác nhận chẩn đoán.",Tên gọi khác của tình trạng co thắt nghịch thường của cơ mu trực tràng khi rặn là gì?,Co thắt không đồng bộ (Anismus hoặc Dyssynergic defecation).,Nứt kẽ hậu môn.,Sa trực tràng.,Bệnh Hirschsprung.,,a,"Anismus hoặc Dyssynergic defecation là thuật ngữ chuyên môn để mô tả tình trạng này, nó có nghĩa là sự co thắt không đồng bộ hoặc mất hiệp đồng trong quá trình đi đại tiện."
noi-tao-bon-case-4-4,noi,Táo bón,Tiêu hoá,"Bệnh nhân nữ 40 tuổi, đến khám vì táo bón và cảm giác tắc nghẽn ở hậu môn. Bệnh nhân khai rằng mặc dù có cảm giác buồn đi ngoài và vào nhà vệ sinh, nhưng bà phải rặn rất lâu và rất mạnh mà phân vẫn không ra được. Bệnh nhân thường phải dùng tay ấn vào vùng tầng sinh môn hoặc thành sau âm đạo để giúp phân thoát ra. Tình trạng này đã kéo dài nhiều năm và ngày càng nặng hơn. Bệnh nhân không có các dấu hiệu báo động đỏ. Khám lâm sàng không có gì đặc biệt. Thăm trực tràng thấy trương lực cơ thắt lúc nghỉ bình thường, nhưng khi yêu cầu bệnh nhân rặn, cơ thắt hậu môn và cơ mu trực tràng co thắt một cách nghịch thường. Đo áp lực hậu môn trực tràng (anorectal manometry) và test tống bóng (balloon expulsion test) xác nhận chẩn đoán.",Thăm dò cận lâm sàng nào là quan trọng nhất để chẩn đoán xác định loại rối loạn này?,Đo áp lực hậu môn trực tràng và test tống bóng.,Chụp X-quang bụng.,Xét nghiệm máu.,Nội soi đại tràng.,,a,"Đo áp lực hậu môn trực tràng là tiêu chuẩn vàng. Nó có thể ghi lại áp lực tại các vị trí khác nhau trong ống hậu môn và trực tràng lúc nghỉ và lúc rặn, qua đó phát hiện được sự co thắt nghịch thường của cơ. Test tống bóng (đo thời gian bệnh nhân Doc.aspx?sourcedoc={186352b6-90cf-40c9-ba19-ae84e248ef20}&action=vie… 2/11 có thể tống một quả bóng chứa nước ra khỏi trực tràng) cũng là một test đơn giản và hữu ích để sàng lọc."
noi-tao-bon-case-4-5,noi,Táo bón,Tiêu hoá,"Bệnh nhân nữ 40 tuổi, đến khám vì táo bón và cảm giác tắc nghẽn ở hậu môn. Bệnh nhân khai rằng mặc dù có cảm giác buồn đi ngoài và vào nhà vệ sinh, nhưng bà phải rặn rất lâu và rất mạnh mà phân vẫn không ra được. Bệnh nhân thường phải dùng tay ấn vào vùng tầng sinh môn hoặc thành sau âm đạo để giúp phân thoát ra. Tình trạng này đã kéo dài nhiều năm và ngày càng nặng hơn. Bệnh nhân không có các dấu hiệu báo động đỏ. Khám lâm sàng không có gì đặc biệt. Thăm trực tràng thấy trương lực cơ thắt lúc nghỉ bình thường, nhưng khi yêu cầu bệnh nhân rặn, cơ thắt hậu môn và cơ mu trực tràng co thắt một cách nghịch thường. Đo áp lực hậu môn trực tràng (anorectal manometry) và test tống bóng (balloon expulsion test) xác nhận chẩn đoán.",Phương pháp điều trị nào là hiệu quả nhất cho bệnh nhân này?,Phẫu thuật cắt cơ thắt. https://onedrive.live.com/personal/2672550e42ddc7d4/_layouts/15,Dùng thuốc nhuận tràng thẩm thấu liều cao.,Phản hồi sinh học (Biofeedback).,Dùng thuốc chống co thắt.,,c,"Phản hồi sinh học (Biofeedback) là phương pháp điều trị được lựa chọn hàng đầu. Đây là một kỹ thuật tập luyện giúp bệnh nhân ""học"" lại cách kiểm soát và phối hợp các cơ sàn chậu một cách đúng đắn. Với sự trợ giúp của các thiết bị cảm biến, bệnh nhân có thể nhìn thấy hoặc nghe thấy tín hiệu về hoạt động của cơ và từ đó điều chỉnh để rặn và giãn cơ một cách đồng bộ."
noi-tao-bon-case-5-1,noi,Táo bón,Tiêu hoá,"Bệnh nhân nữ 45 tuổi, đến khám vì táo bón và mệt mỏi. Khoảng 6 tháng nay, bệnh nhân cảm thấy người lúc nào cũng mệt, uể oải, chịu lạnh kém, da trở nên khô và tóc rụng nhiều. Bệnh nhân cũng bị táo bón nặng hơn, đi ngoài phân cứng, phải 4-5 ngày mới đi một lần. Bệnh nhân không có dấu hiệu báo động đỏ. Tiền sử gia đình có mẹ và chị gái bị bệnh tuyến giáp. Khám lâm sàng bệnh nhân tỉnh, nói chậm, vẻ mặt thờ ơ. Sinh hiệu: mạch 55 lần/phút, huyết áp 130/85 mmHg, nhiệt độ 36.2°C, BMI 27 kg/m² (tăng 4 kg trong 6 tháng). Da khô, lạnh; tóc thô, dễ gãy. Phản xạ gân gót có pha giãn chậm. Khám bụng bình thường.",Táo bón ở bệnh nhân này rất có thể là một triệu chứng của bệnh lý hệ thống nào?,Suy giáp.,Hội chứng Cushing.,Cường giáp.,Đái tháo đường.,,a,"Bệnh cảnh một bệnh nhân có táo bón kèm theo một loạt các triệu chứng hệ thống như mệt mỏi, sợ lạnh, da khô, chậm chạp, nhịp tim chậm là rất điển hình cho suy giáp. Tiền sử gia đình càng củng cố thêm nghi ngờ này."
noi-tao-bon-case-5-2,noi,Táo bón,Tiêu hoá,"Bệnh nhân nữ 45 tuổi, đến khám vì táo bón và mệt mỏi. Khoảng 6 tháng nay, bệnh nhân cảm thấy người lúc nào cũng mệt, uể oải, chịu lạnh kém, da trở nên khô và tóc rụng nhiều. Bệnh nhân cũng bị táo bón nặng hơn, đi ngoài phân cứng, phải 4-5 ngày mới đi một lần. Bệnh nhân không có dấu hiệu báo động đỏ. Tiền sử gia đình có mẹ và chị gái bị bệnh tuyến giáp. Khám lâm sàng bệnh nhân tỉnh, nói chậm, vẻ mặt thờ ơ. Sinh hiệu: mạch 55 lần/phút, huyết áp 130/85 mmHg, nhiệt độ 36.2°C, BMI 27 kg/m² (tăng 4 kg trong 6 tháng). Da khô, lạnh; tóc thô, dễ gãy. Phản xạ gân gót có pha giãn chậm. Khám bụng bình thường.",Cơ chế nào giải thích tại sao suy giáp lại gây táo bón?,"Hormone tuyến giáp có vai trò điều hòa chuyển hóa và hoạt động của nhiều cơ quan, bao gồm cả hệ tiêu hóa. Suy giáp làm giảm nhu động ruột.",Gây ra tình trạng mất nước nghiêm trọng.,Gây tổn thương đám rối thần kinh ruột.,Làm tăng trương lực cơ thắt hậu môn.,,a,"Hormone tuyến giáp đóng vai trò quan trọng trong việc duy trì hoạt động bình thường của hệ thần kinh tự chủ và nhu động của ống tiêu hóa. Khi bị suy giáp, quá trình chuyển hóa toàn thân chậm lại, bao gồm cả nhu động của đại tràng. Thời gian vận chuyển phân qua ruột kéo dài hơn, làm tăng tái hấp thu nước và gây ra táo bón."
noi-tao-bon-case-5-3,noi,Táo bón,Tiêu hoá,"Bệnh nhân nữ 45 tuổi, đến khám vì táo bón và mệt mỏi. Khoảng 6 tháng nay, bệnh nhân cảm thấy người lúc nào cũng mệt, uể oải, chịu lạnh kém, da trở nên khô và tóc rụng nhiều. Bệnh nhân cũng bị táo bón nặng hơn, đi ngoài phân cứng, phải 4-5 ngày mới đi một lần. Bệnh nhân không có dấu hiệu báo động đỏ. Tiền sử gia đình có mẹ và chị gái bị bệnh tuyến giáp. Khám lâm sàng bệnh nhân tỉnh, nói chậm, vẻ mặt thờ ơ. Sinh hiệu: mạch 55 lần/phút, huyết áp 130/85 mmHg, nhiệt độ 36.2°C, BMI 27 kg/m² (tăng 4 kg trong 6 tháng). Da khô, lạnh; tóc thô, dễ gãy. Phản xạ gân gót có pha giãn chậm. Khám bụng bình thường.",Xét nghiệm nào là cần thiết nhất để chẩn đoán xác định nguyên nhân này?,Công thức máu.,Nội soi đại tràng.,Chức năng tuyến giáp (TSH và FT4).,Calci và Albumin máu.,,c,"Để chẩn đoán suy giáp, cần phải xét nghiệm nồng độ hormone kích thích tuyến giáp (TSH) và thyroxine tự do (FT4) trong máu. Trong suy giáp nguyên phát (tại tuyến giáp), TSH sẽ tăng rất cao trong khi FT4 sẽ giảm thấp."
noi-tao-bon-case-5-4,noi,Táo bón,Tiêu hoá,"Bệnh nhân nữ 45 tuổi, đến khám vì táo bón và mệt mỏi. Khoảng 6 tháng nay, bệnh nhân cảm thấy người lúc nào cũng mệt, uể oải, chịu lạnh kém, da trở nên khô và tóc rụng nhiều. Bệnh nhân cũng bị táo bón nặng hơn, đi ngoài phân cứng, phải 4-5 ngày mới đi một lần. Bệnh nhân không có dấu hiệu báo động đỏ. Tiền sử gia đình có mẹ và chị gái bị bệnh tuyến giáp. Khám lâm sàng bệnh nhân tỉnh, nói chậm, vẻ mặt thờ ơ. Sinh hiệu: mạch 55 lần/phút, huyết áp 130/85 mmHg, nhiệt độ 36.2°C, BMI 27 kg/m² (tăng 4 kg trong 6 tháng). Da khô, lạnh; tóc thô, dễ gãy. Phản xạ gân gót có pha giãn chậm. Khám bụng bình thường.","Ngoài táo bón, triệu chứng nào sau đây cũng là biểu hiện kinh điển của suy giáp?","Tim đập nhanh, đánh trống ngực.",Tiêu chảy.,"Mệt mỏi, không chịu được lạnh, da khô.","Sụt cân, run tay.",,c,"Các triệu chứng của suy giáp phản ánh tình trạng giảm chuyển hóa chung của cơ thể. Bệnh nhân thường cảm thấy mệt mỏi, tăng cân (dù ăn ít), sợ lạnh, da khô, tóc rụng, suy giảm trí nhớ, nhịp tim chậm. Ngược lại, cường giáp sẽ có các triệu chứng đối lập."
noi-tao-bon-case-5-5,noi,Táo bón,Tiêu hoá,"Bệnh nhân nữ 45 tuổi, đến khám vì táo bón và mệt mỏi. Khoảng 6 tháng nay, bệnh nhân cảm thấy người lúc nào cũng mệt, uể oải, chịu lạnh kém, da trở nên khô và tóc rụng nhiều. Bệnh nhân cũng bị táo bón nặng hơn, đi ngoài phân cứng, phải 4-5 ngày mới đi một lần. Bệnh nhân không có dấu hiệu báo động đỏ. Tiền sử gia đình có mẹ và chị gái bị bệnh tuyến giáp. Khám lâm sàng bệnh nhân tỉnh, nói chậm, vẻ mặt thờ ơ. Sinh hiệu: mạch 55 lần/phút, huyết áp 130/85 mmHg, nhiệt độ 36.2°C, BMI 27 kg/m² (tăng 4 kg trong 6 tháng). Da khô, lạnh; tóc thô, dễ gãy. Phản xạ gân gót có pha giãn chậm. Khám bụng bình thường.",Hướng điều trị nào sẽ giải quyết được cả tình trạng táo bón và các triệu chứng khác của bệnh nhân?,Bổ sung chất xơ.,Liệu pháp hormone thay thế tuyến giáp (Levothyroxine).,Dùng thuốc nhuận tràng liều cao.,Dùng thuốc chống trầm cảm.,,b,"Điều trị nguyên nhân là cách tiếp cận tốt nhất. Khi bệnh nhân được điều trị bằng liệu pháp thay thế hormone levothyroxine và đạt được tình trạng bình giáp, các quá trình chuyển hóa sẽ trở lại bình thường. Điều này sẽ cải thiện hầu hết các triệu chứng của bệnh, bao gồm cả tình trạng táo bón."
noi-tao-bon-case-6-1,noi,Táo bón,Tiêu hoá,"Bệnh nhân nam 55 tuổi, tiền sử bệnh Parkinson được chẩn đoán cách đây 5 năm, đang điều trị bằng Levodopa/Carbidopa và Trihexyphenidyl. Bệnh nhân đến khám vì táo bón nặng và chướng bụng. Bệnh nhân khai rằng tình trạng đi ngoài ngày càng khó khăn, 3-4 ngày mới đi một lần, phân rất cứng, phải rặn nhiều. Táo bón là một triệu chứng đã có từ trước khi chẩn đoán Parkinson nhưng ngày càng nặng hơn. Khám lâm sàng thấy bệnh nhân có bộ mặt vô cảm, run khi nghỉ ở tay phải, đi lại chậm chạp, dáng đi khom. Bụng chướng mềm, không có dấu hiệu tắc ruột.","Táo bón ở bệnh nhân này có cơ chế phức tạp, bao gồm những yếu tố nào?",Chỉ do chế độ ăn.,Chỉ do tuổi tác.,Do nhiễm trùng đường ruột.,Do bản chất của bệnh Parkinson và do tác dụng phụ của thuốc điều trị.,,d,"Táo bón là một triệu chứng ngoài vận động rất phổ biến trong bệnh Parkinson. Nó có thể xuất hiện nhiều năm trước cả các triệu chứng vận động. Nguyên nhân là do chính bệnh lý (rối loạn thần kinh tự chủ) và còn bị làm nặng thêm bởi các thuốc điều trị, đặc biệt là các thuốc kháng cholinergic."
noi-tao-bon-case-6-2,noi,Táo bón,Tiêu hoá,"Bệnh nhân nam 55 tuổi, tiền sử bệnh Parkinson được chẩn đoán cách đây 5 năm, đang điều trị bằng Levodopa/Carbidopa và Trihexyphenidyl. Bệnh nhân đến khám vì táo bón nặng và chướng bụng. Bệnh nhân khai rằng tình trạng đi ngoài ngày càng khó khăn, 3-4 ngày mới đi một lần, phân rất cứng, phải rặn nhiều. Táo bón là một triệu chứng đã có từ trước khi chẩn đoán Parkinson nhưng ngày càng nặng hơn. Khám lâm sàng thấy bệnh nhân có bộ mặt vô cảm, run khi nghỉ ở tay phải, đi lại chậm chạp, dáng đi khom. Bụng chướng mềm, không có dấu hiệu tắc ruột.",Cơ chế bệnh sinh nào của bệnh Parkinson góp phần gây táo bón?,Tăng nhạy cảm của trực tràng.,Tăng tiết acetylcholine trong ruột.,"Sự thoái hóa của các neuron dopaminergic không chỉ ở não mà còn ở hệ thần kinh ruột, làm rối loạn nhu động.",Teo cơ thành bụng.,,c,"Bệnh Parkinson không chỉ ảnh hưởng đến hệ thần kinh trung ương. Quá trình thoái hóa và lắng đọng thể Lewy cũng xảy ra ở hệ thần kinh ruột (ENS), làm rối loạn chức năng của các neuron điều hòa nhu động, gây ra tình trạng vận chuyển chậm qua đại tràng và rối loạn chức năng tống phân."
noi-tao-bon-case-6-3,noi,Táo bón,Tiêu hoá,"Bệnh nhân nam 55 tuổi, tiền sử bệnh Parkinson được chẩn đoán cách đây 5 năm, đang điều trị bằng Levodopa/Carbidopa và Trihexyphenidyl. Bệnh nhân đến khám vì táo bón nặng và chướng bụng. Bệnh nhân khai rằng tình trạng đi ngoài ngày càng khó khăn, 3-4 ngày mới đi một lần, phân rất cứng, phải rặn nhiều. Táo bón là một triệu chứng đã có từ trước khi chẩn đoán Parkinson nhưng ngày càng nặng hơn. Khám lâm sàng thấy bệnh nhân có bộ mặt vô cảm, run khi nghỉ ở tay phải, đi lại chậm chạp, dáng đi khom. Bụng chướng mềm, không có dấu hiệu tắc ruột.",Loại thuốc nào trong phác đồ điều trị của bệnh nhân này có tác dụng kháng cholinergic mạnh và là nguyên nhân phổ biến gây táo bón?,Carbidopa.,Trihexyphenidyl.,Không có thuốc nào.,Levodopa.,,b,"Trihexyphenidyl là một thuốc kháng cholinergic, thường được dùng để giảm run và cứng đờ trong bệnh Parkinson. Tác dụng kháng cholinergic (ức chế phó giao cảm) sẽ làm giảm nhu động ruột và giảm tiết dịch, là một nguyên nhân phổ biến gây khô miệng và táo bón. Doc.aspx?sourcedoc={186352b6-90cf-40c9-ba19-ae84e248ef20}&action=vie… 3/11"
noi-tao-bon-case-6-4,noi,Táo bón,Tiêu hoá,"Bệnh nhân nam 55 tuổi, tiền sử bệnh Parkinson được chẩn đoán cách đây 5 năm, đang điều trị bằng Levodopa/Carbidopa và Trihexyphenidyl. Bệnh nhân đến khám vì táo bón nặng và chướng bụng. Bệnh nhân khai rằng tình trạng đi ngoài ngày càng khó khăn, 3-4 ngày mới đi một lần, phân rất cứng, phải rặn nhiều. Táo bón là một triệu chứng đã có từ trước khi chẩn đoán Parkinson nhưng ngày càng nặng hơn. Khám lâm sàng thấy bệnh nhân có bộ mặt vô cảm, run khi nghỉ ở tay phải, đi lại chậm chạp, dáng đi khom. Bụng chướng mềm, không có dấu hiệu tắc ruột.",Biến chứng nào của táo bón mạn tính và rặn nhiều thường gặp ở bệnh nhân Parkinson?,Loét dạ dày.,Sỏi túi mật.,Bệnh trĩ và sa trực tràng. https://onedrive.live.com/personal/2672550e42ddc7d4/_layouts/15,Viêm ruột thừa.,,c,"Việc rặn gắng sức kéo dài để tống phân cứng ra ngoài làm tăng áp lực trong ổ bụng và các tĩnh mạch vùng hậu môn-trực tràng, dẫn đến sự hình thành hoặc làm nặng thêm bệnh trĩ. Tình trạng yếu của các cơ sàn chậu và rặn nhiều cũng có thể dẫn đến sa trực tràng."
noi-tao-bon-case-6-5,noi,Táo bón,Tiêu hoá,"Bệnh nhân nam 55 tuổi, tiền sử bệnh Parkinson được chẩn đoán cách đây 5 năm, đang điều trị bằng Levodopa/Carbidopa và Trihexyphenidyl. Bệnh nhân đến khám vì táo bón nặng và chướng bụng. Bệnh nhân khai rằng tình trạng đi ngoài ngày càng khó khăn, 3-4 ngày mới đi một lần, phân rất cứng, phải rặn nhiều. Táo bón là một triệu chứng đã có từ trước khi chẩn đoán Parkinson nhưng ngày càng nặng hơn. Khám lâm sàng thấy bệnh nhân có bộ mặt vô cảm, run khi nghỉ ở tay phải, đi lại chậm chạp, dáng đi khom. Bụng chướng mềm, không có dấu hiệu tắc ruột.","Ngoài các biện pháp thông thường (chất xơ, nước, vận động), thuốc nhuận tràng nào thường được ưu tiên sử dụng cho bệnh nhân Parkinson?",Polyethylene glycol (PEG) do tính an toàn và hiệu quả khi dùng lâu dài.,Thuốc thụt tháo hàng ngày.,Thuốc nhuận tràng kích thích (ví dụ: Bisacodyl).,Thuốc xổ dầu khoáng.,,a,"Polyethylene glycol (PEG) là một thuốc nhuận tràng thẩm thấu, không bị hấp thu và không gây rối loạn điện giải, rất an toàn khi sử dụng lâu dài. Nó được khuyến cáo là lựa chọn hàng đầu cho táo bón mạn tính ở nhiều đối tượng, bao gồm cả bệnh nhân Parkinson."
noi-tao-bon-case-7-1,noi,Táo bón,Tiêu hoá,"Bệnh nhân nam 70 tuổi, tiền sử đái tháo đường type 2 lâu năm (20 năm), có nhiều biến chứng (bệnh võng mạc, bệnh thận mạn giai đoạn 3). Bệnh nhân đến khám vì táo bón xen kẽ với tiêu chảy. Bệnh nhân mô tả có lúc vài ngày không đi ngoài được, bụng chướng, phân cứng, nhưng sau đó lại có một đợt đi ngoài phân lỏng nhiều lần, không kiểm soát được, đặc biệt về đêm. Bệnh nhân không đau bụng, không sốt. Khám lâm sàng không có gì đặc biệt ngoài các dấu hiệu của biến chứng đái tháo đường đã biết.",Tình trạng táo bón xen kẽ tiêu chảy ở bệnh nhân này rất có thể là hậu quả của biến chứng nào của đái tháo đường?,Bệnh mạch máu lớn.,Bệnh võng mạc.,Bệnh thận.,Bệnh lý thần kinh tự chủ.,,d,"Đái tháo đường lâu năm có thể gây tổn thương hệ thần kinh tự chủ, hệ thống điều khiển các chức năng không chủ ý của cơ thể, bao gồm cả nhu động của ống tiêu hóa. Táo bón là biểu hiện phổ biến nhất của bệnh lý thần kinh tự chủ ở đường ruột."
noi-tao-bon-case-7-2,noi,Táo bón,Tiêu hoá,"Bệnh nhân nam 70 tuổi, tiền sử đái tháo đường type 2 lâu năm (20 năm), có nhiều biến chứng (bệnh võng mạc, bệnh thận mạn giai đoạn 3). Bệnh nhân đến khám vì táo bón xen kẽ với tiêu chảy. Bệnh nhân mô tả có lúc vài ngày không đi ngoài được, bụng chướng, phân cứng, nhưng sau đó lại có một đợt đi ngoài phân lỏng nhiều lần, không kiểm soát được, đặc biệt về đêm. Bệnh nhân không đau bụng, không sốt. Khám lâm sàng không có gì đặc biệt ngoài các dấu hiệu của biến chứng đái tháo đường đã biết.",Cơ chế nào giải thích cho tình trạng táo bón ở bệnh nhân này?,"Tổn thương các sợi thần kinh tự chủ chi phối đại tràng, làm giảm nhu động và gây ứ đọng phân.",Tăng đường huyết làm tăng áp lực thẩm thấu trong lòng ruột.,Chế độ ăn kiêng quá nghiêm ngặt.,Tác dụng phụ của thuốc Metformin.,,a,"Tăng đường huyết mạn tính gây tổn thương các sợi thần kinh nhỏ, bao gồm cả các dây thần kinh chi phối cho đại tràng. Hậu quả là nhu động đại tràng bị suy giảm, thời gian vận chuyển phân kéo dài, dẫn đến táo bón."
noi-tao-bon-case-7-3,noi,Táo bón,Tiêu hoá,"Bệnh nhân nam 70 tuổi, tiền sử đái tháo đường type 2 lâu năm (20 năm), có nhiều biến chứng (bệnh võng mạc, bệnh thận mạn giai đoạn 3). Bệnh nhân đến khám vì táo bón xen kẽ với tiêu chảy. Bệnh nhân mô tả có lúc vài ngày không đi ngoài được, bụng chướng, phân cứng, nhưng sau đó lại có một đợt đi ngoài phân lỏng nhiều lần, không kiểm soát được, đặc biệt về đêm. Bệnh nhân không đau bụng, không sốt. Khám lâm sàng không có gì đặc biệt ngoài các dấu hiệu của biến chứng đái tháo đường đã biết.",Hiện tượng tiêu chảy sau một giai đoạn táo bón được gọi là gì?,Nhiễm trùng đường ruột.,Hội chứng ruột kích thích.,Tiêu chảy nghịch thường (Overflow diarrhea).,Tiêu chảy do thuốc.,,c,"Khi một khối phân lớn và cứng bị kẹt lại ở trực tràng hoặc đại tràng sigma (táo bón nặng), phần phân lỏng hơn ở phía trên có thể rò rỉ xung quanh khối phân cứng này và thoát ra ngoài, gây ra tình trạng tiêu chảy không kiểm soát. Đây không phải là tiêu chảy thực sự mà là một dạng ""tràn"" do tắc nghẽn."
noi-tao-bon-case-7-4,noi,Táo bón,Tiêu hoá,"Bệnh nhân nam 70 tuổi, tiền sử đái tháo đường type 2 lâu năm (20 năm), có nhiều biến chứng (bệnh võng mạc, bệnh thận mạn giai đoạn 3). Bệnh nhân đến khám vì táo bón xen kẽ với tiêu chảy. Bệnh nhân mô tả có lúc vài ngày không đi ngoài được, bụng chướng, phân cứng, nhưng sau đó lại có một đợt đi ngoài phân lỏng nhiều lần, không kiểm soát được, đặc biệt về đêm. Bệnh nhân không đau bụng, không sốt. Khám lâm sàng không có gì đặc biệt ngoài các dấu hiệu của biến chứng đái tháo đường đã biết.","Ngoài các triệu chứng tiêu hóa, biểu hiện nào sau đây cũng là hậu quả của bệnh lý thần kinh tự chủ do đái tháo đường?","Hạ huyết áp tư thế đứng, liệt dạ dày, rối loạn chức năng cương dương.",Nhịp tim nhanh.,Tăng huyết áp.,Run tay.,,a,"Bệnh lý thần kinh tự chủ có thể ảnh hưởng đến nhiều hệ cơ quan. Ở hệ tim mạch, nó gây hạ huyết áp tư thế, rối loạn nhịp tim. Ở dạ dày, nó gây liệt dạ dày (gastroparesis). Ở hệ tiết niệu-sinh dục, nó gây bàng quang thần kinh, rối loạn cương dương."
noi-tao-bon-case-7-5,noi,Táo bón,Tiêu hoá,"Bệnh nhân nam 70 tuổi, tiền sử đái tháo đường type 2 lâu năm (20 năm), có nhiều biến chứng (bệnh võng mạc, bệnh thận mạn giai đoạn 3). Bệnh nhân đến khám vì táo bón xen kẽ với tiêu chảy. Bệnh nhân mô tả có lúc vài ngày không đi ngoài được, bụng chướng, phân cứng, nhưng sau đó lại có một đợt đi ngoài phân lỏng nhiều lần, không kiểm soát được, đặc biệt về đêm. Bệnh nhân không đau bụng, không sốt. Khám lâm sàng không có gì đặc biệt ngoài các dấu hiệu của biến chứng đái tháo đường đã biết.",Hướng điều trị cho rối loạn tiêu hóa này tập trung vào vấn đề gì?,"Kiểm soát đường huyết thật tốt, điều trị táo bón nền và dùng các thuốc hỗ trợ nhu động.",Dùng kháng sinh phổ rộng.,Chỉ dùng thuốc cầm tiêu chảy.,Phẫu thuật.,,a,"Điều trị là một thách thức. Nền tảng là kiểm soát đường huyết tối ưu để làm chậm tiến triển của biến chứng thần kinh. Cần phải điều trị tình trạng táo bón nền bằng chế độ ăn giàu chất xơ, thuốc nhuận tràng để tránh ứ đọng phân. Các thuốc prokinetic (hỗ trợ nhu động) như metoclopramide có thể được xem xét. Việc điều trị tiêu chảy nghịch thường thực chất là điều trị táo bón."
noi-tao-bon-case-8-1,noi,Táo bón,Tiêu hoá,"Bệnh nhân nữ 80 tuổi, tiền sử suy tim, rung nhĩ đang dùng digoxin và furosemide. Bệnh nhân bị táo bón mạn tính, thường tự ý mua và sử dụng các loại thuốc thụt tháo chứa phosphat (fleet enema) gần như hàng ngày trong nhiều tháng. Bệnh nhân nhập viện vì lơ mơ và yếu cơ toàn thân. Khám có dấu hiệu mất nước, nhịp tim không đều. Điện tâm đồ cho thấy QT kéo dài. Xét nghiệm máu có rối loạn điện giải nặng: Calci máu 1.5 mmol/L, Phosphat máu 2.5 mmol/L, Kali máu 2.8 mmol/L, Magie máu 0.5 mmol/L. Chức năng thận suy giảm.",Tình trạng rối loạn điện giải nặng của bệnh nhân rất có thể là hậu quả của việc gì?,Chế độ ăn thiếu chất.,Lạm dụng thuốc thụt tháo chứa phosphat.,Tác dụng phụ của digoxin.,Do bệnh suy tim.,,b,"Mặc dù bệnh nền và các thuốc khác có thể góp phần, nhưng bệnh cảnh rối loạn điện giải đặc trưng với tăng phosphat và hạ calci máu cấp tính là dấu hiệu kinh điển của ngộ độc do lạm dụng thuốc xổ chứa phosphat."
noi-tao-bon-case-8-2,noi,Táo bón,Tiêu hoá,"Bệnh nhân nữ 80 tuổi, tiền sử suy tim, rung nhĩ đang dùng digoxin và furosemide. Bệnh nhân bị táo bón mạn tính, thường tự ý mua và sử dụng các loại thuốc thụt tháo chứa phosphat (fleet enema) gần như hàng ngày trong nhiều tháng. Bệnh nhân nhập viện vì lơ mơ và yếu cơ toàn thân. Khám có dấu hiệu mất nước, nhịp tim không đều. Điện tâm đồ cho thấy QT kéo dài. Xét nghiệm máu có rối loạn điện giải nặng: Calci máu 1.5 mmol/L, Phosphat máu 2.5 mmol/L, Kali máu 2.8 mmol/L, Magie máu 0.5 mmol/L. Chức năng thận suy giảm.",Cơ chế nào giải thích tại sao lạm dụng thuốc thụt chứa phosphat lại gây ra các rối loạn này?,Kích thích tuyến cận giáp hoạt động quá mức.,Gây mất kali trực tiếp qua phân.,Ức chế tái hấp thu các ion ở ống thận.,"Phosphat được hấp thu một lượng lớn vào máu, gây tăng phosphat máu cấp tính. Phosphat tăng cao sẽ gắn với calci, gây hạ calci máu. Rối loạn điện giải và mất nước gây tổn thương thận.",,d,"Các dung dịch thụt tháo ưu trương chứa natri phosphat có thể được hấp thu một phần qua niêm mạc đại tràng, đặc biệt khi dùng thường xuyên hoặc trên người có suy thận. Tăng phosphat máu cấp sẽ làm kết tủa calci trong máu, gây hạ calci máu nặng. Tình trạng mất dịch và rối loạn điện giải này có thể gây tổn thương thận cấp, làm giảm thải trừ phosphat và tạo ra một vòng xoắn bệnh lý."
noi-tao-bon-case-8-3,noi,Táo bón,Tiêu hoá,"Bệnh nhân nữ 80 tuổi, tiền sử suy tim, rung nhĩ đang dùng digoxin và furosemide. Bệnh nhân bị táo bón mạn tính, thường tự ý mua và sử dụng các loại thuốc thụt tháo chứa phosphat (fleet enema) gần như hàng ngày trong nhiều tháng. Bệnh nhân nhập viện vì lơ mơ và yếu cơ toàn thân. Khám có dấu hiệu mất nước, nhịp tim không đều. Điện tâm đồ cho thấy QT kéo dài. Xét nghiệm máu có rối loạn điện giải nặng: Calci máu 1.5 mmol/L, Phosphat máu 2.5 mmol/L, Kali máu 2.8 mmol/L, Magie máu 0.5 mmol/L. Chức năng thận suy giảm.",Biến chứng tim mạch nào là nguy hiểm nhất của tình trạng hạ calci và hạ kali máu nặng?,Block nhĩ thất.,Tăng huyết áp.,Nhịp tim nhanh xoang.,"Rối loạn nhịp thất, bao gồm xoắn đỉnh và ngừng tim. https://onedrive.live.com/personal/2672550e42ddc7d4/_layouts/15",,d,"Cả hạ calci và hạ kali máu đều làm kéo dài khoảng QT trên điện tâm đồ, là một tình trạng rất nguy hiểm. Doc.aspx?sourcedoc={186352b6-90cf-40c9-ba19-ae84e248ef20}&action=vie… 4/11 Khoảng QT kéo dài làm tăng nguy cơ xuất hiện các rối loạn nhịp thất đa hình thái, đặc biệt là xoắn đỉnh (Torsades de pointes), có thể thoái triển thành rung thất và gây đột tử."
noi-tao-bon-case-8-4,noi,Táo bón,Tiêu hoá,"Bệnh nhân nữ 80 tuổi, tiền sử suy tim, rung nhĩ đang dùng digoxin và furosemide. Bệnh nhân bị táo bón mạn tính, thường tự ý mua và sử dụng các loại thuốc thụt tháo chứa phosphat (fleet enema) gần như hàng ngày trong nhiều tháng. Bệnh nhân nhập viện vì lơ mơ và yếu cơ toàn thân. Khám có dấu hiệu mất nước, nhịp tim không đều. Điện tâm đồ cho thấy QT kéo dài. Xét nghiệm máu có rối loạn điện giải nặng: Calci máu 1.5 mmol/L, Phosphat máu 2.5 mmol/L, Kali máu 2.8 mmol/L, Magie máu 0.5 mmol/L. Chức năng thận suy giảm.","Ngoài việc điều chỉnh các rối loạn điện giải, biện pháp nào là cần thiết để phòng ngừa tái phát?",Cho bệnh nhân uống nhiều sữa.,Ngừng digoxin.,Giáo dục bệnh nhân và người nhà về sự nguy hiểm của việc lạm dụng thuốc thụt và tư vấn các phương pháp điều trị táo bón an toàn hơn.,Tăng liều furosemide.,,c,"Nguyên nhân gốc rễ của vấn đề là hành vi lạm dụng thuốc. Do đó, việc giáo dục cho bệnh nhân và người chăm sóc hiểu rõ về nguy cơ của các loại thuốc này và hướng dẫn họ các phương pháp điều trị táo bón mạn tính an toàn hơn (như thay đổi lối sống, sử dụng các thuốc nhuận tràng thẩm thấu như PEG) là yếu tố quyết định để ngăn ngừa biến cố tương tự xảy ra."
noi-tao-bon-case-8-5,noi,Táo bón,Tiêu hoá,"Bệnh nhân nữ 80 tuổi, tiền sử suy tim, rung nhĩ đang dùng digoxin và furosemide. Bệnh nhân bị táo bón mạn tính, thường tự ý mua và sử dụng các loại thuốc thụt tháo chứa phosphat (fleet enema) gần như hàng ngày trong nhiều tháng. Bệnh nhân nhập viện vì lơ mơ và yếu cơ toàn thân. Khám có dấu hiệu mất nước, nhịp tim không đều. Điện tâm đồ cho thấy QT kéo dài. Xét nghiệm máu có rối loạn điện giải nặng: Calci máu 1.5 mmol/L, Phosphat máu 2.5 mmol/L, Kali máu 2.8 mmol/L, Magie máu 0.5 mmol/L. Chức năng thận suy giảm.","Ở người lớn tuổi, đặc biệt là người có bệnh thận, tại sao cần phải hết sức thận trọng với các thuốc nhuận tràng chứa phosphat, magie hoặc natri?",Vì chúng không có hiệu quả.,"Vì người già có nguy cơ cao bị rối loạn hấp thu và thải trừ các ion này, dễ dẫn đến ngộ độc và rối loạn điện giải.",Vì chúng gây nghiện.,Vì chúng quá đắt tiền.,,b,"Chức năng thận suy giảm theo tuổi. Ở người lớn tuổi có bệnh thận mạn, khả năng thải trừ các ion như phosphat, magie, natri qua nước tiểu bị hạn chế. Do đó, việc sử dụng các thuốc nhuận tràng chứa các ion này có thể dễ dàng dẫn đến tình trạng tích tụ, ngộ độc và gây ra các rối loạn điện giải và tim mạch nghiêm trọng."
noi-tao-bon-case-9-1,noi,Táo bón,Tiêu hoá,"Bệnh nhân nữ 30 tuổi, bị hội chứng ruột kích thích thể táo bón (IBS-C) từ nhiều năm nay. Bệnh nhân đã thử nhiều biện pháp thay đổi lối sống và các thuốc nhuận tràng thông thường (chất xơ, PEG) nhưng triệu chứng đau bụng và chướng bụng vẫn rất khó chịu, ảnh hưởng nhiều đến chất lượng cuộc sống. Bệnh nhân không có dấu hiệu báo động đỏ. Bác sĩ quyết định kê đơn một loại thuốc mới tác động lên kênh chloride.",Hội chứng ruột kích thể táo bón (IBS-C) được chẩn đoán dựa vào tiêu chuẩn nào?,Tiêu chuẩn New York.,Tiêu chuẩn Rome.,Tiêu chuẩn Ranson.,Tiêu chuẩn Child-Pugh.,,b,"Tiêu chuẩn Rome (hiện hành là Rome IV) là hệ thống tiêu chuẩn được quốc tế công nhận để chẩn đoán các rối loạn chức năng tiêu hóa, bao gồm cả IBS."
noi-tao-bon-case-9-2,noi,Táo bón,Tiêu hoá,"Bệnh nhân nữ 30 tuổi, bị hội chứng ruột kích thích thể táo bón (IBS-C) từ nhiều năm nay. Bệnh nhân đã thử nhiều biện pháp thay đổi lối sống và các thuốc nhuận tràng thông thường (chất xơ, PEG) nhưng triệu chứng đau bụng và chướng bụng vẫn rất khó chịu, ảnh hưởng nhiều đến chất lượng cuộc sống. Bệnh nhân không có dấu hiệu báo động đỏ. Bác sĩ quyết định kê đơn một loại thuốc mới tác động lên kênh chloride.",Cơ chế bệnh sinh của IBS-C được cho là gì?,Tắc nghẽn cơ học.,Nhiễm trùng mạn tính.,Một tình trạng viêm loét niêm mạc đại tràng.,"Rối loạn phức tạp của trục não-ruột, bao gồm tăng nhạy cảm tạng, rối loạn nhu động và thay đổi hệ vi sinh vật đường ruột.",,d,"IBS là một rối loạn tương tác trục não-ruột điển hình. Sự giao tiếp hai chiều giữa hệ thần kinh trung ương và hệ thần kinh ruột bị rối loạn, dẫn đến các triệu chứng như đau bụng (do tăng nhạy cảm tạng - visceral hypersensitivity), chướng bụng và rối loạn thói quen đi ngoài."
noi-tao-bon-case-9-3,noi,Táo bón,Tiêu hoá,"Bệnh nhân nữ 30 tuổi, bị hội chứng ruột kích thích thể táo bón (IBS-C) từ nhiều năm nay. Bệnh nhân đã thử nhiều biện pháp thay đổi lối sống và các thuốc nhuận tràng thông thường (chất xơ, PEG) nhưng triệu chứng đau bụng và chướng bụng vẫn rất khó chịu, ảnh hưởng nhiều đến chất lượng cuộc sống. Bệnh nhân không có dấu hiệu báo động đỏ. Bác sĩ quyết định kê đơn một loại thuốc mới tác động lên kênh chloride.",Đặc điểm nào giúp phân biệt IBS-C với táo bón chức năng?,Tuổi khởi phát.,Sự hiện diện của đau bụng là triệu chứng nổi bật và có liên quan đến việc đi đại tiện trong IBS-C.,Hình dạng của phân.,Tần suất đi ngoài.,,b,"Theo Rome IV, cả hai bệnh đều có các triệu chứng của táo bón. Tuy nhiên, để chẩn đoán IBS-C, đau bụng phải là triệu chứng nổi bật, và cơn đau phải liên quan đến việc đi ngoài (ví dụ: cải thiện hoặc xấu đi sau khi đi ngoài), đồng thời liên quan đến sự thay đổi về tần suất hoặc hình dạng phân. Trong táo bón chức năng, đau bụng không phải là triệu chứng chính."
noi-tao-bon-case-9-4,noi,Táo bón,Tiêu hoá,"Bệnh nhân nữ 30 tuổi, bị hội chứng ruột kích thích thể táo bón (IBS-C) từ nhiều năm nay. Bệnh nhân đã thử nhiều biện pháp thay đổi lối sống và các thuốc nhuận tràng thông thường (chất xơ, PEG) nhưng triệu chứng đau bụng và chướng bụng vẫn rất khó chịu, ảnh hưởng nhiều đến chất lượng cuộc sống. Bệnh nhân không có dấu hiệu báo động đỏ. Bác sĩ quyết định kê đơn một loại thuốc mới tác động lên kênh chloride.",Các thuốc hoạt hóa kênh chloride (như Lubiprostone) hoặc hoạt hóa guanylate cyclase-C (như Linaclotide) giúp cải thiện táo bón bằng cơ chế nào?,Giảm hấp thu nước ở đại tràng.,Kích thích trực tiếp các đầu dây thần kinh của ruột.,"Tăng tiết dịch chứa chloride và nước vào lòng ruột, làm mềm phân và tăng tốc độ vận chuyển.",Tăng trương lực cơ thắt hậu môn.,,c,"Đây là một nhóm thuốc nhuận tràng mới được gọi là thuốc tăng tiết (secretagogues). Chúng hoạt động tại chỗ trên các kênh ion ở biểu mô ruột, làm tăng tiết tích cực ion Cl⁻ vào lòng ruột. Ion Na⁺ và nước sẽ đi theo một cách thụ động, làm tăng hàm lượng nước trong phân, giúp phân mềm hơn và dễ di chuyển hơn."
noi-tao-bon-case-9-5,noi,Táo bón,Tiêu hoá,"Bệnh nhân nữ 30 tuổi, bị hội chứng ruột kích thích thể táo bón (IBS-C) từ nhiều năm nay. Bệnh nhân đã thử nhiều biện pháp thay đổi lối sống và các thuốc nhuận tràng thông thường (chất xơ, PEG) nhưng triệu chứng đau bụng và chướng bụng vẫn rất khó chịu, ảnh hưởng nhiều đến chất lượng cuộc sống. Bệnh nhân không có dấu hiệu báo động đỏ. Bác sĩ quyết định kê đơn một loại thuốc mới tác động lên kênh chloride.","Ngoài việc cải thiện táo bón, Linaclotide còn có một cơ chế tác dụng độc đáo giúp giảm triệu chứng đau bụng ở bệnh nhân IBS-C, đó là gì?",Có tác dụng an thần trung ương.,Gây tê tại chỗ niêm mạc ruột.,Giảm sự nhạy cảm của các dây thần kinh cảm giác đau ở ruột.,Giảm sản xuất các chất trung gian gây viêm.,,c,"Ngoài việc tăng tiết dịch, Linaclotide và chất chuyển hóa của nó còn có tác dụng giảm đau tạng. Chúng làm giảm hoạt động của các sợi thần kinh cảm giác đau ở ruột, từ đó làm giảm tình trạng tăng nhạy cảm tạng, cơ chế chính gây ra triệu chứng đau ở bệnh nhân IBS. Đây là một ưu điểm lớn của nhóm thuốc này so với các thuốc nhuận tràng truyền thống."
noi-tao-bon-case-10-1,noi,Táo bón,Tiêu hoá,"Bệnh nhân nam 4 tuổi, được mẹ đưa đến khám vì táo bón từ lúc sau sinh. Mẹ bé khai rằng bé rất hiếm khi tự đi ngoài, thường phải 7-10 ngày mới đi một lần và phải thụt tháo. Phân của bé rất to và cứng. Bé chậm lên cân, bụng chướng và hay quấy khóc. Tiền sử ghi nhận bé chậm đi ngoài phân su sau 48 giờ sau sinh. Khám thấy bé gầy, bụng chướng căng, gõ vang, sờ thấy nhiều khối phân cứng ở hố chậu trái. Thăm trực tràng thấy ống hậu môn và bóng trực tràng hẹp, co chặt, nhưng khi rút găng ra thì có một dòng phân lỏng và hơi phụt ra mạnh.",Chẩn đoán bệnh bẩm sinh nào cần được nghĩ đến hàng đầu ở bệnh nhân này?,Bất dung nạp lactose.,Xoay ruột bất toàn.,Teo ruột non.,Bệnh Hirschsprung (Phình đại tràng bẩm sinh).,,d,"Bệnh cảnh táo bón nặng, dai dẳng ngay từ sau sinh, kèm theo chậm đi phân su, bụng chướng, và đặc biệt là dấu hiệu ""tháo cống"" khi thăm trực tràng là rất điển hình cho bệnh Hirschsprung."
noi-tao-bon-case-10-2,noi,Táo bón,Tiêu hoá,"Bệnh nhân nam 4 tuổi, được mẹ đưa đến khám vì táo bón từ lúc sau sinh. Mẹ bé khai rằng bé rất hiếm khi tự đi ngoài, thường phải 7-10 ngày mới đi một lần và phải thụt tháo. Phân của bé rất to và cứng. Bé chậm lên cân, bụng chướng và hay quấy khóc. Tiền sử ghi nhận bé chậm đi ngoài phân su sau 48 giờ sau sinh. Khám thấy bé gầy, bụng chướng căng, gõ vang, sờ thấy nhiều khối phân cứng ở hố chậu trái. Thăm trực tràng thấy ống hậu môn và bóng trực tràng hẹp, co chặt, nhưng khi rút găng ra thì có một dòng phân lỏng và hơi phụt ra mạnh.",Cơ chế bệnh sinh của bệnh Hirschsprung là gì?,Do dị ứng với protein sữa bò.,Do sự phát triển quá mức của các hạch thần kinh trong thành ruột. https://onedrive.live.com/personal/2672550e42ddc7d4/_layouts/15,Do sự thiếu vắng bẩm sinh của các tế bào hạch thần kinh (ganglion cells) ở đám rối thần kinh ruột trong một đoạn ruột tận cùng.,Do hẹp hậu môn bẩm sinh.,,c,"Bệnh Hirschsprung là do sự thất bại trong quá trình di chuyển của các tế bào mào thần kinh (neural crest cells) để hình thành các đám rối thần kinh ruột trong thời kỳ phôi thai. Hậu quả là một đoạn ruột, luôn Doc.aspx?sourcedoc={186352b6-90cf-40c9-ba19-ae84e248ef20}&action=vie… 5/11 bắt đầu từ hậu môn và kéo dài lên trên một khoảng cách khác nhau, không có các tế bào hạch thần kinh cần thiết để điều hòa sự co giãn."
noi-tao-bon-case-10-3,noi,Táo bón,Tiêu hoá,"Bệnh nhân nam 4 tuổi, được mẹ đưa đến khám vì táo bón từ lúc sau sinh. Mẹ bé khai rằng bé rất hiếm khi tự đi ngoài, thường phải 7-10 ngày mới đi một lần và phải thụt tháo. Phân của bé rất to và cứng. Bé chậm lên cân, bụng chướng và hay quấy khóc. Tiền sử ghi nhận bé chậm đi ngoài phân su sau 48 giờ sau sinh. Khám thấy bé gầy, bụng chướng căng, gõ vang, sờ thấy nhiều khối phân cứng ở hố chậu trái. Thăm trực tràng thấy ống hậu môn và bóng trực tràng hẹp, co chặt, nhưng khi rút găng ra thì có một dòng phân lỏng và hơi phụt ra mạnh.",Đoạn ruột không có hạch thần kinh sẽ có chức năng như thế nào?,Tăng co bóp và đẩy phân rất mạnh.,Tiết ra rất nhiều dịch.,"Luôn trong trạng thái co thắt, không có khả năng giãn ra và thực hiện nhu động đẩy, gây ra một tình trạng tắc nghẽn chức năng.",Hấp thu nước quá mức.,,c,"Đoạn ruột vô hạch mất đi khả năng giãn ra và thực hiện sóng nhu động phối hợp. Nó luôn ở trong trạng thái co cứng, hoạt động như một cái ""nút thắt"" chức năng, cản trở phân đi qua. Phân sẽ bị ứ đọng lại ở đoạn ruột bình thường phía trên, làm cho đoạn ruột này giãn to ra, gây ra hình ảnh ""phình đại tràng""."
noi-tao-bon-case-10-4,noi,Táo bón,Tiêu hoá,"Bệnh nhân nam 4 tuổi, được mẹ đưa đến khám vì táo bón từ lúc sau sinh. Mẹ bé khai rằng bé rất hiếm khi tự đi ngoài, thường phải 7-10 ngày mới đi một lần và phải thụt tháo. Phân của bé rất to và cứng. Bé chậm lên cân, bụng chướng và hay quấy khóc. Tiền sử ghi nhận bé chậm đi ngoài phân su sau 48 giờ sau sinh. Khám thấy bé gầy, bụng chướng căng, gõ vang, sờ thấy nhiều khối phân cứng ở hố chậu trái. Thăm trực tràng thấy ống hậu môn và bóng trực tràng hẹp, co chặt, nhưng khi rút găng ra thì có một dòng phân lỏng và hơi phụt ra mạnh.","Thăm dò nào là ""tiêu chuẩn vàng"" để chẩn đoán xác định bệnh Hirschsprung?",Chụp X-quang đại tràng cản quang.,Sinh thiết trực tràng để tìm sự hiện diện của các tế bào hạch.,Chụp X-quang bụng không chuẩn bị.,Đo áp lực hậu môn trực tràng.,,b,"Mặc dù các thăm dò khác có giá trị gợi ý cao, nhưng tiêu chuẩn vàng để chẩn đoán xác định là sinh thiết hút niêm mạc trực tràng hoặc sinh thiết toàn bộ thành trực tràng và xét nghiệm mô bệnh học. Việc không tìm thấy tế bào hạch thần kinh trong mẫu bệnh phẩm sẽ khẳng định chẩn đoán."
noi-tao-bon-case-10-5,noi,Táo bón,Tiêu hoá,"Bệnh nhân nam 4 tuổi, được mẹ đưa đến khám vì táo bón từ lúc sau sinh. Mẹ bé khai rằng bé rất hiếm khi tự đi ngoài, thường phải 7-10 ngày mới đi một lần và phải thụt tháo. Phân của bé rất to và cứng. Bé chậm lên cân, bụng chướng và hay quấy khóc. Tiền sử ghi nhận bé chậm đi ngoài phân su sau 48 giờ sau sinh. Khám thấy bé gầy, bụng chướng căng, gõ vang, sờ thấy nhiều khối phân cứng ở hố chậu trái. Thăm trực tràng thấy ống hậu môn và bóng trực tràng hẹp, co chặt, nhưng khi rút găng ra thì có một dòng phân lỏng và hơi phụt ra mạnh.",Hướng điều trị triệt để cho bệnh này là gì?,Điều trị bằng thuốc nhuận tràng suốt đời.,Thụt tháo hàng ngày.,Phẫu thuật cắt bỏ đoạn đại tràng vô hạch và nối đoạn đại tràng có hạch bình thường xuống ống hậu môn.,Chế độ ăn không có chất xơ.,,c,"Điều trị duy nhất cho bệnh Hirschsprung là phẫu thuật. Mục tiêu là cắt bỏ toàn bộ đoạn đại tràng vô hạch bị bệnh và kéo phần đại tràng lành (có hạch thần kinh bình thường) xuống nối với phần thấp của ống hậu môn (phẫu thuật ""pull-through""). Điều này giúp tái lập lại chức năng đi đại tiện gần như bình thường cho trẻ."
noi-tao-bon-case-11-1,noi,Táo bón,Tiêu hoá,"Bệnh nhân nữ 28 tuổi, nhân viên văn phòng, đến khám vì đau trướng bụng và táo bón kéo dài 6 tháng nay. Bệnh nhân thường chỉ đi ngoài 2 lần/tuần, phân cứng lổn nhổn, cảm giác đi không hết phân. Đặc biệt, tình trạng đau quặn bụng giảm đi rõ rệt sau khi đại tiện thành công. Bệnh nhân không sụt cân, không đi ngoài ra máu, không có tiền sử gia đình mắc bệnh lý ung thư tiêu hóa. Khám lâm sàng: nhịp tim 80 lần/phút, huyết áp 110/70 mmHg, BMI 21 kg/m². Bụng mềm, ấn tức nhẹ hố chậu trái, không sờ thấy khối bất thường, thăm trực tràng bình thường. Xét nghiệm máu ẩn trong phân âm tính, công thức máu bình thường.",Chẩn đoán có khả năng cao nhất ở bệnh nhân này là gì?,Táo bón do rối loạn đồng vận sàn chậu.,Hội chứng ruột kích thích thể táo bón.,Táo bón chức năng đơn thuần.,Viêm loét đại tràng mạn tính.,,b,"Bệnh nhân nữ trẻ tuổi có biểu hiện đau bụng giảm sau khi đại tiện, kèm theo thay đổi hình dạng và tần suất phân (táo bón), không có dấu hiệu báo động (sụt cân, thiếu máu, đi ngoài ra máu) là bệnh cảnh kinh điển của hội chứng ruột kích thích thể táo bón (IBS-C)."
noi-tao-bon-case-11-2,noi,Táo bón,Tiêu hoá,"Bệnh nhân nữ 28 tuổi, nhân viên văn phòng, đến khám vì đau trướng bụng và táo bón kéo dài 6 tháng nay. Bệnh nhân thường chỉ đi ngoài 2 lần/tuần, phân cứng lổn nhổn, cảm giác đi không hết phân. Đặc biệt, tình trạng đau quặn bụng giảm đi rõ rệt sau khi đại tiện thành công. Bệnh nhân không sụt cân, không đi ngoài ra máu, không có tiền sử gia đình mắc bệnh lý ung thư tiêu hóa. Khám lâm sàng: nhịp tim 80 lần/phút, huyết áp 110/70 mmHg, BMI 21 kg/m². Bụng mềm, ấn tức nhẹ hố chậu trái, không sờ thấy khối bất thường, thăm trực tràng bình thường. Xét nghiệm máu ẩn trong phân âm tính, công thức máu bình thường.","Theo tiêu chuẩn Rome IV, triệu chứng đau bụng trong bệnh lý này cần xuất hiện với tần suất tối thiểu bao nhiêu?",Ít nhất 1 ngày/tuần trong 3 tháng qua.,Ít nhất 2 ngày/tuần trong 12 tháng qua.,Liên tục mỗi ngày trong 6 tháng qua.,Ít nhất 3 ngày/tuần trong 1 tháng qua.,,a,"Theo tiêu chuẩn Rome IV cho IBS, bệnh nhân cần có triệu chứng đau bụng tái phát ít nhất 1 ngày/tuần trong 3 tháng gần đây, kết hợp với ít nhất 2 trong 3 yếu tố: liên quan đến đại tiện, thay đổi tần suất phân, hoặc thay đổi hình dạng phân."
noi-tao-bon-case-11-3,noi,Táo bón,Tiêu hoá,"Bệnh nhân nữ 28 tuổi, nhân viên văn phòng, đến khám vì đau trướng bụng và táo bón kéo dài 6 tháng nay. Bệnh nhân thường chỉ đi ngoài 2 lần/tuần, phân cứng lổn nhổn, cảm giác đi không hết phân. Đặc biệt, tình trạng đau quặn bụng giảm đi rõ rệt sau khi đại tiện thành công. Bệnh nhân không sụt cân, không đi ngoài ra máu, không có tiền sử gia đình mắc bệnh lý ung thư tiêu hóa. Khám lâm sàng: nhịp tim 80 lần/phút, huyết áp 110/70 mmHg, BMI 21 kg/m². Bụng mềm, ấn tức nhẹ hố chậu trái, không sờ thấy khối bất thường, thăm trực tràng bình thường. Xét nghiệm máu ẩn trong phân âm tính, công thức máu bình thường.",Chỉ định cận lâm sàng nào là hợp lý nhất trong bước tiếp cận ban đầu ở bệnh nhân này?,Nội soi đại tràng toàn bộ có sinh thiết.,Chụp cắt lớp vi tính ổ bụng cản quang.,Đo áp lực hậu môn trực tràng độ phân giải cao.,Không cần xét nghiệm chuyên sâu thêm.,,d,"Ở bệnh nhân trẻ tuổi (< 50 tuổi), triệu chứng điển hình của IBS và không có bất kỳ dấu hiệu báo động (red flags) nào, việc chẩn đoán dựa vào lâm sàng. Không có chỉ định nội soi hay chẩn đoán hình ảnh chuyên sâu ở bước ban đầu nhằm tránh lãng phí và nguy cơ tai biến."
noi-tao-bon-case-11-4,noi,Táo bón,Tiêu hoá,"Bệnh nhân nữ 28 tuổi, nhân viên văn phòng, đến khám vì đau trướng bụng và táo bón kéo dài 6 tháng nay. Bệnh nhân thường chỉ đi ngoài 2 lần/tuần, phân cứng lổn nhổn, cảm giác đi không hết phân. Đặc biệt, tình trạng đau quặn bụng giảm đi rõ rệt sau khi đại tiện thành công. Bệnh nhân không sụt cân, không đi ngoài ra máu, không có tiền sử gia đình mắc bệnh lý ung thư tiêu hóa. Khám lâm sàng: nhịp tim 80 lần/phút, huyết áp 110/70 mmHg, BMI 21 kg/m². Bụng mềm, ấn tức nhẹ hố chậu trái, không sờ thấy khối bất thường, thăm trực tràng bình thường. Xét nghiệm máu ẩn trong phân âm tính, công thức máu bình thường.",Nhóm thuốc nào sau đây được ưu tiên chỉ định để điều trị triệu chứng cơ bản của bệnh nhân?,Thuốc kháng sinh đường ruột nhóm Rifaximin.,Thuốc đồng vận thụ thể Guanylate Cyclase-C.,Thuốc chống co thắt phối hợp Loperamide.,Thuốc ức chế thụ thể 5-HT3 nhóm Alosetron.,,b,"Đối với IBS-C không đáp ứng với chất xơ và nhuận tràng thẩm thấu, các thuốc tiết dịch như Linaclotide (đồng vận Guanylate Cyclase-C) hoặc Lubiprostone được ưu tiên vì cải thiện cả tình trạng táo bón và đau bụng."
noi-tao-bon-case-11-5,noi,Táo bón,Tiêu hoá,"Bệnh nhân nữ 28 tuổi, nhân viên văn phòng, đến khám vì đau trướng bụng và táo bón kéo dài 6 tháng nay. Bệnh nhân thường chỉ đi ngoài 2 lần/tuần, phân cứng lổn nhổn, cảm giác đi không hết phân. Đặc biệt, tình trạng đau quặn bụng giảm đi rõ rệt sau khi đại tiện thành công. Bệnh nhân không sụt cân, không đi ngoài ra máu, không có tiền sử gia đình mắc bệnh lý ung thư tiêu hóa. Khám lâm sàng: nhịp tim 80 lần/phút, huyết áp 110/70 mmHg, BMI 21 kg/m². Bụng mềm, ấn tức nhẹ hố chậu trái, không sờ thấy khối bất thường, thăm trực tràng bình thường. Xét nghiệm máu ẩn trong phân âm tính, công thức máu bình thường.",Đặc điểm nào sau đây KHÔNG phù hợp với bệnh lý của bệnh nhân này?,Hình thái phân thay đổi tương ứng với các cơn đau bụng.,Tình trạng bệnh mạn tính và ảnh hưởng đến chất lượng sống.,Triệu chứng thường khởi phát hoặc tăng lên khi căng thẳng.,Tổn thương viêm loét vi thể tại niêm mạc đại tràng sigma.,,d,"IBS là một rối loạn chức năng của trục não-ruột, không có tổn thương thực thể, viêm hay loét niêm mạc đại tràng trên đại thể lẫn vi thể. Sự hiện diện của tổn thương viêm loét gợi ý bệnh lý viêm ruột (IBD)."
noi-tao-bon-case-12-1,noi,Táo bón,Tiêu hoá,"Bệnh nhân nam 65 tuổi, tiền sử hút thuốc lá 30 bao.năm, đến khám vì táo bón mới xuất hiện và nặng dần trong 3 tháng nay. Bệnh nhân phải rặn nhiều, phân dẹt như chiếc đũa và đôi khi có dính ít máu đỏ thẫm. Gần đây bệnh nhân mệt mỏi nhiều, chán ăn và sụt 5 kg không rõ nguyên nhân. Khám lâm sàng: mạch 90 lần/phút, huyết áp 130/80 mmHg. Da niêm mạc nhợt nhạt. Bụng mềm, sờ thấy khối lổn nhổn, ấn đau nhẹ ở vùng hố chậu trái. Thăm trực tràng không thấy khối u, rút găng có dính nhầy máu. Xét nghiệm: Hemoglobin 90 g/L, MCV 75 fL, Ferritin huyết thanh giảm.","Dựa trên bệnh cảnh lâm sàng và các dấu hiệu báo động, chẩn đoán nào cần được nghĩ tới đầu tiên?",Viêm túi thừa đại tràng mạn tính.,Táo bón do rối loạn nhu động ruột người già.,Ung thư biểu mô đại trực tràng trái.,Trĩ nội độ 3 có biến chứng chảy máu.,,c,"Bệnh nhân lớn tuổi, xuất hiện táo bón mới khởi phát, phân thay đổi hình dạng (dẹt), sờ thấy khối ở hố chậu trái, kèm các dấu hiệu báo động (sụt cân, đi ngoài ra máu, thiếu máu) là bệnh cảnh nguy cơ rất cao của ung thư đại tràng trái."
noi-tao-bon-case-12-2,noi,Táo bón,Tiêu hoá,"Bệnh nhân nam 65 tuổi, tiền sử hút thuốc lá 30 bao.năm, đến khám vì táo bón mới xuất hiện và nặng dần trong 3 tháng nay. Bệnh nhân phải rặn nhiều, phân dẹt như chiếc đũa và đôi khi có dính ít máu đỏ thẫm. Gần đây bệnh nhân mệt mỏi nhiều, chán ăn và sụt 5 kg không rõ nguyên nhân. Khám lâm sàng: mạch 90 lần/phút, huyết áp 130/80 mmHg. Da niêm mạc nhợt nhạt. Bụng mềm, sờ thấy khối lổn nhổn, ấn đau nhẹ ở vùng hố chậu trái. Thăm trực tràng không thấy khối u, rút găng có dính nhầy máu. Xét nghiệm: Hemoglobin 90 g/L, MCV 75 fL, Ferritin huyết thanh giảm.",Cơ chế sinh lý bệnh trực tiếp gây ra hiện tượng phân dẹt ở bệnh nhân này là gì?,Suy yếu cơ co thắt vòng hậu môn trực tràng.,Lòng đại tràng bị hẹp cơ học do khối u phát triển. https://onedrive.live.com/personal/2672550e42ddc7d4/_layouts/15,Sự co thắt co cứng quá mức của hệ thần kinh ruột.,Giảm tiết dịch nhầy từ các tế bào biểu mô tuyến.,,b,"Ung thư đại tràng trái thường phát triển theo dạng vòng nhẫn, gây chít hẹp lòng đại tràng cơ học. Khi phân đi qua chỗ hẹp này sẽ bị ép lại, tạo ra hình dạng nhỏ và dẹt như chiếc đũa hoặc bút chì. Doc.aspx?sourcedoc={186352b6-90cf-40c9-ba19-ae84e248ef20}&action=vie… 6/11"
noi-tao-bon-case-12-3,noi,Táo bón,Tiêu hoá,"Bệnh nhân nam 65 tuổi, tiền sử hút thuốc lá 30 bao.năm, đến khám vì táo bón mới xuất hiện và nặng dần trong 3 tháng nay. Bệnh nhân phải rặn nhiều, phân dẹt như chiếc đũa và đôi khi có dính ít máu đỏ thẫm. Gần đây bệnh nhân mệt mỏi nhiều, chán ăn và sụt 5 kg không rõ nguyên nhân. Khám lâm sàng: mạch 90 lần/phút, huyết áp 130/80 mmHg. Da niêm mạc nhợt nhạt. Bụng mềm, sờ thấy khối lổn nhổn, ấn đau nhẹ ở vùng hố chậu trái. Thăm trực tràng không thấy khối u, rút găng có dính nhầy máu. Xét nghiệm: Hemoglobin 90 g/L, MCV 75 fL, Ferritin huyết thanh giảm.",Cận lâm sàng nào sau đây là tiêu chuẩn vàng để xác định chẩn đoán và phân loại bệnh?,Siêu âm ổ bụng tổng quát đánh giá thành ruột.,Chụp X-quang đại tràng có bơm bari cản quang.,Chụp cắt lớp vi tính vùng chậu có tiêm thuốc.,Nội soi đại tràng toàn bộ ống mềm kèm sinh thiết.,,d,"Nội soi đại tràng toàn bộ là phương pháp thăm dò bắt buộc và là tiêu chuẩn vàng, cho phép quan sát trực tiếp tổn thương, đánh giá vị trí, kích thước và quan trọng nhất là sinh thiết lấy bệnh phẩm để chẩn đoán mô bệnh học."
noi-tao-bon-case-12-4,noi,Táo bón,Tiêu hoá,"Bệnh nhân nam 65 tuổi, tiền sử hút thuốc lá 30 bao.năm, đến khám vì táo bón mới xuất hiện và nặng dần trong 3 tháng nay. Bệnh nhân phải rặn nhiều, phân dẹt như chiếc đũa và đôi khi có dính ít máu đỏ thẫm. Gần đây bệnh nhân mệt mỏi nhiều, chán ăn và sụt 5 kg không rõ nguyên nhân. Khám lâm sàng: mạch 90 lần/phút, huyết áp 130/80 mmHg. Da niêm mạc nhợt nhạt. Bụng mềm, sờ thấy khối lổn nhổn, ấn đau nhẹ ở vùng hố chậu trái. Thăm trực tràng không thấy khối u, rút găng có dính nhầy máu. Xét nghiệm: Hemoglobin 90 g/L, MCV 75 fL, Ferritin huyết thanh giảm.","Trong trường hợp khối u gây tắc nghẽn gần hoàn toàn, hướng xử trí cấp cứu ưu tiên là gì?",Phẫu thuật ngoại khoa giải áp và làm hậu môn nhân tạo.,Bơm thụt tháo đại tràng với áp lực cao liên tục.,Sử dụng thuốc nhuận tràng thẩm thấu liều cực lớn.,Hóa trị liệu thu nhỏ khối u trước khi can thiệp.,,a,"Khi ung thư đại trực tràng gây biến chứng bán tắc hoặc tắc ruột hoàn toàn, sử dụng nhuận tràng hoặc bơm thụt áp lực cao bị chống chỉ định do nguy cơ vỡ đại tràng. Chỉ định phẫu thuật cấp cứu (như làm hậu môn nhân tạo giải áp hoặc đặt stent đại tràng) là ưu tiên hàng đầu."
noi-tao-bon-case-12-5,noi,Táo bón,Tiêu hoá,"Bệnh nhân nam 65 tuổi, tiền sử hút thuốc lá 30 bao.năm, đến khám vì táo bón mới xuất hiện và nặng dần trong 3 tháng nay. Bệnh nhân phải rặn nhiều, phân dẹt như chiếc đũa và đôi khi có dính ít máu đỏ thẫm. Gần đây bệnh nhân mệt mỏi nhiều, chán ăn và sụt 5 kg không rõ nguyên nhân. Khám lâm sàng: mạch 90 lần/phút, huyết áp 130/80 mmHg. Da niêm mạc nhợt nhạt. Bụng mềm, sờ thấy khối lổn nhổn, ấn đau nhẹ ở vùng hố chậu trái. Thăm trực tràng không thấy khối u, rút găng có dính nhầy máu. Xét nghiệm: Hemoglobin 90 g/L, MCV 75 fL, Ferritin huyết thanh giảm.",Bệnh nhân có hình thái thiếu máu hồng cầu nhỏ nhược sắc là hậu quả của tình trạng nào?,Chảy máu rỉ rả kéo dài từ tổ chức tân sinh ác tính.,Hiện tượng tan máu tự miễn thứ phát sau ung thư.,Kém hấp thu vitamin B12 tại đoạn hồi tràng.,Suy tủy xương do độc tố của tế bào ác tính.,,a,"Các khối u đường tiêu hóa thường xuyên bị loét và rỉ máu với số lượng ít, âm thầm theo phân ra ngoài kéo dài nhiều tháng, dẫn đến mất sắt liên tục. Hậu quả là thiếu máu nguyên liệu (thiếu máu hồng cầu nhỏ nhược sắc, Ferritin giảm)."
noi-tao-bon-case-13-1,noi,Táo bón,Tiêu hoá,"Bệnh nhân nữ 45 tuổi, đến khám vì tình trạng táo bón dai dẳng kéo dài gần một năm nay. Bệnh nhân than phiền thường xuyên mệt mỏi, tăng 6 kg dù ăn uống kém, sợ lạnh và khô da. Tiền sử phẫu thuật u nang buồng trứng 5 năm trước. Khám lâm sàng: nhịp tim 58 lần/phút, huyết áp 100/65 mmHg, BMI 26 kg/m². Da khô, thô ráp, phù nhẹ quanh mi mắt. Bụng mềm, trướng nhẹ, âm ruột giảm, không có phản ứng thành bụng. Thăm khám thần kinh thấy phản xạ gân xương chậm.",Nguyên nhân toàn thân nào có khả năng cao nhất gây ra tình trạng táo bón ở bệnh nhân này?,Suy tuyến thượng thận nguyên phát.,Bệnh lý đái tháo đường khởi phát muộn.,Suy giáp trạng nguyên phát.,Cường cận giáp trạng tiên phát.,,c,"Táo bón mạn tính đi kèm với các dấu hiệu chuyển hóa thấp (mệt mỏi, tăng cân, sợ lạnh, nhịp tim chậm, da khô, phản xạ gân xương chậm) là bệnh cảnh đặc trưng của suy giáp. Táo bón là một trong những triệu chứng tiêu hóa phổ biến nhất của bệnh lý này."
noi-tao-bon-case-13-2,noi,Táo bón,Tiêu hoá,"Bệnh nhân nữ 45 tuổi, đến khám vì tình trạng táo bón dai dẳng kéo dài gần một năm nay. Bệnh nhân than phiền thường xuyên mệt mỏi, tăng 6 kg dù ăn uống kém, sợ lạnh và khô da. Tiền sử phẫu thuật u nang buồng trứng 5 năm trước. Khám lâm sàng: nhịp tim 58 lần/phút, huyết áp 100/65 mmHg, BMI 26 kg/m². Da khô, thô ráp, phù nhẹ quanh mi mắt. Bụng mềm, trướng nhẹ, âm ruột giảm, không có phản ứng thành bụng. Thăm khám thần kinh thấy phản xạ gân xương chậm.",Cơ chế chính dẫn đến táo bón trong bệnh lý rối loạn nội tiết này là gì?,Giảm chuyển hóa tế bào làm chậm nhu động dạ dày ruột.,Suy giảm sự dẫn truyền của đám rối thần kinh tự chủ.,Tăng sinh quá mức mô liên kết bao quanh trực tràng.,Giảm tưới máu mạc treo do nhịp tim chậm.,,a,"Sự thiếu hụt hormone tuyến giáp làm giảm tốc độ chuyển hóa cơ bản của mọi tế bào trong cơ thể, bao gồm cả tế bào cơ trơn đường tiêu hóa. Điều này làm giảm biên độ và tần số của các nhu động ruột, kéo dài thời gian lưu thông phân, tăng tái hấp thu nước gây táo bón."
noi-tao-bon-case-13-3,noi,Táo bón,Tiêu hoá,"Bệnh nhân nữ 45 tuổi, đến khám vì tình trạng táo bón dai dẳng kéo dài gần một năm nay. Bệnh nhân than phiền thường xuyên mệt mỏi, tăng 6 kg dù ăn uống kém, sợ lạnh và khô da. Tiền sử phẫu thuật u nang buồng trứng 5 năm trước. Khám lâm sàng: nhịp tim 58 lần/phút, huyết áp 100/65 mmHg, BMI 26 kg/m². Da khô, thô ráp, phù nhẹ quanh mi mắt. Bụng mềm, trướng nhẹ, âm ruột giảm, không có phản ứng thành bụng. Thăm khám thần kinh thấy phản xạ gân xương chậm.",Cận lâm sàng nào là đặc hiệu nhất để xác định căn nguyên của tình trạng táo bón này?,Xét nghiệm nồng độ Cortisol máu buổi sáng.,Đo điện cơ biểu mô đường tiêu hóa dưới.,Chụp X-quang lưu thông ruột có cản quang.,Định lượng nồng độ TSH và fT4 huyết thanh.,,d,"TSH và fT4 là xét nghiệm đầu tay và tiêu chuẩn vàng để chẩn đoán suy giáp. Nếu TSH tăng cao và fT4 giảm, chẩn đoán suy giáp nguyên phát được xác lập."
noi-tao-bon-case-13-4,noi,Táo bón,Tiêu hoá,"Bệnh nhân nữ 45 tuổi, đến khám vì tình trạng táo bón dai dẳng kéo dài gần một năm nay. Bệnh nhân than phiền thường xuyên mệt mỏi, tăng 6 kg dù ăn uống kém, sợ lạnh và khô da. Tiền sử phẫu thuật u nang buồng trứng 5 năm trước. Khám lâm sàng: nhịp tim 58 lần/phút, huyết áp 100/65 mmHg, BMI 26 kg/m². Da khô, thô ráp, phù nhẹ quanh mi mắt. Bụng mềm, trướng nhẹ, âm ruột giảm, không có phản ứng thành bụng. Thăm khám thần kinh thấy phản xạ gân xương chậm.",Can thiệp nội khoa nền tảng giúp giải quyết triệt để triệu chứng tiêu hóa ở bệnh nhân này là gì?,Sử dụng thuốc nhuận tràng kích thích hằng ngày.,Phẫu thuật cắt bỏ một phần đại tràng sigma.,Bổ sung liên tục men vi sinh đường ruột.,Trị liệu thay thế bằng hormone Levothyroxine.,,d,"Táo bón do suy giáp là táo bón thứ phát. Việc dùng thuốc nhuận tràng chỉ giải quyết triệu chứng tạm thời. Điều trị cốt lõi là bổ sung hormone tuyến giáp (Levothyroxine); khi nồng độ hormone trở về bình thường (bình giáp), nhu động ruột sẽ tự phục hồi."
noi-tao-bon-case-13-5,noi,Táo bón,Tiêu hoá,"Bệnh nhân nữ 45 tuổi, đến khám vì tình trạng táo bón dai dẳng kéo dài gần một năm nay. Bệnh nhân than phiền thường xuyên mệt mỏi, tăng 6 kg dù ăn uống kém, sợ lạnh và khô da. Tiền sử phẫu thuật u nang buồng trứng 5 năm trước. Khám lâm sàng: nhịp tim 58 lần/phút, huyết áp 100/65 mmHg, BMI 26 kg/m². Da khô, thô ráp, phù nhẹ quanh mi mắt. Bụng mềm, trướng nhẹ, âm ruột giảm, không có phản ứng thành bụng. Thăm khám thần kinh thấy phản xạ gân xương chậm.","Nếu không được chẩn đoán và quản lý, bệnh lý nền này có thể dẫn đến biến chứng cấp cứu nội khoa nghiêm trọng nào?",Tắc ruột do thắt nghẹt dây chằng mạc treo.,Hôn mê suy giáp (hôn mê Myxedema).,Cơn bão giáp trạng đe dọa tính mạng.,Hội chứng sốc nhiễm độc toàn thân.,,b,"Hôn mê suy giáp (Myxedema coma) là biến chứng cấp tính, đe dọa tính mạng của suy giáp nặng không được điều trị, đặc trưng bởi hạ thân nhiệt, chậm nhịp tim nghiêm trọng, suy hô hấp và rối loạn ý thức."
noi-tao-bon-case-14-1,noi,Táo bón,Tiêu hoá,"Bệnh nhân nam 70 tuổi, tiền sử ung thư tuyến tiền liệt di căn xương, đang được kiểm soát đau bằng Morphine giải phóng chậm đường uống. Khoảng hai tuần nay, bệnh nhân phàn nàn bị táo bón nặng, 5-6 ngày mới đi cầu một lần, phân khô cứng thành cục nhỏ, rặn rất đau và thường xuyên buồn nôn. Khám lâm sàng: bệnh nhân tỉnh, sinh hiệu ổn định. Bụng trướng vừa, gõ trong, nhu động ruột giảm còn 2 lần/phút, không có phản ứng thành bụng. Thăm trực tràng có phân cứng ở bóng trực tràng. Xét nghiệm điện giải đồ trong giới hạn bình thường.",Định hướng nguyên nhân gây táo bón phù hợp nhất ở bệnh nhân này là gì?,Táo bón thứ phát do tác dụng của Opioid.,Hội chứng ruột kích thích người lớn tuổi.,Táo bón do rối loạn điện giải máu.,Tắc ruột cơ học do u xâm lấn mạc treo.,,a,Bệnh nhân ung thư đang dùng Morphine (một opioid mạnh) xuất hiện táo bón nặng là biểu hiện điển hình của Táo bón do Opioid (Opioid-Induced Constipation - OIC). Đây là tác dụng phụ phổ biến nhất và không có tính dung nạp (không tự hết theo thời gian) của opioid.
noi-tao-bon-case-14-2,noi,Táo bón,Tiêu hoá,"Bệnh nhân nam 70 tuổi, tiền sử ung thư tuyến tiền liệt di căn xương, đang được kiểm soát đau bằng Morphine giải phóng chậm đường uống. Khoảng hai tuần nay, bệnh nhân phàn nàn bị táo bón nặng, 5-6 ngày mới đi cầu một lần, phân khô cứng thành cục nhỏ, rặn rất đau và thường xuyên buồn nôn. Khám lâm sàng: bệnh nhân tỉnh, sinh hiệu ổn định. Bụng trướng vừa, gõ trong, nhu động ruột giảm còn 2 lần/phút, không có phản ứng thành bụng. Thăm trực tràng có phân cứng ở bóng trực tràng. Xét nghiệm điện giải đồ trong giới hạn bình thường.",Cơ chế dược lý nào của thuốc giảm đau gây ra tình trạng giảm nhu động ruột?,Gây giải phóng lượng lớn Histamin vào thành ruột.,Gắn kết và chẹn kênh canxi phụ thuộc điện thế.,Kích hoạt thụ thể Mu-opioid tại đám rối thần kinh ruột.,Ức chế cạnh tranh với thụ thể Muscarinic M3 tại cơ trơn.,,c,"Opioid gắn vào các thụ thể Mu-opioid (μ-receptors) nằm dày đặc ở đám rối thần kinh cơ ruột (đám rối Auerbach) và niêm mạc ruột. Sự kích hoạt này làm giảm giải phóng acetylcholine, gây ức chế co bóp nhu động đẩy, đồng thời tăng trương lực cơ thắt và tăng hấp thu nước tĩnh, làm phân khô cứng."
noi-tao-bon-case-14-3,noi,Táo bón,Tiêu hoá,"Bệnh nhân nam 70 tuổi, tiền sử ung thư tuyến tiền liệt di căn xương, đang được kiểm soát đau bằng Morphine giải phóng chậm đường uống. Khoảng hai tuần nay, bệnh nhân phàn nàn bị táo bón nặng, 5-6 ngày mới đi cầu một lần, phân khô cứng thành cục nhỏ, rặn rất đau và thường xuyên buồn nôn. Khám lâm sàng: bệnh nhân tỉnh, sinh hiệu ổn định. Bụng trướng vừa, gõ trong, nhu động ruột giảm còn 2 lần/phút, không có phản ứng thành bụng. Thăm trực tràng có phân cứng ở bóng trực tràng. Xét nghiệm điện giải đồ trong giới hạn bình thường.","Để quản lý hiệu quả tình trạng này, nguyên tắc kê đơn thuốc nhuận tràng ban đầu nên bao gồm?",Kê đơn nhuận tràng thẩm thấu hoặc kích thích ngay khi bắt đầu dùng Opioid.,Chỉ dùng thuốc thụt tháo khi bệnh nhân quá 7 ngày không đại tiện.,Ngừng hoàn toàn thuốc giảm đau trung ương và chuyển sang Paracetamol.,Ưu tiên sử dụng chế phẩm bổ sung chất xơ hòa tan liều cao.,,a,"Nguyên tắc quản lý OIC là phòng ngừa sớm. Bệnh nhân cần được kê đơn thuốc nhuận tràng (thường là sự kết hợp giữa nhuận tràng kích thích và nhuận tràng thẩm thấu) ngay từ ngày đầu tiên bắt đầu sử dụng opioid, không đợi đến khi táo bón xảy ra. Doc.aspx?sourcedoc={186352b6-90cf-40c9-ba19-ae84e248ef20}&action=vie… 7/11"
noi-tao-bon-case-14-4,noi,Táo bón,Tiêu hoá,"Bệnh nhân nam 70 tuổi, tiền sử ung thư tuyến tiền liệt di căn xương, đang được kiểm soát đau bằng Morphine giải phóng chậm đường uống. Khoảng hai tuần nay, bệnh nhân phàn nàn bị táo bón nặng, 5-6 ngày mới đi cầu một lần, phân khô cứng thành cục nhỏ, rặn rất đau và thường xuyên buồn nôn. Khám lâm sàng: bệnh nhân tỉnh, sinh hiệu ổn định. Bụng trướng vừa, gõ trong, nhu động ruột giảm còn 2 lần/phút, không có phản ứng thành bụng. Thăm trực tràng có phân cứng ở bóng trực tràng. Xét nghiệm điện giải đồ trong giới hạn bình thường.",Nhóm thuốc nhuận tràng nào sau đây KHÔNG được khuyến cáo sử dụng đơn độc ở bệnh nhân này do nguy cơ làm nặng thêm tình trạng tắc nghẽn? https://onedrive.live.com/personal/2672550e42ddc7d4/_layouts/15,Thuốc làm trơn mềm phân Docusate.,Nhuận tràng tạo khối (chất xơ).,Nhuận tràng kích thích Bisacodyl.,Nhuận tràng thẩm thấu Macrogol.,,b,"Thuốc nhuận tràng tạo khối (chất xơ) không được khuyến cáo ở bệnh nhân dùng opioid, đặc biệt khi họ uống ít nước hoặc liệt ruột nặng. Chất xơ có thể tích tụ lại tạo thành các khối phân lớn (fecal bezoars) gây bán tắc hoặc tắc ruột cơ học."
noi-tao-bon-case-14-5,noi,Táo bón,Tiêu hoá,"Bệnh nhân nam 70 tuổi, tiền sử ung thư tuyến tiền liệt di căn xương, đang được kiểm soát đau bằng Morphine giải phóng chậm đường uống. Khoảng hai tuần nay, bệnh nhân phàn nàn bị táo bón nặng, 5-6 ngày mới đi cầu một lần, phân khô cứng thành cục nhỏ, rặn rất đau và thường xuyên buồn nôn. Khám lâm sàng: bệnh nhân tỉnh, sinh hiệu ổn định. Bụng trướng vừa, gõ trong, nhu động ruột giảm còn 2 lần/phút, không có phản ứng thành bụng. Thăm trực tràng có phân cứng ở bóng trực tràng. Xét nghiệm điện giải đồ trong giới hạn bình thường.","Khi táo bón kháng trị với các thuốc nhuận tràng thông thường, nhóm thuốc đối kháng đặc hiệu nào có thể được cân nhắc?",Chất đối kháng PAMORA (như Methylnaltrexone).,Thuốc kháng Histamin H2.,Thuốc ức chế men Cholinesterase.,Kháng sinh nhóm Macrolide.,,a,"PAMORA (Peripherally Acting Mu-Opioid Receptor Antagonists) như Methylnaltrexone, Naloxegol là các chất đối kháng thụ thể opioid ngoại vi. Chúng không vượt qua hàng rào máu não nên giải quyết được táo bón tại ruột mà không làm mất tác dụng giảm đau trung ương của opioid."
noi-tao-bon-case-15-1,noi,Táo bón,Tiêu hoá,"Bệnh nhân nữ 50 tuổi, sinh thường 3 lần, phàn nàn về chứng táo bón dai dẳng nhiều năm. Bệnh nhân có cảm giác đại tiện không hết, thường xuyên phải rặn rất mạnh và lâu. Bệnh nhân thừa nhận đôi khi phải dùng ngón tay ấn vào vùng tầng sinh môn hoặc mép âm đạo sau để hỗ trợ phân ra ngoài. Bệnh nhân đã tự ăn nhiều rau xanh và uống đủ nước nhưng không cải thiện. Khám lâm sàng toàn thân bình thường. Khám trực tràng: trương lực cơ thắt hậu môn tăng, khi yêu cầu bệnh nhân rặn, cơ thắt hậu môn không giãn mà lại co thắt chặt hơn.",Chẩn đoán lâm sàng phù hợp nhất với biểu hiện của bệnh nhân là gì?,Bệnh phình đại tràng bẩm sinh ở người lớn.,Rối loạn chức năng tống phân (rối loạn đồng vận sàn chậu).,Táo bón do suy giảm nhu động toàn bộ đại tràng.,Táo bón do u trực tràng lành tính.,,b,"Cảm giác đi không hết phân, rặn nhiều, phải dùng tay hỗ trợ (digital maneuvers) và khám thấy trương lực cơ thắt tăng khi rặn là các dấu hiệu lâm sàng kinh điển của rối loạn tống phân, đặc biệt là rối loạn đồng vận sàn chậu (Pelvic floor dyssynergia / Defecatory disorder)."
noi-tao-bon-case-15-2,noi,Táo bón,Tiêu hoá,"Bệnh nhân nữ 50 tuổi, sinh thường 3 lần, phàn nàn về chứng táo bón dai dẳng nhiều năm. Bệnh nhân có cảm giác đại tiện không hết, thường xuyên phải rặn rất mạnh và lâu. Bệnh nhân thừa nhận đôi khi phải dùng ngón tay ấn vào vùng tầng sinh môn hoặc mép âm đạo sau để hỗ trợ phân ra ngoài. Bệnh nhân đã tự ăn nhiều rau xanh và uống đủ nước nhưng không cải thiện. Khám lâm sàng toàn thân bình thường. Khám trực tràng: trương lực cơ thắt hậu môn tăng, khi yêu cầu bệnh nhân rặn, cơ thắt hậu môn không giãn mà lại co thắt chặt hơn.",Sự bất thường chức năng nào sau đây giải thích cho cơ chế của bệnh lý này?,Sự mất tế bào hạch giao cảm tại đại tràng sigma.,Sự thiếu hụt hoàn toàn các đợt co bóp lan truyền của ruột non.,Sự giãn nở quá mức tĩnh mạch trực tràng dưới.,Co thắt nghịch thường của cơ mu trực tràng và cơ thắt ngoài khi rặn.,,d,"Quá trình đại tiện bình thường đòi hỏi sự phối hợp: tăng áp lực ổ bụng và giãn hoàn toàn cơ mu trực tràng (puborectalis) cùng cơ thắt ngoài hậu môn. Trong rối loạn đồng vận sàn chậu, bệnh nhân co thắt nghịch thường (hoặc không giãn đủ) các cơ này khi cố gắng rặn, tạo ra rào cản cản trở phân thoát ra."
noi-tao-bon-case-15-3,noi,Táo bón,Tiêu hoá,"Bệnh nhân nữ 50 tuổi, sinh thường 3 lần, phàn nàn về chứng táo bón dai dẳng nhiều năm. Bệnh nhân có cảm giác đại tiện không hết, thường xuyên phải rặn rất mạnh và lâu. Bệnh nhân thừa nhận đôi khi phải dùng ngón tay ấn vào vùng tầng sinh môn hoặc mép âm đạo sau để hỗ trợ phân ra ngoài. Bệnh nhân đã tự ăn nhiều rau xanh và uống đủ nước nhưng không cải thiện. Khám lâm sàng toàn thân bình thường. Khám trực tràng: trương lực cơ thắt hậu môn tăng, khi yêu cầu bệnh nhân rặn, cơ thắt hậu môn không giãn mà lại co thắt chặt hơn.",Phương pháp thăm dò chức năng nào là tiêu chuẩn vàng để chẩn đoán xác định tình trạng này?,Nội soi đại tràng ống mềm kèm nhuộm màu.,Đo áp lực hậu môn trực tràng độ phân giải cao.,Chụp X-quang ổ bụng tư thế đứng.,Chụp cộng hưởng từ sọ não và tủy sống.,,b,"Đo áp lực hậu môn trực tràng (Anorectal Manometry) kết hợp với Test tống quả bóng (Balloon expulsion test) là tiêu chuẩn vàng để chẩn đoán, giúp ghi nhận trực tiếp áp lực co thắt nghịch thường của cơ vòng hậu môn khi bệnh nhân mô phỏng động tác rặn."
noi-tao-bon-case-15-4,noi,Táo bón,Tiêu hoá,"Bệnh nhân nữ 50 tuổi, sinh thường 3 lần, phàn nàn về chứng táo bón dai dẳng nhiều năm. Bệnh nhân có cảm giác đại tiện không hết, thường xuyên phải rặn rất mạnh và lâu. Bệnh nhân thừa nhận đôi khi phải dùng ngón tay ấn vào vùng tầng sinh môn hoặc mép âm đạo sau để hỗ trợ phân ra ngoài. Bệnh nhân đã tự ăn nhiều rau xanh và uống đủ nước nhưng không cải thiện. Khám lâm sàng toàn thân bình thường. Khám trực tràng: trương lực cơ thắt hậu môn tăng, khi yêu cầu bệnh nhân rặn, cơ thắt hậu môn không giãn mà lại co thắt chặt hơn.",Phương pháp điều trị tối ưu và an toàn nhất mang tính chất huấn luyện lại phản xạ cho bệnh nhân là gì?,Sử dụng thuốc nhuận tràng kích thích hằng ngày.,Tập vật lý trị liệu phản hồi sinh học (Biofeedback).,Thụt tháo đại tràng định kỳ bằng nước muối.,Phẫu thuật cắt bỏ cơ vòng hậu môn trong.,,b,"Liệu pháp phản hồi sinh học (Biofeedback therapy) là phương pháp điều trị lựa chọn hàng đầu. Thông qua màn hình hiển thị áp lực, bệnh nhân được huấn luyện trực quan cách thư giãn đúng các cơ sàn chậu và cơ co thắt khi rặn, hiệu quả thành công lên tới 70-80%."
noi-tao-bon-case-15-5,noi,Táo bón,Tiêu hoá,"Bệnh nhân nữ 50 tuổi, sinh thường 3 lần, phàn nàn về chứng táo bón dai dẳng nhiều năm. Bệnh nhân có cảm giác đại tiện không hết, thường xuyên phải rặn rất mạnh và lâu. Bệnh nhân thừa nhận đôi khi phải dùng ngón tay ấn vào vùng tầng sinh môn hoặc mép âm đạo sau để hỗ trợ phân ra ngoài. Bệnh nhân đã tự ăn nhiều rau xanh và uống đủ nước nhưng không cải thiện. Khám lâm sàng toàn thân bình thường. Khám trực tràng: trương lực cơ thắt hậu môn tăng, khi yêu cầu bệnh nhân rặn, cơ thắt hậu môn không giãn mà lại co thắt chặt hơn.","Nếu tình trạng rặn kéo dài nhiều năm không được điều trị, bệnh nhân có nguy cơ cao nhất tiến triển cấu trúc bất thường nào ở vùng chậu?",Rò hậu môn - âm đạo tự phát.,Hẹp thực thể vòng van hậu môn.,Ung thư tế bào vảy ống hậu môn.,Sa trực tràng hoặc sa sinh dục.,,d,"Tình trạng rặn mạnh và mạn tính làm tăng áp lực ổ bụng và sàn chậu liên tục, làm suy yếu các dây chằng nâng đỡ vùng chậu, dẫn đến nguy cơ cao bị sa trực tràng (rectal prolapse), sa tử cung hoặc sa bàng quang."
noi-tao-bon-case-16-1,noi,Táo bón,Tiêu hoá,"Bệnh nhân nữ 82 tuổi, sa sút trí tuệ, sống tại viện dưỡng lão, được nhân viên y tế đưa đến cấp cứu vì tiêu chảy lượng ít kéo dài 3 ngày nay. Bệnh nhân đi cầu nhiều lần trong ngày nhưng mỗi lần chỉ ra một ít nước phân lỏng dính quần áo, bụng trướng dần, ăn uống nôn ói. Tiền sử suy tim, ít vận động. Khám lâm sàng: nhịp tim 95 lần/phút, huyết áp 110/70 mmHg. Bụng trướng, gõ đục vùng hạ vị, sờ thấy một khối mật độ chắc ở hạ vị và hố chậu trái. Thăm trực tràng ngay lập tức đụng khối phân cứng ngắc như đá lấp đầy bóng trực tràng.",Tình trạng lâm sàng hiện tại của bệnh nhân được chẩn đoán là gì?,Tiêu chảy giả (rỉ phân) do ứ tắc phân.,Viêm ruột cấp tính do vi khuẩn C. difficile.,Tắc mạch mạc treo ruột tiến triển.,Ung thư đại trực tràng gây tắc ruột bán phần.,,a,"Bệnh nhân cao tuổi, bất động, sa sút trí tuệ có biểu hiện rỉ phân lỏng số lượng ít, bụng trướng và khám trực tràng sờ thấy khối phân cứng là bệnh cảnh kinh điển của ứ đọng phân cứng (Fecal impaction) gây ra hiện tượng tiêu chảy giả (Spurious diarrhea/Overflow diarrhea)."
noi-tao-bon-case-16-2,noi,Táo bón,Tiêu hoá,"Bệnh nhân nữ 82 tuổi, sa sút trí tuệ, sống tại viện dưỡng lão, được nhân viên y tế đưa đến cấp cứu vì tiêu chảy lượng ít kéo dài 3 ngày nay. Bệnh nhân đi cầu nhiều lần trong ngày nhưng mỗi lần chỉ ra một ít nước phân lỏng dính quần áo, bụng trướng dần, ăn uống nôn ói. Tiền sử suy tim, ít vận động. Khám lâm sàng: nhịp tim 95 lần/phút, huyết áp 110/70 mmHg. Bụng trướng, gõ đục vùng hạ vị, sờ thấy một khối mật độ chắc ở hạ vị và hố chậu trái. Thăm trực tràng ngay lập tức đụng khối phân cứng ngắc như đá lấp đầy bóng trực tràng.","Cơ chế hình thành triệu chứng ""tiêu chảy"" ở bệnh nhân này là gì?",Ruột co bóp dữ dội đẩy toàn bộ dịch tiêu hóa ra ngoài.,Độc tố vi khuẩn kích thích bài tiết nước ồ ạt.,Khối u đại tràng hoại tử chảy dịch nhầy viêm.,Phân lỏng từ đoạn trên lách qua khe hở của khối phân cứng.,,d,"Khi một khối phân lớn và cứng kẹt ở trực tràng gây tắc nghẽn cơ học, phần ruột phía trên sẽ tăng co bóp và bài tiết dịch để cố gắng tống vật cản. Nước phân lỏng này lách qua các khe hở quanh khối phân cứng và chảy rỉ rả ra ngoài, dễ bị chẩn đoán nhầm là tiêu chảy thực sự."
noi-tao-bon-case-16-3,noi,Táo bón,Tiêu hoá,"Bệnh nhân nữ 82 tuổi, sa sút trí tuệ, sống tại viện dưỡng lão, được nhân viên y tế đưa đến cấp cứu vì tiêu chảy lượng ít kéo dài 3 ngày nay. Bệnh nhân đi cầu nhiều lần trong ngày nhưng mỗi lần chỉ ra một ít nước phân lỏng dính quần áo, bụng trướng dần, ăn uống nôn ói. Tiền sử suy tim, ít vận động. Khám lâm sàng: nhịp tim 95 lần/phút, huyết áp 110/70 mmHg. Bụng trướng, gõ đục vùng hạ vị, sờ thấy một khối mật độ chắc ở hạ vị và hố chậu trái. Thăm trực tràng ngay lập tức đụng khối phân cứng ngắc như đá lấp đầy bóng trực tràng.","Trong trường hợp này, can thiệp xử trí nào mang tính chất cấp cứu và giải quyết nguyên nhân trực tiếp?",Bơm thụt tháo và dùng tay móc khối phân ứ đọng.,Chỉ định nội soi đại tràng toàn bộ can thiệp.,Truyền kháng sinh tĩnh mạch phổ rộng nhóm nhắm khuẩn đường ruột.,Phẫu thuật mở ổ bụng cắt đoạn trực tràng.,,a,Điều trị ưu tiên và trực tiếp nhất cho tắc phân là giải áp cơ học từ phía dưới. Việc thụt tháo bằng dịch trơn (như enema) kết hợp với thủ thuật dùng tay nhẹ nhàng phá vỡ và móc khối phân trực tràng (manual disimpaction) là bước đầu tiên thiết yếu. Doc.aspx?sourcedoc={186352b6-90cf-40c9-ba19-ae84e248ef20}&action=vie… 8/11
noi-tao-bon-case-16-4,noi,Táo bón,Tiêu hoá,"Bệnh nhân nữ 82 tuổi, sa sút trí tuệ, sống tại viện dưỡng lão, được nhân viên y tế đưa đến cấp cứu vì tiêu chảy lượng ít kéo dài 3 ngày nay. Bệnh nhân đi cầu nhiều lần trong ngày nhưng mỗi lần chỉ ra một ít nước phân lỏng dính quần áo, bụng trướng dần, ăn uống nôn ói. Tiền sử suy tim, ít vận động. Khám lâm sàng: nhịp tim 95 lần/phút, huyết áp 110/70 mmHg. Bụng trướng, gõ đục vùng hạ vị, sờ thấy một khối mật độ chắc ở hạ vị và hố chậu trái. Thăm trực tràng ngay lập tức đụng khối phân cứng ngắc như đá lấp đầy bóng trực tràng.",Loại thuốc nào sau đây bị CHỐNG CHỈ ĐỊNH tuyệt đối trong tình huống lâm sàng này?,Thuốc làm mềm phân Docusate.,Nhuận tràng thẩm thấu Macrogol (sau khi thông tắc).,Dung dịch thụt tháo Glycerin.,Thuốc cầm tiêu chảy Loperamide.,,d,"Do triệu chứng biểu hiện là ""tiêu chảy"", nếu bác sĩ lầm tưởng và kê đơn thuốc cầm tiêu chảy làm giảm nhu động ruột (như Loperamide), tình trạng tắc ruột cơ học sẽ trở nên trầm trọng hơn, nguy cơ vỡ đại tràng tăng cao. Đây là chống chỉ định tuyệt đối."
noi-tao-bon-case-16-5,noi,Táo bón,Tiêu hoá,"Bệnh nhân nữ 82 tuổi, sa sút trí tuệ, sống tại viện dưỡng lão, được nhân viên y tế đưa đến cấp cứu vì tiêu chảy lượng ít kéo dài 3 ngày nay. Bệnh nhân đi cầu nhiều lần trong ngày nhưng mỗi lần chỉ ra một ít nước phân lỏng dính quần áo, bụng trướng dần, ăn uống nôn ói. Tiền sử suy tim, ít vận động. Khám lâm sàng: nhịp tim 95 lần/phút, huyết áp 110/70 mmHg. Bụng trướng, gõ đục vùng hạ vị, sờ thấy một khối mật độ chắc ở hạ vị và hố chậu trái. Thăm trực tràng ngay lập tức đụng khối phân cứng ngắc như đá lấp đầy bóng trực tràng.","Nếu tình trạng ứ phân cứng kéo dài không được giải quyết, biến chứng nguy hiểm nhất tại chỗ có thể xảy ra là gì? https://onedrive.live.com/personal/2672550e42ddc7d4/_layouts/15",Viêm loét và thủng đại trực tràng do đè ép.,Ung thư hóa lớp biểu mô tuyến đại tràng.,Rò rỉ phân vào hệ thống bàng quang tiết niệu.,Xoắn toàn bộ mạc treo ruột non.,,a,"Khối phân cứng (fecaloma) đè ép trực tiếp và liên tục lên niêm mạc trực tràng gây thiếu máu cục bộ tĩnh mạch, dẫn đến viêm loét do tỳ đè (stercoral ulcer). Nếu diễn tiến nặng có thể gây thủng đại trực tràng, dẫn đến viêm phúc mạc phân với tỷ lệ tử vong rất cao."
noi-tao-bon-case-17-1,noi,Táo bón,Tiêu hoá,"Bệnh nhân nam 60 tuổi, tiền sử hút thuốc lá nhiều năm, nhập viện vì thay đổi ý thức lơ mơ, mệt mỏi toàn thân và đa niệu kéo dài 1 tuần. Người nhà cho biết khoảng một tháng nay bệnh nhân xuất hiện táo bón nặng dần, chán ăn và gầy sút 8 kg. Khám lâm sàng: bệnh nhân lơ mơ, trả lời chậm. Nhịp tim 105 lần/phút, huyết áp 100/60 mmHg, nhịp thở 20 lần/phút. Môi khô, nếp véo da mất chậm. Bụng trướng nhẹ, âm ruột giảm. Phổi phải có giảm rì rào phế nang vùng đỉnh. Chụp X-quang ngực thẳng phát hiện một khối mờ bờ tua gai ở thùy trên phổi phải.","Rối loạn chuyển hóa nào sau đây là nguyên nhân trực tiếp gây ra táo bón, đa niệu và lơ mơ ở bệnh nhân này?",Hạ natri máu nặng.,Nhiễm toan ceton đái tháo đường.,Hạ kali máu trầm trọng.,Tăng canxi máu cấp tính.,,d,"Bệnh nhân có khối u phổi (gợi ý ung thư ác tính) kèm theo hội chứng: táo bón nặng, đa niệu (do đái tháo nhạt do thận), lơ mơ và mất nước là biểu hiện kinh điển của cơn tăng canxi máu cấp tính (Hypercalcemia of malignancy)."
noi-tao-bon-case-17-2,noi,Táo bón,Tiêu hoá,"Bệnh nhân nam 60 tuổi, tiền sử hút thuốc lá nhiều năm, nhập viện vì thay đổi ý thức lơ mơ, mệt mỏi toàn thân và đa niệu kéo dài 1 tuần. Người nhà cho biết khoảng một tháng nay bệnh nhân xuất hiện táo bón nặng dần, chán ăn và gầy sút 8 kg. Khám lâm sàng: bệnh nhân lơ mơ, trả lời chậm. Nhịp tim 105 lần/phút, huyết áp 100/60 mmHg, nhịp thở 20 lần/phút. Môi khô, nếp véo da mất chậm. Bụng trướng nhẹ, âm ruột giảm. Phổi phải có giảm rì rào phế nang vùng đỉnh. Chụp X-quang ngực thẳng phát hiện một khối mờ bờ tua gai ở thùy trên phổi phải.",Cơ chế sinh lý bệnh của rối loạn điện giải này tác động làm giảm nhu động ruột thông qua cơ chế nào?,Kích thích tăng sinh chất nhầy bít tắc lòng ruột.,Ức chế hoạt động của các enzyme tiêu hóa tụy.,Giảm điện thế nghỉ làm màng tế bào cơ trơn khó khử cực.,Tăng cường hoạt động của hệ thần kinh phó giao cảm.,,c,"Tăng canxi ngoại bào làm ổn định màng tế bào (tăng ngưỡng điện thế hoạt động), làm cho màng tế bào cơ trơn đường tiêu hóa trở nên khó khử cực hơn. Hậu quả là giảm tính hưng phấn, giảm co bóp cơ trơn, gây giảm nhu động dạ dày - ruột và dẫn đến táo bón nặng."
noi-tao-bon-case-17-3,noi,Táo bón,Tiêu hoá,"Bệnh nhân nam 60 tuổi, tiền sử hút thuốc lá nhiều năm, nhập viện vì thay đổi ý thức lơ mơ, mệt mỏi toàn thân và đa niệu kéo dài 1 tuần. Người nhà cho biết khoảng một tháng nay bệnh nhân xuất hiện táo bón nặng dần, chán ăn và gầy sút 8 kg. Khám lâm sàng: bệnh nhân lơ mơ, trả lời chậm. Nhịp tim 105 lần/phút, huyết áp 100/60 mmHg, nhịp thở 20 lần/phút. Môi khô, nếp véo da mất chậm. Bụng trướng nhẹ, âm ruột giảm. Phổi phải có giảm rì rào phế nang vùng đỉnh. Chụp X-quang ngực thẳng phát hiện một khối mờ bờ tua gai ở thùy trên phổi phải.",Xét nghiệm sinh hóa nào cần thiết để giải thích nguyên nhân thứ phát của tình trạng rối loạn này từ khối u phổi?,Xét nghiệm protein phản ứng C (CRP).,Định lượng nồng độ hormone TSH.,Phân tích nồng độ CEA huyết thanh.,Định lượng peptide liên quan hormone cận giáp (PTHrP).,,d,"Ung thư phổi (đặc biệt ung thư tế bào vảy) thường sản xuất ra PTHrP (Parathyroid hormone-related protein). PTHrP có cấu trúc tương tự PTH, gắn vào thụ thể PTH ở xương và thận gây hủy xương và tăng tái hấp thu canxi máu, làm canxi máu tăng vọt. Định lượng PTHrP giúp xác định cơ chế hội chứng cận ung này."
noi-tao-bon-case-17-4,noi,Táo bón,Tiêu hoá,"Bệnh nhân nam 60 tuổi, tiền sử hút thuốc lá nhiều năm, nhập viện vì thay đổi ý thức lơ mơ, mệt mỏi toàn thân và đa niệu kéo dài 1 tuần. Người nhà cho biết khoảng một tháng nay bệnh nhân xuất hiện táo bón nặng dần, chán ăn và gầy sút 8 kg. Khám lâm sàng: bệnh nhân lơ mơ, trả lời chậm. Nhịp tim 105 lần/phút, huyết áp 100/60 mmHg, nhịp thở 20 lần/phút. Môi khô, nếp véo da mất chậm. Bụng trướng nhẹ, âm ruột giảm. Phổi phải có giảm rì rào phế nang vùng đỉnh. Chụp X-quang ngực thẳng phát hiện một khối mờ bờ tua gai ở thùy trên phổi phải.",Xử trí cấp cứu nội khoa đầu tiên và quan trọng nhất nhằm khôi phục thể tích tuần hoàn và thải trừ chất độc lập tức là gì?,Chỉ định thuốc chẹn beta giao cảm giảm nhịp tim.,Truyền tĩnh mạch dung dịch muối sinh lý 0.9% khối lượng lớn.,Chạy thận nhân tạo siêu lọc cấp cứu.,Tiêm dưới da hormone Insulin tác dụng nhanh.,,b,"Bệnh nhân tăng canxi máu luôn trong tình trạng thiếu dịch nặng do đa niệu thẩm thấu tĩnh. Truyền dịch muối đẳng trương (NaCl 0.9%) liều cao là bước đầu tiên bắt buộc để bù lại thể tích tuần hoàn bị mất và tăng độ lọc cầu thận, từ đó tăng đào thải canxi qua nước tiểu."
noi-tao-bon-case-17-5,noi,Táo bón,Tiêu hoá,"Bệnh nhân nam 60 tuổi, tiền sử hút thuốc lá nhiều năm, nhập viện vì thay đổi ý thức lơ mơ, mệt mỏi toàn thân và đa niệu kéo dài 1 tuần. Người nhà cho biết khoảng một tháng nay bệnh nhân xuất hiện táo bón nặng dần, chán ăn và gầy sút 8 kg. Khám lâm sàng: bệnh nhân lơ mơ, trả lời chậm. Nhịp tim 105 lần/phút, huyết áp 100/60 mmHg, nhịp thở 20 lần/phút. Môi khô, nếp véo da mất chậm. Bụng trướng nhẹ, âm ruột giảm. Phổi phải có giảm rì rào phế nang vùng đỉnh. Chụp X-quang ngực thẳng phát hiện một khối mờ bờ tua gai ở thùy trên phổi phải.",Điện tâm đồ ở bệnh nhân có tình trạng rối loạn điện giải này thường biểu hiện dấu hiệu bất thường nào?,Khoảng QT rút ngắn.,Sóng T cao nhọn đối xứng.,Sóng U xuất hiện rõ sau sóng T.,Khoảng QT kéo dài.,,a,"Trên điện tâm đồ, canxi máu cao làm rút ngắn pha bình nguyên (pha 2) của điện thế hoạt động tế bào cơ tim, dẫn đến khoảng QT bị rút ngắn (đôi khi khoảng PR kéo dài). Hạ canxi máu mới gây khoảng QT kéo dài."
noi-tao-bon-case-18-1,noi,Táo bón,Tiêu hoá,"Bệnh nhân nữ 22 tuổi, sinh viên, phàn nàn bị táo bón từ nhỏ. Bệnh nhân chỉ đại tiện 1 lần/tuần, phân cứng, không có cảm giác buồn đại tiện dù nhiều ngày không đi. Bệnh nhân không có đau bụng hay sụt cân. Khám lâm sàng bình thường, bụng không sờ thấy u cục. Khám thần kinh tự chủ bình thường. Đo áp lực hậu môn trực tràng cho thấy phản xạ tống phân hoàn toàn bình thường, cơ thắt giãn tốt khi rặn.",Định hướng chẩn đoán khả dĩ nhất cho tình trạng táo bón kéo dài không kèm đau bụng và sàn chậu bình thường là gì?,Hội chứng ruột kích thích thể táo bón (IBS-C).,Bệnh phình đại tràng bẩm sinh (Hirschsprung).,Rối loạn đồng vận co thắt sàn chậu.,Táo bón vận động chậm (Slow transit constipation).,,d,"Bệnh nhân trẻ tuổi, táo bón nặng từ nhỏ, mất cảm giác buồn đại tiện, chức năng sàn chậu bình thường và không có biểu hiện đau bụng (loại trừ IBS) là đặc điểm kinh điển của Táo bón vận động chậm (Slow transit constipation / Colonic inertia). Bệnh thường gặp ở nữ giới trẻ tuổi."
noi-tao-bon-case-18-2,noi,Táo bón,Tiêu hoá,"Bệnh nhân nữ 22 tuổi, sinh viên, phàn nàn bị táo bón từ nhỏ. Bệnh nhân chỉ đại tiện 1 lần/tuần, phân cứng, không có cảm giác buồn đại tiện dù nhiều ngày không đi. Bệnh nhân không có đau bụng hay sụt cân. Khám lâm sàng bình thường, bụng không sờ thấy u cục. Khám thần kinh tự chủ bình thường. Đo áp lực hậu môn trực tràng cho thấy phản xạ tống phân hoàn toàn bình thường, cơ thắt giãn tốt khi rặn.",Đặc điểm nào phù hợp nhất với táo bón do giảm vận chuyển đại tràng?,Rối loạn phối hợp sàn chậu rõ và đáp ứng hoàn toàn với chất xơ liều cao.,Thời gian vận chuyển bình thường nhưng luôn có đau bụng giảm sau đại tiện.,"Thời gian vận chuyển đại tràng kéo dài, giảm tế bào kẽ Cajal và giảm cảm giác buồn đại tiện.",Tắc nghẽn cơ học hậu môn trực tràng và phản xạ đại tiện tăng mạnh.,,c,"Táo bón giảm vận chuyển có thời gian lưu thông đại tràng kéo dài, giảm hoạt động vận động đại tràng và có thể liên quan giảm tế bào kẽ Cajal. Người bệnh thường giảm cảm giác buồn đại tiện và không phải lúc nào đáp ứng với bổ sung chất xơ."
noi-tao-bon-case-18-3,noi,Táo bón,Tiêu hoá,"Bệnh nhân nữ 22 tuổi, sinh viên, phàn nàn bị táo bón từ nhỏ. Bệnh nhân chỉ đại tiện 1 lần/tuần, phân cứng, không có cảm giác buồn đại tiện dù nhiều ngày không đi. Bệnh nhân không có đau bụng hay sụt cân. Khám lâm sàng bình thường, bụng không sờ thấy u cục. Khám thần kinh tự chủ bình thường. Đo áp lực hậu môn trực tràng cho thấy phản xạ tống phân hoàn toàn bình thường, cơ thắt giãn tốt khi rặn.",Cận lâm sàng nào sau đây được sử dụng phổ biến nhất để chẩn đoán xác định tình trạng này trong thực hành lâm sàng?,Chụp X-quang bụng đo thời gian lưu thông với marker cản quang.,Chụp cộng hưởng từ sọ não và trục thần kinh tủy sống.,Nội soi đại tràng ống mềm kèm sinh thiết sâu đến lớp cơ.,Chụp X-quang lưu thông thực quản dạ dày tá tràng.,,a,"Đo thời gian lưu thông đại tràng bằng marker cản quang (SITZ marker study) là tiêu chuẩn vàng. Bệnh nhân nuốt viên nang chứa marker, chụp X-quang bụng sau 5 ngày. Tồn đọng > 20% marker phân tán khắp đại tràng khẳng định táo bón vận động chậm."
noi-tao-bon-case-18-4,noi,Táo bón,Tiêu hoá,"Bệnh nhân nữ 22 tuổi, sinh viên, phàn nàn bị táo bón từ nhỏ. Bệnh nhân chỉ đại tiện 1 lần/tuần, phân cứng, không có cảm giác buồn đại tiện dù nhiều ngày không đi. Bệnh nhân không có đau bụng hay sụt cân. Khám lâm sàng bình thường, bụng không sờ thấy u cục. Khám thần kinh tự chủ bình thường. Đo áp lực hậu môn trực tràng cho thấy phản xạ tống phân hoàn toàn bình thường, cơ thắt giãn tốt khi rặn.",Nhóm thuốc nội khoa nào được xem là lựa chọn phù hợp nhất khi bệnh nhân không đáp ứng với thay đổi lối sống?,"Thuốc nhuận tràng thẩm thấu (Macrogol, Lactulose).",Thuốc nhuận tràng tạo khối (bổ sung chất xơ hòa tan).,Thuốc ức chế thụ thể Mu-opioid ngoại vi.,Thuốc kháng sinh diệt khuẩn đường ruột kéo dài. https://onedrive.live.com/personal/2672550e42ddc7d4/_layouts/15,,a,Chế độ ăn nhiều xơ ít có tác dụng. Lựa chọn điều trị ưu tiên là thuốc nhuận tràng thẩm thấu Doc.aspx?sourcedoc={186352b6-90cf-40c9-ba19-ae84e248ef20}&action=vie… 9/11 (Macrogol/PEG) hoặc thuốc nhuận tràng kích thích (Bisacodyl). Các thuốc tăng cường nhu động (Prucalopride) cũng được chỉ định.
noi-tao-bon-case-18-5,noi,Táo bón,Tiêu hoá,"Bệnh nhân nữ 22 tuổi, sinh viên, phàn nàn bị táo bón từ nhỏ. Bệnh nhân chỉ đại tiện 1 lần/tuần, phân cứng, không có cảm giác buồn đại tiện dù nhiều ngày không đi. Bệnh nhân không có đau bụng hay sụt cân. Khám lâm sàng bình thường, bụng không sờ thấy u cục. Khám thần kinh tự chủ bình thường. Đo áp lực hậu môn trực tràng cho thấy phản xạ tống phân hoàn toàn bình thường, cơ thắt giãn tốt khi rặn.","Trong những trường hợp cực kỳ hiếm hoi và kháng trị hoàn toàn với mọi biện pháp nội khoa, can thiệp nào có thể được cân nhắc cuối cùng?",Cấy ghép toàn bộ hệ vi sinh vật đại tràng.,Phẫu thuật cắt bỏ toàn bộ dạ dày.,Đặt stent kim loại nong rộng trực tràng.,Cắt toàn bộ đại tràng và nối hồi - trực tràng.,,d,"Ở một số ít bệnh nhân táo bón vận động chậm kháng trị nghiêm trọng, chất lượng cuộc sống bị ảnh hưởng nặng nề dù đã dùng tối đa thuốc, phẫu thuật cắt toàn bộ đại tràng (bộ phận bị đơ/mất chức năng) và nối hồi tràng với trực tràng (Total colectomy with ileorectal anastomosis) là giải pháp cứu cánh cuối cùng."
noi-tao-bon-case-19-1,noi,Táo bón,Tiêu hoá,"Bệnh nhân nam 75 tuổi, đang nằm viện ngày thứ 4 sau phẫu thuật thay khớp háng. Bệnh nhân phàn nàn bụng trướng rất to, không trung tiện và không đại tiện được trong 3 ngày nay. Khám lâm sàng: mạch 100 lần/phút, huyết áp 140/90 mmHg, không sốt. Bụng trướng căng như trống, gõ vang toàn bộ, nhu động ruột mất, không có phản ứng thành bụng, không đau khu trú. X-quang bụng không chuẩn bị cho thấy đại tràng giãn to toàn bộ từ manh tràng đến đại tràng sigma, đường kính manh tràng đo được là 11 cm, không thấy hình ảnh tắc nghẽn hay mức nước hơi rõ rệt.",Hội chứng nào sau đây phù hợp nhất với bệnh cảnh lâm sàng và hình ảnh X-quang của bệnh nhân?,Nhồi máu mạc treo đại tràng cấp tính.,Viêm đại tràng màng giả nhiễm độc.,Tắc ruột cơ học do xoắn đại tràng sigma.,Hội chứng giả tắc đại tràng cấp tính (Ogilvie).,,d,"Giãn to đại tràng cấp tính (thường gặp ở người già nằm viện, sau phẫu thuật chấn thương/chỉnh hình, hoặc nhiễm trùng nặng) mà không có điểm tắc nghẽn cơ học là đặc điểm của Hội chứng Ogilvie (Hội chứng giả tắc đại tràng cấp tính - Acute colonic pseudo-obstruction)."
noi-tao-bon-case-19-2,noi,Táo bón,Tiêu hoá,"Bệnh nhân nam 75 tuổi, đang nằm viện ngày thứ 4 sau phẫu thuật thay khớp háng. Bệnh nhân phàn nàn bụng trướng rất to, không trung tiện và không đại tiện được trong 3 ngày nay. Khám lâm sàng: mạch 100 lần/phút, huyết áp 140/90 mmHg, không sốt. Bụng trướng căng như trống, gõ vang toàn bộ, nhu động ruột mất, không có phản ứng thành bụng, không đau khu trú. X-quang bụng không chuẩn bị cho thấy đại tràng giãn to toàn bộ từ manh tràng đến đại tràng sigma, đường kính manh tràng đo được là 11 cm, không thấy hình ảnh tắc nghẽn hay mức nước hơi rõ rệt.",Sinh lý bệnh của hội chứng này được cho là do sự mất cân bằng của hệ thống thần kinh nào?,Suy giảm hoàn toàn các nơron vận động tủy sống.,Hoạt hóa quá mức đám rối thần kinh cánh tay.,Tăng hoạt động giao cảm và ức chế phó giao cảm.,Sự tiết quá nhiều acetylcholin tại tủy thượng thận.,,c,"Cơ chế chính xác của hội chứng Ogilvie chưa hoàn toàn rõ ràng, nhưng được cho là do rối loạn chức năng tự chủ tại đại tràng: tăng cường hoạt động của hệ giao cảm (ức chế nhu động) và/hoặc suy giảm chức năng phó giao cảm (kích thích nhu động), dẫn đến đại tràng bị liệt và giãn lớn."
noi-tao-bon-case-19-3,noi,Táo bón,Tiêu hoá,"Bệnh nhân nam 75 tuổi, đang nằm viện ngày thứ 4 sau phẫu thuật thay khớp háng. Bệnh nhân phàn nàn bụng trướng rất to, không trung tiện và không đại tiện được trong 3 ngày nay. Khám lâm sàng: mạch 100 lần/phút, huyết áp 140/90 mmHg, không sốt. Bụng trướng căng như trống, gõ vang toàn bộ, nhu động ruột mất, không có phản ứng thành bụng, không đau khu trú. X-quang bụng không chuẩn bị cho thấy đại tràng giãn to toàn bộ từ manh tràng đến đại tràng sigma, đường kính manh tràng đo được là 11 cm, không thấy hình ảnh tắc nghẽn hay mức nước hơi rõ rệt.","Khi chẩn đoán còn phân vân với tắc ruột cơ học, chỉ định chẩn đoán hình ảnh nào cần làm tiếp theo?",Chụp cắt lớp vi tính ổ bụng có thuốc cản quang.,Siêu âm đàn hồi mô gan và hệ cửa.,Chụp X-quang thực quản dạ dày cản quang.,Chụp cộng hưởng từ cột sống thắt lưng.,,a,"Chẩn đoán Ogilvie yêu cầu phải loại trừ tắc ruột cơ học (như khối u, xoắn ruột). Chụp cắt lớp vi tính (CT scanner) ổ bụng cản quang là phương pháp tối ưu giúp khảo sát toàn bộ lòng đại tràng để tìm điểm chuyển tiếp cơ học (transition point). Nếu không có điểm chuyển tiếp, chẩn đoán Ogilvie được xác nhận."
noi-tao-bon-case-19-4,noi,Táo bón,Tiêu hoá,"Bệnh nhân nam 75 tuổi, đang nằm viện ngày thứ 4 sau phẫu thuật thay khớp háng. Bệnh nhân phàn nàn bụng trướng rất to, không trung tiện và không đại tiện được trong 3 ngày nay. Khám lâm sàng: mạch 100 lần/phút, huyết áp 140/90 mmHg, không sốt. Bụng trướng căng như trống, gõ vang toàn bộ, nhu động ruột mất, không có phản ứng thành bụng, không đau khu trú. X-quang bụng không chuẩn bị cho thấy đại tràng giãn to toàn bộ từ manh tràng đến đại tràng sigma, đường kính manh tràng đo được là 11 cm, không thấy hình ảnh tắc nghẽn hay mức nước hơi rõ rệt.","Nếu các biện pháp điều trị bảo tồn (nhịn ăn, đặt ống thông dạ dày/trực tràng, điều chỉnh điện giải) thất bại, thuốc nào sau đây được chỉ định để kích thích nhu động ruột?",Loperamide đường uống.,Neostigmine tiêm tĩnh mạch.,Atropin tiêm bắp.,Morphine truyền tĩnh mạch.,,b,"Khi điều trị bảo tồn 24-48 giờ không hiệu quả và đường kính manh tràng tiếp tục tăng (> 10-12 cm), tiêm tĩnh mạch Neostigmine (thuốc ức chế men acetylcholinesterase, làm tăng lượng acetylcholine tại khe sinap) là lựa chọn nội khoa hiệu quả để kích thích phó giao cảm co bóp đại tràng. Tuy nhiên, cần theo dõi điện tim sát vì nguy cơ nhịp chậm nhĩ thất."
noi-tao-bon-case-19-5,noi,Táo bón,Tiêu hoá,"Bệnh nhân nam 75 tuổi, đang nằm viện ngày thứ 4 sau phẫu thuật thay khớp háng. Bệnh nhân phàn nàn bụng trướng rất to, không trung tiện và không đại tiện được trong 3 ngày nay. Khám lâm sàng: mạch 100 lần/phút, huyết áp 140/90 mmHg, không sốt. Bụng trướng căng như trống, gõ vang toàn bộ, nhu động ruột mất, không có phản ứng thành bụng, không đau khu trú. X-quang bụng không chuẩn bị cho thấy đại tràng giãn to toàn bộ từ manh tràng đến đại tràng sigma, đường kính manh tràng đo được là 11 cm, không thấy hình ảnh tắc nghẽn hay mức nước hơi rõ rệt.",Biến chứng ngoại khoa cấp cứu đe dọa tính mạng trực tiếp nhất ở bệnh nhân này nếu đại tràng tiếp tục giãn lớn là gì?,Áp xe túi thừa đại tràng vỡ.,Rò rỉ dịch tiêu hóa vào khoang màng phổi.,Thủng manh tràng gây viêm phúc mạc.,Chảy máu tiêu hóa dưới ồ ạt.,,c,"Đường kính manh tràng giãn > 12 cm mang rủi ro cực kỳ cao dẫn đến thiếu máu cục bộ thành ruột, hoại tử và thủng manh tràng. Thủng manh tràng gây viêm phúc mạc phân có tỷ lệ tử vong lên tới 40-50%."
noi-tao-bon-case-20-1,noi,Táo bón,Tiêu hoá,"Bệnh nhân nam 55 tuổi, tiền sử đái tháo đường type 2 kiểm soát kém trong 15 năm, đã có biến chứng bệnh võng mạc và tê bì hai bàn chân. Vài tháng nay, bệnh nhân thường xuyên bị táo bón kéo dài, thỉnh thoảng có những đợt tiêu chảy cấp tính ngắn ngày không rõ nguyên nhân. Khám lâm sàng sinh hiệu bình thường. Bụng mềm, không đau khu trú, không sờ thấy u cục. Các xét nghiệm sinh hóa máu gan, thận bình thường. Nội soi đại tràng toàn bộ không ghi nhận bất thường niêm mạc hay khối u cơ học.",Bệnh lý nền nào là nguyên nhân trực tiếp dẫn đến rối loạn chức năng tiêu hóa ở bệnh nhân này?,Bệnh Celiac tiến triển không điển hình.,Rối loạn hấp thu axit mật mạn tính.,Bệnh lý thần kinh tự chủ do đái tháo đường.,Xơ vữa tắc nghẽn động mạch mạc treo.,,c,"Bệnh nhân đái tháo đường lâu năm, kiểm soát kém, đã có các biến chứng vi mạch (võng mạc) và thần kinh ngoại biên, nay xuất hiện rối loạn tiêu hóa (táo bón xen kẽ tiêu chảy) mà nội soi bình thường. Đây là biểu hiện đặc trưng của bệnh lý thần kinh tự chủ do đái tháo đường (Diabetic autonomic neuropathy) tại ruột."
noi-tao-bon-case-20-2,noi,Táo bón,Tiêu hoá,"Bệnh nhân nam 55 tuổi, tiền sử đái tháo đường type 2 kiểm soát kém trong 15 năm, đã có biến chứng bệnh võng mạc và tê bì hai bàn chân. Vài tháng nay, bệnh nhân thường xuyên bị táo bón kéo dài, thỉnh thoảng có những đợt tiêu chảy cấp tính ngắn ngày không rõ nguyên nhân. Khám lâm sàng sinh hiệu bình thường. Bụng mềm, không đau khu trú, không sờ thấy u cục. Các xét nghiệm sinh hóa máu gan, thận bình thường. Nội soi đại tràng toàn bộ không ghi nhận bất thường niêm mạc hay khối u cơ học.",Tác động vi thể của tình trạng tăng đường huyết mạn tính làm tổn thương thành phần cấu trúc nào dẫn đến triệu chứng trên?,Gây co thắt xơ hóa hệ thống tĩnh mạch cửa.,Tiêu hủy trực tiếp lớp cơ dọc của thành đại tràng.,Tăng sinh sản xuất kháng thể phá hủy màng nhầy.,Viêm vi mạch và tổn thương đám rối thần kinh ruột Myenteric.,,d,"Tăng đường huyết mạn tính dẫn đến stress oxy hóa và tích tụ các sản phẩm nội sinh gây viêm vi mạch máu nuôi thần kinh (vasa nervorum), làm tổn thương hoặc thoái hóa hệ thần kinh tự chủ (dây phế vị) và hệ thần kinh ruột (đám rối Myenteric/Auerbach), làm giảm sức co bóp dạ dày ruột."
noi-tao-bon-case-20-3,noi,Táo bón,Tiêu hoá,"Bệnh nhân nam 55 tuổi, tiền sử đái tháo đường type 2 kiểm soát kém trong 15 năm, đã có biến chứng bệnh võng mạc và tê bì hai bàn chân. Vài tháng nay, bệnh nhân thường xuyên bị táo bón kéo dài, thỉnh thoảng có những đợt tiêu chảy cấp tính ngắn ngày không rõ nguyên nhân. Khám lâm sàng sinh hiệu bình thường. Bụng mềm, không đau khu trú, không sờ thấy u cục. Các xét nghiệm sinh hóa máu gan, thận bình thường. Nội soi đại tràng toàn bộ không ghi nhận bất thường niêm mạc hay khối u cơ học.","Để đánh giá toàn diện các biến chứng tiêu hóa thường đi kèm ở bệnh nhân này, xét nghiệm chẩn đoán chức năng nào thường được chỉ định nếu có thêm triệu chứng nôn thức ăn cũ?",Đo thời gian tháo rỗng dạ dày bằng đồng vị phóng xạ.,Chụp cộng hưởng từ đường mật tụy (MRCP).,Nội soi ổ bụng thám sát chẩn đoán.,Xét nghiệm men tiêu hóa Amylase và Lipase.,,a,"Bệnh thần kinh tự chủ đái tháo đường thường ảnh hưởng toàn bộ ống tiêu hóa. Biểu hiện ở dạ dày là tình trạng liệt dạ dày (Gastroparesis), gây đầy bụng, nôn ra thức ăn cũ. Chẩn đoán xác định Doc.aspx?sourcedoc={186352b6-90cf-40c9-ba19-ae84e248ef20}&action=vi… 10/11 liệt dạ dày dựa vào xét nghiệm đo thời gian tháo rỗng dạ dày bằng thức ăn gắn đồng vị phóng xạ (Scintigraphy)."
noi-tao-bon-case-20-4,noi,Táo bón,Tiêu hoá,"Bệnh nhân nam 55 tuổi, tiền sử đái tháo đường type 2 kiểm soát kém trong 15 năm, đã có biến chứng bệnh võng mạc và tê bì hai bàn chân. Vài tháng nay, bệnh nhân thường xuyên bị táo bón kéo dài, thỉnh thoảng có những đợt tiêu chảy cấp tính ngắn ngày không rõ nguyên nhân. Khám lâm sàng sinh hiệu bình thường. Bụng mềm, không đau khu trú, không sờ thấy u cục. Các xét nghiệm sinh hóa máu gan, thận bình thường. Nội soi đại tràng toàn bộ không ghi nhận bất thường niêm mạc hay khối u cơ học.",Phương pháp tiếp cận cốt lõi trong quản lý dài hạn tình trạng táo bón ở bệnh nhân này là gì?,Chỉ định thuốc ức chế miễn dịch Corticosteroid.,Tối ưu hóa kiểm soát đường huyết kết hợp nhuận tràng. https://onedrive.live.com/personal/2672550e42ddc7d4/_layouts/15,Rửa đại tràng định kỳ bằng dung dịch sát khuẩn.,Phẫu thuật cắt thần kinh phế vị chọn lọc.,,b,"Quản lý biến chứng tiêu hóa ở bệnh nhân tiểu đường là kiểm soát triệu chứng kết hợp với việc phòng ngừa bệnh tiến triển. Do đó, việc kiểm soát đường huyết chặt chẽ (đưa HbA1c về mục tiêu) là nền tảng, kết hợp với các thuốc nhuận tràng thẩm thấu/kích thích để giải quyết táo bón."
noi-tao-bon-case-20-5,noi,Táo bón,Tiêu hoá,"Bệnh nhân nam 55 tuổi, tiền sử đái tháo đường type 2 kiểm soát kém trong 15 năm, đã có biến chứng bệnh võng mạc và tê bì hai bàn chân. Vài tháng nay, bệnh nhân thường xuyên bị táo bón kéo dài, thỉnh thoảng có những đợt tiêu chảy cấp tính ngắn ngày không rõ nguyên nhân. Khám lâm sàng sinh hiệu bình thường. Bụng mềm, không đau khu trú, không sờ thấy u cục. Các xét nghiệm sinh hóa máu gan, thận bình thường. Nội soi đại tràng toàn bộ không ghi nhận bất thường niêm mạc hay khối u cơ học.","Khi sử dụng thuốc nhuận tràng thẩm thấu Lactulose kéo dài cho bệnh nhân này, cần lưu ý biến chứng chuyển hóa nào?",Gây tụt đường huyết cấp tính ban đêm.,Viêm tụy cấp do tăng triglycerid máu.,Gây tăng đông hình thành huyết khối tĩnh mạch.,"Trướng bụng, sinh hơi và có thể tăng nhẹ đường huyết.",,d,"Lactulose là một disaccharide tổng hợp (chứa galactose và fructose). Mặc dù ít được hấp thu vào máu, vi khuẩn đại tràng phân giải chúng tạo ra nhiều khí sinh học gây đầy hơi, trướng bụng. Ở bệnh nhân đái tháo đường, việc hấp thu một lượng nhỏ đường tự do từ thuốc vẫn có thể gây ảnh hưởng nhẹ đến đường huyết, cần được theo dõi. Doc.aspx?sourcedoc={186352b6-90cf-40c9-ba19-ae84e248ef20}&action=vi… 11/11"
