id,subject,chapter,group,case_stem,question,option_a,option_b,option_c,option_d,option_e,correct_answer,explanation
noi-xo-gan-mcq-001,noi,Xơ gan,Tiêu hoá,,Đặc trưng mô bệnh học cơ bản nhất để định nghĩa bệnh lý xơ gan là gì?,Viêm tế bào gan cấp tính lan tỏa,"Phá hủy cấu trúc tiểu thùy, tăng sinh xơ và hình thành hạt tân tạo",Lắng đọng mỡ trong tế bào gan trên 50% diện tích,Tắc nghẽn đường mật trong và ngoài gan,,b,"Xơ gan được định nghĩa bằng sự phá hủy cấu trúc thùy gan bình thường, thay thế bằng mô xơ và các hạt tái tạo. Nguồn: Bệnh học nội khoa YHN."
noi-xo-gan-mcq-002,noi,Xơ gan,Tiêu hoá,,Hội chứng não gan ở bệnh nhân xơ gan được định nghĩa là tình trạng nào sau đây?,Viêm màng não mủ do vi khuẩn xâm nhập từ dịch cổ trướng,Tổn thương thực thể tế bào thần kinh do độc tính của rượu,Suy giảm chức năng hệ thần kinh khả nghịch do rối loạn chuyển hóa,Sa sút trí tuệ không hồi phục ở người lớn tuổi suy gan,,c,"Hội chứng não gan là bệnh lý thần kinh - tâm thần do rối loạn chuyển hóa, có tính chất khả nghịch, xảy ra trên nền suy tế bào gan và/hoặc có shunt cửa - chủ. Nguồn: Bệnh học nội khoa YHN."
noi-xo-gan-mcq-003,noi,Xơ gan,Tiêu hoá,,Phát biểu nào sau đây định nghĩa ĐÚNG NHẤT về hội chứng gan thận?,Tổn thương thực thể tại cầu thận do phức hợp miễn dịch,Suy thận chức năng xảy ra trên nền suy gan và tăng áp lực tĩnh mạch cửa,Hoại tử ống thận cấp do sử dụng thuốc lợi tiểu kéo dài,Viêm đài bể thận tiến triển ở bệnh nhân có cổ trướng,,b,"Hội chứng gan thận là suy thận chức năng, cấu trúc thận hoàn toàn bình thường, biến chứng thường gặp ở người xơ gan cổ trướng. Nguồn: Bệnh học nội khoa YHN."
noi-xo-gan-mcq-004,noi,Xơ gan,Tiêu hoá,,Đặc điểm phân biệt chính giữa hội chứng gan thận tuýp 1 và tuýp 2 là gì?,"Tuýp 1 tiến triển nhanh chóng, tuýp 2 tiến triển từ từ với biểu hiện chính là cổ trướng kháng trị","Tuýp 1 do virus, tuýp 2 do rượu","Tuýp 1 có tổn thương siêu âm thận, tuýp 2 siêu âm bình thường","Tuýp 1 có protein niệu cao, tuýp 2 không có protein niệu",,a,"Tuýp 1 suy thận tiến triển cực nhanh (< 2 tuần) và tiên lượng xấu; tuýp 2 suy thận chậm hơn, nổi bật là cổ trướng kháng trị. Nguồn: Bệnh học nội khoa YHN."
noi-xo-gan-mcq-005,noi,Xơ gan,Tiêu hoá,,"Tại Việt Nam, nhóm nguyên nhân hàng đầu gây xơ gan dẫn tới các biến chứng não gan và gan thận là gì?",Viêm gan tự miễn và bệnh ứ đồng,Tắc mật nguyên phát và lạm dụng thuốc,Nhiễm virus viêm gan B mạn tính và lạm dụng rượu,Viêm gan virus A và suy tim phải mạn,,c,Dịch tễ học tại Việt Nam cho thấy virus viêm gan B và rượu là hai nguyên nhân phổ biến nhất gây xơ gan. Nguồn: Bệnh học nội khoa YHN.
noi-xo-gan-mcq-006,noi,Xơ gan,Tiêu hoá,,Thang điểm West Haven được sử dụng nhằm mục đích gì trong thực hành lâm sàng?,Phân loại mức độ suy tế bào gan,Phân loại kích thước giãn tĩnh mạch thực quản,Phân loại mức độ nghiêm trọng của hội chứng não gan,Đánh giá tiên lượng sống còn sau phẫu thuật của người xơ gan,,c,Tiêu chuẩn West Haven dùng để phân độ lâm sàng hội chứng não gan từ độ 0 (kín đáo) đến độ 4 (hôn mê). Nguồn: Bệnh học nội khoa YHN.
noi-xo-gan-mcq-007,noi,Xơ gan,Tiêu hoá,,Cơ chế sinh lý bệnh cốt lõi khởi phát hội chứng gan thận là gì?,Độc chất từ gan suy trực tiếp phá hủy tế bào ống thận,"Giãn tĩnh mạch nội tạng mạnh gây giảm thể tích máu động mạch hiệu dụng, dẫn tới co thắt mạch thận",Tăng áp lực ổ bụng do cổ trướng chèn ép niệu quản hai bên,Hình thành huyết khối vi mạch trong hệ thống mao mạch thận,,b,"Tăng áp tĩnh mạch cửa làm giãn mạch nội tạng, cơ thể bù trừ sự giảm thể tích hiệu dụng này bằng cách kích hoạt hệ RAAS gây co thắt động mạch thận quá mức. Nguồn: Bệnh học nội khoa YHN."
noi-xo-gan-mcq-008,noi,Xơ gan,Tiêu hoá,,Chất nào sau đây đóng vai trò trung tâm nhất trong cơ chế bệnh sinh của hội chứng não gan?,Acid uric,Amoniac,Creatinin,Bilirubin gián tiếp,,b,"Amoniac (NH3) không được gan chuyển hóa sẽ lên não, biến đổi thành glutamin gây phù tế bào hình sao và rối loạn chức năng thần kinh. Nguồn: Bệnh học nội khoa YHN."
noi-xo-gan-mcq-009,noi,Xơ gan,Tiêu hoá,,Đa số lượng Amoniac sinh ra trong cơ thể bệnh nhân xơ gan bắt nguồn từ đâu?,Quá trình thoái giáng cơ vân,Hoạt động phân hủy protein và ure của vi khuẩn tại đường ruột,Quá trình khử amin tại thận,Chu trình phân hủy hồng cầu tại lách,,b,"Vi khuẩn sinh urease ở đại tràng chuyển hóa protein từ thức ăn, máu chảy trong ruột thành lượng lớn amoniac. Nguồn: Bệnh học nội khoa YHN."
noi-xo-gan-mcq-010,noi,Xơ gan,Tiêu hoá,,Sự hiện diện của các luồng thông (shunt) cửa - chủ góp phần gây ra não gan theo cơ chế nào?,Đưa máu chứa độc tố từ ruột vào thẳng tuần hoàn hệ thống mà không qua sự khử độc của gan,Làm tăng áp lực thủy tĩnh trực tiếp lên màng não,Gây giãn mạch não kịch phát,Kích thích tăng sinh vi khuẩn ở ruột,,a,"Shunt cửa chủ làm máu rẽ nhánh, đi vòng qua gan, khiến các độc tố (như NH3) đi thẳng vào não gây ngộ độc thần kinh. Nguồn: Bệnh học nội khoa YHN."
noi-xo-gan-mcq-011,noi,Xơ gan,Tiêu hoá,,Yếu tố thúc đẩy phổ biến nhất làm khởi phát đột ngột hội chứng gan thận trên bệnh nhân xơ gan cổ trướng là gì?,Táo bón kéo dài,Ăn quá nhiều đạm động vật,Viêm phúc mạc nhiễm khuẩn tiên phát,Dùng thuốc giãn cơ vân,,c,"Nhiễm trùng, đặc biệt là viêm phúc mạc nhiễm khuẩn tiên phát (SBP), làm trầm trọng thêm tình trạng giãn mạch tạng và khởi phát HCGT. Nguồn: Bệnh học nội khoa YHN."
noi-xo-gan-mcq-012,noi,Xơ gan,Tiêu hoá,,Tác động sinh lý bệnh của biến chứng vỡ tĩnh mạch thực quản lên sự khởi phát hội chứng não gan là gì?,Máu trong đường ruột là nguồn cung cấp dồi dào protein cho vi khuẩn phân hủy sinh ra amoniac,Gây thiếu máu tưới máu thận dẫn đến ứ đọng ure,Làm suy giảm ngay lập tức số lượng tế bào gan sống sót,Gây phù não do pha loãng máu sau truyền dịch cấp cứu,,a,"Hồng cầu chứa nhiều protein, khi ứ đọng trong ruột sẽ bị hệ vi khuẩn chuyển hóa thành một lượng khổng lồ amoniac hấp thu vào máu. Nguồn: Bệnh học nội khoa YHN."
noi-xo-gan-mcq-013,noi,Xơ gan,Tiêu hoá,,Tại sao tình trạng hạ Kali máu - kiềm chuyển hóa (thường do dùng lợi tiểu) lại là yếu tố thúc đẩy hội chứng não gan?,Kích thích vi khuẩn ruột sinh trưởng mạnh hơn,Làm tăng tỷ lệ chuyển NH4+ thành dạng NH3 dễ dàng khuếch tán qua hàng rào máu não,Trực tiếp ức chế chu trình tổng hợp ure tại tế bào gan,Gây liệt ruột làm tăng thời gian lưu phân,,b,"Môi trường kiềm hóa làm dịch chuyển phương trình ion hóa, tăng dạng NH3 không mang điện tích tĩnh dễ dàng xuyên qua màng tế bào não. Nguồn: CURRENT 2026."
noi-xo-gan-mcq-014,noi,Xơ gan,Tiêu hoá,,"Nếu tiến hành sinh thiết một quả thận của bệnh nhân mắc hội chứng gan thận thuần túy, đặc điểm mô học dự kiến sẽ là gì?",Hoại tử ống thận lan tỏa,Xơ hóa cầu thận ổ cục bộ,Cấu trúc mô học thận hoàn toàn bình thường,Xâm nhập viêm mô kẽ dày đặc,,c,"HCGT là suy thận chức năng. Nếu đem thận của bệnh nhân này ghép cho người bình thường, thận sẽ hoạt động lại tốt. Nguồn: Bệnh học nội khoa YHN."
noi-xo-gan-mcq-015,noi,Xơ gan,Tiêu hoá,,Dấu hiệu lâm sàng sớm nhất và tinh tế nhất thường xuất hiện khi bệnh nhân bắt đầu vào hội chứng não gan độ 1 là gì?,Hôn mê sâu gọi hỏi không biết,"Đảo lộn nhịp ngủ (ngủ ngày, thức đêm)",Liệt nửa người đồng đều,Co giật cục bộ cơ mặt,,b,Rối loạn chu kỳ thức ngủ và giảm sự tập trung chú ý là những biểu hiện lâm sàng sớm nhất của não gan độ 1. Nguồn: Bệnh học nội khoa YHN.
noi-xo-gan-mcq-016,noi,Xơ gan,Tiêu hoá,,Thao tác khám lâm sàng nào sau đây dùng để phát hiện dấu hiệu rung giật cơ (Asterixis) trong hội chứng não gan?,Cho bệnh nhân nhắm mắt đứng chụm chân (Romberg),Yêu cầu bệnh nhân nhắm mắt và lấy ngón trỏ chỉ vào mũi,"Yêu cầu bệnh nhân duỗi hai tay ra trước, xòe và ưỡn tối đa các ngón tay",Gõ phản xạ gân xương bánh chè hai bên,,c,"Dấu hiệu Asterixis (flapping tremor) đặc trưng bởi sự mất trương lực cơ tư thế thoáng qua, khiến bàn tay rớt xuống rồi giật ngược lên khi đang cố ưỡn. Nguồn: Bệnh học nội khoa YHN."
noi-xo-gan-mcq-017,noi,Xơ gan,Tiêu hoá,,Biểu hiện tiết niệu điển hình ở bệnh nhân xơ gan xuất hiện hội chứng gan thận là gì?,Đa niệu do thận mất khả năng cô đặc,Tiểu máu đại thể kèm cơn đau quặn thận,Thiểu niệu tăng dần trên nền cổ trướng kháng trị,Tiểu nhiều bọt do protein niệu ngưỡng thận hư,,c,"Bệnh nhân HCGT thường biểu hiện bằng lượng nước tiểu giảm dần (thiểu niệu), đi kèm xơ gan mất bù rất nặng và cổ trướng căng to kháng thuốc. Nguồn: Bệnh học nội khoa YHN."
noi-xo-gan-mcq-018,noi,Xơ gan,Tiêu hoá,,"Để chẩn đoán phân biệt hội chứng gan thận với suy thận trước thận do giảm thể tích (ví dụ do dùng quá liều lợi tiểu), nghiệm pháp lâm sàng nào được sử dụng?",Đặt sonde tiểu theo dõi lượng nước tiểu mỗi giờ,Ngừng lợi tiểu và truyền bù thể tích bằng Albumin trong 48 giờ,Dùng thêm Furosemid liều cao đường tĩnh mạch,Cho bệnh nhân uống 2 lít nước lọc trong 2 giờ,,b,Suy thận do thiếu dịch sẽ cải thiện chức năng thận sau khi bù đủ thể tích (bằng Albumin tĩnh mạch). HCGT thì không có sự cải thiện này. Nguồn: CURRENT 2026.
noi-xo-gan-mcq-019,noi,Xơ gan,Tiêu hoá,,"Trong chẩn đoán phân biệt, đặc điểm cặn nước tiểu nào sau đây giúp hướng tới hội chứng gan thận chứ KHÔNG phải hoại tử ống thận cấp (ATN)?",Nước tiểu chứa nhiều trụ hạt màu nâu (muddy brown casts),Nước tiểu hoàn toàn bình thường hoặc chỉ có trụ trong,Nước tiểu có nhiều bạch cầu đa nhân,Nước tiểu chứa nhiều hồng cầu biến dạng,,b,"Do HCGT là tổn thương chức năng, ống thận còn nguyên vẹn nên cặn nước tiểu khá sạch. Trụ bùn nâu hạt là dấu ấn đặc trưng của ATN. Nguồn: Bệnh học nội khoa YHN."
noi-xo-gan-mcq-020,noi,Xơ gan,Tiêu hoá,,"Khi khám lâm sàng một bệnh nhân nghi ngờ có hội chứng não gan, nhóm dấu hiệu nào sau đây chứng tỏ bệnh nhân có suy tế bào gan nghiêm trọng?",Lách to dưới bờ sườn 4cm,Tuần hoàn bàng hệ kiểu cửa chủ ở bụng,"Vàng da sậm, sao mạch, lòng bàn tay son",Giãn tĩnh mạch trực tràng,,c,"Vàng da, sao mạch, bàn tay son là hệ quả của suy giảm chức năng gan (giảm đào thải bilirubin, ứ đọng estrogen). Lách to và bàng hệ là do tăng áp tĩnh mạch cửa. Nguồn: Bệnh học nội khoa YHN."
noi-xo-gan-mcq-021,noi,Xơ gan,Tiêu hoá,,"Theo phân loại West Haven, bệnh nhân xơ gan có tình trạng ngủ gà, lú lẫn rõ, mất định hướng không gian và thời gian, nhưng lay gọi vẫn mở mắt đáp ứng được thuộc mức độ nào?",Độ 1,Độ 2,Độ 3,Độ 4,,c,"Não gan độ 3 đặc trưng bởi trạng thái ngủ gà (somnolence) nhưng còn đánh thức được, kèm lú lẫn nặng và mất định hướng rõ rệt. Độ 4 là hôn mê. Nguồn: Bệnh học nội khoa YHN."
noi-xo-gan-mcq-022,noi,Xơ gan,Tiêu hoá,,Dấu hiệu hơi thở mùi gan (Fetor hepaticus) trong não gan sinh ra do sự tích tụ của hợp chất nào?,Các hợp chất bay hơi chứa lưu huỳnh (mercaptan),Acid lactic do chuyển hóa yếm khí,Thể ceton sinh ra từ thoái hóa lipid,Ure huyết trong tuần hoàn,,a,"Hơi thở mùi gan có mùi ngòn ngọt, ẩm mốc, đặc trưng do các chất như dimethyl sulfide không được gan chuyển hóa và đào thải qua phổi. Nguồn: Bệnh học nội khoa YHN."
noi-xo-gan-mcq-023,noi,Xơ gan,Tiêu hoá,,Đặc điểm lâm sàng chính của hội chứng não gan kín đáo (Minimal Hepatic Encephalopathy) là gì?,Bệnh nhân có dấu hiệu rung giật cơ nhẹ nhưng hoàn toàn tỉnh táo,"Không có triệu chứng trên lâm sàng, chỉ phát hiện bất thường qua các bài test tâm thần kinh chuyên biệt",Bệnh nhân có cơn co giật thoảng qua,Bệnh nhân thường xuyên kêu đau đầu dữ dội,,b,"Não gan kín đáo biểu hiện bình thường khi thăm khám thông thường, nhưng khi làm các bài kiểm tra nhận thức - vận động (như test nối số) sẽ thấy bị chậm chạp suy giảm. Nguồn: Bệnh học nội khoa YHN."
noi-xo-gan-mcq-024,noi,Xơ gan,Tiêu hoá,,Cần chẩn đoán phân biệt não gan với hội chứng cai rượu (sảng run) trên bệnh nhân xơ gan do rượu. Triệu chứng nào rất nổi bật ở sảng run nhưng hiếm gặp trong não gan?,Rối loạn ý thức dạng ngủ gà,Chậm chạp tâm thần vận động,Rung giật cơ tư thế,"Ảo giác thị giác, vã mồ hôi, vật vã kích động mạnh",,d,"Sảng run nổi bật với trạng thái cường giao cảm (mạch nhanh, vã mồ hôi), kích động và ảo giác. Não gan thiên về biểu hiện ức chế hệ thần kinh (ngủ gà, lú lẫn chậm chạp). Nguồn: Bệnh học nội khoa YHN."
noi-xo-gan-mcq-025,noi,Xơ gan,Tiêu hoá,,Một bệnh nhân xơ gan đột ngột xuất hiện liệt nửa người trái kín đáo. Nhận định nào sau đây là ĐÚNG về dấu thần kinh khu trú trong hội chứng não gan?,Liệt nửa người là dấu hiệu kinh điển của não gan độ 3,"Dấu thần kinh khu trú rất hiếm gặp, cần chỉ định chụp cắt lớp sọ não để loại trừ các biến chứng cấu trúc (như xuất huyết não)",Luôn đi kèm với hội chứng màng não,Chắc chắn bệnh nhân bị u não di căn,,b,"Não gan là bệnh lý não chuyển hóa toàn thể, hiếm khi gây dấu khu trú. Nếu có liệt, phải chụp sọ não để loại trừ tai biến mạch máu não do rối loạn đông máu ở người xơ gan. Nguồn: Bệnh học nội khoa YHN."
noi-xo-gan-mcq-026,noi,Xơ gan,Tiêu hoá,,Triệu chứng nào KHÔNG phù hợp với diễn biến của hội chứng gan thận tuýp 1?,Creatinin máu tăng gấp đôi trong thời gian dưới 2 tuần,Lượng nước tiểu giảm dần xuống dưới 500 ml/ngày,Bệnh nhân có các biểu hiện của suy gan tối cấp hoặc mất bù nặng,Chức năng thận ổn định kéo dài nhiều năm dù có cổ trướng,,d,"Sự ổn định chức năng thận lâu dài trái ngược hoàn toàn với bản chất tiến triển kịch phát, suy giảm nhanh chóng của HCGT tuýp 1. Nguồn: CURRENT 2026."
noi-xo-gan-mcq-027,noi,Xơ gan,Tiêu hoá,,"Theo tiêu chuẩn của Câu lạc bộ Cổ trướng Quốc tế (ICA), tiêu chí nào sau đây đánh dấu sự xuất hiện của tổn thương thận cấp (AKI) trên bệnh nhân xơ gan?",Creatinin huyết thanh > 1.5 mg/dL đo tại một thời điểm duy nhất,Độ thanh thải creatinin giảm xuống dưới 15 ml/phút,Tăng creatinin máu ≥ 0.3 mg/dL trong 48 giờ hoặc tăng ≥ 50% so với mức nền trong 7 ngày,Kali máu tăng > 6.5 mmol/L,,c,"Tiêu chuẩn ICA-AKI hiện nay dùng động học creatinin để chẩn đoán sớm tổn thương thận, bỏ tiêu chuẩn mốc tĩnh > 1.5 mg/dL cũ. Nguồn: CURRENT 2026."
noi-xo-gan-mcq-028,noi,Xơ gan,Tiêu hoá,,"Trong các tiêu chuẩn chẩn đoán hội chứng gan thận (ICA-AKI), điều kiện về thời gian ngừng lợi tiểu và bù albumin không đáp ứng là bao lâu?",Sau 12 giờ,Sau 24 giờ,Sau 48 giờ,Sau 7 ngày,,c,Tiêu chuẩn bắt buộc là không có sự cải thiện creatinin máu (không trở về mức ≤ 0.3 mg/dL so với nền) sau ít nhất 48 giờ ngừng lợi tiểu và bù albumin (1g/kg/ngày). Nguồn: CURRENT 2026.
noi-xo-gan-mcq-029,noi,Xơ gan,Tiêu hoá,,Chỉ số sinh hóa nào trong nước tiểu có giá trị cao giúp phân biệt hội chứng gan thận với hoại tử ống thận cấp?,Nồng độ Ure niệu > 100 mmol/L,Nồng độ Natri niệu < 10 mEq/L,Nồng độ Kali niệu > 40 mEq/L,Nồng độ Glucose niệu dương tính,,b,"Ống thận trong HCGT hoạt động bình thường, phản ứng lại tình trạng giảm thể tích hiệu dụng bằng cách tăng tái hấp thu natri tối đa, làm natri niệu rất thấp (< 10 mEq/L). Nguồn: Bệnh học nội khoa YHN."
noi-xo-gan-mcq-030,noi,Xơ gan,Tiêu hoá,,Tiêu chuẩn chẩn đoán hội chứng gan thận yêu cầu mức protein niệu phải như thế nào để loại trừ bệnh lý cầu thận thực thể?,< 500 mg/ngày,< 1000 mg/ngày,< 3000 mg/ngày,Hoàn toàn không có vết protein,,a,Một trong các tiêu chuẩn loại trừ tổn thương nhu mô thận của ICA là Protein niệu phải < 500 mg/ngày và không có vi đái máu (< 50 hồng cầu/vi trường). Nguồn: Bệnh học nội khoa YHN.
noi-xo-gan-mcq-031,noi,Xơ gan,Tiêu hoá,,Xét nghiệm phân số bài xuất natri (FENa) trong hội chứng gan thận điển hình thường ở mức nào?,FENa > 2%,FENa từ 1% đến 2%,FENa < 1%,FENa > 5%,,c,"Tương tự như suy thận trước thận, FENa trong HCGT < 1% phản ánh sự nguyên vẹn của ống thận và cơ chế giữ muối nước bù trừ do giảm tưới máu thận. Nguồn: Bệnh học nội khoa YHN."
noi-xo-gan-mcq-032,noi,Xơ gan,Tiêu hoá,,Rối loạn điện giải máu nào rất phổ biến ở bệnh nhân hội chứng gan thận do sự tăng tiết ADH không thích hợp?,Tăng natri máu ưu trương,Hạ natri máu pha loãng,Tăng canxi máu,Hạ photpho máu,,b,"Sự giãn mạch nội tạng mạnh kích thích tiết ADH gây giữ nước tự do nhiều hơn giữ natri, dẫn đến hạ natri máu, tiên lượng tình trạng bệnh nặng. Nguồn: Bệnh học nội khoa YHN."
noi-xo-gan-mcq-033,noi,Xơ gan,Tiêu hoá,,Điện não đồ (EEG) của bệnh nhân có hội chứng não gan thường hiển thị đặc điểm điển hình nào?,Các sóng chậm biên độ cao và sóng ba pha lan tỏa,Các sóng gai nhọn liên tục cục bộ ở thùy thái dương,Đoạn đẳng điện xen kẽ sóng nhanh,Hoàn toàn bình thường ở tất cả các giai đoạn,,a,"Điện não trong não gan điển hình có sự chậm lại của tần số nền, xuất hiện sóng theta, delta và đặc biệt là sóng ba pha (triphasic waves) đối xứng. Nguồn: Bệnh học nội khoa YHN."
noi-xo-gan-mcq-034,noi,Xơ gan,Tiêu hoá,,Vai trò của định lượng nồng độ Amoniac (NH3) trong máu tĩnh mạch đối với chẩn đoán hội chứng não gan là gì?,Là tiêu chuẩn vàng duy nhất để chẩn đoán xác định bệnh,Mức độ tăng NH3 luôn tương quan tuyến tính với mức độ hôn mê,Không có giá trị vì NH3 luôn bình thường trong xơ gan,"Thường tăng, nhưng nồng độ không tương quan chặt chẽ với độ nặng lâm sàng nên không dùng để phân độ",,d,"Nhiều bệnh nhân xơ gan có NH3 tăng cao nhưng không có biểu hiện não gan, và ngược lại. Do đó chẩn đoán và phân độ não gan dựa chủ yếu vào khám lâm sàng. Nguồn: CURRENT 2026."
noi-xo-gan-mcq-035,noi,Xơ gan,Tiêu hoá,,Siêu âm hệ tiết niệu ở bệnh nhân hội chứng gan thận dùng để làm gì và kết quả thường như thế nào?,"Để chẩn đoán xác định HCGT, thường thấy hình ảnh thận to ứ nước","Để loại trừ bệnh lý tắc nghẽn, thường thấy hình ảnh siêu âm cấu trúc thận bình thường","Để tìm khối u thận, thường thấy hình khối tăng âm đa ổ","Để đo lưu lượng nước tiểu trong bàng quang, luôn thấy bàng quang căng đầy",,b,"Siêu âm là tiêu chuẩn bắt buộc nhằm loại trừ bệnh lý thận thực thể và tắc nghẽn sau thận. Trong HCGT, hình ảnh nhu mô và đài bể thận hoàn toàn bình thường. Nguồn: Bệnh học nội khoa YHN."
noi-xo-gan-mcq-036,noi,Xơ gan,Tiêu hoá,,"Thang điểm Child-Pugh dùng để đánh giá mức độ suy tế bào gan ở bệnh nhân xơ gan, KHÔNG bao gồm chỉ số cận lâm sàng nào sau đây?",Nồng độ Bilirubin máu,Nồng độ Albumin máu,Nồng độ Creatinin máu,Tỷ lệ Prothrombin (PT) hoặc INR,,c,"Creatinin máu không nằm trong thang điểm Child-Pugh (chỉ gồm Bil, Alb, PT, Cổ trướng, Não gan). Creatinin được dùng trong thang điểm MELD. Nguồn: Bệnh học nội khoa YHN."
noi-xo-gan-mcq-037,noi,Xơ gan,Tiêu hoá,,Thuốc nào sau đây là chỉ định đầu tay (first-line) trong điều trị hội chứng não gan?,Thuốc kháng sinh phổ rộng nhóm Carbapenem,Disaccharide tổng hợp không hấp thu (Lactulose),Dung dịch Acid amin phân nhánh truyền tĩnh mạch,Thuốc đồng vận thụ thể Benzodiazepine,,b,"Lactulose là thuốc nền tảng rẻ, an toàn và hiệu quả, vừa giúp nhuận tràng đẩy độc tố ra ngoài, vừa toan hóa phân để hạn chế hấp thu NH3. Nguồn: CURRENT 2026."
noi-xo-gan-mcq-038,noi,Xơ gan,Tiêu hoá,,Cơ chế tác dụng chính của Lactulose trong điều trị hội chứng não gan là gì?,Trực tiếp tiêu diệt vi khuẩn đường ruột,Gắn trực tiếp vào amoniac trong máu tĩnh mạch cửa,"Vi khuẩn lên men thuốc tạo môi trường axit, chuyển NH3 thành ion NH4+ không hấp thu được",Kích thích tế bào gan tổng hợp ure nhanh hơn,,c,"Lactulose bị vi khuẩn ruột phân giải thành acid hữu cơ làm giảm pH đại tràng, khiến NH3 (dễ hấp thu) chuyển hóa thành NH4+ (ion hóa, khó hấp thu) và thải ra theo phân. Nguồn: Bệnh học nội khoa YHN."
noi-xo-gan-mcq-039,noi,Xơ gan,Tiêu hoá,,"Khi sử dụng Lactulose điều trị hội chứng não gan, bác sĩ cần điều chỉnh liều thuốc để đạt được mục tiêu lâm sàng nào?",Bệnh nhân đi ngoài tiêu chảy phân nước > 5 lần/ngày,Bệnh nhân đi ngoài 2-3 lần phân mềm mỗi ngày,Bệnh nhân không đi ngoài để tránh mất nước,Nồng độ amoniac máu giảm về mức số 0 tuyệt đối,,b,"Mục tiêu chuẩn độ liều lactulose là 2-3 lần đại tiện phân mềm mỗi ngày. Tiêu chảy quá mức sẽ gây mất nước, rối loạn điện giải và làm nặng thêm bệnh. Nguồn: Bệnh học nội khoa YHN."
noi-xo-gan-mcq-040,noi,Xơ gan,Tiêu hoá,,"Nếu bệnh nhân không đáp ứng tốt với Lactulose, Rifaximin có thể được phối hợp thêm. Cơ chế của Rifaximin là gì?",Kháng sinh khuếch tán vào dịch não tủy tiêu diệt vi khuẩn ở não,"Kháng sinh ít hấp thu, tập trung ở lòng ruột diệt hệ vi khuẩn sinh amoniac",Thuốc băng niêm mạc ruột chống tiêu chảy,Chất kích thích nhu động ruột mạnh mẽ,,b,"Rifaximin là kháng sinh phổ rộng nhưng sinh khả dụng toàn thân cực thấp (<1%), tác dụng tại chỗ ở lòng đại tràng nhằm giảm quần thể vi khuẩn sinh urease. Nguồn: CURRENT 2026."
noi-xo-gan-mcq-041,noi,Xơ gan,Tiêu hoá,,"Đối với bệnh nhân đang có đợt cấp hội chứng não gan, chế độ dinh dưỡng cần được điều chỉnh như thế nào là phù hợp nhất?",Cấm tuyệt đối mọi nguồn protein trong suốt thời gian nằm viện,"Ưu tiên sử dụng protein nguồn gốc thực vật hoặc từ sữa, không cắt giảm protein hoàn toàn quá lâu",Tăng gấp đôi lượng thịt đỏ để bù đắp cơ bắp,Chỉ nuôi dưỡng tĩnh mạch bằng dung dịch lipid,,b,"Kiêng đạm hoàn toàn kéo dài gây dị hóa cơ vân (làm tăng thêm NH3). Nên dùng đạm thực vật và sữa vì chúng chứa ít acid amin sinh thơm, nhiều chất xơ giúp nhuận tràng. Nguồn: Bệnh học nội khoa YHN."
noi-xo-gan-mcq-042,noi,Xơ gan,Tiêu hoá,,Phác đồ nội khoa nào sau đây được coi là điều trị chuẩn mực và hiệu quả nhất cho hội chứng gan thận tuýp 1 ở bệnh nhân đang hồi sức?,Furosemid liều cao tĩnh mạch kết hợp Spironolactone,Terlipressin truyền tĩnh mạch kết hợp truyền Albumin,Noradrenalin kết hợp với bù dung dịch muối sinh lý,Dopamin liều thận truyền tĩnh mạch,,b,"Phối hợp Terlipressin (co mạch tạng mạnh) và Albumin (tăng thể tích hiệu dụng) giúp đảo ngược cơ chế sinh lý bệnh của HCGT, cải thiện tưới máu thận đáng kể. Nguồn: CURRENT 2026."
noi-xo-gan-mcq-043,noi,Xơ gan,Tiêu hoá,,Thuốc Terlipressin tác động cải thiện chức năng thận trong hội chứng gan thận thông qua cơ chế nào?,Giãn động mạch thận trực tiếp làm tăng tưới máu cầu thận,Kích thích co bóp cơ tim tăng lưu lượng tuần hoàn,"Kích thích thụ thể V1 gây co thắt các tĩnh mạch nội tạng đang giãn nở, làm tăng thể tích máu động mạch hiệu dụng",Ức chế cạnh tranh với thụ thể Aldosteron tại ống lượn xa,,c,"Terlipressin là thuốc tương tự vasopressin, làm co mạch nội tạng thông qua thụ thể V1, từ đó chuyển dịch máu về tuần hoàn trung tâm và cải thiện tưới máu thận. Nguồn: Bệnh học nội khoa YHN."
noi-xo-gan-mcq-044,noi,Xơ gan,Tiêu hoá,,"Do cơ chế tác dụng đặc thù, Terlipressin thường bị chống chỉ định (hoặc dùng cực kỳ thận trọng) ở đối tượng bệnh nhân nào?",Bệnh nhân có tiền sử hen phế quản,Bệnh nhân có bệnh lý mạch vành nặng hoặc thiếu máu cục bộ cơ tim,Bệnh nhân có loét dạ dày tá tràng,Bệnh nhân có tiền sử sỏi thận,,b,"Tác dụng co cơ trơn mạch máu mạnh của Terlipressin có thể gây co thắt mạch vành, dẫn đến đau thắt ngực, rối loạn nhịp hoặc nhồi máu cơ tim. Nguồn: Bệnh học nội khoa YHN."
noi-xo-gan-mcq-045,noi,Xơ gan,Tiêu hoá,,"Nếu không có sẵn Terlipressin, phác đồ dùng thuốc co mạch nào có thể được cân nhắc thay thế trong điều trị hội chứng gan thận?",Adrenalin tiêm bắp,Thuốc chẹn beta giao cảm Propranolol,Truyền tĩnh mạch Noradrenaline hoặc uống Midodrine kết hợp tiêm Octreotide,Thuốc giãn mạch Nitroglycerin,,c,Noradrenaline (ở ICU) hoặc phác đồ Midodrine (co mạch alpha) phối hợp Octreotide (giảm tiết peptide giãn mạch) là các lựa chọn thay thế hợp lý khi không có Terlipressin. Nguồn: CURRENT 2026.
noi-xo-gan-mcq-046,noi,Xơ gan,Tiêu hoá,,"Phương pháp điều trị nào sau đây là triệt để nhất, vừa giải quyết được tình trạng xơ gan suy gan, vừa phục hồi hoàn toàn chức năng thận trong hội chứng gan thận?",Lọc máu liên tục (CRRT),Phẫu thuật tạo luồng thông cửa chủ (TIPS),Phẫu thuật ghép gan,Cắt bỏ lách,,c,"Vì HCGT là tổn thương thận chức năng do gan suy, ghép gan là phương pháp duy nhất chữa khỏi dứt điểm nguyên nhân gốc rễ, giúp chức năng thận phục hồi. Nguồn: Bệnh học nội khoa YHN."
noi-xo-gan-mcq-047,noi,Xơ gan,Tiêu hoá,,"Trên bệnh nhân xơ gan có hội chứng gan thận, nếu thực hiện thủ thuật tạo luồng thông cửa chủ trong gan (TIPS), nguy cơ biến chứng nào sau đây sẽ tăng lên đáng kể?",Xuất huyết tiêu hóa do vỡ giãn tĩnh mạch,Hội chứng não gan,Ung thư tế bào gan nguyên phát,Viêm túi mật cấp,,b,"TIPS tạo một ống thông máu trực tiếp từ tĩnh mạch cửa sang tĩnh mạch chủ (bỏ qua gan), làm độc tố từ ruột ồ ạt vào não, do đó làm tăng mạnh nguy cơ não gan. Nguồn: Bệnh học nội khoa YHN."
noi-xo-gan-mcq-048,noi,Xơ gan,Tiêu hoá,,"Trong quá trình truyền Terlipressin điều trị hội chứng gan thận, bác sĩ bắt buộc phải ngừng hoặc giảm liều thuốc ngay lập tức nếu bệnh nhân xuất hiện triệu chứng nào?",Đau thắt ngực hoặc tím tái hoại tử các đầu ngón tay chân,Bệnh nhân đi tiểu được 1500 ml/ngày,Bệnh nhân đi ngoài phân đen,Nhịp tim giảm từ 100 xuống 80 lần/phút,,a,"Đau ngực, tím chi là biểu hiện thiếu máu cục bộ do tác dụng phụ co mạch quá mức của Terlipressin, là dấu hiệu báo động cần ngừng thuốc ngay. Nguồn: Bệnh học nội khoa YHN."
noi-xo-gan-mcq-049,noi,Xơ gan,Tiêu hoá,,"Nếu không được can thiệp điều trị đặc hiệu bằng thuốc co mạch hoặc ghép gan, tiên lượng của bệnh nhân mắc hội chứng gan thận tuýp 1 sẽ như thế nào?",Bệnh tự thoái lui hoàn toàn sau 1-2 tháng,Bệnh nhân có thể sống kéo dài 5-10 năm nhưng phải chạy thận nhân tạo chu kỳ,"Diễn biến suy thận cực nhanh và thời gian sống trung bình rất ngắn, thường tử vong trong vòng 2-4 tuần",Chuyển thành hoại tử ống thận cấp nhưng không tử vong,,c,"HCGT tuýp 1 là một cấp cứu nội khoa có tiên lượng tồi tệ nhất ở người xơ gan, thời gian sống còn trung bình nếu không điều trị đặc hiệu chỉ tính bằng vài tuần. Nguồn: CURRENT 2026."
noi-xo-gan-mcq-050,noi,Xơ gan,Tiêu hoá,,"Ở những bệnh nhân xơ gan sống sót qua rất nhiều đợt hội chứng não gan tái diễn dai dẳng, biến chứng thần kinh mạn tính nào KHÔNG hồi phục có thể xảy ra?",Viêm màng não mủ tái diễn,"Bệnh thoái hóa gan não với các biểu hiện ngoại tháp (run, cứng đơ kiểu Parkinson) vĩnh viễn",Xơ cứng cột bên teo cơ,Viêm đa dây thần kinh ngoại biên,,b,"Tình trạng nhiễm độc amoniac và lắng đọng mangan mạn tính ở hạch nền có thể gây thoái hóa gan não (Hepatocerebral degeneration), dẫn đến tổn thương cấu trúc vĩnh viễn dù chức năng gan có cải thiện. Nguồn: CURRENT 2026."
noi-xo-gan-case-1-1,noi,Xơ gan,Tiêu hoá,"Bệnh nhân nam 58 tuổi, làm nghề nông, có tiền sử uống rượu nhiều (khoảng 250ml rượu trắng mỗi ngày) trong hơn 20 năm, vào viện vì bụng chướng căng và sốt. Bệnh diễn tiến khoảng 1 tuần nay, bệnh nhân thấy bụng ngày càng to ra, khó thở, ăn uống kém, mệt mỏi nhiều, kèm theo sốt 38.5°C và lơ mơ, trả lời chậm. Tiền sử chưa ghi nhận bệnh gan trước đây. Khám lâm sàng bệnh nhân tỉnh, tiếp xúc chậm, có dấu hiệu run vẫy (asterixis). Sinh hiệu: mạch 100 lần/phút, huyết áp 90/60 mmHg, nhiệt độ 38.2°C, SpO2 96% khí trời, BMI 22 kg/m2. Khám thấy da củng mạc mắt vàng nhẹ, có nhiều sao mạch ở ngực, lòng bàn tay son. Bụng chướng căng, tuần hoàn bàng hệ kiểu cửa chủ, gõ đục vùng thấp, dấu hiệu sóng vỗ dương tính. Gan lách khó sờ do bụng chướng. Phù nhẹ hai chi dưới. Khám thần kinh không có dấu hiệu khu trú. Cận lâm sàng: Hemoglobin 105 g/L, bạch cầu 12.5 G/L (neutrophil 85%), tiểu cầu 85 G/L; Na+ 128 mmol/L; Creatinin 110 µmol/L; Albumin máu 25 g/L; Bilirubin toàn phần 55 µmol/L; PT(INR) 1.8. Chọc dịch màng bụng cho thấy dịch màu vàng chanh, hơi đục; xét nghiệm dịch có bạch cầu 800/mm3 (neutrophil 80%), Albumin dịch màng bụng 8 g/L.",Chẩn đoán biến chứng cấp tính nào là phù hợp nhất với tình trạng của bệnh nhân?,Viêm phúc mạc nhiễm khuẩn tiên phát.,Xuất huyết tiêu hóa do vỡ giãn tĩnh mạch thực quản.,Ung thư biểu mô tế bào gan.,Hội chứng gan thận.,,a,"Bệnh nhân có biểu hiện của xơ gan mất bù (vàng da, cổ trướng) kèm theo sốt, đau bụng (không rõ ràng) và thay đổi ý thức. Chọc dịch màng bụng thấy số lượng bạch cầu đa nhân trung tính > 250/mm3 (800 x 80% = 640) là tiêu chuẩn vàng để chẩn đoán Viêm phúc mạc nhiễm khuẩn tiên phát (SBP)."
noi-xo-gan-case-1-2,noi,Xơ gan,Tiêu hoá,"Bệnh nhân nam 58 tuổi, làm nghề nông, có tiền sử uống rượu nhiều (khoảng 250ml rượu trắng mỗi ngày) trong hơn 20 năm, vào viện vì bụng chướng căng và sốt. Bệnh diễn tiến khoảng 1 tuần nay, bệnh nhân thấy bụng ngày càng to ra, khó thở, ăn uống kém, mệt mỏi nhiều, kèm theo sốt 38.5°C và lơ mơ, trả lời chậm. Tiền sử chưa ghi nhận bệnh gan trước đây. Khám lâm sàng bệnh nhân tỉnh, tiếp xúc chậm, có dấu hiệu run vẫy (asterixis). Sinh hiệu: mạch 100 lần/phút, huyết áp 90/60 mmHg, nhiệt độ 38.2°C, SpO2 96% khí trời, BMI 22 kg/m2. Khám thấy da củng mạc mắt vàng nhẹ, có nhiều sao mạch ở ngực, lòng bàn tay son. Bụng chướng căng, tuần hoàn bàng hệ kiểu cửa chủ, gõ đục vùng thấp, dấu hiệu sóng vỗ dương tính. Gan lách khó sờ do bụng chướng. Phù nhẹ hai chi dưới. Khám thần kinh không có dấu hiệu khu trú. Cận lâm sàng: Hemoglobin 105 g/L, bạch cầu 12.5 G/L (neutrophil 85%), tiểu cầu 85 G/L; Na+ 128 mmol/L; Creatinin 110 µmol/L; Albumin máu 25 g/L; Bilirubin toàn phần 55 µmol/L; PT(INR) 1.8. Chọc dịch màng bụng cho thấy dịch màu vàng chanh, hơi đục; xét nghiệm dịch có bạch cầu 800/mm3 (neutrophil 80%), Albumin dịch màng bụng 8 g/L.",Cơ chế chính gây ra tình trạng cổ trướng ở bệnh nhân xơ gan là gì?,Tăng áp lực thủy tĩnh trong mao mạch hệ thống.,Tắc nghẽn hệ thống bạch huyết trong ổ bụng.,Tăng áp lực tĩnh mạch cửa và giảm áp lực keo do giảm albumin máu.,Tăng tính thấm thành mạch do nhiễm độc rượu.,,c,"Trong xơ gan, sự xơ hóa và tái cấu trúc gan làm tăng kháng lực dòng máu qua gan, gây tăng áp lực tĩnh mạch cửa. Điều này làm tăng áp lực thủy tĩnh trong các mao mạch mạc treo. Đồng thời, gan suy giảm chức năng tổng hợp albumin, làm giảm áp lực keo trong lòng mạch. Cả hai yếu tố này cùng với sự hoạt hóa hệ Renin-Angiotensin-Aldosterone gây giữ muối nước, đã thúc đẩy sự thoát dịch vào khoang phúc mạc."
noi-xo-gan-case-1-3,noi,Xơ gan,Tiêu hoá,"Bệnh nhân nam 58 tuổi, làm nghề nông, có tiền sử uống rượu nhiều (khoảng 250ml rượu trắng mỗi ngày) trong hơn 20 năm, vào viện vì bụng chướng căng và sốt. Bệnh diễn tiến khoảng 1 tuần nay, bệnh nhân thấy bụng ngày càng to ra, khó thở, ăn uống kém, mệt mỏi nhiều, kèm theo sốt 38.5°C và lơ mơ, trả lời chậm. Tiền sử chưa ghi nhận bệnh gan trước đây. Khám lâm sàng bệnh nhân tỉnh, tiếp xúc chậm, có dấu hiệu run vẫy (asterixis). Sinh hiệu: mạch 100 lần/phút, huyết áp 90/60 mmHg, nhiệt độ 38.2°C, SpO2 96% khí trời, BMI 22 kg/m2. Khám thấy da củng mạc mắt vàng nhẹ, có nhiều sao mạch ở ngực, lòng bàn tay son. Bụng chướng căng, tuần hoàn bàng hệ kiểu cửa chủ, gõ đục vùng thấp, dấu hiệu sóng vỗ dương tính. Gan lách khó sờ do bụng chướng. Phù nhẹ hai chi dưới. Khám thần kinh không có dấu hiệu khu trú. Cận lâm sàng: Hemoglobin 105 g/L, bạch cầu 12.5 G/L (neutrophil 85%), tiểu cầu 85 G/L; Na+ 128 mmol/L; Creatinin 110 µmol/L; Albumin máu 25 g/L; Bilirubin toàn phần 55 µmol/L; PT(INR) 1.8. Chọc dịch màng bụng cho thấy dịch màu vàng chanh, hơi đục; xét nghiệm dịch có bạch cầu 800/mm3 (neutrophil 80%), Albumin dịch màng bụng 8 g/L.",Chỉ số SAAG (Serum-Ascites Albumin Gradient) của bệnh nhân này là bao nhiêu và nó gợi ý điều gì?,"8 g/L (tương đương 0.8 g/dL), gợi ý nguyên nhân do hội chứng thận hư.","17 g/L (tương đương 1.7 g/dL), gợi ý nguyên nhân do tăng áp lực tĩnh mạch cửa.","33 g/L (tương đương 3.3 g/dL), gợi ý nguyên nhân do viêm phúc mạc lao.","25 g/L (tương đương 2.5 g/dL), gợi ý nguyên nhân do suy tim.",,b,"SAAG được tính bằng cách lấy Albumin huyết thanh trừ đi Albumin dịch màng bụng. SAAG = 25 g/L - 8 g/L = 17 g/L (tương đương 1.7 g/dL). Khi SAAG ≥ 1.1 g/dL (tương đương 11 g/L), nguyên nhân gây cổ trướng rất có khả năng là do tăng áp lực tĩnh mạch cửa."
noi-xo-gan-case-1-4,noi,Xơ gan,Tiêu hoá,"Bệnh nhân nam 58 tuổi, làm nghề nông, có tiền sử uống rượu nhiều (khoảng 250ml rượu trắng mỗi ngày) trong hơn 20 năm, vào viện vì bụng chướng căng và sốt. Bệnh diễn tiến khoảng 1 tuần nay, bệnh nhân thấy bụng ngày càng to ra, khó thở, ăn uống kém, mệt mỏi nhiều, kèm theo sốt 38.5°C và lơ mơ, trả lời chậm. Tiền sử chưa ghi nhận bệnh gan trước đây. Khám lâm sàng bệnh nhân tỉnh, tiếp xúc chậm, có dấu hiệu run vẫy (asterixis). Sinh hiệu: mạch 100 lần/phút, huyết áp 90/60 mmHg, nhiệt độ 38.2°C, SpO2 96% khí trời, BMI 22 kg/m2. Khám thấy da củng mạc mắt vàng nhẹ, có nhiều sao mạch ở ngực, lòng bàn tay son. Bụng chướng căng, tuần hoàn bàng hệ kiểu cửa chủ, gõ đục vùng thấp, dấu hiệu sóng vỗ dương tính. Gan lách khó sờ do bụng chướng. Phù nhẹ hai chi dưới. Khám thần kinh không có dấu hiệu khu trú. Cận lâm sàng: Hemoglobin 105 g/L, bạch cầu 12.5 G/L (neutrophil 85%), tiểu cầu 85 G/L; Na+ 128 mmol/L; Creatinin 110 µmol/L; Albumin máu 25 g/L; Bilirubin toàn phần 55 µmol/L; PT(INR) 1.8. Chọc dịch màng bụng cho thấy dịch màu vàng chanh, hơi đục; xét nghiệm dịch có bạch cầu 800/mm3 (neutrophil 80%), Albumin dịch màng bụng 8 g/L.",Phác đồ kháng sinh kinh nghiệm nào là lựa chọn đầu tay cho biến chứng nhiễm trùng của bệnh nhân?,"Cephalosporin thế hệ 3 (ví dụ: Cefotaxime, Ceftriaxone).",Vancomycin.,Amoxicillin.,Metronidazole đơn trị liệu.,,a,"Tác nhân gây SBP thường là vi khuẩn gram âm đường ruột (như E. coli, Klebsiella). Cephalosporin thế hệ 3 là kháng sinh có phổ tác dụng phù hợp, thấm tốt vào dịch màng bụng và là lựa chọn đầu tay theo hầu hết các khuyến cáo quốc tế."
noi-xo-gan-case-1-5,noi,Xơ gan,Tiêu hoá,"Bệnh nhân nam 58 tuổi, làm nghề nông, có tiền sử uống rượu nhiều (khoảng 250ml rượu trắng mỗi ngày) trong hơn 20 năm, vào viện vì bụng chướng căng và sốt. Bệnh diễn tiến khoảng 1 tuần nay, bệnh nhân thấy bụng ngày càng to ra, khó thở, ăn uống kém, mệt mỏi nhiều, kèm theo sốt 38.5°C và lơ mơ, trả lời chậm. Tiền sử chưa ghi nhận bệnh gan trước đây. Khám lâm sàng bệnh nhân tỉnh, tiếp xúc chậm, có dấu hiệu run vẫy (asterixis). Sinh hiệu: mạch 100 lần/phút, huyết áp 90/60 mmHg, nhiệt độ 38.2°C, SpO2 96% khí trời, BMI 22 kg/m2. Khám thấy da củng mạc mắt vàng nhẹ, có nhiều sao mạch ở ngực, lòng bàn tay son. Bụng chướng căng, tuần hoàn bàng hệ kiểu cửa chủ, gõ đục vùng thấp, dấu hiệu sóng vỗ dương tính. Gan lách khó sờ do bụng chướng. Phù nhẹ hai chi dưới. Khám thần kinh không có dấu hiệu khu trú. Cận lâm sàng: Hemoglobin 105 g/L, bạch cầu 12.5 G/L (neutrophil 85%), tiểu cầu 85 G/L; Na+ 128 mmol/L; Creatinin 110 µmol/L; Albumin máu 25 g/L; Bilirubin toàn phần 55 µmol/L; PT(INR) 1.8. Chọc dịch màng bụng cho thấy dịch màu vàng chanh, hơi đục; xét nghiệm dịch có bạch cầu 800/mm3 (neutrophil 80%), Albumin dịch màng bụng 8 g/L.","Yếu tố nào sau đây là chỉ điểm tiên lượng nặng, được sử dụng trong thang điểm Child-Pugh?",Sự hiện diện của bệnh não gan và nồng độ Bilirubin.,Số lượng tiểu cầu.,Nồng độ Natri máu.,Kích thước lách.,,a,"Thang điểm Child-Pugh đánh giá mức độ nặng của xơ gan dựa trên 5 yếu tố: 3 yếu tố xét nghiệm (Bilirubin, Albumin, PT/INR) và 2 yếu tố lâm sàng (mức độ cổ trướng, mức độ bệnh não gan). Bệnh nhân này có cả bệnh não gan và tăng Bilirubin, là những yếu tố cho thấy tiên lượng nặng."
noi-xo-gan-case-2-1,noi,Xơ gan,Tiêu hoá,"Bệnh nhân nam 62 tuổi, tiền sử viêm gan C mạn tính nhưng bỏ theo dõi, được đưa vào cấp cứu vì nôn ra máu đỏ tươi lượng nhiều và đi ngoài phân đen. Ở nhà bệnh nhân nôn ra khoảng 500ml máu cục, sau đó hoa mắt, chóng mặt. Tiền sử không dùng thuốc kháng đông hay NSAID. Khám lúc vào viện: bệnh nhân lơ mơ, da niêm mạc rất nhợt, vã mồ hôi, chân tay lạnh. Sinh hiệu: mạch 120 lần/phút, huyết áp 80/50 mmHg, nhịp thở 26 lần/phút, SpO2 92% khí trời. Bụng chướng nhẹ, tuần hoàn bàng hệ rõ, lách to 3 cm dưới sườn. Thăm trực tràng có phân đen, dính găng. Đặt sonde dạ dày ra máu đỏ tươi không đông. Cận lâm sàng tại giường: Hemoglobin 72 g/L. Bệnh nhân được hồi sức tích cực và tiến hành nội soi thực quản-dạ dày-tá tràng cấp cứu.",Tình trạng cấp cứu của bệnh nhân rất có thể do nguyên nhân gì?,Loét dạ dày-tá tràng có chảy máu.,Hội chứng Mallory-Weiss.,Vỡ giãn tĩnh mạch thực quản.,Ung thư dạ dày thể loét sùi chảy máu.,,c,"Xuất huyết tiêu hóa trên mức độ nặng (nôn ra máu, sốc) trên một bệnh nhân có bằng chứng rõ của tăng áp lực tĩnh mạch cửa (xơ gan, lách to, tuần hoàn bàng hệ) thì nguyên nhân hàng đầu phải nghĩ đến là vỡ giãn tĩnh mạch thực quản."
noi-xo-gan-case-2-2,noi,Xơ gan,Tiêu hoá,"Bệnh nhân nam 62 tuổi, tiền sử viêm gan C mạn tính nhưng bỏ theo dõi, được đưa vào cấp cứu vì nôn ra máu đỏ tươi lượng nhiều và đi ngoài phân đen. Ở nhà bệnh nhân nôn ra khoảng 500ml máu cục, sau đó hoa mắt, chóng mặt. Tiền sử không dùng thuốc kháng đông hay NSAID. Khám lúc vào viện: bệnh nhân lơ mơ, da niêm mạc rất nhợt, vã mồ hôi, chân tay lạnh. Sinh hiệu: mạch 120 lần/phút, huyết áp 80/50 mmHg, nhịp thở 26 lần/phút, SpO2 92% khí trời. Bụng chướng nhẹ, tuần hoàn bàng hệ rõ, lách to 3 cm dưới sườn. Thăm trực tràng có phân đen, dính găng. Đặt sonde dạ dày ra máu đỏ tươi không đông. Cận lâm sàng tại giường: Hemoglobin 72 g/L. Bệnh nhân được hồi sức tích cực và tiến hành nội soi thực quản-dạ dày-tá tràng cấp cứu.",Cơ chế bệnh sinh chính hình thành các búi giãn tĩnh mạch thực quản ở bệnh nhân xơ gan là gì?,Tăng lưu lượng máu đến dạ dày.,"Tăng áp lực tĩnh mạch cửa khiến máu phải tìm đường đi tắt qua các vòng nối cửa-chủ, trong đó có vòng nối ở thực quản.",Suy giảm chức năng tổng hợp các yếu tố đông máu của gan.,Tình trạng trào ngược dạ dày-thực quản mạn tính.,,b,"Tăng áp lực tĩnh mạch cửa là hậu quả trực tiếp của xơ gan. Khi áp lực trong hệ cửa tăng cao, máu không thể lưu thông qua gan một cách dễ dàng và buộc phải chảy ngược lại, tìm các đường thông nối tự nhiên giữa hệ tĩnh mạch cửa và hệ tĩnh mạch chủ (tuần hoàn bàng hệ). Vòng nối ở đoạn thấp thực quản là quan trọng nhất, khi các tĩnh mạch ở đây bị giãn to ra, chúng tạo thành các búi giãn (varices) và có nguy cơ vỡ rất cao."
noi-xo-gan-case-2-3,noi,Xơ gan,Tiêu hoá,"Bệnh nhân nam 62 tuổi, tiền sử viêm gan C mạn tính nhưng bỏ theo dõi, được đưa vào cấp cứu vì nôn ra máu đỏ tươi lượng nhiều và đi ngoài phân đen. Ở nhà bệnh nhân nôn ra khoảng 500ml máu cục, sau đó hoa mắt, chóng mặt. Tiền sử không dùng thuốc kháng đông hay NSAID. Khám lúc vào viện: bệnh nhân lơ mơ, da niêm mạc rất nhợt, vã mồ hôi, chân tay lạnh. Sinh hiệu: mạch 120 lần/phút, huyết áp 80/50 mmHg, nhịp thở 26 lần/phút, SpO2 92% khí trời. Bụng chướng nhẹ, tuần hoàn bàng hệ rõ, lách to 3 cm dưới sườn. Thăm trực tràng có phân đen, dính găng. Đặt sonde dạ dày ra máu đỏ tươi không đông. Cận lâm sàng tại giường: Hemoglobin 72 g/L. Bệnh nhân được hồi sức tích cực và tiến hành nội soi thực quản-dạ dày-tá tràng cấp cứu.","Ngoài việc truyền máu và hồi sức nội khoa, thuốc vận mạch nào sau đây được chỉ định dùng ngay từ đầu để làm giảm áp lực tĩnh mạch cửa?",Dobutamine.,Adrenaline.,Terlipressin hoặc Octreotide.,Noradrenaline.,,c,"Terlipressin (tương tự Vasopressin) và Octreotide (tương tự Somatostatin) là các thuốc gây co mạch tạng một cách chọn lọc, làm giảm lưu lượng máu đến hệ cửa và từ đó làm giảm áp lực tĩnh mạch cửa. Việc sử dụng sớm các thuốc này đã được chứng minh là cải thiện khả năng kiểm soát chảy máu và giảm tỷ lệ tử vong."
noi-xo-gan-case-2-4,noi,Xơ gan,Tiêu hoá,"Bệnh nhân nam 62 tuổi, tiền sử viêm gan C mạn tính nhưng bỏ theo dõi, được đưa vào cấp cứu vì nôn ra máu đỏ tươi lượng nhiều và đi ngoài phân đen. Ở nhà bệnh nhân nôn ra khoảng 500ml máu cục, sau đó hoa mắt, chóng mặt. Tiền sử không dùng thuốc kháng đông hay NSAID. Khám lúc vào viện: bệnh nhân lơ mơ, da niêm mạc rất nhợt, vã mồ hôi, chân tay lạnh. Sinh hiệu: mạch 120 lần/phút, huyết áp 80/50 mmHg, nhịp thở 26 lần/phút, SpO2 92% khí trời. Bụng chướng nhẹ, tuần hoàn bàng hệ rõ, lách to 3 cm dưới sườn. Thăm trực tràng có phân đen, dính găng. Đặt sonde dạ dày ra máu đỏ tươi không đông. Cận lâm sàng tại giường: Hemoglobin 72 g/L. Bệnh nhân được hồi sức tích cực và tiến hành nội soi thực quản-dạ dày-tá tràng cấp cứu.","Mục tiêu chính của việc dùng thuốc chẹn beta giao cảm không chọn lọc (như Propranolol, Carvedilol) ở bệnh nhân xơ gan là gì?",Điều trị tăng huyết áp đi kèm.,Kiểm soát nhịp tim trong rung nhĩ.,Giảm lo âu cho bệnh nhân.,Dự phòng tiên phát và thứ phát xuất huyết do vỡ giãn tĩnh mạch thực quản.,,d,"Thuốc chẹn beta không chọn lọc làm giảm cung lượng tim (qua thụ thể β1) và gây co mạch tạng (qua thụ thể β2), cả hai cơ chế này đều góp phần làm giảm áp lực tĩnh mạch cửa. Do đó, chúng là thuốc nền tảng trong dự phòng tiên phát (ở bệnh nhân có búi giãn nguy cơ cao chưa vỡ) và dự phòng thứ phát (ở bệnh nhân đã từng bị vỡ) để giảm nguy cơ chảy máu."
noi-xo-gan-case-2-5,noi,Xơ gan,Tiêu hoá,"Bệnh nhân nam 62 tuổi, tiền sử viêm gan C mạn tính nhưng bỏ theo dõi, được đưa vào cấp cứu vì nôn ra máu đỏ tươi lượng nhiều và đi ngoài phân đen. Ở nhà bệnh nhân nôn ra khoảng 500ml máu cục, sau đó hoa mắt, chóng mặt. Tiền sử không dùng thuốc kháng đông hay NSAID. Khám lúc vào viện: bệnh nhân lơ mơ, da niêm mạc rất nhợt, vã mồ hôi, chân tay lạnh. Sinh hiệu: mạch 120 lần/phút, huyết áp 80/50 mmHg, nhịp thở 26 lần/phút, SpO2 92% khí trời. Bụng chướng nhẹ, tuần hoàn bàng hệ rõ, lách to 3 cm dưới sườn. Thăm trực tràng có phân đen, dính găng. Đặt sonde dạ dày ra máu đỏ tươi không đông. Cận lâm sàng tại giường: Hemoglobin 72 g/L. Bệnh nhân được hồi sức tích cực và tiến hành nội soi thực quản-dạ dày-tá tràng cấp cứu.",Nội soi cấp cứu ngoài mục đích chẩn đoán còn có vai trò gì trong xử trí tình trạng này?,Lấy dị vật trong thực quản.,Can thiệp cầm máu bằng thắt vòng cao su hoặc tiêm xơ.,Sinh thiết niêm mạc thực quản để tìm tế bào ác tính.,Đặt stent thực quản.,,b,"Nội soi cấp cứu đóng vai trò ""vừa chẩn đoán vừa điều trị"". Sau khi xác định búi giãn đang chảy máu hoặc có dấu hiệu chảy máu gần đây, bác sĩ nội soi sẽ tiến hành can thiệp cầm máu ngay lập tức. Phương pháp phổ biến và hiệu quả nhất là thắt các búi giãn bằng vòng cao su (variceal band ligation)."
noi-xo-gan-case-3-1,noi,Xơ gan,Tiêu hoá,"Bệnh nhân nữ 65 tuổi, bị xơ gan do viêm gan B (đã dùng thuốc kháng virus), vào viện vì gia đình thấy bà ngày càng lú lẫn. Khoảng 3 ngày nay, bệnh nhân ngủ nhiều vào ban ngày, đêm lại không ngủ, nói năng lộn xộn, quên tên người thân. Sáng nay, bệnh nhân không tự đi lại được, tay chân run rẩy. Tiền sử bệnh nhân bị táo bón vài ngày nay. Khám lâm sàng: bệnh nhân lơ mơ, kích thích khi lay gọi, không định hướng được không gian và thời gian. Sinh hiệu ổn. Da vàng đậm, bụng chướng cổ trướng độ II. Khám thần kinh có dấu hiệu run vẫy (asterixis) dương tính rõ ở hai tay, tăng trương lực cơ, phản xạ gân xương tăng. Không có dấu hiệu thần kinh khu trú. Cận lâm sàng: Amoniac (NH3) máu tăng cao 250 µmol/L; các xét nghiệm chức năng gan phù hợp với xơ gan mất bù.",Tình trạng của bệnh nhân được gọi là gì?,Rối loạn tâm thần cấp (Delirium).,Đột quỵ nhồi máu não.,Bệnh não gan.,Viêm màng não.,,c,"Bệnh cảnh rối loạn ý thức và các dấu hiệu thần kinh đặc trưng (run vẫy, rối loạn chu kỳ thức-ngủ) xảy ra trên một bệnh nhân xơ gan mất bù là rất điển hình cho Bệnh não gan (Hepatic Encephalopathy - HE)."
noi-xo-gan-case-3-2,noi,Xơ gan,Tiêu hoá,"Bệnh nhân nữ 65 tuổi, bị xơ gan do viêm gan B (đã dùng thuốc kháng virus), vào viện vì gia đình thấy bà ngày càng lú lẫn. Khoảng 3 ngày nay, bệnh nhân ngủ nhiều vào ban ngày, đêm lại không ngủ, nói năng lộn xộn, quên tên người thân. Sáng nay, bệnh nhân không tự đi lại được, tay chân run rẩy. Tiền sử bệnh nhân bị táo bón vài ngày nay. Khám lâm sàng: bệnh nhân lơ mơ, kích thích khi lay gọi, không định hướng được không gian và thời gian. Sinh hiệu ổn. Da vàng đậm, bụng chướng cổ trướng độ II. Khám thần kinh có dấu hiệu run vẫy (asterixis) dương tính rõ ở hai tay, tăng trương lực cơ, phản xạ gân xương tăng. Không có dấu hiệu thần kinh khu trú. Cận lâm sàng: Amoniac (NH3) máu tăng cao 250 µmol/L; các xét nghiệm chức năng gan phù hợp với xơ gan mất bù.",Cơ chế bệnh sinh chính gây ra bệnh não gan là gì?,"Tình trạng nhiễm độc thần kinh do các chất độc (đặc biệt là amoniac) không được gan chuyển hóa, vượt qua hàng rào máu não.",Phù não do tăng áp lực nội sọ.,Sự thiếu hụt glucose cung cấp cho não.,Tắc các vi mạch máu trong não.,,a,"Gan khỏe mạnh có vai trò chuyển hóa amoniac (NH3), một sản phẩm độc được tạo ra chủ yếu từ ruột, thành urê không độc và thải ra ngoài. Khi gan bị xơ và suy chức năng, NH3 và các chất độc khác không được khử độc, chúng tích tụ trong máu, đi qua hàng rào máu não. Tại não, NH3 gây rối loạn chức năng tế bào hình sao (astrocytes), dẫn đến phù não vi thể và thay đổi các chất dẫn truyền thần kinh, gây ra các biểu hiện lâm sàng của HE."
noi-xo-gan-case-3-3,noi,Xơ gan,Tiêu hoá,"Bệnh nhân nữ 65 tuổi, bị xơ gan do viêm gan B (đã dùng thuốc kháng virus), vào viện vì gia đình thấy bà ngày càng lú lẫn. Khoảng 3 ngày nay, bệnh nhân ngủ nhiều vào ban ngày, đêm lại không ngủ, nói năng lộn xộn, quên tên người thân. Sáng nay, bệnh nhân không tự đi lại được, tay chân run rẩy. Tiền sử bệnh nhân bị táo bón vài ngày nay. Khám lâm sàng: bệnh nhân lơ mơ, kích thích khi lay gọi, không định hướng được không gian và thời gian. Sinh hiệu ổn. Da vàng đậm, bụng chướng cổ trướng độ II. Khám thần kinh có dấu hiệu run vẫy (asterixis) dương tính rõ ở hai tay, tăng trương lực cơ, phản xạ gân xương tăng. Không có dấu hiệu thần kinh khu trú. Cận lâm sàng: Amoniac (NH3) máu tăng cao 250 µmol/L; các xét nghiệm chức năng gan phù hợp với xơ gan mất bù.",Yếu tố nào sau đây là nguyên nhân thúc đẩy đợt bệnh não gan cấp ở bệnh nhân này?,Chế độ ăn ít đạm.,Táo bón.,Sử dụng thuốc kháng virus.,Vận động quá sức.,,b,"Táo bón là một yếu tố thúc đẩy HE rất phổ biến. Khi phân bị ứ đọng lâu trong đại tràng, vi khuẩn có nhiều thời gian hơn để phân hủy protein và sản xuất ra NH3, làm tăng lượng NH3 được hấp thu vào máu và gây khởi phát hoặc làm nặng thêm HE."
noi-xo-gan-case-3-4,noi,Xơ gan,Tiêu hoá,"Bệnh nhân nữ 65 tuổi, bị xơ gan do viêm gan B (đã dùng thuốc kháng virus), vào viện vì gia đình thấy bà ngày càng lú lẫn. Khoảng 3 ngày nay, bệnh nhân ngủ nhiều vào ban ngày, đêm lại không ngủ, nói năng lộn xộn, quên tên người thân. Sáng nay, bệnh nhân không tự đi lại được, tay chân run rẩy. Tiền sử bệnh nhân bị táo bón vài ngày nay. Khám lâm sàng: bệnh nhân lơ mơ, kích thích khi lay gọi, không định hướng được không gian và thời gian. Sinh hiệu ổn. Da vàng đậm, bụng chướng cổ trướng độ II. Khám thần kinh có dấu hiệu run vẫy (asterixis) dương tính rõ ở hai tay, tăng trương lực cơ, phản xạ gân xương tăng. Không có dấu hiệu thần kinh khu trú. Cận lâm sàng: Amoniac (NH3) máu tăng cao 250 µmol/L; các xét nghiệm chức năng gan phù hợp với xơ gan mất bù.",Thuốc nào là lựa chọn đầu tay để điều trị bệnh não gan bằng cách làm giảm sản xuất và hấp thu amoniac ở ruột?,Kháng sinh Neomycin.,Lactulose.,Furosemide.,Propranolol.,,b,"Lactulose là một loại đường đôi không hấp thu. Khi xuống đại tràng, nó được vi khuẩn lên men thành các acid béo chuỗi ngắn, làm giảm pH môi trường. Môi trường acid sẽ chuyển NH3 (dễ khuếch tán) thành ion amoni (NH4+, khó hấp thu) và giữ nó lại trong lòng ruột. Ngoài ra, Lactulose còn có tác dụng nhuận tràng, giúp thải nhanh NH4+ ra ngoài."
noi-xo-gan-case-3-5,noi,Xơ gan,Tiêu hoá,"Bệnh nhân nữ 65 tuổi, bị xơ gan do viêm gan B (đã dùng thuốc kháng virus), vào viện vì gia đình thấy bà ngày càng lú lẫn. Khoảng 3 ngày nay, bệnh nhân ngủ nhiều vào ban ngày, đêm lại không ngủ, nói năng lộn xộn, quên tên người thân. Sáng nay, bệnh nhân không tự đi lại được, tay chân run rẩy. Tiền sử bệnh nhân bị táo bón vài ngày nay. Khám lâm sàng: bệnh nhân lơ mơ, kích thích khi lay gọi, không định hướng được không gian và thời gian. Sinh hiệu ổn. Da vàng đậm, bụng chướng cổ trướng độ II. Khám thần kinh có dấu hiệu run vẫy (asterixis) dương tính rõ ở hai tay, tăng trương lực cơ, phản xạ gân xương tăng. Không có dấu hiệu thần kinh khu trú. Cận lâm sàng: Amoniac (NH3) máu tăng cao 250 µmol/L; các xét nghiệm chức năng gan phù hợp với xơ gan mất bù.","Dựa trên thang điểm West Haven, tình trạng lâm sàng của bệnh nhân (lơ mơ, mất định hướng, run vẫy rõ) được phân vào độ mấy của bệnh não gan?",Độ III.,Độ II.,Độ I.,Độ IV.,,a,"Theo thang điểm West Haven: Độ I (thay đổi nhẹ, rối loạn giấc ngủ), Độ II (ngủ gà, mất định hướng, thay đổi nhân cách, run vẫy rõ), Độ III (lơ mơ, đáp ứng với kích thích, rất mất định hướng, không hợp tác), Độ IV (hôn mê). Bệnh nhân này ở trạng thái lơ mơ, có thể lay gọi dậy nhưng rất mất định hướng và có run vẫy rõ, phù hợp nhất với Độ III."
noi-xo-gan-case-4-1,noi,Xơ gan,Tiêu hoá,"Bệnh nhân nam 55 tuổi, bị xơ gan do rượu đã bỏ rượu được 1 năm, Child-Pugh B, đang điều trị dự phòng bằng propranolol và lợi tiểu. Bệnh nhân nhập viện vì bụng chướng căng nhanh và khó thở. Khoảng 1 tuần nay, bệnh nhân thấy lượng nước tiểu giảm dần, chỉ còn khoảng 300ml/24 giờ mặc dù đã tăng liều lợi tiểu. Bệnh nhân không sốt, không đau bụng, không dùng thêm thuốc gì lạ. Khám lúc vào viện: bệnh nhân tỉnh, khó thở khi nằm, phù toàn thân, cổ trướng căng. Huyết áp 95/60 mmHg. Cận lâm sàng: Na+ 125 mmol/L; Creatinin máu 250 µmol/L (so với 80 µmol/L cách đây 1 tháng). Siêu âm thận không thấy tắc nghẽn, nhu mô thận bình thường. Tổng phân tích nước tiểu không có trụ bệnh lý, protein niệu không đáng kể. Bác sĩ đã cho bù dịch albumin và ngừng thuốc lợi tiểu nhưng chức năng thận không cải thiện.",Chẩn đoán biến chứng nào phù hợp nhất với tình trạng tổn thương thận cấp của bệnh nhân?,Viêm cầu thận cấp.,Suy thận cấp do tắc nghẽn sau thận.,Hội chứng gan thận thể tổn thương thận cấp (HRS-AKI).,Hoại tử ống thận cấp do thuốc.,,c,"Bệnh nhân xơ gan mất bù có AKI, không có sốc, thuốc độc thận, tắc nghẽn hay bằng chứng tổn thương thận thực thể và không cải thiện sau ngừng lợi tiểu, truyền albumin phù hợp HRS-AKI. Thuật ngữ HRS-AKI hiện được ưu tiên thay cho HRS type 1."
noi-xo-gan-case-4-2,noi,Xơ gan,Tiêu hoá,"Bệnh nhân nam 55 tuổi, bị xơ gan do rượu đã bỏ rượu được 1 năm, Child-Pugh B, đang điều trị dự phòng bằng propranolol và lợi tiểu. Bệnh nhân nhập viện vì bụng chướng căng nhanh và khó thở. Khoảng 1 tuần nay, bệnh nhân thấy lượng nước tiểu giảm dần, chỉ còn khoảng 300ml/24 giờ mặc dù đã tăng liều lợi tiểu. Bệnh nhân không sốt, không đau bụng, không dùng thêm thuốc gì lạ. Khám lúc vào viện: bệnh nhân tỉnh, khó thở khi nằm, phù toàn thân, cổ trướng căng. Huyết áp 95/60 mmHg. Cận lâm sàng: Na+ 125 mmol/L; Creatinin máu 250 µmol/L (so với 80 µmol/L cách đây 1 tháng). Siêu âm thận không thấy tắc nghẽn, nhu mô thận bình thường. Tổng phân tích nước tiểu không có trụ bệnh lý, protein niệu không đáng kể. Bác sĩ đã cho bù dịch albumin và ngừng thuốc lợi tiểu nhưng chức năng thận không cải thiện.",Cơ chế bệnh sinh chính gây ra hội chứng gan thận là gì?,"Sự co mạch dữ dội của các động mạch thận, dẫn đến giảm tưới máu và giảm mức lọc cầu thận, trên nền một quả thận không bị tổn thương thực thể.",Tác dụng độc trực tiếp của bilirubin lên tế bào ống thận.,Hình thành các huyết khối vi mạch trong các mao mạch cầu thận.,Tình trạng viêm hệ thống gây tổn thương trực tiếp cầu thận.,,a,"HRS là một dạng suy thận chức năng. Cơ chế cốt lõi là do tăng áp lực tĩnh mạch cửa gây ra giãn mạch tạng nghiêm trọng. Điều này làm giảm thể tích tuần hoàn hiệu dụng, dẫn đến tụt huyết áp. Để bù lại, cơ thể hoạt hóa mạnh mẽ các hệ thống gây co mạch toàn thân, bao gồm hệ Renin-Angiotensin-Aldosterone (RAA) và hệ giao cảm. Tuy nhiên, sự co mạch này lại tác động một cách không cân xứng lên thận, gây co động mạch thận dữ dội, làm giảm đột ngột lưu lượng máu đến thận và mức lọc cầu thận, trong khi cấu trúc của thận vẫn bình thường."
noi-xo-gan-case-4-3,noi,Xơ gan,Tiêu hoá,"Bệnh nhân nam 55 tuổi, bị xơ gan do rượu đã bỏ rượu được 1 năm, Child-Pugh B, đang điều trị dự phòng bằng propranolol và lợi tiểu. Bệnh nhân nhập viện vì bụng chướng căng nhanh và khó thở. Khoảng 1 tuần nay, bệnh nhân thấy lượng nước tiểu giảm dần, chỉ còn khoảng 300ml/24 giờ mặc dù đã tăng liều lợi tiểu. Bệnh nhân không sốt, không đau bụng, không dùng thêm thuốc gì lạ. Khám lúc vào viện: bệnh nhân tỉnh, khó thở khi nằm, phù toàn thân, cổ trướng căng. Huyết áp 95/60 mmHg. Cận lâm sàng: Na+ 125 mmol/L; Creatinin máu 250 µmol/L (so với 80 µmol/L cách đây 1 tháng). Siêu âm thận không thấy tắc nghẽn, nhu mô thận bình thường. Tổng phân tích nước tiểu không có trụ bệnh lý, protein niệu không đáng kể. Bác sĩ đã cho bù dịch albumin và ngừng thuốc lợi tiểu nhưng chức năng thận không cải thiện.","Tình trạng giãn mạch tạng quá mức trong xơ gan dẫn đến hậu quả gì, khởi đầu cho vòng xoắn bệnh lý của hội chứng gan thận?",Tăng tưới máu cho tất cả các cơ quan.,Giảm thể tích tuần hoàn hiệu dụng và hoạt hóa mạnh hệ RAA và thần kinh giao cảm.,Ức chế sản xuất hormone chống bài niệu (ADH).,Tăng huyết áp hệ thống.,,b,"Giãn mạch tạng làm ""máu bị giữ lại"" ở hệ tuần hoàn tạng, làm giảm lượng máu quay trở về tim và giảm thể tích tuần hoàn hiệu dụng. Điều này được cơ thể cảm nhận như một tình trạng ""mất nước"" và kích hoạt các cơ chế bù trừ gây co mạch và giữ muối nước, nhưng cuối cùng lại gây hại cho thận."
noi-xo-gan-case-4-4,noi,Xơ gan,Tiêu hoá,"Bệnh nhân nam 55 tuổi, bị xơ gan do rượu đã bỏ rượu được 1 năm, Child-Pugh B, đang điều trị dự phòng bằng propranolol và lợi tiểu. Bệnh nhân nhập viện vì bụng chướng căng nhanh và khó thở. Khoảng 1 tuần nay, bệnh nhân thấy lượng nước tiểu giảm dần, chỉ còn khoảng 300ml/24 giờ mặc dù đã tăng liều lợi tiểu. Bệnh nhân không sốt, không đau bụng, không dùng thêm thuốc gì lạ. Khám lúc vào viện: bệnh nhân tỉnh, khó thở khi nằm, phù toàn thân, cổ trướng căng. Huyết áp 95/60 mmHg. Cận lâm sàng: Na+ 125 mmol/L; Creatinin máu 250 µmol/L (so với 80 µmol/L cách đây 1 tháng). Siêu âm thận không thấy tắc nghẽn, nhu mô thận bình thường. Tổng phân tích nước tiểu không có trụ bệnh lý, protein niệu không đáng kể. Bác sĩ đã cho bù dịch albumin và ngừng thuốc lợi tiểu nhưng chức năng thận không cải thiện.",Phác đồ điều trị đặc hiệu nào được xem là cầu nối trong khi chờ ghép gan cho bệnh nhân hội chứng gan thận?,Lọc máu ngắt quãng.,Lợi tiểu liều cao.,Truyền Albumin kết hợp với một thuốc co mạch (như Terlipressin).,Corticoid liều cao.,,c,"Điều trị HRS-AKI tập trung vào việc đảo ngược vòng xoắn bệnh lý: dùng thuốc co mạch (Terlipressin, hoặc Midodrine + Octreotide, hoặc Noradrenaline) để chống lại tình trạng giãn mạch tạng, và truyền Albumin để tăng thể tích tuần hoàn hiệu dụng. Phác đồ này giúp cải thiện tưới máu thận. Tuy nhiên, điều trị triệt để duy nhất là ghép gan."
noi-xo-gan-case-4-5,noi,Xơ gan,Tiêu hoá,"Bệnh nhân nam 55 tuổi, bị xơ gan do rượu đã bỏ rượu được 1 năm, Child-Pugh B, đang điều trị dự phòng bằng propranolol và lợi tiểu. Bệnh nhân nhập viện vì bụng chướng căng nhanh và khó thở. Khoảng 1 tuần nay, bệnh nhân thấy lượng nước tiểu giảm dần, chỉ còn khoảng 300ml/24 giờ mặc dù đã tăng liều lợi tiểu. Bệnh nhân không sốt, không đau bụng, không dùng thêm thuốc gì lạ. Khám lúc vào viện: bệnh nhân tỉnh, khó thở khi nằm, phù toàn thân, cổ trướng căng. Huyết áp 95/60 mmHg. Cận lâm sàng: Na+ 125 mmol/L; Creatinin máu 250 µmol/L (so với 80 µmol/L cách đây 1 tháng). Siêu âm thận không thấy tắc nghẽn, nhu mô thận bình thường. Tổng phân tích nước tiểu không có trụ bệnh lý, protein niệu không đáng kể. Bác sĩ đã cho bù dịch albumin và ngừng thuốc lợi tiểu nhưng chức năng thận không cải thiện.",Yếu tố nào sau đây là tiêu chuẩn chẩn đoán quan trọng của Hội chứng gan thận-Tổn thương thận cấp (HRS-AKI)?,Không đáp ứng với việc ngừng lợi tiểu và bù albumin trong 2 ngày liên tiếp.,Có bằng chứng của sốc nhiễm khuẩn.,Có bằng chứng tổn thương thực thể thận trên siêu âm.,Đáp ứng tốt với thuốc lợi tiểu.,,a,"Một trong những tiêu chuẩn chẩn đoán chính của HRS-AKI là tình trạng suy thận không cải thiện (thậm chí xấu đi) sau khi đã loại bỏ các yếu tố gây suy thận khác (như ngừng thuốc lợi tiểu, điều trị nhiễm trùng nếu có) và đã bù đủ thể tích tuần hoàn bằng cách truyền albumin (1g/kg/ngày) trong 2 ngày liên tiếp."
noi-xo-gan-case-5-1,noi,Xơ gan,Tiêu hoá,"Bệnh nhân nữ 48 tuổi, đến khám vì mệt mỏi và ngứa da kéo dài. Khoảng 1 năm nay, bệnh nhân thường xuyên cảm thấy mệt mỏi không rõ nguyên nhân, kèm theo ngứa lan tỏa toàn thân, ngứa nhiều về đêm, gãi nhiều gây trầy xước da. Gần đây, bệnh nhân thấy da sạm đi và có các u vàng (xanthomas) ở mí mắt. Tiền sử không uống rượu, không có yếu tố nguy cơ viêm gan virus. Khám lâm sàng thấy da sạm màu, có nhiều vết xước do gãi, vàng mắt nhẹ, có các u vàng ở mi mắt. Gan to 3 cm dưới sườn, chắc. Cận lâm sàng: AST 120 U/L, ALT 130 U/L, Bilirubin toàn phần 45 µmol/L, nhưng Phosphatase kiềm (ALP) tăng rất cao 1200 U/L và GGT cũng tăng cao 950 U/L. Xét nghiệm HBsAg, anti-HCV âm tính. Xét nghiệm miễn dịch có kháng thể kháng ty thể (AMA) dương tính mạnh ở hiệu giá 1:1280.",Chẩn đoán nguyên nhân gây bệnh gan ứ mật mạn tính ở bệnh nhân này là gì?,Viêm gan tự miễn.,Bệnh Wilson.,Viêm đường mật nguyên phát (Primary Biliary Cholangitis - PBC).,Viêm đường mật xơ hóa nguyên phát (Primary Sclerosing Cholangitis - PSC).,,c,"Phụ nữ trung niên có ngứa, biểu hiện ứ mật, ALP tăng rõ và AMA hiệu giá cao phù hợp với viêm đường mật nguyên phát. Thuật ngữ hiện dùng là Primary Biliary Cholangitis vì nhiều bệnh nhân được chẩn đoán trước khi hình thành xơ gan."
noi-xo-gan-case-5-2,noi,Xơ gan,Tiêu hoá,"Bệnh nhân nữ 48 tuổi, đến khám vì mệt mỏi và ngứa da kéo dài. Khoảng 1 năm nay, bệnh nhân thường xuyên cảm thấy mệt mỏi không rõ nguyên nhân, kèm theo ngứa lan tỏa toàn thân, ngứa nhiều về đêm, gãi nhiều gây trầy xước da. Gần đây, bệnh nhân thấy da sạm đi và có các u vàng (xanthomas) ở mí mắt. Tiền sử không uống rượu, không có yếu tố nguy cơ viêm gan virus. Khám lâm sàng thấy da sạm màu, có nhiều vết xước do gãi, vàng mắt nhẹ, có các u vàng ở mi mắt. Gan to 3 cm dưới sườn, chắc. Cận lâm sàng: AST 120 U/L, ALT 130 U/L, Bilirubin toàn phần 45 µmol/L, nhưng Phosphatase kiềm (ALP) tăng rất cao 1200 U/L và GGT cũng tăng cao 950 U/L. Xét nghiệm HBsAg, anti-HCV âm tính. Xét nghiệm miễn dịch có kháng thể kháng ty thể (AMA) dương tính mạnh ở hiệu giá 1:1280.",Cơ chế bệnh sinh chính của bệnh lý này là gì?,Sự tấn công của tế bào T vào các tế bào gan (tế bào ưa acid).,"Sự phá hủy các đường mật nhỏ trong gan qua trung gian tự miễn dịch, dẫn đến ứ mật mạn tính và xơ hóa.",Sự xơ hóa và chít hẹp các đường mật lớn trong và ngoài gan.,Sự lắng đọng đồng trong gan gây tổn thương tế bào gan.,,b,"PBC là một bệnh tự miễn. Đặc trưng của bệnh là một quá trình viêm mạn tính và phá hủy dần các đường mật nhỏ bên trong gan. Sự phá hủy này được cho là do các tế bào T tự phản ứng tấn công vào các tế bào biểu mô đường mật. Hậu quả là dịch mật bị ứ lại, gây tổn thương tế bào gan, viêm, và cuối cùng là xơ hóa lan tỏa."
noi-xo-gan-case-5-3,noi,Xơ gan,Tiêu hoá,"Bệnh nhân nữ 48 tuổi, đến khám vì mệt mỏi và ngứa da kéo dài. Khoảng 1 năm nay, bệnh nhân thường xuyên cảm thấy mệt mỏi không rõ nguyên nhân, kèm theo ngứa lan tỏa toàn thân, ngứa nhiều về đêm, gãi nhiều gây trầy xước da. Gần đây, bệnh nhân thấy da sạm đi và có các u vàng (xanthomas) ở mí mắt. Tiền sử không uống rượu, không có yếu tố nguy cơ viêm gan virus. Khám lâm sàng thấy da sạm màu, có nhiều vết xước do gãi, vàng mắt nhẹ, có các u vàng ở mi mắt. Gan to 3 cm dưới sườn, chắc. Cận lâm sàng: AST 120 U/L, ALT 130 U/L, Bilirubin toàn phần 45 µmol/L, nhưng Phosphatase kiềm (ALP) tăng rất cao 1200 U/L và GGT cũng tăng cao 950 U/L. Xét nghiệm HBsAg, anti-HCV âm tính. Xét nghiệm miễn dịch có kháng thể kháng ty thể (AMA) dương tính mạnh ở hiệu giá 1:1280.",Kháng thể nào là dấu ấn huyết thanh đặc trưng nhất của viêm đường mật nguyên phát?,Kháng thể kháng cơ trơn (ASMA).,Kháng thể kháng ty thể type M2 (AMA-M2).,Kháng thể kháng bào tương bạch cầu p-ANCA.,Kháng thể kháng nhân (ANA).,,b,"AMA, đặc biệt AMA-M2, có độ nhạy và độ đặc hiệu cao cho PBC. ANA có thể dương tính nhưng không đặc hiệu; ASMA gợi ý viêm gan tự miễn và p-ANCA thường liên quan PSC hơn."
noi-xo-gan-case-5-4,noi,Xơ gan,Tiêu hoá,"Bệnh nhân nữ 48 tuổi, đến khám vì mệt mỏi và ngứa da kéo dài. Khoảng 1 năm nay, bệnh nhân thường xuyên cảm thấy mệt mỏi không rõ nguyên nhân, kèm theo ngứa lan tỏa toàn thân, ngứa nhiều về đêm, gãi nhiều gây trầy xước da. Gần đây, bệnh nhân thấy da sạm đi và có các u vàng (xanthomas) ở mí mắt. Tiền sử không uống rượu, không có yếu tố nguy cơ viêm gan virus. Khám lâm sàng thấy da sạm màu, có nhiều vết xước do gãi, vàng mắt nhẹ, có các u vàng ở mi mắt. Gan to 3 cm dưới sườn, chắc. Cận lâm sàng: AST 120 U/L, ALT 130 U/L, Bilirubin toàn phần 45 µmol/L, nhưng Phosphatase kiềm (ALP) tăng rất cao 1200 U/L và GGT cũng tăng cao 950 U/L. Xét nghiệm HBsAg, anti-HCV âm tính. Xét nghiệm miễn dịch có kháng thể kháng ty thể (AMA) dương tính mạnh ở hiệu giá 1:1280.",Thuốc nào là lựa chọn điều trị đầu tay đã được chứng minh làm chậm tiến triển của bệnh?,Ursodeoxycholic acid (UDCA).,Cholestyramine.,Azathioprine.,Prednisolone.,,a,"Ursodeoxycholic acid (UDCA) là một loại acid mật ưa nước, không độc. Nó là liệu pháp nền tảng cho PBC. UDCA giúp cải thiện dòng chảy của mật, bảo vệ tế bào gan khỏi tác động độc của các acid mật khác, và có tác dụng điều hòa miễn dịch. Điều trị sớm bằng UDCA có thể làm chậm đáng kể sự tiến triển đến xơ gan và trì hoãn nhu cầu ghép gan."
noi-xo-gan-case-5-5,noi,Xơ gan,Tiêu hoá,"Bệnh nhân nữ 48 tuổi, đến khám vì mệt mỏi và ngứa da kéo dài. Khoảng 1 năm nay, bệnh nhân thường xuyên cảm thấy mệt mỏi không rõ nguyên nhân, kèm theo ngứa lan tỏa toàn thân, ngứa nhiều về đêm, gãi nhiều gây trầy xước da. Gần đây, bệnh nhân thấy da sạm đi và có các u vàng (xanthomas) ở mí mắt. Tiền sử không uống rượu, không có yếu tố nguy cơ viêm gan virus. Khám lâm sàng thấy da sạm màu, có nhiều vết xước do gãi, vàng mắt nhẹ, có các u vàng ở mi mắt. Gan to 3 cm dưới sườn, chắc. Cận lâm sàng: AST 120 U/L, ALT 130 U/L, Bilirubin toàn phần 45 µmol/L, nhưng Phosphatase kiềm (ALP) tăng rất cao 1200 U/L và GGT cũng tăng cao 950 U/L. Xét nghiệm HBsAg, anti-HCV âm tính. Xét nghiệm miễn dịch có kháng thể kháng ty thể (AMA) dương tính mạnh ở hiệu giá 1:1280.",Cơ chế nào giải thích phù hợp nhất triệu chứng ngứa trong bệnh gan ứ mật?,Phản ứng quá mẫn thức ăn qua trung gian IgE ở người bệnh gan.,"Tích tụ các chất gây ngứa liên quan ứ mật, gồm lysophosphatidic acid và các chất trung gian khác.",Da khô đơn thuần do giảm albumin máu mà không liên quan ứ mật.,Bilirubin trực tiếp lắng đọng đơn thuần tại da và kích hoạt thụ thể đau.,,b,"Ngứa do ứ mật không được giải thích đầy đủ chỉ bằng acid mật hoặc bilirubin. Các chất gây ngứa trong tuần hoàn, đặc biệt trục autotaxin-lysophosphatidic acid cùng các chất trung gian khác, được cho là tham gia kích thích đường dẫn truyền ngứa."
noi-xo-gan-case-6-1,noi,Xơ gan,Tiêu hoá,"Bệnh nhân nam 67 tuổi, bị xơ gan do viêm gan B đang được theo dõi định kỳ mỗi 6 tháng. Lần khám này, bệnh nhân không có triệu chứng gì mới. Khám lâm sàng không có dấu hiệu mất bù cấp. Siêu âm bụng phát hiện một khối u mới ở hạ phân thùy VII gan phải, kích thước 3.5 cm, bờ rõ, tăng âm. Xét nghiệm máu có AFP (alpha-fetoprotein) tăng từ 15 ng/mL (6 tháng trước) lên 120 ng/mL. Bệnh nhân được chỉ định chụp CT scan ổ bụng 4 thì để đánh giá rõ hơn tổn thương. Kết quả CT cho thấy khối u ngấm thuốc rất mạnh ở thì động mạch và thải thuốc nhanh ở thì tĩnh mạch và thì muộn (dấu hiệu ""wash-out""), không có xâm lấn mạch máu hay di căn xa.",Chẩn đoán có khả năng nhất đối với khối u gan của bệnh nhân là gì?,U máu gan (Hemangioma).,Áp xe gan.,Ung thư biểu mô tế bào gan (Hepatocellular Carcinoma - HCC).,Tăng sản thể nốt khu trú (Focal Nodular Hyperplasia - FNH).,,c,"Một khối u gan mới xuất hiện trên nền bệnh nhân xơ gan, có tăng AFP và đặc điểm hình ảnh học ""wash-in, wash-out"" kinh điển là đủ tiêu chuẩn để chẩn đoán xác định Ung thư biểu mô tế bào gan (HCC) mà không cần sinh thiết."
noi-xo-gan-case-6-2,noi,Xơ gan,Tiêu hoá,"Bệnh nhân nam 67 tuổi, bị xơ gan do viêm gan B đang được theo dõi định kỳ mỗi 6 tháng. Lần khám này, bệnh nhân không có triệu chứng gì mới. Khám lâm sàng không có dấu hiệu mất bù cấp. Siêu âm bụng phát hiện một khối u mới ở hạ phân thùy VII gan phải, kích thước 3.5 cm, bờ rõ, tăng âm. Xét nghiệm máu có AFP (alpha-fetoprotein) tăng từ 15 ng/mL (6 tháng trước) lên 120 ng/mL. Bệnh nhân được chỉ định chụp CT scan ổ bụng 4 thì để đánh giá rõ hơn tổn thương. Kết quả CT cho thấy khối u ngấm thuốc rất mạnh ở thì động mạch và thải thuốc nhanh ở thì tĩnh mạch và thì muộn (dấu hiệu ""wash-out""), không có xâm lấn mạch máu hay di căn xa.","Theo các hướng dẫn hiện hành, phương pháp nào được khuyến cáo để tầm soát HCC ở bệnh nhân xơ gan?",Chụp CT scan ổ bụng hàng năm.,Nội soi ổ bụng.,Xét nghiệm AFP đơn thuần mỗi 3 tháng.,"Siêu âm bụng mỗi 6 tháng, có thể kèm theo hoặc không kèm theo xét nghiệm AFP.",,d,Các hiệp hội gan mật lớn trên thế giới đều khuyến cáo tầm soát HCC cho các đối tượng nguy cơ cao (bao gồm tất cả bệnh nhân xơ gan) bằng cách thực hiện siêu âm bụng mỗi 6 tháng. Việc kết hợp với xét nghiệm AFP có thể làm tăng độ nhạy nhưng cũng làm tăng tỷ lệ dương tính giả.
noi-xo-gan-case-6-3,noi,Xơ gan,Tiêu hoá,"Bệnh nhân nam 67 tuổi, bị xơ gan do viêm gan B đang được theo dõi định kỳ mỗi 6 tháng. Lần khám này, bệnh nhân không có triệu chứng gì mới. Khám lâm sàng không có dấu hiệu mất bù cấp. Siêu âm bụng phát hiện một khối u mới ở hạ phân thùy VII gan phải, kích thước 3.5 cm, bờ rõ, tăng âm. Xét nghiệm máu có AFP (alpha-fetoprotein) tăng từ 15 ng/mL (6 tháng trước) lên 120 ng/mL. Bệnh nhân được chỉ định chụp CT scan ổ bụng 4 thì để đánh giá rõ hơn tổn thương. Kết quả CT cho thấy khối u ngấm thuốc rất mạnh ở thì động mạch và thải thuốc nhanh ở thì tĩnh mạch và thì muộn (dấu hiệu ""wash-out""), không có xâm lấn mạch máu hay di căn xa.",Cơ chế nào giải thích cho đặc điểm ngấm và thải thuốc điển hình của HCC trên hình ảnh học?,Khối u HCC có chứa các shunt động-tĩnh mạch bất thường.,"Khối u HCC chủ yếu được cấp máu bởi các nhánh tân tạo của động mạch gan, trong khi nhu mô gan lành chủ yếu nhận máu từ tĩnh mạch cửa.",Khối u HCC không có mạch máu nuôi dưỡng.,"Khối u HCC chủ yếu được cấp máu bởi tĩnh mạch cửa, không phải động mạch gan.",,b,"Sự tân sinh mạch máu từ động mạch gan là một đặc điểm cốt lõi của HCC. Do đó, ở thì động mạch, khi thuốc cản quang đi theo đường động mạch, khối u sẽ ""bắt"" thuốc rất mạnh và sáng lên. Ở các thì sau (tĩnh mạch, muộn), khi thuốc đã đi qua khối u và bắt đầu ngấm vào nhu mô gan lành qua đường tĩnh mạch cửa, khối u sẽ ""thải"" thuốc nhanh và trở nên mờ hơn so với gan lành xung quanh."
noi-xo-gan-case-6-4,noi,Xơ gan,Tiêu hoá,"Bệnh nhân nam 67 tuổi, bị xơ gan do viêm gan B đang được theo dõi định kỳ mỗi 6 tháng. Lần khám này, bệnh nhân không có triệu chứng gì mới. Khám lâm sàng không có dấu hiệu mất bù cấp. Siêu âm bụng phát hiện một khối u mới ở hạ phân thùy VII gan phải, kích thước 3.5 cm, bờ rõ, tăng âm. Xét nghiệm máu có AFP (alpha-fetoprotein) tăng từ 15 ng/mL (6 tháng trước) lên 120 ng/mL. Bệnh nhân được chỉ định chụp CT scan ổ bụng 4 thì để đánh giá rõ hơn tổn thương. Kết quả CT cho thấy khối u ngấm thuốc rất mạnh ở thì động mạch và thải thuốc nhanh ở thì tĩnh mạch và thì muộn (dấu hiệu ""wash-out""), không có xâm lấn mạch máu hay di căn xa.",Hệ thống phân loại nào được sử dụng phổ biến nhất để đánh giá giai đoạn và định hướng điều trị cho bệnh nhân HCC?,Thang điểm MELD.,Thang điểm Child-Pugh.,Hệ thống phân loại TNM.,Hệ thống phân loại BCLC (Barcelona Clinic Liver Cancer).,,d,"Hệ thống BCLC là công cụ toàn diện nhất, nó không chỉ đánh giá đặc điểm khối u (kích thước, số lượng, xâm lấn) mà còn xem xét cả chức năng gan (theo thang Child-Pugh) và tổng trạng của bệnh nhân (theo ECOG). Dựa trên các yếu tố này, BCLC phân bệnh nhân vào các giai đoạn từ rất sớm đến cuối và đưa ra các khuyến cáo điều trị tương ứng."
noi-xo-gan-case-6-5,noi,Xơ gan,Tiêu hoá,"Bệnh nhân nam 67 tuổi, bị xơ gan do viêm gan B đang được theo dõi định kỳ mỗi 6 tháng. Lần khám này, bệnh nhân không có triệu chứng gì mới. Khám lâm sàng không có dấu hiệu mất bù cấp. Siêu âm bụng phát hiện một khối u mới ở hạ phân thùy VII gan phải, kích thước 3.5 cm, bờ rõ, tăng âm. Xét nghiệm máu có AFP (alpha-fetoprotein) tăng từ 15 ng/mL (6 tháng trước) lên 120 ng/mL. Bệnh nhân được chỉ định chụp CT scan ổ bụng 4 thì để đánh giá rõ hơn tổn thương. Kết quả CT cho thấy khối u ngấm thuốc rất mạnh ở thì động mạch và thải thuốc nhanh ở thì tĩnh mạch và thì muộn (dấu hiệu ""wash-out""), không có xâm lấn mạch máu hay di căn xa.","Với một khối u đơn độc 3.5 cm, không xâm lấn, trên nền gan xơ còn bù tốt, lựa chọn điều trị triệt để nào có thể được xem xét?",Phẫu thuật cắt gan hoặc các phương pháp điều trị tại chỗ như đốt sóng cao tần (RFA).,Hóa trị toàn thân bằng Sorafenib.,Chăm sóc giảm nhẹ.,Xạ trị ngoài.,,a,"Theo sơ đồ BCLC, bệnh nhân ở giai đoạn sớm (giai đoạn A), có khối u đơn độc < 5cm hoặc tối đa 3 khối u < 3cm, chức năng gan còn tốt, sẽ được xem xét các phương pháp điều trị triệt để như phẫu thuật cắt gan, ghép gan, hoặc phá hủy khối u tại chỗ (như RFA, vi sóng - MWA)."
noi-xo-gan-case-7-1,noi,Xơ gan,Tiêu hoá,"Bệnh nhân nam 50 tuổi, xơ gan do rượu Child-Pugh C, nhập viện vì tình trạng mệt mỏi, lơ mơ tăng dần. Bệnh nhân có cổ trướng kháng trị và đã được chọc tháo dịch màng bụng nhiều lần. Khám lâm sàng không có dấu hiệu nhiễm trùng hay xuất huyết. Các xét nghiệm cho thấy chức năng gan và thận không thay đổi nhiều so với trước, nhưng nồng độ Natri (Na+) trong máu giảm nặng còn 122 mmol/L. Bệnh nhân không bị nôn ói hay tiêu chảy, và vẫn đang tuân thủ chế độ ăn hạn chế muối, nước.",Tình trạng hạ Natri máu ở bệnh nhân này được phân loại là gì?,Hạ Natri máu giả do tăng lipid máu.,Hạ Natri máu đẳng thể tích.,Hạ Natri máu giảm thể tích.,Hạ Natri máu tăng thể tích.,,d,"Bệnh nhân có các dấu hiệu của thừa dịch ngoại bào (cổ trướng, phù), do đó đây là tình trạng hạ Natri máu tăng thể tích (hypervolemic hyponatremia)."
noi-xo-gan-case-7-2,noi,Xơ gan,Tiêu hoá,"Bệnh nhân nam 50 tuổi, xơ gan do rượu Child-Pugh C, nhập viện vì tình trạng mệt mỏi, lơ mơ tăng dần. Bệnh nhân có cổ trướng kháng trị và đã được chọc tháo dịch màng bụng nhiều lần. Khám lâm sàng không có dấu hiệu nhiễm trùng hay xuất huyết. Các xét nghiệm cho thấy chức năng gan và thận không thay đổi nhiều so với trước, nhưng nồng độ Natri (Na+) trong máu giảm nặng còn 122 mmol/L. Bệnh nhân không bị nôn ói hay tiêu chảy, và vẫn đang tuân thủ chế độ ăn hạn chế muối, nước.",Cơ chế bệnh sinh chính gây ra hạ Natri máu ở bệnh nhân xơ gan giai đoạn cuối là gì?,"Sự bài tiết hormone chống bài niệu (ADH) không thích hợp, không theo cơ chế thẩm thấu, dẫn đến tái hấp thu nước tự do quá mức ở ống thận.",Uống quá nhiều nước.,Mất Natri quá nhiều qua thận do dùng thuốc lợi tiểu.,Suy giảm chức năng bơm Na+-K+-ATPase ở tất cả các tế bào.,,a,"Ở xơ gan nặng, tình trạng giãn mạch tạng làm giảm thể tích tuần hoàn hiệu dụng. Các thụ thể áp lực ở quai động mạch chủ và xoang cảnh sẽ cảm nhận sự ""thiếu hụt"" này và kích thích tuyến yên bài tiết ADH một cách liên tục, bất chấp áp lực thẩm thấu máu đang thấp. ADH làm tăng tái hấp thu nước tự do ở ống góp của thận, dẫn đến tình trạng ""pha loãng"" máu và gây hạ Natri máu."
noi-xo-gan-case-7-3,noi,Xơ gan,Tiêu hoá,"Bệnh nhân nam 50 tuổi, xơ gan do rượu Child-Pugh C, nhập viện vì tình trạng mệt mỏi, lơ mơ tăng dần. Bệnh nhân có cổ trướng kháng trị và đã được chọc tháo dịch màng bụng nhiều lần. Khám lâm sàng không có dấu hiệu nhiễm trùng hay xuất huyết. Các xét nghiệm cho thấy chức năng gan và thận không thay đổi nhiều so với trước, nhưng nồng độ Natri (Na+) trong máu giảm nặng còn 122 mmol/L. Bệnh nhân không bị nôn ói hay tiêu chảy, và vẫn đang tuân thủ chế độ ăn hạn chế muối, nước.",Hạ Natri máu ở bệnh nhân xơ gan là một dấu hiệu tiên lượng nặng vì nó phản ánh điều gì?,Mức độ suy dinh dưỡng của bệnh nhân.,Mức độ rối loạn huyết động và hoạt hóa hệ thần kinh thể dịch.,Mức độ tuân thủ điều trị của bệnh nhân.,Nguy cơ nhiễm trùng.,,b,"Mức độ hạ Natri máu tương quan trực tiếp với mức độ nặng của rối loạn huyết động (giãn mạch tạng) và mức độ hoạt hóa của các hệ thống thần kinh thể dịch (hệ giao cảm, RAA, ADH). Do đó, nó là một chỉ số tiên lượng tử vong và tiên lượng kết cục sau ghép gan rất quan trọng, được tích hợp vào thang điểm MELD-Na."
noi-xo-gan-case-7-4,noi,Xơ gan,Tiêu hoá,"Bệnh nhân nam 50 tuổi, xơ gan do rượu Child-Pugh C, nhập viện vì tình trạng mệt mỏi, lơ mơ tăng dần. Bệnh nhân có cổ trướng kháng trị và đã được chọc tháo dịch màng bụng nhiều lần. Khám lâm sàng không có dấu hiệu nhiễm trùng hay xuất huyết. Các xét nghiệm cho thấy chức năng gan và thận không thay đổi nhiều so với trước, nhưng nồng độ Natri (Na+) trong máu giảm nặng còn 122 mmol/L. Bệnh nhân không bị nôn ói hay tiêu chảy, và vẫn đang tuân thủ chế độ ăn hạn chế muối, nước.",Biện pháp điều trị đầu tay cho tình trạng hạ Natri máu tăng thể tích không có triệu chứng nặng ở bệnh nhân xơ gan là gì?,Hạn chế dịch nhập vào.,Truyền dung dịch Natri Clorua ưu trương 3%.,Cho bệnh nhân ăn mặn hơn.,Truyền dung dịch Natri Clorua 0.9%.,,a,"Nền tảng của điều trị là giải quyết tình trạng thừa nước tương đối. Do đó, biện pháp đầu tiên và quan trọng nhất là hạn chế lượng dịch bệnh nhân uống vào hàng ngày (thường dưới 1-1.5 lít/ngày). Việc truyền thêm dung dịch muối (đặc biệt là NaCl 0.9%) sẽ chỉ làm tình trạng quá tải dịch và phù, cổ trướng nặng thêm."
noi-xo-gan-case-7-5,noi,Xơ gan,Tiêu hoá,"Bệnh nhân nam 50 tuổi, xơ gan do rượu Child-Pugh C, nhập viện vì tình trạng mệt mỏi, lơ mơ tăng dần. Bệnh nhân có cổ trướng kháng trị và đã được chọc tháo dịch màng bụng nhiều lần. Khám lâm sàng không có dấu hiệu nhiễm trùng hay xuất huyết. Các xét nghiệm cho thấy chức năng gan và thận không thay đổi nhiều so với trước, nhưng nồng độ Natri (Na+) trong máu giảm nặng còn 122 mmol/L. Bệnh nhân không bị nôn ói hay tiêu chảy, và vẫn đang tuân thủ chế độ ăn hạn chế muối, nước.",Việc điều chỉnh Natri máu ở bệnh nhân này cần phải được thực hiện như thế nào?,Không cần điều chỉnh vì nó không nguy hiểm.,"Điều chỉnh một cách từ từ, không quá 8-10 mmol/L trong 24 giờ.",Chỉ cần điều chỉnh bằng chế độ ăn.,Càng nhanh càng tốt để đưa Natri về bình thường trong vài giờ.,,b,"Việc điều chỉnh Natri máu quá nhanh có thể gây ra một biến chứng thần kinh thảm khốc là hội chứng hủy myelin do thẩm thấu (osmotic demyelination syndrome). Do đó, tốc độ điều chỉnh phải rất chậm, mục tiêu nâng Natri không quá 8-10 mmol/L trong 24 giờ đầu và không quá 18 mmol/L trong 48 giờ."
noi-xo-gan-case-8-1,noi,Xơ gan,Tiêu hoá,"Bệnh nhân nữ 22 tuổi, sinh viên, không có tiền sử bệnh tật hay dùng chất kích thích, vào viện vì vàng da và mệt mỏi. Bệnh khởi phát khoảng 2 tháng nay với các triệu chứng mệt mỏi, chán ăn, đau tức nhẹ hạ sườn phải. Gần đây, bệnh nhân thấy vàng da, vàng mắt tăng dần, nước tiểu sẫm màu. Bệnh nhân không có các yếu tố nguy cơ của viêm gan virus. Khám lâm sàng thấy vàng da, vàng mắt rõ, có một vài sao mạch, không phù, không cổ trướng. Gan to 3 cm dưới sườn, chắc. Cận lâm sàng: AST 850 U/L, ALT 980 U/L; Bilirubin toàn phần 180 µmol/L; Albumin 32 g/L, PT(INR) 1.4. Globulin máu tăng cao, với nồng độ IgG tăng gấp 2 lần bình thường. Xét nghiệm HBsAg, anti-HCV, anti-HAV IgM, anti-HEV IgM đều âm tính. Xét nghiệm tự kháng thể cho kết quả kháng thể kháng nhân (ANA) và kháng thể kháng cơ trơn (ASMA) dương tính mạnh ở hiệu giá 1:320.","Dựa trên bệnh cảnh lâm sàng và xét nghiệm, chẩn đoán nguyên nhân gây bệnh gan ở bệnh nhân này là gì?",Bệnh Wilson.,Viêm gan tự miễn (Autoimmune Hepatitis - AIH).,Viêm gan do thuốc.,Thiếu hụt Alpha-1 antitrypsin.,,b,"Bệnh cảnh một phụ nữ trẻ, có biểu hiện viêm gan cấp hoặc mạn tính nặng (tăng men gan rất cao), không có bằng chứng nhiễm virus, nhưng lại có tăng IgG và các tự kháng thể đặc hiệu (ANA, ASMA). Đây là hình ảnh rất điển hình của Viêm gan tự miễn type 1."
noi-xo-gan-case-8-2,noi,Xơ gan,Tiêu hoá,"Bệnh nhân nữ 22 tuổi, sinh viên, không có tiền sử bệnh tật hay dùng chất kích thích, vào viện vì vàng da và mệt mỏi. Bệnh khởi phát khoảng 2 tháng nay với các triệu chứng mệt mỏi, chán ăn, đau tức nhẹ hạ sườn phải. Gần đây, bệnh nhân thấy vàng da, vàng mắt tăng dần, nước tiểu sẫm màu. Bệnh nhân không có các yếu tố nguy cơ của viêm gan virus. Khám lâm sàng thấy vàng da, vàng mắt rõ, có một vài sao mạch, không phù, không cổ trướng. Gan to 3 cm dưới sườn, chắc. Cận lâm sàng: AST 850 U/L, ALT 980 U/L; Bilirubin toàn phần 180 µmol/L; Albumin 32 g/L, PT(INR) 1.4. Globulin máu tăng cao, với nồng độ IgG tăng gấp 2 lần bình thường. Xét nghiệm HBsAg, anti-HCV, anti-HAV IgM, anti-HEV IgM đều âm tính. Xét nghiệm tự kháng thể cho kết quả kháng thể kháng nhân (ANA) và kháng thể kháng cơ trơn (ASMA) dương tính mạnh ở hiệu giá 1:320.",Cơ chế bệnh sinh của Viêm gan tự miễn là gì?,"Một đáp ứng miễn dịch qua trung gian tế bào T bất thường, tấn công vào các kháng nguyên trên bề mặt tế bào gan của chính cơ thể.",Sự phá hủy đường mật do các tự kháng thể.,Nhiễm độc gan trực tiếp do một loại virus chưa xác định.,Sự lắng đọng của các phức hợp miễn dịch trong các xoang gan.,,a,"AIH là một bệnh lý trong đó hệ miễn dịch của cơ thể nhận diện nhầm các tế bào gan là vật lạ và tấn công chúng. Cơ chế chính là do các tế bào T độc (CD8+) và tế bào T hỗ trợ (CD4+) gây tổn thương trực tiếp các tế bào gan, dẫn đến hoại tử và viêm. Tương bào cũng đóng vai trò quan trọng trong việc sản xuất các tự kháng thể."
noi-xo-gan-case-8-3,noi,Xơ gan,Tiêu hoá,"Bệnh nhân nữ 22 tuổi, sinh viên, không có tiền sử bệnh tật hay dùng chất kích thích, vào viện vì vàng da và mệt mỏi. Bệnh khởi phát khoảng 2 tháng nay với các triệu chứng mệt mỏi, chán ăn, đau tức nhẹ hạ sườn phải. Gần đây, bệnh nhân thấy vàng da, vàng mắt tăng dần, nước tiểu sẫm màu. Bệnh nhân không có các yếu tố nguy cơ của viêm gan virus. Khám lâm sàng thấy vàng da, vàng mắt rõ, có một vài sao mạch, không phù, không cổ trướng. Gan to 3 cm dưới sườn, chắc. Cận lâm sàng: AST 850 U/L, ALT 980 U/L; Bilirubin toàn phần 180 µmol/L; Albumin 32 g/L, PT(INR) 1.4. Globulin máu tăng cao, với nồng độ IgG tăng gấp 2 lần bình thường. Xét nghiệm HBsAg, anti-HCV, anti-HAV IgM, anti-HEV IgM đều âm tính. Xét nghiệm tự kháng thể cho kết quả kháng thể kháng nhân (ANA) và kháng thể kháng cơ trơn (ASMA) dương tính mạnh ở hiệu giá 1:320.","Thăm dò nào sau đây, mặc dù không phải lúc nào cũng bắt buộc, nhưng có giá trị cao trong việc khẳng định chẩn đoán và đánh giá mức độ viêm, xơ hóa của gan?",Chụp MRI đường mật.,Siêu âm Doppler gan.,Đo độ đàn hồi gan (FibroScan).,Sinh thiết gan.,,d,"Sinh thiết gan đóng vai trò quan trọng. Nó giúp loại trừ các chẩn đoán khác, khẳng định sự hiện diện của tình trạng viêm gan đang hoạt động (đặc biệt là viêm vùng gian tiếp), và quan trọng là đánh giá giai đoạn xơ hóa, giúp định hướng điều trị và tiên lượng."
noi-xo-gan-case-8-4,noi,Xơ gan,Tiêu hoá,"Bệnh nhân nữ 22 tuổi, sinh viên, không có tiền sử bệnh tật hay dùng chất kích thích, vào viện vì vàng da và mệt mỏi. Bệnh khởi phát khoảng 2 tháng nay với các triệu chứng mệt mỏi, chán ăn, đau tức nhẹ hạ sườn phải. Gần đây, bệnh nhân thấy vàng da, vàng mắt tăng dần, nước tiểu sẫm màu. Bệnh nhân không có các yếu tố nguy cơ của viêm gan virus. Khám lâm sàng thấy vàng da, vàng mắt rõ, có một vài sao mạch, không phù, không cổ trướng. Gan to 3 cm dưới sườn, chắc. Cận lâm sàng: AST 850 U/L, ALT 980 U/L; Bilirubin toàn phần 180 µmol/L; Albumin 32 g/L, PT(INR) 1.4. Globulin máu tăng cao, với nồng độ IgG tăng gấp 2 lần bình thường. Xét nghiệm HBsAg, anti-HCV, anti-HAV IgM, anti-HEV IgM đều âm tính. Xét nghiệm tự kháng thể cho kết quả kháng thể kháng nhân (ANA) và kháng thể kháng cơ trơn (ASMA) dương tính mạnh ở hiệu giá 1:320.",Lựa chọn điều trị đầu tay để gây lui bệnh ở bệnh nhân Viêm gan tự miễn là gì?,Thuốc kháng virus.,"Liệu pháp ức chế miễn dịch (thường là Prednisolone, có thể kết hợp với Azathioprine).",Ursodeoxycholic acid (UDCA).,Ghép gan.,,b,"Nền tảng của điều trị AIH là dập tắt phản ứng viêm tự miễn bằng các thuốc ức chế miễn dịch. Phác đồ khởi đầu kinh điển là sử dụng corticoid (Prednisolone) liều cao để kiểm soát nhanh tình trạng viêm, sau đó có thể phối hợp thêm Azathioprine để giảm liều corticoid và duy trì sự lui bệnh lâu dài."
noi-xo-gan-case-8-5,noi,Xơ gan,Tiêu hoá,"Bệnh nhân nữ 22 tuổi, sinh viên, không có tiền sử bệnh tật hay dùng chất kích thích, vào viện vì vàng da và mệt mỏi. Bệnh khởi phát khoảng 2 tháng nay với các triệu chứng mệt mỏi, chán ăn, đau tức nhẹ hạ sườn phải. Gần đây, bệnh nhân thấy vàng da, vàng mắt tăng dần, nước tiểu sẫm màu. Bệnh nhân không có các yếu tố nguy cơ của viêm gan virus. Khám lâm sàng thấy vàng da, vàng mắt rõ, có một vài sao mạch, không phù, không cổ trướng. Gan to 3 cm dưới sườn, chắc. Cận lâm sàng: AST 850 U/L, ALT 980 U/L; Bilirubin toàn phần 180 µmol/L; Albumin 32 g/L, PT(INR) 1.4. Globulin máu tăng cao, với nồng độ IgG tăng gấp 2 lần bình thường. Xét nghiệm HBsAg, anti-HCV, anti-HAV IgM, anti-HEV IgM đều âm tính. Xét nghiệm tự kháng thể cho kết quả kháng thể kháng nhân (ANA) và kháng thể kháng cơ trơn (ASMA) dương tính mạnh ở hiệu giá 1:320.",Đặc điểm mô bệnh học nào là kinh điển (mặc dù không đặc hiệu) của Viêm gan tự miễn?,Thâm nhiễm mỡ đại thể.,Sự thâm nhiễm của tương bào (plasma cells) ở khoảng cửa và viêm vùng gian tiếp (interface hepatitis).,Lắng đọng sắt trong tế bào gan.,Viêm đường mật hủy hoại.,,b,"Hình ảnh mô bệnh học đặc trưng nhất của AIH là sự thâm nhiễm dày đặc của các tế bào viêm, đặc biệt là tương bào, tại các khoảng cửa. Tình trạng viêm này thường phá vỡ màng đáy của biểu mô đường mật và các tế bào gan ở vùng rìa tiểu thùy, một hiện tượng được gọi là ""viêm vùng gian tiếp"" hay ""hoại tử mối gặm""."
noi-xo-gan-case-9-1,noi,Xơ gan,Tiêu hoá,"Bệnh nhân nam 45 tuổi, vào viện vì xuất huyết tiêu hóa. Bệnh nhân được chẩn đoán xơ gan do rượu, Child-Pugh B. Sau khi được xử trí cầm máu ổn định, bác sĩ đánh giá tình trạng dinh dưỡng của bệnh nhân. Khám thấy bệnh nhân gầy, teo cơ rõ ở vùng thái dương và các cơ gian cốt bàn tay. BMI 17 kg/m2. Bệnh nhân cho biết ăn uống rất kém, hay cảm thấy no sớm và buồn nôn. Cận lâm sàng có Albumin máu 28 g/L.",Tình trạng teo cơ và gầy sút của bệnh nhân là biểu hiện của biến chứng nào rất thường gặp ở bệnh nhân xơ gan?,Suy dinh dưỡng protein-năng lượng.,Bệnh não gan.,Loãng xương.,Hội chứng gan thận.,,a,"Suy dinh dưỡng, đặc biệt là suy dinh dưỡng protein-năng lượng với biểu hiện mất khối cơ (sarcopenia), là một biến chứng cực kỳ phổ biến và là một yếu tố tiên lượng độc lập ở bệnh nhân xơ gan."
noi-xo-gan-case-9-2,noi,Xơ gan,Tiêu hoá,"Bệnh nhân nam 45 tuổi, vào viện vì xuất huyết tiêu hóa. Bệnh nhân được chẩn đoán xơ gan do rượu, Child-Pugh B. Sau khi được xử trí cầm máu ổn định, bác sĩ đánh giá tình trạng dinh dưỡng của bệnh nhân. Khám thấy bệnh nhân gầy, teo cơ rõ ở vùng thái dương và các cơ gian cốt bàn tay. BMI 17 kg/m2. Bệnh nhân cho biết ăn uống rất kém, hay cảm thấy no sớm và buồn nôn. Cận lâm sàng có Albumin máu 28 g/L.",Cơ chế chính gây ra tình trạng mất cơ (sarcopenia) ở bệnh nhân xơ gan là gì?,Do chế độ ăn kiêng muối quá nghiêm ngặt.,Do bệnh nhân lười vận động.,"Một tình trạng dị hóa tăng cao, mất cân bằng giữa tổng hợp và phân giải protein, kháng insulin và giảm hấp thu chất dinh dưỡng.",Do tác dụng phụ của thuốc lợi tiểu.,,c,"Cơ chế của sarcopenia trong xơ gan rất phức tạp, bao gồm: tình trạng viêm hệ thống mạn tính, tăng dị hóa, giảm tổng hợp protein do chức năng gan suy giảm, tăng nồng độ amoniac, rối loạn nội tiết (kháng insulin, giảm testosterone) và giảm hấp thu chất dinh dưỡng do tăng áp lực tĩnh mạch cửa gây phù nề niêm mạc ruột."
noi-xo-gan-case-9-3,noi,Xơ gan,Tiêu hoá,"Bệnh nhân nam 45 tuổi, vào viện vì xuất huyết tiêu hóa. Bệnh nhân được chẩn đoán xơ gan do rượu, Child-Pugh B. Sau khi được xử trí cầm máu ổn định, bác sĩ đánh giá tình trạng dinh dưỡng của bệnh nhân. Khám thấy bệnh nhân gầy, teo cơ rõ ở vùng thái dương và các cơ gian cốt bàn tay. BMI 17 kg/m2. Bệnh nhân cho biết ăn uống rất kém, hay cảm thấy no sớm và buồn nôn. Cận lâm sàng có Albumin máu 28 g/L.",Tại sao bệnh nhân xơ gan thường có cảm giác no sớm?,Do nồng độ đường huyết luôn ở mức cao.,Do tác dụng phụ của thuốc propranolol.,Do thay đổi vị giác.,Do dạ dày co bóp chậm lại và áp lực từ dịch cổ trướng chèn ép vào dạ dày.,,d,"No sớm là một triệu chứng thường gặp. Nó có thể do tình trạng liệt dạ dày (gastroparesis) làm thức ăn chậm được tống đi, và quan trọng hơn là do dịch cổ trướng gây tăng áp lực trong ổ bụng, chèn ép và làm giảm dung tích của dạ dày."
noi-xo-gan-case-9-4,noi,Xơ gan,Tiêu hoá,"Bệnh nhân nam 45 tuổi, vào viện vì xuất huyết tiêu hóa. Bệnh nhân được chẩn đoán xơ gan do rượu, Child-Pugh B. Sau khi được xử trí cầm máu ổn định, bác sĩ đánh giá tình trạng dinh dưỡng của bệnh nhân. Khám thấy bệnh nhân gầy, teo cơ rõ ở vùng thái dương và các cơ gian cốt bàn tay. BMI 17 kg/m2. Bệnh nhân cho biết ăn uống rất kém, hay cảm thấy no sớm và buồn nôn. Cận lâm sàng có Albumin máu 28 g/L.",Lời khuyên nào về chế độ dinh dưỡng là phù hợp nhất cho bệnh nhân xơ gan còn bù hoặc mất bù ổn định?,Chỉ nên ăn rau xanh và trái cây.,Phải kiêng protein (đạm) hoàn toàn để tránh bệnh não gan.,Nên nhịn ăn để gan được nghỉ ngơi.,"Nên ăn nhiều bữa nhỏ trong ngày, bao gồm cả một bữa ăn nhẹ buổi tối muộn, với lượng protein đủ (1.2-1.5 g/kg/ngày).",,d,"Quan niệm cũ về việc kiêng đạm nghiêm ngặt đã bị bác bỏ. Hạn chế protein quá mức sẽ chỉ làm nặng thêm tình trạng suy dinh dưỡng và mất cơ. Khuyến cáo hiện nay là đảm bảo cung cấp đủ năng lượng và protein (1.2-1.5 g/kg/ngày), chia thành nhiều bữa nhỏ để dễ dung nạp. Việc hạn chế protein chỉ thực hiện trong đợt cấp của bệnh não gan và trong thời gian ngắn."
noi-xo-gan-case-9-5,noi,Xơ gan,Tiêu hoá,"Bệnh nhân nam 45 tuổi, vào viện vì xuất huyết tiêu hóa. Bệnh nhân được chẩn đoán xơ gan do rượu, Child-Pugh B. Sau khi được xử trí cầm máu ổn định, bác sĩ đánh giá tình trạng dinh dưỡng của bệnh nhân. Khám thấy bệnh nhân gầy, teo cơ rõ ở vùng thái dương và các cơ gian cốt bàn tay. BMI 17 kg/m2. Bệnh nhân cho biết ăn uống rất kém, hay cảm thấy no sớm và buồn nôn. Cận lâm sàng có Albumin máu 28 g/L.",Bữa ăn nhẹ buổi tối muộn ở bệnh nhân xơ gan có vai trò quan trọng gì?,"Rút ngắn thời gian nhịn ăn qua đêm, từ đó làm giảm quá trình tân tạo đường từ acid amin (ly giải cơ) và cải thiện cân bằng nitơ.",Giúp tăng hấp thu thuốc.,Giúp bệnh nhân ngủ ngon hơn.,Cung cấp thêm muối cho cơ thể.,,a,"Bệnh nhân xơ gan có dự trữ glycogen ở gan rất kém, do đó sau một đêm nhịn ăn, cơ thể sẽ nhanh chóng chuyển sang trạng thái dị hóa, phải phân giải protein từ cơ để tân tạo glucose. Một bữa ăn nhẹ giàu carbohydrate trước khi đi ngủ giúp cung cấp năng lượng, rút ngắn thời gian nhịn đói, hạn chế tình trạng ly giải cơ và cải thiện tình trạng dinh dưỡng."
noi-xo-gan-case-10-1,noi,Xơ gan,Tiêu hoá,"Bệnh nhân nữ 52 tuổi, bị xơ gan do NASH (viêm gan nhiễm mỡ không do rượu), Child-Pugh A, đến khám vì lo lắng về tình trạng loãng xương. Bệnh nhân đã mãn kinh 3 năm. Khám lâm sàng không có dấu hiệu mất bù, BMI 31 kg/m2. Đo mật độ xương (DXA) cho thấy chỉ số T-score ở cổ xương đùi là -2.7 SD.",Tình trạng của bệnh nhân được chẩn đoán là loãng xương. Đây có phải là một biến chứng của bệnh gan mạn tính không?,"Không, loãng xương chỉ liên quan đến tuổi tác và mãn kinh.","Không, chỉ xơ gan do rượu mới gây loãng xương.","Có, nhưng chỉ ở giai đoạn xơ gan mất bù.","Có, bệnh gan mạn tính là một yếu tố nguy cơ quan trọng gây loãng xương thứ phát.",,d,"Loãng xương là một biến chứng ngoài gan phổ biến nhưng thường bị bỏ sót của bệnh gan mạn tính, bất kể nguyên nhân gì. Tỷ lệ loãng xương ở bệnh nhân xơ gan cao hơn đáng kể so với dân số chung."
noi-xo-gan-case-10-2,noi,Xơ gan,Tiêu hoá,"Bệnh nhân nữ 52 tuổi, bị xơ gan do NASH (viêm gan nhiễm mỡ không do rượu), Child-Pugh A, đến khám vì lo lắng về tình trạng loãng xương. Bệnh nhân đã mãn kinh 3 năm. Khám lâm sàng không có dấu hiệu mất bù, BMI 31 kg/m2. Đo mật độ xương (DXA) cho thấy chỉ số T-score ở cổ xương đùi là -2.7 SD.",Nhóm cơ chế nào góp phần gây bệnh xương do gan ở bệnh nhân xơ gan?,Tăng dự trữ vitamin tan trong dầu và giảm hoạt động tế bào hủy xương.,"Chỉ do ít vận động, không liên quan chức năng gan hay nội tiết.","Tăng hấp thu canxi ở ruột, tăng estrogen và tăng hoạt động tạo xương.","Giảm hấp thu và chuyển hóa vitamin D, suy sinh dục, giảm IGF-1 và suy dinh dưỡng.",,d,"Bệnh xương do gan có cơ chế đa yếu tố: suy dinh dưỡng, giảm hấp thu canxi-vitamin D, rối loạn chuyển hóa vitamin D, suy sinh dục, giảm IGF-1, viêm mạn và giảm hoạt động thể lực. Gan tham gia 25-hydroxyl hóa vitamin D; bước tạo calcitriol cuối cùng chủ yếu diễn ra tại thận."
noi-xo-gan-case-10-3,noi,Xơ gan,Tiêu hoá,"Bệnh nhân nữ 52 tuổi, bị xơ gan do NASH (viêm gan nhiễm mỡ không do rượu), Child-Pugh A, đến khám vì lo lắng về tình trạng loãng xương. Bệnh nhân đã mãn kinh 3 năm. Khám lâm sàng không có dấu hiệu mất bù, BMI 31 kg/m2. Đo mật độ xương (DXA) cho thấy chỉ số T-score ở cổ xương đùi là -2.7 SD.","Ngoài việc bổ sung Calci và Vitamin D, nhóm thuốc nào là lựa chọn điều trị đầu tay cho loãng xương ở bệnh nhân này?",Teriparatide.,"Bisphosphonates (ví dụ: Alendronate, Zoledronic acid).",Liệu pháp hormone thay thế (Estrogen).,Raloxifene.,,b,"Bisphosphonates là nhóm thuốc chống hủy xương, được coi là lựa chọn hàng đầu để điều trị loãng xương ở cả dân số chung và ở bệnh nhân xơ gan còn bù. Chúng đã được chứng minh là giúp tăng mật độ xương và giảm nguy cơ gãy xương."
noi-xo-gan-case-10-4,noi,Xơ gan,Tiêu hoá,"Bệnh nhân nữ 52 tuổi, bị xơ gan do NASH (viêm gan nhiễm mỡ không do rượu), Child-Pugh A, đến khám vì lo lắng về tình trạng loãng xương. Bệnh nhân đã mãn kinh 3 năm. Khám lâm sàng không có dấu hiệu mất bù, BMI 31 kg/m2. Đo mật độ xương (DXA) cho thấy chỉ số T-score ở cổ xương đùi là -2.7 SD.","Bệnh nhân xơ gan có nguy cơ cao bị thiếu hụt loại vitamin tan trong dầu nào sau đây, ngoài Vitamin D?",Vitamin C.,Vitamin B1.,Vitamin B12.,"Vitamin A, E, K.",,d,"Gan đóng vai trò quan trọng trong chuyển hóa và dự trữ các vitamin tan trong dầu (A, D, E, K). Trong các bệnh gan ứ mật hoặc xơ gan nặng, sự bài tiết acid mật giảm, dẫn đến giảm hấp thu chất béo và các vitamin tan trong dầu từ ruột, gây ra nguy cơ thiếu hụt."
noi-xo-gan-case-10-5,noi,Xơ gan,Tiêu hoá,"Bệnh nhân nữ 52 tuổi, bị xơ gan do NASH (viêm gan nhiễm mỡ không do rượu), Child-Pugh A, đến khám vì lo lắng về tình trạng loãng xương. Bệnh nhân đã mãn kinh 3 năm. Khám lâm sàng không có dấu hiệu mất bù, BMI 31 kg/m2. Đo mật độ xương (DXA) cho thấy chỉ số T-score ở cổ xương đùi là -2.7 SD.",Tại sao bệnh nhân xơ gan lại có nguy cơ thiếu vitamin K?,Do vi khuẩn đường ruột không sản xuất được vitamin K.,Do chế độ ăn của bệnh nhân thường thiếu rau xanh.,Do giảm hấp thu chất béo từ ruột (cần thiết để hấp thu vitamin K) và giảm dự trữ ở gan.,Do thận tăng thải vitamin K.,,c,"Vitamin K là một vitamin tan trong dầu. Ở bệnh nhân xơ gan, đặc biệt là những người có ứ mật, lượng acid mật xuống ruột giảm, làm giảm khả năng nhũ tương hóa và hấp thu chất béo, kéo theo giảm hấp thu Vitamin K. Ngoài ra, gan là nơi dự trữ chính của Vitamin K, do đó khi gan bị xơ hóa, khả năng dự trữ cũng suy giảm. Thiếu vitamin K sẽ làm nặng thêm tình trạng rối loạn đông máu do giảm tổng hợp các yếu tố đông máu phụ thuộc vitamin K (II, VII, IX, X)."
noi-xo-gan-case-11-1,noi,Xơ gan,Tiêu hoá,"Bệnh nhân nam 55 tuổi, làm nghề thợ mộc, vào viện vì mệt mỏi, vàng da và bụng to dần lên trong 1 tháng nay. Bệnh sử ghi nhận bệnh nhân uống khoảng 500ml rượu mỗi ngày trong hơn 20 năm. Khám lúc vào viện: bệnh nhân tỉnh, tiếp xúc chậm, không có dấu hiệu thần kinh khu trú, mạch 90 lần/phút, huyết áp 110/70 mmHg, nhịp thở 18 lần/phút, nhiệt độ 37 độ C, vàng da và củng mạc mắt rõ, có nhiều sao mạch ở ngực, lòng bàn tay son, bụng chướng bè hai bên, gõ đục vùng thấp, lách to độ 2. Cận lâm sàng: Bilirubin toàn phần 45 μmol/L, Albumin máu 26 g/L, INR 1.5, Creatinin 85 μmol/L, Na máu 136 mmol/L, K máu 3.8 mmol/L, siêu âm có cổ trướng mức độ vừa, tĩnh mạch cửa giãn 14 mm.",Chẩn đoán hội chứng lâm sàng chính phù hợp nhất ở bệnh nhân này là gì?,Hội chứng suy tế bào gan cấp tính.,Tắc mật ngoài gan do u đầu tụy.,Xơ gan còn bù do nghiện rượu.,Xơ gan mất bù do nghiện rượu.,,d,"Bệnh nhân có tiền sử nghiện rượu, biểu hiện vàng da, sao mạch, lòng bàn tay son (suy tế bào gan) và cổ trướng, lách to, giãn tĩnh mạch cửa (tăng áp tĩnh mạch cửa). Sự xuất hiện của cổ trướng và vàng da khẳng định đây là xơ gan giai đoạn mất bù. Các phương án khác không có sự kết hợp đầy đủ hai hội chứng này."
noi-xo-gan-case-11-2,noi,Xơ gan,Tiêu hoá,"Bệnh nhân nam 55 tuổi, làm nghề thợ mộc, vào viện vì mệt mỏi, vàng da và bụng to dần lên trong 1 tháng nay. Bệnh sử ghi nhận bệnh nhân uống khoảng 500ml rượu mỗi ngày trong hơn 20 năm. Khám lúc vào viện: bệnh nhân tỉnh, tiếp xúc chậm, không có dấu hiệu thần kinh khu trú, mạch 90 lần/phút, huyết áp 110/70 mmHg, nhịp thở 18 lần/phút, nhiệt độ 37 độ C, vàng da và củng mạc mắt rõ, có nhiều sao mạch ở ngực, lòng bàn tay son, bụng chướng bè hai bên, gõ đục vùng thấp, lách to độ 2. Cận lâm sàng: Bilirubin toàn phần 45 μmol/L, Albumin máu 26 g/L, INR 1.5, Creatinin 85 μmol/L, Na máu 136 mmol/L, K máu 3.8 mmol/L, siêu âm có cổ trướng mức độ vừa, tĩnh mạch cửa giãn 14 mm.","Theo phân loại Child-Pugh, bệnh nhân này được xếp vào nhóm nào?",Child-Pugh B với 8 điểm.,Child-Pugh A với 6 điểm.,Child-Pugh B với 9 điểm.,Child-Pugh C với 10 điểm.,,c,"Tính điểm Child-Pugh: Bệnh não gan không có (1 điểm), Cổ trướng vừa (2 điểm), Bilirubin 45 μmol/L nằm trong khoảng 35-50 (2 điểm), Albumin 26 g/L < 28 (3 điểm), INR 1.5 < 1.7 (1 điểm). Tổng điểm: 1+2+2+3+1 = 9 điểm. Thuộc phân nhóm Child B (7-9 điểm)."
noi-xo-gan-case-11-3,noi,Xơ gan,Tiêu hoá,"Bệnh nhân nam 55 tuổi, làm nghề thợ mộc, vào viện vì mệt mỏi, vàng da và bụng to dần lên trong 1 tháng nay. Bệnh sử ghi nhận bệnh nhân uống khoảng 500ml rượu mỗi ngày trong hơn 20 năm. Khám lúc vào viện: bệnh nhân tỉnh, tiếp xúc chậm, không có dấu hiệu thần kinh khu trú, mạch 90 lần/phút, huyết áp 110/70 mmHg, nhịp thở 18 lần/phút, nhiệt độ 37 độ C, vàng da và củng mạc mắt rõ, có nhiều sao mạch ở ngực, lòng bàn tay son, bụng chướng bè hai bên, gõ đục vùng thấp, lách to độ 2. Cận lâm sàng: Bilirubin toàn phần 45 μmol/L, Albumin máu 26 g/L, INR 1.5, Creatinin 85 μmol/L, Na máu 136 mmol/L, K máu 3.8 mmol/L, siêu âm có cổ trướng mức độ vừa, tĩnh mạch cửa giãn 14 mm.",Thăm dò cận lâm sàng nào cần được ưu tiên chỉ định tiếp theo để tầm soát biến chứng ở bệnh nhân này?,Sinh thiết gan dưới hướng dẫn siêu âm.,Chụp cộng hưởng từ đường mật.,Nội soi thực quản dạ dày tá tràng.,Chụp cắt lớp vi tính ổ bụng có cản quang.,,c,Bệnh nhân xơ gan mất bù có nguy cơ cao giãn vỡ tĩnh mạch thực quản do tăng áp lực tĩnh mạch cửa. Nội soi thực quản dạ dày là tiêu chuẩn vàng bắt buộc để tầm soát búi giãn tĩnh mạch nhằm dự phòng xuất huyết tiên phát. Các can thiệp như sinh thiết gan hiện tại không cần thiết và có rủi ro đông máu.
noi-xo-gan-case-11-4,noi,Xơ gan,Tiêu hoá,"Bệnh nhân nam 55 tuổi, làm nghề thợ mộc, vào viện vì mệt mỏi, vàng da và bụng to dần lên trong 1 tháng nay. Bệnh sử ghi nhận bệnh nhân uống khoảng 500ml rượu mỗi ngày trong hơn 20 năm. Khám lúc vào viện: bệnh nhân tỉnh, tiếp xúc chậm, không có dấu hiệu thần kinh khu trú, mạch 90 lần/phút, huyết áp 110/70 mmHg, nhịp thở 18 lần/phút, nhiệt độ 37 độ C, vàng da và củng mạc mắt rõ, có nhiều sao mạch ở ngực, lòng bàn tay son, bụng chướng bè hai bên, gõ đục vùng thấp, lách to độ 2. Cận lâm sàng: Bilirubin toàn phần 45 μmol/L, Albumin máu 26 g/L, INR 1.5, Creatinin 85 μmol/L, Na máu 136 mmol/L, K máu 3.8 mmol/L, siêu âm có cổ trướng mức độ vừa, tĩnh mạch cửa giãn 14 mm.",Lựa chọn thuốc lợi tiểu khởi đầu phù hợp nhất để điều trị cổ trướng ở bệnh nhân này là gì?,Mannitol truyền tĩnh mạch.,Hydrochlorothiazide đường uống.,Furosemide đường tĩnh mạch.,Spironolactone đường uống.,,d,"Theo phác đồ, Spironolactone (kháng aldosterone) là thuốc lợi tiểu đầu tay trong điều trị cổ trướng do xơ gan vì nó tác động trực tiếp vào cơ chế cường aldosterone thứ phát. Furosemide chỉ phối hợp khi Spironolactone đơn độc không hiệu quả hoặc bệnh nhân có phù ngoại vi nhiều."
noi-xo-gan-case-11-5,noi,Xơ gan,Tiêu hoá,"Bệnh nhân nam 55 tuổi, làm nghề thợ mộc, vào viện vì mệt mỏi, vàng da và bụng to dần lên trong 1 tháng nay. Bệnh sử ghi nhận bệnh nhân uống khoảng 500ml rượu mỗi ngày trong hơn 20 năm. Khám lúc vào viện: bệnh nhân tỉnh, tiếp xúc chậm, không có dấu hiệu thần kinh khu trú, mạch 90 lần/phút, huyết áp 110/70 mmHg, nhịp thở 18 lần/phút, nhiệt độ 37 độ C, vàng da và củng mạc mắt rõ, có nhiều sao mạch ở ngực, lòng bàn tay son, bụng chướng bè hai bên, gõ đục vùng thấp, lách to độ 2. Cận lâm sàng: Bilirubin toàn phần 45 μmol/L, Albumin máu 26 g/L, INR 1.5, Creatinin 85 μmol/L, Na máu 136 mmol/L, K máu 3.8 mmol/L, siêu âm có cổ trướng mức độ vừa, tĩnh mạch cửa giãn 14 mm.","Sau 5 ngày dùng lợi tiểu, bệnh nhân xuất hiện lơ mơ, ngủ gà, run vẩy tay (flapping tremor). Yếu tố nào sau đây nhiều khả năng nhất là yếu tố thúc đẩy tình trạng này?",Ăn quá nhiều chất béo bão hòa.,Xuất huyết tiêu hóa rỉ rả.,Rối loạn điện giải do lợi tiểu.,Tình trạng nhiễm trùng tiềm ẩn.,,c,"Bệnh nhân đang dùng lợi tiểu, biến chứng lơ mơ và run vẩy là biểu hiện của bệnh lý não gan. Việc lạm dụng lợi tiểu gây mất nước, rối loạn điện giải (đặc biệt hạ kali máu và kiềm chuyển hóa) làm tăng sản xuất và hấp thu amoniac, là yếu tố thúc đẩy kinh điển của bệnh não gan."
noi-xo-gan-case-12-1,noi,Xơ gan,Tiêu hoá,"Bệnh nhân nữ 60 tuổi, tiền sử xơ gan do virus viêm gan C nhiều năm, vào viện vì sốt và đau bụng âm ỉ vùng quanh rốn 2 ngày nay. Khám lúc vào viện: bệnh nhân tỉnh, mạch 105 lần/phút, huyết áp 100/60 mmHg, nhiệt độ 38.5 độ C, da niêm mạc vàng nhẹ, bụng chướng căng, rốn lồi, ấn đau tức toàn bụng nhưng không có phản ứng thành bụng rõ rệt, gõ đục vùng thấp. Cận lâm sàng: Bạch cầu máu 12 G/L (trung tính 85%), CRP 45 mg/L, creatinin 90 μmol/L. Bệnh nhân được chọc dịch ổ bụng khảo sát thấy dịch màu vàng hơi đục, Protein dịch 12 g/L, đếm tế bào dịch có 800 bạch cầu/mm3 với 75% là bạch cầu đa nhân trung tính.",Chẩn đoán xác định phù hợp nhất với tình trạng hiện tại của bệnh nhân là gì?,Thủng tạng rỗng gây viêm phúc mạc.,Viêm phúc mạc nhiễm khuẩn tiên phát.,Viêm ruột thừa cấp trên nền xơ gan.,Lao màng bụng thể cổ trướng.,,b,"Bệnh nhân xơ gan cổ trướng có sốt, đau bụng, dịch ổ bụng có bạch cầu tăng cao chủ yếu là đa nhân trung tính, không có phản ứng thành bụng điển hình của viêm phúc mạc thứ phát ngoại khoa. Đây là bệnh cảnh kinh điển của viêm phúc mạc nhiễm khuẩn tiên phát (SBP)."
noi-xo-gan-case-12-2,noi,Xơ gan,Tiêu hoá,"Bệnh nhân nữ 60 tuổi, tiền sử xơ gan do virus viêm gan C nhiều năm, vào viện vì sốt và đau bụng âm ỉ vùng quanh rốn 2 ngày nay. Khám lúc vào viện: bệnh nhân tỉnh, mạch 105 lần/phút, huyết áp 100/60 mmHg, nhiệt độ 38.5 độ C, da niêm mạc vàng nhẹ, bụng chướng căng, rốn lồi, ấn đau tức toàn bụng nhưng không có phản ứng thành bụng rõ rệt, gõ đục vùng thấp. Cận lâm sàng: Bạch cầu máu 12 G/L (trung tính 85%), CRP 45 mg/L, creatinin 90 μmol/L. Bệnh nhân được chọc dịch ổ bụng khảo sát thấy dịch màu vàng hơi đục, Protein dịch 12 g/L, đếm tế bào dịch có 800 bạch cầu/mm3 với 75% là bạch cầu đa nhân trung tính.",Tiêu chuẩn vàng để chẩn đoán tình trạng nhiễm trùng này dựa vào kết quả nào của dịch cổ trướng?,Nuôi cấy dịch cổ trướng có vi khuẩn mọc.,Nồng độ glucose dịch thấp hơn máu.,Nồng độ protein dịch dưới 25 g/L.,Bạch cầu đa nhân trung tính ≥ 250 tế bào/mm3.,,d,"Tiêu chuẩn vàng để chẩn đoán và bắt đầu điều trị SBP là số lượng bạch cầu đa nhân trung tính (PMN) trong dịch cổ trướng ≥ 250/mm3. Kết quả cấy dịch chỉ dương tính trong khoảng 40% trường hợp, do đó không đợi kết quả cấy để chẩn đoán."
noi-xo-gan-case-12-3,noi,Xơ gan,Tiêu hoá,"Bệnh nhân nữ 60 tuổi, tiền sử xơ gan do virus viêm gan C nhiều năm, vào viện vì sốt và đau bụng âm ỉ vùng quanh rốn 2 ngày nay. Khám lúc vào viện: bệnh nhân tỉnh, mạch 105 lần/phút, huyết áp 100/60 mmHg, nhiệt độ 38.5 độ C, da niêm mạc vàng nhẹ, bụng chướng căng, rốn lồi, ấn đau tức toàn bụng nhưng không có phản ứng thành bụng rõ rệt, gõ đục vùng thấp. Cận lâm sàng: Bạch cầu máu 12 G/L (trung tính 85%), CRP 45 mg/L, creatinin 90 μmol/L. Bệnh nhân được chọc dịch ổ bụng khảo sát thấy dịch màu vàng hơi đục, Protein dịch 12 g/L, đếm tế bào dịch có 800 bạch cầu/mm3 với 75% là bạch cầu đa nhân trung tính.",Bước xử trí tiếp theo nào cần được thực hiện ngay lập tức trước khi bắt đầu dùng kháng sinh?,Đặt ống dẫn lưu dịch cổ trướng liên tục.,Siêu âm ổ bụng tìm các ổ áp xe khu trú.,Cấy máu và cấy dịch cổ trướng vào chai cấy máu.,Bơm rửa ổ bụng bằng nước muối sinh lý.,,c,"Trước khi sử dụng kháng sinh toàn thân, cần phải lấy mẫu máu và dịch cổ trướng (bơm trực tiếp vào chai cấy máu tại giường) để cấy phân lập vi khuẩn, giúp định hướng điều trị nếu phác đồ kinh nghiệm thất bại. Các can thiệp ngoại khoa hay dẫn lưu không có chỉ định trong SBP."
noi-xo-gan-case-12-4,noi,Xơ gan,Tiêu hoá,"Bệnh nhân nữ 60 tuổi, tiền sử xơ gan do virus viêm gan C nhiều năm, vào viện vì sốt và đau bụng âm ỉ vùng quanh rốn 2 ngày nay. Khám lúc vào viện: bệnh nhân tỉnh, mạch 105 lần/phút, huyết áp 100/60 mmHg, nhiệt độ 38.5 độ C, da niêm mạc vàng nhẹ, bụng chướng căng, rốn lồi, ấn đau tức toàn bụng nhưng không có phản ứng thành bụng rõ rệt, gõ đục vùng thấp. Cận lâm sàng: Bạch cầu máu 12 G/L (trung tính 85%), CRP 45 mg/L, creatinin 90 μmol/L. Bệnh nhân được chọc dịch ổ bụng khảo sát thấy dịch màu vàng hơi đục, Protein dịch 12 g/L, đếm tế bào dịch có 800 bạch cầu/mm3 với 75% là bạch cầu đa nhân trung tính.",Lựa chọn kháng sinh theo kinh nghiệm ưu tiên nhất cho bệnh nhân này là gì?,Metronidazole đường tĩnh mạch.,Cefotaxime đường tĩnh mạch.,Azithromycin đường uống.,Vancomycin đường tĩnh mạch.,,b,"Kháng sinh kinh nghiệm cho SBP cần bao phủ vi khuẩn Gram âm đường ruột (E. coli, Klebsiella). Cephalosporin thế hệ 3 như Cefotaxime hoặc Ceftriaxone đường tĩnh mạch là lựa chọn đầu tay với hiệu quả và độ an toàn cao. Metronidazole không cần thiết vì vi khuẩn yếm khí rất hiếm gây SBP."
noi-xo-gan-case-12-5,noi,Xơ gan,Tiêu hoá,"Bệnh nhân nữ 60 tuổi, tiền sử xơ gan do virus viêm gan C nhiều năm, vào viện vì sốt và đau bụng âm ỉ vùng quanh rốn 2 ngày nay. Khám lúc vào viện: bệnh nhân tỉnh, mạch 105 lần/phút, huyết áp 100/60 mmHg, nhiệt độ 38.5 độ C, da niêm mạc vàng nhẹ, bụng chướng căng, rốn lồi, ấn đau tức toàn bụng nhưng không có phản ứng thành bụng rõ rệt, gõ đục vùng thấp. Cận lâm sàng: Bạch cầu máu 12 G/L (trung tính 85%), CRP 45 mg/L, creatinin 90 μmol/L. Bệnh nhân được chọc dịch ổ bụng khảo sát thấy dịch màu vàng hơi đục, Protein dịch 12 g/L, đếm tế bào dịch có 800 bạch cầu/mm3 với 75% là bạch cầu đa nhân trung tính.","Để dự phòng tổn thương cơ quan đích do biến chứng của tình trạng này, bệnh nhân cần được truyền tĩnh mạch dung dịch nào sau đây?",Dung dịch Glucose 5%.,Huyết tương tươi đông lạnh.,Dung dịch Ringer Lactate.,Dung dịch Albumin human.,,d,"SBP làm tăng nguy cơ rối loạn huyết động và hội chứng gan thận thể tổn thương thận cấp (HRS-AKI). Truyền Albumin human (1.5 g/kg ngày 1 và 1 g/kg ngày 3) được chứng minh giúp bảo vệ chức năng thận, giảm tỷ lệ hội chứng gan thận và cải thiện tỷ lệ tử vong."
noi-xo-gan-case-13-1,noi,Xơ gan,Tiêu hoá,"Bệnh nhân nam 48 tuổi, tiền sử viêm gan virus B không điều trị thuốc kháng virus, vào cấp cứu vì nôn ra khoảng 800ml máu đỏ tươi lẫn máu cục. Khám tại cấp cứu: bệnh nhân vật vã, da xanh, niêm mạc nhợt nhạt, vã mồ hôi, mạch 115 lần/phút, huyết áp 85/50 mmHg, nhịp thở 22 lần/phút. Khám bụng thấy tuần hoàn bàng hệ cửa chủ rõ, không có cổ trướng. Xét nghiệm cấp cứu: Hemoglobin 75 g/L, Hematocrit 22%, Tiểu cầu 80 G/L, PT 60%.",Phân loại mức độ xuất huyết tiêu hóa ở bệnh nhân này thuộc nhóm nào?,Mức độ nhẹ.,Mức độ nặng.,Mức độ rất nhẹ.,Mức độ trung bình.,,b,"Bệnh nhân nôn máu lượng nhiều, có tình trạng sốc (mạch > 100 l/p, huyết áp tâm thu < 90 mmHg), vật vã, Hb < 80 g/L. Đây là các tiêu chuẩn của xuất huyết tiêu hóa mức độ nặng, đe dọa tính mạng cần hồi sức tích cực."
noi-xo-gan-case-13-2,noi,Xơ gan,Tiêu hoá,"Bệnh nhân nam 48 tuổi, tiền sử viêm gan virus B không điều trị thuốc kháng virus, vào cấp cứu vì nôn ra khoảng 800ml máu đỏ tươi lẫn máu cục. Khám tại cấp cứu: bệnh nhân vật vã, da xanh, niêm mạc nhợt nhạt, vã mồ hôi, mạch 115 lần/phút, huyết áp 85/50 mmHg, nhịp thở 22 lần/phút. Khám bụng thấy tuần hoàn bàng hệ cửa chủ rõ, không có cổ trướng. Xét nghiệm cấp cứu: Hemoglobin 75 g/L, Hematocrit 22%, Tiểu cầu 80 G/L, PT 60%.",Cơ chế sinh lý bệnh chính dẫn đến biến chứng này ở bệnh nhân xơ gan là gì?,Tăng áp lực tĩnh mạch cửa tĩnh trên 12 mmHg.,Tăng tiết acid dạ dày do stress cấp tính.,Rối loạn nhu động thực quản gây rách niêm mạc.,Suy giảm các yếu tố đông máu do suy gan.,,a,"Biến chứng giãn vỡ tĩnh mạch thực quản xảy ra khi gradient áp lực tĩnh mạch gan (HVPG) tăng trên mức ngưỡng 10-12 mmHg. Dù xơ gan có rối loạn đông máu, nhưng nguyên nhân gốc rễ làm vỡ mạch là áp lực cơ học tăng cao."
noi-xo-gan-case-13-3,noi,Xơ gan,Tiêu hoá,"Bệnh nhân nam 48 tuổi, tiền sử viêm gan virus B không điều trị thuốc kháng virus, vào cấp cứu vì nôn ra khoảng 800ml máu đỏ tươi lẫn máu cục. Khám tại cấp cứu: bệnh nhân vật vã, da xanh, niêm mạc nhợt nhạt, vã mồ hôi, mạch 115 lần/phút, huyết áp 85/50 mmHg, nhịp thở 22 lần/phút. Khám bụng thấy tuần hoàn bàng hệ cửa chủ rõ, không có cổ trướng. Xét nghiệm cấp cứu: Hemoglobin 75 g/L, Hematocrit 22%, Tiểu cầu 80 G/L, PT 60%.",Bước xử trí ưu tiên hàng đầu ngay khi tiếp nhận bệnh nhân này là gì?,Chuyển ngay bệnh nhân đến phòng nội soi can thiệp.,Đặt ống thông Sengstaken-Blakemore chèn ép búi giãn.,Đặt hai đường truyền tĩnh mạch lớn và bù dịch tinh thể.,Tiêm tĩnh mạch thuốc ức chế bơm proton liều cao.,,c,"Nguyên tắc tối thượng trong cấp cứu xuất huyết tiêu hóa nặng là hồi sức huyết động ""A-B-C"". Đặt đường truyền khẩu kính lớn và bù dịch tinh thể để duy trì tưới máu mô là ưu tiên số 1 trước khi dùng thuốc hay nội soi. Đưa đi nội soi khi đang sốc là rất nguy hiểm."
noi-xo-gan-case-13-4,noi,Xơ gan,Tiêu hoá,"Bệnh nhân nam 48 tuổi, tiền sử viêm gan virus B không điều trị thuốc kháng virus, vào cấp cứu vì nôn ra khoảng 800ml máu đỏ tươi lẫn máu cục. Khám tại cấp cứu: bệnh nhân vật vã, da xanh, niêm mạc nhợt nhạt, vã mồ hôi, mạch 115 lần/phút, huyết áp 85/50 mmHg, nhịp thở 22 lần/phút. Khám bụng thấy tuần hoàn bàng hệ cửa chủ rõ, không có cổ trướng. Xét nghiệm cấp cứu: Hemoglobin 75 g/L, Hematocrit 22%, Tiểu cầu 80 G/L, PT 60%.",Thuốc vận mạch nào sau đây được ưu tiên chỉ định để làm giảm áp lực tĩnh mạch cửa trong cấp cứu?,Norepinephrine truyền tĩnh mạch.,Dopamine liều thấp truyền tĩnh mạch.,Terlipressin tiêm tĩnh mạch.,Epinephrine tiêm tĩnh mạch.,,c,"Các thuốc có tác dụng co mạch tạng, làm giảm lưu lượng máu đến tĩnh mạch cửa như Terlipressin, Somatostatin, hoặc Octreotide được ưu tiên dùng sớm. Norepinephrine hay Dopamine không làm giảm áp tĩnh mạch cửa mà còn làm thay đổi huyết động toàn thân không mong muốn trong trường hợp này."
noi-xo-gan-case-13-5,noi,Xơ gan,Tiêu hoá,"Bệnh nhân nam 48 tuổi, tiền sử viêm gan virus B không điều trị thuốc kháng virus, vào cấp cứu vì nôn ra khoảng 800ml máu đỏ tươi lẫn máu cục. Khám tại cấp cứu: bệnh nhân vật vã, da xanh, niêm mạc nhợt nhạt, vã mồ hôi, mạch 115 lần/phút, huyết áp 85/50 mmHg, nhịp thở 22 lần/phút. Khám bụng thấy tuần hoàn bàng hệ cửa chủ rõ, không có cổ trướng. Xét nghiệm cấp cứu: Hemoglobin 75 g/L, Hematocrit 22%, Tiểu cầu 80 G/L, PT 60%.",Bệnh nhân được nội soi can thiệp thắt búi giãn tĩnh mạch thực quản thành công. Thuốc nào sau đây cần được kê đơn dài hạn để dự phòng chảy máu tái phát?,Propranolol đường uống.,Omeprazole đường uống.,Tranexamic acid đường uống.,Vitamin K đường uống.,,a,"Sau can thiệp thắt búi giãn, bệnh nhân cần được dự phòng thứ phát bằng thuốc chẹn beta giao cảm không chọn lọc (như Propranolol hoặc Nadolol). Thuốc này làm co mạch tạng (qua thụ thể beta-2) và giảm cung lượng tim (qua beta-1), làm giảm áp lực tĩnh mạch cửa hiệu quả."
noi-xo-gan-case-14-1,noi,Xơ gan,Tiêu hoá,"Bệnh nhân nam 50 tuổi, tiền sử viêm gan rượu và xơ gan Child-Pugh B, khám sức khỏe định kỳ. Hiện tại bệnh nhân không có triệu chứng gì, sinh hoạt bình thường. Khám lâm sàng: mạch 80 lần/phút, huyết áp 120/80 mmHg, không vàng da, gan bờ sắc, mật độ chắc, lách to độ 1, không cổ trướng. Bệnh nhân đã ngưng uống rượu 1 năm nay. Xét nghiệm máu: AST 45 U/L, ALT 35 U/L, Bilirubin 20 μmol/L, Albumin 36 g/L, Tiểu cầu 95 G/L.",Mục tiêu tầm soát lâm sàng quan trọng nhất cho bệnh nhân xơ gan không triệu chứng này là gì?,Tầm soát ung thư biểu mô tế bào gan.,Tầm soát viêm loét dạ dày tá tràng.,Tầm soát sỏi túi mật và đường mật.,Tầm soát ung thư đại trực tràng.,,a,Xơ gan là yếu tố nguy cơ độc lập và cao nhất dẫn đến Ung thư biểu mô tế bào gan (HCC). Tầm soát HCC là bắt buộc ở mọi bệnh nhân xơ gan để phát hiện bệnh ở giai đoạn sớm có thể can thiệp triệt căn.
noi-xo-gan-case-14-2,noi,Xơ gan,Tiêu hoá,"Bệnh nhân nam 50 tuổi, tiền sử viêm gan rượu và xơ gan Child-Pugh B, khám sức khỏe định kỳ. Hiện tại bệnh nhân không có triệu chứng gì, sinh hoạt bình thường. Khám lâm sàng: mạch 80 lần/phút, huyết áp 120/80 mmHg, không vàng da, gan bờ sắc, mật độ chắc, lách to độ 1, không cổ trướng. Bệnh nhân đã ngưng uống rượu 1 năm nay. Xét nghiệm máu: AST 45 U/L, ALT 35 U/L, Bilirubin 20 μmol/L, Albumin 36 g/L, Tiểu cầu 95 G/L.",Cơ chế sinh bệnh học chính làm tăng nguy cơ ung thư tại gan trên nền xơ gan là gì?,Rối loạn chuyển hóa mật gây độc tế bào gan.,Suy giảm hệ thống miễn dịch tế bào toàn thân.,Tích tụ sắt quá mức trong các đại thực bào gan.,Tình trạng viêm hoại tử và tái tạo tế bào gan liên tục.,,d,"Quá trình xơ gan liên quan đến sự phá hủy tế bào gan do viêm, theo sau là sự tăng sinh tái tạo bù trừ liên tục. Trạng thái tái tạo vòng xoắn này làm tăng tần suất sai hỏng DNA, tạo môi trường thuận lợi cho đột biến gen sinh ung thư phát triển."
noi-xo-gan-case-14-3,noi,Xơ gan,Tiêu hoá,"Bệnh nhân nam 50 tuổi, tiền sử viêm gan rượu và xơ gan Child-Pugh B, khám sức khỏe định kỳ. Hiện tại bệnh nhân không có triệu chứng gì, sinh hoạt bình thường. Khám lâm sàng: mạch 80 lần/phút, huyết áp 120/80 mmHg, không vàng da, gan bờ sắc, mật độ chắc, lách to độ 1, không cổ trướng. Bệnh nhân đã ngưng uống rượu 1 năm nay. Xét nghiệm máu: AST 45 U/L, ALT 35 U/L, Bilirubin 20 μmol/L, Albumin 36 g/L, Tiểu cầu 95 G/L.",Phương tiện chẩn đoán hình ảnh và xét nghiệm nào được khuyến cáo để tầm soát định kỳ cho bệnh nhân này?,Chụp cộng hưởng từ gan mật mỗi 3 tháng.,Chụp cắt lớp vi tính ổ bụng mỗi 12 tháng.,Nội soi đường tiêu hóa kết hợp CA 19-9 mỗi năm.,Siêu âm ổ bụng kết hợp xét nghiệm AFP mỗi 6 tháng.,,d,"Theo hướng dẫn của AASLD và Bộ Y tế, phương pháp tầm soát HCC tiêu chuẩn là Siêu âm ổ bụng kết hợp xét nghiệm Alpha-fetoprotein (AFP) mỗi 6 tháng. Chụp CT/MRI tốn kém, ăn tia và không dùng để sàng lọc thường quy."
noi-xo-gan-case-14-4,noi,Xơ gan,Tiêu hoá,"Bệnh nhân nam 50 tuổi, tiền sử viêm gan rượu và xơ gan Child-Pugh B, khám sức khỏe định kỳ. Hiện tại bệnh nhân không có triệu chứng gì, sinh hoạt bình thường. Khám lâm sàng: mạch 80 lần/phút, huyết áp 120/80 mmHg, không vàng da, gan bờ sắc, mật độ chắc, lách to độ 1, không cổ trướng. Bệnh nhân đã ngưng uống rượu 1 năm nay. Xét nghiệm máu: AST 45 U/L, ALT 35 U/L, Bilirubin 20 μmol/L, Albumin 36 g/L, Tiểu cầu 95 G/L.",Nhóm biện pháp quản lý nào phù hợp ở bệnh nhân xơ gan còn bù hiện tại?,Chọc tháo dịch ổ bụng định kỳ dù chưa xuất hiện cổ trướng.,Hạn chế protein kéo dài và dùng lợi tiểu dự phòng khi chưa có cổ trướng.,Cai rượu tuyệt đối và nội soi đánh giá nguy cơ giãn tĩnh mạch thực quản.,Dùng kháng sinh dự phòng suốt đời và truyền albumin định kỳ.,,c,"Bệnh nhân cần tiếp tục cai rượu tuyệt đối, tầm soát HCC và đánh giá tăng áp cửa. Giảm tiểu cầu gợi ý tăng áp cửa nên cần đánh giá nguy cơ giãn tĩnh mạch thực quản. Không hạn chế protein kéo dài và không dùng lợi tiểu khi chưa có cổ trướng."
noi-xo-gan-case-14-5,noi,Xơ gan,Tiêu hoá,"Bệnh nhân nam 50 tuổi, tiền sử viêm gan rượu và xơ gan Child-Pugh B, khám sức khỏe định kỳ. Hiện tại bệnh nhân không có triệu chứng gì, sinh hoạt bình thường. Khám lâm sàng: mạch 80 lần/phút, huyết áp 120/80 mmHg, không vàng da, gan bờ sắc, mật độ chắc, lách to độ 1, không cổ trướng. Bệnh nhân đã ngưng uống rượu 1 năm nay. Xét nghiệm máu: AST 45 U/L, ALT 35 U/L, Bilirubin 20 μmol/L, Albumin 36 g/L, Tiểu cầu 95 G/L.","Nếu siêu âm phát hiện một nốt tăng âm kích thước 2.5 cm ở thùy phải gan, bước thăm dò tiếp theo có giá trị chẩn đoán xác định cao nhất là gì?",Xét nghiệm đột biến gen trong máu ngoại vi.,Chụp cắt lớp vi tính ổ bụng động học đa thì.,Sinh thiết gan bằng kim nhỏ dưới siêu âm.,Định lượng lại AFP sau 1 tháng theo dõi.,,b,"Khi siêu âm phát hiện nốt > 1 cm ở gan trên nền xơ gan, bước tiếp theo bắt buộc là chụp CT hoặc MRI động học đa thì có tiêm thuốc cản quang. Hình ảnh ngấm thuốc mạnh thì động mạch và thải thuốc nhanh thì tĩnh mạch (wash-out) cho phép chẩn đoán xác định HCC mà không cần sinh thiết."
noi-xo-gan-case-15-1,noi,Xơ gan,Tiêu hoá,"Bệnh nhân nam 65 tuổi, xơ gan do viêm gan virus B, cổ trướng kháng trị phải chọc tháo dịch thường xuyên. Ba ngày nay, bệnh nhân mệt mỏi nhiều, tiểu rất ít (khoảng 300 ml/24h). Khám: mạch 90 lần/phút, huyết áp 95/60 mmHg, không phù ngoại vi, cổ trướng mức độ vừa. Xét nghiệm máu: Ure 25 mmol/L, Creatinin 280 μmol/L (trước đó 1 tuần Creatinin là 105 μmol/L), Na máu 128 mmol/L, K máu 4.0 mmol/L. Bệnh nhân không dùng thuốc độc thận, siêu âm thận kích thước bình thường, không bế tắc đường niệu. Đã ngừng lợi tiểu và truyền bù Albumin trong 48 giờ nhưng Creatinin không giảm.",Chẩn đoán hội chứng lâm sàng nào phù hợp nhất với tình trạng hiện tại của bệnh nhân?,Hội chứng gan thận thể tổn thương thận cấp (HRS-AKI).,Suy thận cấp trước thận do lợi tiểu.,Viêm cầu thận mạn tiến triển.,Hoại tử ống thận cấp tính.,,a,"Creatinin tăng nhanh trên nền xơ gan có cổ trướng, không có nguyên nhân thận hoặc sau thận và không đáp ứng ngừng lợi tiểu cùng truyền albumin phù hợp HRS-AKI. Thuật ngữ HRS type 1 đã được thay bằng phân loại dựa trên AKI."
noi-xo-gan-case-15-2,noi,Xơ gan,Tiêu hoá,"Bệnh nhân nam 65 tuổi, xơ gan do viêm gan virus B, cổ trướng kháng trị phải chọc tháo dịch thường xuyên. Ba ngày nay, bệnh nhân mệt mỏi nhiều, tiểu rất ít (khoảng 300 ml/24h). Khám: mạch 90 lần/phút, huyết áp 95/60 mmHg, không phù ngoại vi, cổ trướng mức độ vừa. Xét nghiệm máu: Ure 25 mmol/L, Creatinin 280 μmol/L (trước đó 1 tuần Creatinin là 105 μmol/L), Na máu 128 mmol/L, K máu 4.0 mmol/L. Bệnh nhân không dùng thuốc độc thận, siêu âm thận kích thước bình thường, không bế tắc đường niệu. Đã ngừng lợi tiểu và truyền bù Albumin trong 48 giờ nhưng Creatinin không giảm.",Cơ chế sinh lý bệnh cốt lõi gây ra tổn thương cơ quan này ở bệnh nhân xơ gan là gì?,Giãn mạch tạng quá mức dẫn đến co thắt mạch máu thận nghiêm trọng.,Vi huyết khối do đông máu rải rác trong lòng mạch.,Tổn thương trực tiếp tế bào ống thận do virus viêm gan B.,Lắng đọng phức hợp miễn dịch tại màng đáy cầu thận.,,a,"HRS là suy thận chức năng. Xơ gan mất bù giải phóng nhiều chất gây giãn mạch (như NO), gây giãn mạch tạng ồ ạt, làm giảm thể tích động mạch hiệu dụng. Cơ thể bù trừ bằng cách hoạt hóa hệ RAA và thần kinh giao cảm, gây co thắt mạch máu thận dữ dội, làm rớt độ lọc cầu thận."
noi-xo-gan-case-15-3,noi,Xơ gan,Tiêu hoá,"Bệnh nhân nam 65 tuổi, xơ gan do viêm gan virus B, cổ trướng kháng trị phải chọc tháo dịch thường xuyên. Ba ngày nay, bệnh nhân mệt mỏi nhiều, tiểu rất ít (khoảng 300 ml/24h). Khám: mạch 90 lần/phút, huyết áp 95/60 mmHg, không phù ngoại vi, cổ trướng mức độ vừa. Xét nghiệm máu: Ure 25 mmol/L, Creatinin 280 μmol/L (trước đó 1 tuần Creatinin là 105 μmol/L), Na máu 128 mmol/L, K máu 4.0 mmol/L. Bệnh nhân không dùng thuốc độc thận, siêu âm thận kích thước bình thường, không bế tắc đường niệu. Đã ngừng lợi tiểu và truyền bù Albumin trong 48 giờ nhưng Creatinin không giảm.",Tiêu chuẩn nào sau đây là quan trọng nhất để chẩn đoán xác định tình trạng này theo phân loại quốc tế?,Hình ảnh thận teo nhỏ trên siêu âm ổ bụng.,Không cải thiện chức năng thận sau khi ngừng lợi tiểu và truyền Albumin.,Mức độ tăng của chỉ số Ure máu.,Có trụ hạt màu bùn trong cặn lắng nước tiểu.,,b,Một trong các tiêu chuẩn chẩn đoán HRS theo ICA là thiếu sự cải thiện creatinin huyết thanh sau ít nhất 2 ngày ngừng thuốc lợi tiểu và mở rộng thể tích huyết tương bằng Albumin (1g/kg/ngày). Nếu có trụ bùn là hoại tử ống thận (ATN).
noi-xo-gan-case-15-4,noi,Xơ gan,Tiêu hoá,"Bệnh nhân nam 65 tuổi, xơ gan do viêm gan virus B, cổ trướng kháng trị phải chọc tháo dịch thường xuyên. Ba ngày nay, bệnh nhân mệt mỏi nhiều, tiểu rất ít (khoảng 300 ml/24h). Khám: mạch 90 lần/phút, huyết áp 95/60 mmHg, không phù ngoại vi, cổ trướng mức độ vừa. Xét nghiệm máu: Ure 25 mmol/L, Creatinin 280 μmol/L (trước đó 1 tuần Creatinin là 105 μmol/L), Na máu 128 mmol/L, K máu 4.0 mmol/L. Bệnh nhân không dùng thuốc độc thận, siêu âm thận kích thước bình thường, không bế tắc đường niệu. Đã ngừng lợi tiểu và truyền bù Albumin trong 48 giờ nhưng Creatinin không giảm.",Phác đồ điều trị nội khoa nào sau đây được chứng minh có hiệu quả tốt nhất để phục hồi chức năng cơ quan này?,Sử dụng thuốc Terlipressin kết hợp truyền Albumin.,Sử dụng thuốc lợi tiểu quai liều rất cao.,Tiến hành lọc máu ngắt quãng chu kỳ.,Truyền Dopamine liều thấp kích thích thận.,,a,"Điều trị nội khoa ưu tiên cho HRS là sử dụng chất co mạch (Terlipressin) để co mạch tạng, tăng thể tích động mạch hiệu dụng, kết hợp với bù Albumin để duy trì áp lực keo và tác dụng chống viêm. Lợi tiểu hay Dopamine không có tác dụng."
noi-xo-gan-case-15-5,noi,Xơ gan,Tiêu hoá,"Bệnh nhân nam 65 tuổi, xơ gan do viêm gan virus B, cổ trướng kháng trị phải chọc tháo dịch thường xuyên. Ba ngày nay, bệnh nhân mệt mỏi nhiều, tiểu rất ít (khoảng 300 ml/24h). Khám: mạch 90 lần/phút, huyết áp 95/60 mmHg, không phù ngoại vi, cổ trướng mức độ vừa. Xét nghiệm máu: Ure 25 mmol/L, Creatinin 280 μmol/L (trước đó 1 tuần Creatinin là 105 μmol/L), Na máu 128 mmol/L, K máu 4.0 mmol/L. Bệnh nhân không dùng thuốc độc thận, siêu âm thận kích thước bình thường, không bế tắc đường niệu. Đã ngừng lợi tiểu và truyền bù Albumin trong 48 giờ nhưng Creatinin không giảm.","Bất chấp các nỗ lực điều trị nội khoa tích cực, tiên lượng sống còn dài hạn của bệnh nhân này phụ thuộc hoàn toàn vào phương pháp nào?",Điều trị tiệt trừ virus viêm gan B.,Phẫu thuật ghép gan.,Đặt shunt cửa chủ trong gan (TIPS).,Chạy thận nhân tạo vĩnh viễn.,,b,"HRS là bệnh lý thứ phát do gan suy kiệt trầm trọng. Tiên lượng cực kỳ xấu, tử vong rất cao nếu không giải quyết nguyên nhân gốc rễ. Ghép gan là biện pháp điều trị triệt để duy nhất cải thiện sống còn dài hạn."
noi-xo-gan-case-16-1,noi,Xơ gan,Tiêu hoá,"Bệnh nhân nữ 62 tuổi, tiền sử xơ gan do viêm gan virus C, nhập viện trong tình trạng mệt mỏi, ngủ gà, lộn xộn về thời gian và không gian. Người nhà cho biết bệnh nhân bị táo bón 4 ngày nay. Khám: dấu hiệu sinh tồn ổn định, không sốt, không vàng da rõ. Có dấu hiệu run vẩy (flapping tremor) hai bàn tay khi duỗi thẳng. Cổ trướng mức độ nhẹ. Xét nghiệm: Điện giải đồ Na 138 mmol/L, K 3.9 mmol/L, Creatinin 90 μmol/L, Amoniac máu 150 μmol/L (tăng cao). Chụp CT sọ não không phát hiện tổn thương chảy máu hay nhồi máu não.",Hội chứng lâm sàng bệnh nhân đang mắc phải được phân độ ở mức độ nào theo tiêu chuẩn West Haven?,Độ 2.,Độ 4.,Độ 1.,Độ 3.,,a,"Bệnh nhân ngủ gà, lộn xộn (disorientation) về thời gian, có dấu hiệu run vẩy (asterixis). Theo tiêu chuẩn West Haven, lộn xộn thời gian/không gian, ngủ gà và có run vẩy rõ ràng thuộc Độ 2 của bệnh lý não gan. Độ 3 là lú lẫn nặng, ngủ nhiều nhưng gọi hỏi còn đáp ứng. Độ 4 là hôn mê."
noi-xo-gan-case-16-2,noi,Xơ gan,Tiêu hoá,"Bệnh nhân nữ 62 tuổi, tiền sử xơ gan do viêm gan virus C, nhập viện trong tình trạng mệt mỏi, ngủ gà, lộn xộn về thời gian và không gian. Người nhà cho biết bệnh nhân bị táo bón 4 ngày nay. Khám: dấu hiệu sinh tồn ổn định, không sốt, không vàng da rõ. Có dấu hiệu run vẩy (flapping tremor) hai bàn tay khi duỗi thẳng. Cổ trướng mức độ nhẹ. Xét nghiệm: Điện giải đồ Na 138 mmol/L, K 3.9 mmol/L, Creatinin 90 μmol/L, Amoniac máu 150 μmol/L (tăng cao). Chụp CT sọ não không phát hiện tổn thương chảy máu hay nhồi máu não.",Cơ chế bệnh sinh chính gây ra hội chứng này ở bệnh nhân xơ gan là gì?,Tăng áp lực thẩm thấu do nồng độ ure cao.,Hạ natri máu gây phù tế bào não.,Sự lắng đọng phức hợp miễn dịch tại hệ thần kinh trung ương.,Sự tích tụ amoniac và các độc tố thần kinh qua hàng rào máu não.,,d,"Gan xơ suy giảm chức năng chuyển hóa và có shunt cửa-chủ khiến amoniac (sản phẩm giáng hóa đạm ở ruột) không được biến đổi thành ure, đi thẳng lên não gây độc tế bào hình sao, rối loạn dẫn truyền thần kinh."
noi-xo-gan-case-16-3,noi,Xơ gan,Tiêu hoá,"Bệnh nhân nữ 62 tuổi, tiền sử xơ gan do viêm gan virus C, nhập viện trong tình trạng mệt mỏi, ngủ gà, lộn xộn về thời gian và không gian. Người nhà cho biết bệnh nhân bị táo bón 4 ngày nay. Khám: dấu hiệu sinh tồn ổn định, không sốt, không vàng da rõ. Có dấu hiệu run vẩy (flapping tremor) hai bàn tay khi duỗi thẳng. Cổ trướng mức độ nhẹ. Xét nghiệm: Điện giải đồ Na 138 mmol/L, K 3.9 mmol/L, Creatinin 90 μmol/L, Amoniac máu 150 μmol/L (tăng cao). Chụp CT sọ não không phát hiện tổn thương chảy máu hay nhồi máu não.",Yếu tố nào sau đây là nguyên nhân trực tiếp làm khởi phát đợt cấp của tình trạng này?,Nhiễm virus viêm gan C mạn tính.,Cổ trướng mức độ nhẹ.,Tình trạng táo bón kéo dài.,Chức năng thận bình thường.,,c,"Táo bón làm tăng thời gian phân lưu lại ở đại tràng, vi khuẩn ruột có thêm thời gian để phân hủy protein tạo ra lượng lớn amoniac hấp thu vào máu, làm bùng phát bệnh não gan."
noi-xo-gan-case-16-4,noi,Xơ gan,Tiêu hoá,"Bệnh nhân nữ 62 tuổi, tiền sử xơ gan do viêm gan virus C, nhập viện trong tình trạng mệt mỏi, ngủ gà, lộn xộn về thời gian và không gian. Người nhà cho biết bệnh nhân bị táo bón 4 ngày nay. Khám: dấu hiệu sinh tồn ổn định, không sốt, không vàng da rõ. Có dấu hiệu run vẩy (flapping tremor) hai bàn tay khi duỗi thẳng. Cổ trướng mức độ nhẹ. Xét nghiệm: Điện giải đồ Na 138 mmol/L, K 3.9 mmol/L, Creatinin 90 μmol/L, Amoniac máu 150 μmol/L (tăng cao). Chụp CT sọ não không phát hiện tổn thương chảy máu hay nhồi máu não.",Biện pháp điều trị bằng thuốc ưu tiên nhất nhằm giải quyết nguyên nhân khởi phát và giảm độc tố cho bệnh nhân là gì?,Truyền tĩnh mạch Acid amin phân nhánh liều cao.,Truyền tĩnh mạch dung dịch Mannitol 20%.,Sử dụng thuốc an thần nhóm Benzodiazepine.,Uống Lactulose kết hợp Rifaximin.,,d,"Lactulose là đường đôi không hấp thu, giúp nhuận tràng (giải quyết táo bón) và acid hóa môi trường ruột (chuyển NH3 thành NH4+ không hấp thu). Rifaximin là kháng sinh tại chỗ tiêu diệt vi khuẩn sinh amoniac. Đây là phác đồ chuẩn."
noi-xo-gan-case-16-5,noi,Xơ gan,Tiêu hoá,"Bệnh nhân nữ 62 tuổi, tiền sử xơ gan do viêm gan virus C, nhập viện trong tình trạng mệt mỏi, ngủ gà, lộn xộn về thời gian và không gian. Người nhà cho biết bệnh nhân bị táo bón 4 ngày nay. Khám: dấu hiệu sinh tồn ổn định, không sốt, không vàng da rõ. Có dấu hiệu run vẩy (flapping tremor) hai bàn tay khi duỗi thẳng. Cổ trướng mức độ nhẹ. Xét nghiệm: Điện giải đồ Na 138 mmol/L, K 3.9 mmol/L, Creatinin 90 μmol/L, Amoniac máu 150 μmol/L (tăng cao). Chụp CT sọ não không phát hiện tổn thương chảy máu hay nhồi máu não.",Bệnh nhân có nguy cơ diễn tiến bất lợi nào sau đây nếu sử dụng thuốc an thần không đúng chỉ định để điều trị tình trạng lộn xộn?,Suy thận cấp do giảm tưới máu thận.,Rơi vào hôn mê gan sâu khó hồi phục.,Rối loạn nhịp tim đe dọa tính mạng.,Tăng nguy cơ giãn vỡ tĩnh mạch thực quản.,,b,"Thuốc an thần (như Benzodiazepine) làm ức chế hệ thần kinh trung ương, khiến não nhạy cảm hơn với độc tố, dễ đẩy bệnh nhân từ não gan độ nhẹ lún sâu vào hôn mê gan (độ 4) rất khó đảo ngược. An thần là chống chỉ định tương đối ở bệnh nhân xơ gan."
noi-xo-gan-case-17-1,noi,Xơ gan,Tiêu hoá,"Bệnh nhân nam 55 tuổi, tiền sử xơ gan do rượu, cổ trướng lượng nhiều. Khám định kỳ thấy bệnh nhân hoàn toàn tỉnh táo, mạch 80 lần/phút, huyết áp 110/70 mmHg. Xét nghiệm sinh hóa: Creatinin 85 μmol/L, K máu 3.5 mmol/L, Na máu 120 mmol/L. Nước tiểu: Na niệu 10 mmol/24h. Bệnh nhân đang được điều trị ngoại trú với Spironolactone 100 mg/ngày và Furosemide 40 mg/ngày.",Tình trạng rối loạn điện giải hiện tại của bệnh nhân được chẩn đoán là gì?,Hạ natri máu pha loãng do tăng thể tích.,Hạ natri máu do mất muối qua thận.,Hạ natri máu giả tạo do tăng lipid máu.,Hạ natri máu thể giảm thể tích.,,a,"Bệnh nhân xơ gan có cổ trướng nhiều, phù (tăng tổng lượng nước cơ thể và tăng tổng lượng natri) nhưng nồng độ natri máu giảm (120 mmol/L) do lượng nước giữ lại nhiều hơn lượng muối. Đây là hạ natri máu pha loãng (hypervolemic hyponatremia)."
noi-xo-gan-case-17-2,noi,Xơ gan,Tiêu hoá,"Bệnh nhân nam 55 tuổi, tiền sử xơ gan do rượu, cổ trướng lượng nhiều. Khám định kỳ thấy bệnh nhân hoàn toàn tỉnh táo, mạch 80 lần/phút, huyết áp 110/70 mmHg. Xét nghiệm sinh hóa: Creatinin 85 μmol/L, K máu 3.5 mmol/L, Na máu 120 mmol/L. Nước tiểu: Na niệu 10 mmol/24h. Bệnh nhân đang được điều trị ngoại trú với Spironolactone 100 mg/ngày và Furosemide 40 mg/ngày.","Các biện pháp sau phù hợp trong quản lý tình trạng rối loạn điện giải ở bệnh nhân này, TRỪ biện pháp nào?",Hạn chế lượng dịch nhập vào cơ thể dưới 1 lít/ngày.,Tư vấn sử dụng khẩu phần ăn có đủ protein.,Truyền tĩnh mạch nhanh dung dịch Natri Clorua 3%.,Ngừng hoặc giảm liều các thuốc lợi tiểu đang dùng.,,c,"CÂU HỎI TRỪ. Việc truyền nhanh NaCl 3% chống chỉ định ở bệnh nhân hạ natri máu pha loãng không có triệu chứng thần kinh cấp tính, vì sẽ làm quá tải thể tích, tăng cổ trướng, và nguy cơ biến chứng thần kinh. Các biện pháp đúng là ngừng lợi tiểu, hạn chế nước."
noi-xo-gan-case-17-3,noi,Xơ gan,Tiêu hoá,"Bệnh nhân nam 55 tuổi, tiền sử xơ gan do rượu, cổ trướng lượng nhiều. Khám định kỳ thấy bệnh nhân hoàn toàn tỉnh táo, mạch 80 lần/phút, huyết áp 110/70 mmHg. Xét nghiệm sinh hóa: Creatinin 85 μmol/L, K máu 3.5 mmol/L, Na máu 120 mmol/L. Nước tiểu: Na niệu 10 mmol/24h. Bệnh nhân đang được điều trị ngoại trú với Spironolactone 100 mg/ngày và Furosemide 40 mg/ngày.",Cơ chế nội tiết chính dẫn đến sự phát triển của rối loạn điện giải trên nền xơ gan cổ trướng là gì?,Suy giảm sản xuất aldosterone từ tuyến thượng thận.,Tăng sản xuất peptide lợi niệu tâm nhĩ ANP.,Tăng tiết hormone chống bài niệu ADH không thích hợp.,Đề kháng insulin tại các mô ngoại vi.,,c,"Ở bệnh nhân xơ gan, giãn mạch tạng làm giảm thể tích động mạch hiệu dụng. Điều này kích thích áp thụ quan tiết ra lượng lớn ADH (hormone chống bài niệu) từ tuyến yên, làm thận tăng tái hấp thu nước tự do, gây pha loãng natri máu."
noi-xo-gan-case-17-4,noi,Xơ gan,Tiêu hoá,"Bệnh nhân nam 55 tuổi, tiền sử xơ gan do rượu, cổ trướng lượng nhiều. Khám định kỳ thấy bệnh nhân hoàn toàn tỉnh táo, mạch 80 lần/phút, huyết áp 110/70 mmHg. Xét nghiệm sinh hóa: Creatinin 85 μmol/L, K máu 3.5 mmol/L, Na máu 120 mmol/L. Nước tiểu: Na niệu 10 mmol/24h. Bệnh nhân đang được điều trị ngoại trú với Spironolactone 100 mg/ngày và Furosemide 40 mg/ngày.","Nếu sử dụng biện pháp điều chỉnh natri máu tăng quá 8-10 mmol/L trong 24 giờ đầu, bệnh nhân có nguy cơ đối mặt với biến chứng thần kinh nào?",Hội chứng hủy myelin thẩm thấu.,Xuất huyết dưới nhện diện rộng.,Bệnh lý não gan cấp tính.,Động kinh toàn thể khó trị.,,a,"Nâng natri máu quá nhanh ở trạng thái hạ natri mạn tính sẽ làm nước rút ra khỏi tế bào não đột ngột, gây co rút tế bào và dẫn đến hội chứng hủy myelin thẩm thấu (Osmotic demyelination syndrome), gây tổn thương não vĩnh viễn."
noi-xo-gan-case-17-5,noi,Xơ gan,Tiêu hoá,"Bệnh nhân nam 55 tuổi, tiền sử xơ gan do rượu, cổ trướng lượng nhiều. Khám định kỳ thấy bệnh nhân hoàn toàn tỉnh táo, mạch 80 lần/phút, huyết áp 110/70 mmHg. Xét nghiệm sinh hóa: Creatinin 85 μmol/L, K máu 3.5 mmol/L, Na máu 120 mmol/L. Nước tiểu: Na niệu 10 mmol/24h. Bệnh nhân đang được điều trị ngoại trú với Spironolactone 100 mg/ngày và Furosemide 40 mg/ngày.","Lựa chọn thuốc nào sau đây thuộc nhóm Vaptan có cơ chế đối kháng thụ thể V2, giúp bài tiết nước tự do để cải thiện natri máu ở bệnh nhân xơ gan?",Terlipressin.,Midodrine.,Tolvaptan.,Somatostatin.,,c,"Nhóm Vaptan (như Tolvaptan) là chất đối kháng thụ thể V2 của vasopressin tại ống góp thận. Chúng ức chế tác dụng của ADH, giúp thận tăng đào thải nước tự do (aquaretic) mà không mất muối, làm tăng nồng độ natri máu."
noi-xo-gan-case-18-1,noi,Xơ gan,Tiêu hoá,"Bệnh nhân nam 58 tuổi, tiền sử viêm gan B và xơ gan Child-Pugh B, nhập viện vì bụng chướng căng, khó thở do cổ trướng. Bệnh nhân có tiền sử phải chọc tháo dịch ổ bụng 3 lần trong tháng qua do cổ trướng tái lập rất nhanh. Hiện tại bệnh nhân đang dùng Spironolactone 400 mg/ngày và Furosemide 160 mg/ngày. Khám: mạch 85 l/p, huyết áp 105/70 mmHg, bụng chướng căng bề mặt nhẵn. Xét nghiệm: Creatinin 90 μmol/L, Na máu 135 mmol/L. Điện giải niệu: Na niệu 15 mmol/24h. Siêu âm tim cho thấy phân suất tống máu EF 60%, không có suy tim phải.",Tình trạng cổ trướng của bệnh nhân được chẩn đoán chính xác nhất là gì?,Cổ trướng mức độ nhẹ chưa điều trị tối ưu.,Cổ trướng do hội chứng thận hư.,Cổ trướng ác tính do ung thư di căn.,Cổ trướng kháng thuốc lợi tiểu.,,d,"Bệnh nhân có cổ trướng tái lập nhanh, không đáp ứng với liều lợi tiểu tối đa (Spironolactone 400mg + Furosemide 160mg), bài tiết natri niệu rất thấp (<78 mmol/day). Đây là định nghĩa lâm sàng của cổ trướng kháng trị (Refractory ascites)."
noi-xo-gan-case-18-2,noi,Xơ gan,Tiêu hoá,"Bệnh nhân nam 58 tuổi, tiền sử viêm gan B và xơ gan Child-Pugh B, nhập viện vì bụng chướng căng, khó thở do cổ trướng. Bệnh nhân có tiền sử phải chọc tháo dịch ổ bụng 3 lần trong tháng qua do cổ trướng tái lập rất nhanh. Hiện tại bệnh nhân đang dùng Spironolactone 400 mg/ngày và Furosemide 160 mg/ngày. Khám: mạch 85 l/p, huyết áp 105/70 mmHg, bụng chướng căng bề mặt nhẵn. Xét nghiệm: Creatinin 90 μmol/L, Na máu 135 mmol/L. Điện giải niệu: Na niệu 15 mmol/24h. Siêu âm tim cho thấy phân suất tống máu EF 60%, không có suy tim phải.",Sự suy giảm đào thải natri qua nước tiểu (Na niệu 15 mmol/24h) ở bệnh nhân đang dùng liều tối đa lợi tiểu chứng tỏ cơ chế sinh lý bệnh nào?,Chức năng bơm tim suy giảm nặng nề.,Tắc nghẽn cơ học ống góp tại thận.,Thận giữ natri quá mức do giảm tưới máu động mạch.,Rối loạn bài tiết hormone tuyến giáp.,,c,"Dù dùng lợi tiểu liều cao, thận vẫn không bài tiết được natri. Nguyên nhân do tưới máu thận quá thấp (do giãn mạch tạng nặng), kích hoạt hệ RAA mạnh mẽ đến mức vượt qua rào cản ức chế của thuốc, buộc ống thận tái hấp thu gần như toàn bộ natri để giữ thể tích."
noi-xo-gan-case-18-3,noi,Xơ gan,Tiêu hoá,"Bệnh nhân nam 58 tuổi, tiền sử viêm gan B và xơ gan Child-Pugh B, nhập viện vì bụng chướng căng, khó thở do cổ trướng. Bệnh nhân có tiền sử phải chọc tháo dịch ổ bụng 3 lần trong tháng qua do cổ trướng tái lập rất nhanh. Hiện tại bệnh nhân đang dùng Spironolactone 400 mg/ngày và Furosemide 160 mg/ngày. Khám: mạch 85 l/p, huyết áp 105/70 mmHg, bụng chướng căng bề mặt nhẵn. Xét nghiệm: Creatinin 90 μmol/L, Na máu 135 mmol/L. Điện giải niệu: Na niệu 15 mmol/24h. Siêu âm tim cho thấy phân suất tống máu EF 60%, không có suy tim phải.","Ở giai đoạn hiện tại, biện pháp can thiệp nội khoa nào giúp giải quyết triệu chứng cổ trướng căng một cách an toàn và nhanh chóng nhất?",Truyền dung dịch NaCl 3% vào ổ bụng.,Mở bụng dẫn lưu dịch qua phẫu thuật hở.,Tăng liều Furosemide lên 320 mg/ngày.,Chọc tháo dịch số lượng lớn kèm bù Albumin tĩnh mạch.,,d,"Đối với cổ trướng căng kháng trị, chọc tháo dịch số lượng lớn (Large volume paracentesis - LVP) là giải pháp nhanh nhất. Bắt buộc phải bù Albumin (8g cho mỗi lít dịch tháo ra sau khi tháo > 5L) để phòng ngừa rối loạn chức năng tuần hoàn sau chọc tháo (PICD). Tăng liều lợi tiểu thêm là không hiệu quả và gây độc thận."
noi-xo-gan-case-18-4,noi,Xơ gan,Tiêu hoá,"Bệnh nhân nam 58 tuổi, tiền sử viêm gan B và xơ gan Child-Pugh B, nhập viện vì bụng chướng căng, khó thở do cổ trướng. Bệnh nhân có tiền sử phải chọc tháo dịch ổ bụng 3 lần trong tháng qua do cổ trướng tái lập rất nhanh. Hiện tại bệnh nhân đang dùng Spironolactone 400 mg/ngày và Furosemide 160 mg/ngày. Khám: mạch 85 l/p, huyết áp 105/70 mmHg, bụng chướng căng bề mặt nhẵn. Xét nghiệm: Creatinin 90 μmol/L, Na máu 135 mmol/L. Điện giải niệu: Na niệu 15 mmol/24h. Siêu âm tim cho thấy phân suất tống máu EF 60%, không có suy tim phải.",Can thiệp thủ thuật nào sau đây được chỉ định để giải quyết lâu dài tình trạng cổ trướng này khi chức năng tim bệnh nhân hoàn toàn bình thường?,Đặt shunt tĩnh mạch cửa-chủ trong gan qua tĩnh mạch cảnh (TIPS).,Cắt thần kinh giao cảm tạng.,Phẫu thuật cắt lách toàn phần.,Đặt ống thông dẫn lưu màng phổi.,,a,"TIPS (Transjugular Intrahepatic Portosystemic Shunt) là phương pháp tạo đường hầm thông nối tĩnh mạch cửa và tĩnh mạch gan, làm giảm trực tiếp áp lực tĩnh mạch cửa, giải quyết cổ trướng. Chống chỉ định của TIPS là suy tim phải nặng (bệnh nhân này tim bình thường nên làm được)."
noi-xo-gan-case-18-5,noi,Xơ gan,Tiêu hoá,"Bệnh nhân nam 58 tuổi, tiền sử viêm gan B và xơ gan Child-Pugh B, nhập viện vì bụng chướng căng, khó thở do cổ trướng. Bệnh nhân có tiền sử phải chọc tháo dịch ổ bụng 3 lần trong tháng qua do cổ trướng tái lập rất nhanh. Hiện tại bệnh nhân đang dùng Spironolactone 400 mg/ngày và Furosemide 160 mg/ngày. Khám: mạch 85 l/p, huyết áp 105/70 mmHg, bụng chướng căng bề mặt nhẵn. Xét nghiệm: Creatinin 90 μmol/L, Na máu 135 mmol/L. Điện giải niệu: Na niệu 15 mmol/24h. Siêu âm tim cho thấy phân suất tống máu EF 60%, không có suy tim phải.",Bệnh nhân cần được cảnh báo về nguy cơ biến chứng nào phổ biến nhất có thể gia tăng sau khi thực hiện can thiệp đặt shunt TIPS?,Suy hô hấp cấp tính.,Xuất huyết tiêu hóa ồ ạt.,Tắc nghẽn đường mật ngoài gan.,Bệnh lý não gan mạn tính.,,d,"Mặc dù TIPS giải quyết được cổ trướng và dự phòng giãn vỡ tĩnh mạch, nhưng dòng máu cửa chứa amoniac sẽ đi tắt qua shunt (bỏ qua gan) vào tuần hoàn hệ thống. Điều này làm gia tăng đáng kể nguy cơ xuất hiện và làm nặng thêm bệnh lý não gan."
noi-xo-gan-case-19-1,noi,Xơ gan,Tiêu hoá,"Bệnh nhân nam 60 tuổi, xơ gan Child-Pugh C, nhập viện vì nôn ra máu lượng lớn đỏ tươi, kèm phân đen. Đang được truyền tĩnh mạch Terlipressin và Ceftriaxone, bù dịch tinh thể. Tại phòng nội soi, bác sĩ phát hiện thực quản có các búi tĩnh mạch giãn lớn, một búi đang phun máu thành tia. Do lượng máu phun quá nhiều và liên tục che lấp thị trường nội soi, bác sĩ không thể tiến hành thắt vòng cao su. Huyết áp bệnh nhân tụt xuống 75/40 mmHg, tri giác lơ mơ.",Nguy cơ đe dọa tử vong tức thì nào ngoài sốc giảm thể tích cần được đặc biệt lưu ý ở bệnh nhân lơ mơ đang nôn máu ồ ạt?,Nhiễm trùng huyết do vi khuẩn ruột.,Nhồi máu cơ tim cấp.,Hít sặc máu vào đường thở gây ngạt.,Thủng dạ dày tá tràng.,,c,"Bệnh nhân nôn máu ồ ạt kèm rối loạn tri giác (lơ mơ) mất phản xạ bảo vệ đường thở, nguy cơ hít sặc (aspiration) máu vào phổi gây suy hô hấp cấp và ngạt thở là nguyên nhân tử vong cực kỳ nhanh chóng."
noi-xo-gan-case-19-2,noi,Xơ gan,Tiêu hoá,"Bệnh nhân nam 60 tuổi, xơ gan Child-Pugh C, nhập viện vì nôn ra máu lượng lớn đỏ tươi, kèm phân đen. Đang được truyền tĩnh mạch Terlipressin và Ceftriaxone, bù dịch tinh thể. Tại phòng nội soi, bác sĩ phát hiện thực quản có các búi tĩnh mạch giãn lớn, một búi đang phun máu thành tia. Do lượng máu phun quá nhiều và liên tục che lấp thị trường nội soi, bác sĩ không thể tiến hành thắt vòng cao su. Huyết áp bệnh nhân tụt xuống 75/40 mmHg, tri giác lơ mơ.",Biện pháp cơ học tạm thời nào sau đây cần được chỉ định ngay lập tức để ép búi tĩnh mạch cầm máu cứu vãn tình thế?,Mở khí quản đặt ống canuyl.,Bơm rửa dạ dày bằng nước đá lạnh.,Khâu thắt thực quản qua nội soi ngực.,Đặt ống thông chèn bóng Sengstaken-Blakemore.,,d,"Khi nội soi thất bại do máu phun che lấp thị trường, chèn bóng Sengstaken-Blakemore (có bóng thực quản và bóng dạ dày) là biện pháp cơ học cứu vãn tạm thời để ép cơ học lên tĩnh mạch đang chảy máu."
noi-xo-gan-case-19-3,noi,Xơ gan,Tiêu hoá,"Bệnh nhân nam 60 tuổi, xơ gan Child-Pugh C, nhập viện vì nôn ra máu lượng lớn đỏ tươi, kèm phân đen. Đang được truyền tĩnh mạch Terlipressin và Ceftriaxone, bù dịch tinh thể. Tại phòng nội soi, bác sĩ phát hiện thực quản có các búi tĩnh mạch giãn lớn, một búi đang phun máu thành tia. Do lượng máu phun quá nhiều và liên tục che lấp thị trường nội soi, bác sĩ không thể tiến hành thắt vòng cao su. Huyết áp bệnh nhân tụt xuống 75/40 mmHg, tri giác lơ mơ.",Trình tự xử trí cứu vãn nào phù hợp nhất khi nội soi không kiểm soát được xuất huyết do giãn tĩnh mạch thực quản?,"Ngừng Terlipressin, tiếp tục nội soi kéo dài và trì hoãn giảm áp cửa.",Đặt bóng chèn trong nhiều ngày rồi mới đánh giá lại huyết động.,Phẫu thuật cắt thực quản ngay trước khi hồi sức tuần hoàn.,"Bảo vệ đường thở, đặt thiết bị chèn tạm thời và chuẩn bị TIPS cứu vãn.",,d,"Bệnh nhân lơ mơ và nôn máu ồ ạt cần đặt nội khí quản bảo vệ đường thở. Bóng chèn hoặc stent thực quản tự nở chỉ là cầu nối tạm thời; cần tiếp tục thuốc co mạch tạng, kháng sinh và triển khai TIPS cứu vãn sớm khi nội soi thất bại."
noi-xo-gan-case-19-4,noi,Xơ gan,Tiêu hoá,"Bệnh nhân nam 60 tuổi, xơ gan Child-Pugh C, nhập viện vì nôn ra máu lượng lớn đỏ tươi, kèm phân đen. Đang được truyền tĩnh mạch Terlipressin và Ceftriaxone, bù dịch tinh thể. Tại phòng nội soi, bác sĩ phát hiện thực quản có các búi tĩnh mạch giãn lớn, một búi đang phun máu thành tia. Do lượng máu phun quá nhiều và liên tục che lấp thị trường nội soi, bác sĩ không thể tiến hành thắt vòng cao su. Huyết áp bệnh nhân tụt xuống 75/40 mmHg, tri giác lơ mơ.",Biến chứng nguy hiểm nào tại thực quản có thể xảy ra nếu duy trì áp lực bơm bóng chèn quá cao hoặc lưu bóng quá 24-48 giờ?,Tăng sinh mô hạt hẹp thực quản mạn tính.,Trào ngược dạ dày thực quản kiềm tính.,Viêm loét và hoại tử thủng thực quản.,Phình mạch máu nuôi niêm mạc thực quản.,,c,"Bóng chèn thực quản với áp lực cao ép chặt niêm mạc thực quản vào thành mạch. Nếu lưu quá 24h mà không xả hơi định kỳ, niêm mạc sẽ thiếu máu cục bộ, hoại tử dẫn đến thủng thực quản gây viêm trung thất tử vong."
noi-xo-gan-case-19-5,noi,Xơ gan,Tiêu hoá,"Bệnh nhân nam 60 tuổi, xơ gan Child-Pugh C, nhập viện vì nôn ra máu lượng lớn đỏ tươi, kèm phân đen. Đang được truyền tĩnh mạch Terlipressin và Ceftriaxone, bù dịch tinh thể. Tại phòng nội soi, bác sĩ phát hiện thực quản có các búi tĩnh mạch giãn lớn, một búi đang phun máu thành tia. Do lượng máu phun quá nhiều và liên tục che lấp thị trường nội soi, bác sĩ không thể tiến hành thắt vòng cao su. Huyết áp bệnh nhân tụt xuống 75/40 mmHg, tri giác lơ mơ.",Bệnh nhân được chèn bóng thành công và huyết động tạm ổn. Can thiệp triệt để nào sau đây được ưu tiên để giảm áp cửa và cầm máu dứt điểm trong vòng 24 giờ tới?,Tiếp tục duy trì chèn bóng trong 7 ngày.,Tiến hành can thiệp TIPS cấp cứu.,Phẫu thuật cắt lách và nối tĩnh mạch cửa-chủ.,Cắt bỏ thực quản dưới qua phẫu thuật hở.,,b,"Chèn bóng chỉ là biện pháp ""câu giờ"" (thường không quá 24h). Phẫu thuật hở có tỷ lệ tử vong cực cao trên bệnh nhân Child C sốc mất máu. Can thiệp TIPS cấp cứu (Salvage TIPS) là phương pháp ít xâm lấn, hiệu quả nhất để giảm áp cửa, kiểm soát chảy máu khi nội soi thất bại. Nguồn tham khảo: Guideline Baveno VII."
