id,subject,chapter,group,case_stem,question,option_a,option_b,option_c,option_d,option_e,correct_answer,explanation
noi-hoi-chung-ruot-kich-thich-mcq-001,noi,Hội chứng ruột kích thích - IBS,Tiêu hoá,,"Bệnh nhân nữ 22 tuổi, sinh viên năm cuối, đến khám vì đau bụng và tiêu chảy tái phát trong khoảng 1 năm nay. Bệnh nhân mô tả các cơn đau quặn bụng vùng hố chậu trái, thường xuất hiện sau khi ăn hoặc khi căng thẳng (đặc biệt trong mùa thi), và giảm đi sau khi đi ngoài được. Bệnh nhân đi ngoài phân lỏng 3-4 lần/ngày, không có máu, thường vào buổi sáng sau khi ngủ dậy, không có tiêu chảy ban đêm làm bệnh nhân thức giấc. Tình trạng này xen kẽ với những giai đoạn đi ngoài phân bình thường. Bệnh nhân cũng thường xuyên cảm thấy chướng bụng, đầy hơi, ợ hơi nhiều. Bệnh nhân không sốt, không sụt cân, ăn uống không kiêng khem gì đặc biệt nhưng để ý thấy triệu chứng nặng hơn khi uống sữa. Tiền sử hoàn toàn khỏe mạnh, không có ai trong gia đình mắc bệnh đường ruột. Khám lâm sàng bệnh nhân tỉnh, tiếp xúc tốt, vẻ mặt hơi lo lắng, sinh hiệu ổn định, SpO₂ 99% khí trời, BMI 20 kg/m². Bụng mềm, ấn đau tức nhẹ vùng hố chậu trái, không có phản ứng thành bụng hay cảm ứng phúc mạc. Khám các cơ quan khác chưa phát hiện bất thường. Các xét nghiệm cận lâm sàng cơ bản bao gồm công thức máu, tốc độ máu lắng (VS), C-reactive protein (CRP), chức năng tuyến giáp và xét nghiệm phân tìm máu ẩn đều cho kết quả trong giới hạn bình thường.

Dựa trên tiêu chuẩn Rome IV, chẩn đoán phù hợp nhất cho bệnh nhân này là gì?",Hội chứng ruột kích thích thể tiêu chảy chiếm ưu thế (IBS-D).,Viêm loét đại tràng.,Táo bón chức năng.,Bệnh Crohn.,,a,"Bệnh nhân có đau bụng tái phát, liên quan đến đi ngoài, kèm theo thay đổi hình dạng và tần suất phân, kéo dài trên 6 tháng. Các triệu chứng này thỏa mãn tiêu chuẩn Rome IV cho Hội chứng ruột kích thích (IBS). Do tiêu chảy là chủ yếu, bệnh được phân loại là IBS-D. Sự vắng mặt của các dấu hiệu báo động đỏ càng củng cố chẩn đoán."
noi-hoi-chung-ruot-kich-thich-mcq-002,noi,Hội chứng ruột kích thích - IBS,Tiêu hoá,,"Bệnh nhân nữ 22 tuổi, sinh viên năm cuối, đến khám vì đau bụng và tiêu chảy tái phát trong khoảng 1 năm nay. Bệnh nhân mô tả các cơn đau quặn bụng vùng hố chậu trái, thường xuất hiện sau khi ăn hoặc khi căng thẳng (đặc biệt trong mùa thi), và giảm đi sau khi đi ngoài được. Bệnh nhân đi ngoài phân lỏng 3-4 lần/ngày, không có máu, thường vào buổi sáng sau khi ngủ dậy, không có tiêu chảy ban đêm làm bệnh nhân thức giấc. Tình trạng này xen kẽ với những giai đoạn đi ngoài phân bình thường. Bệnh nhân cũng thường xuyên cảm thấy chướng bụng, đầy hơi, ợ hơi nhiều. Bệnh nhân không sốt, không sụt cân, ăn uống không kiêng khem gì đặc biệt nhưng để ý thấy triệu chứng nặng hơn khi uống sữa. Tiền sử hoàn toàn khỏe mạnh, không có ai trong gia đình mắc bệnh đường ruột. Khám lâm sàng bệnh nhân tỉnh, tiếp xúc tốt, vẻ mặt hơi lo lắng, sinh hiệu ổn định, SpO₂ 99% khí trời, BMI 20 kg/m². Bụng mềm, ấn đau tức nhẹ vùng hố chậu trái, không có phản ứng thành bụng hay cảm ứng phúc mạc. Khám các cơ quan khác chưa phát hiện bất thường. Các xét nghiệm cận lâm sàng cơ bản bao gồm công thức máu, tốc độ máu lắng (VS), C-reactive protein (CRP), chức năng tuyến giáp và xét nghiệm phân tìm máu ẩn đều cho kết quả trong giới hạn bình thường.

Cơ chế bệnh sinh nào giải thích cho tình trạng đau bụng và rối loạn đi ngoài ở bệnh nhân này?","Rối loạn phức tạp của trục não-ruột, dẫn đến tăng nhạy cảm tạng và rối loạn nhu động.",Tình trạng viêm loét lan tỏa niêm mạc đại tràng.,Nhiễm trùng mạn tính đường ruột do vi khuẩn.,Tắc nghẽn cơ học lòng ruột.,,a,"IBS là một rối loạn chức năng tiêu hóa, không có tổn thương thực thể. Cơ chế cốt lõi là sự rối loạn trong giao tiếp hai chiều giữa hệ thần kinh trung ương (não) và hệ thần kinh ruột. Điều này dẫn đến tăng nhạy cảm tạng (cảm nhận đau ở ngưỡng kích thích thấp hơn bình thường) và rối loạn nhu động ruột (co bóp quá nhanh gây tiêu chảy hoặc quá chậm gây táo bón)."
noi-hoi-chung-ruot-kich-thich-mcq-003,noi,Hội chứng ruột kích thích - IBS,Tiêu hoá,,"Bệnh nhân nữ 22 tuổi, sinh viên năm cuối, đến khám vì đau bụng và tiêu chảy tái phát trong khoảng 1 năm nay. Bệnh nhân mô tả các cơn đau quặn bụng vùng hố chậu trái, thường xuất hiện sau khi ăn hoặc khi căng thẳng (đặc biệt trong mùa thi), và giảm đi sau khi đi ngoài được. Bệnh nhân đi ngoài phân lỏng 3-4 lần/ngày, không có máu, thường vào buổi sáng sau khi ngủ dậy, không có tiêu chảy ban đêm làm bệnh nhân thức giấc. Tình trạng này xen kẽ với những giai đoạn đi ngoài phân bình thường. Bệnh nhân cũng thường xuyên cảm thấy chướng bụng, đầy hơi, ợ hơi nhiều. Bệnh nhân không sốt, không sụt cân, ăn uống không kiêng khem gì đặc biệt nhưng để ý thấy triệu chứng nặng hơn khi uống sữa. Tiền sử hoàn toàn khỏe mạnh, không có ai trong gia đình mắc bệnh đường ruột. Khám lâm sàng bệnh nhân tỉnh, tiếp xúc tốt, vẻ mặt hơi lo lắng, sinh hiệu ổn định, SpO₂ 99% khí trời, BMI 20 kg/m². Bụng mềm, ấn đau tức nhẹ vùng hố chậu trái, không có phản ứng thành bụng hay cảm ứng phúc mạc. Khám các cơ quan khác chưa phát hiện bất thường. Các xét nghiệm cận lâm sàng cơ bản bao gồm công thức máu, tốc độ máu lắng (VS), C-reactive protein (CRP), chức năng tuyến giáp và xét nghiệm phân tìm máu ẩn đều cho kết quả trong giới hạn bình thường.

""Dấu hiệu báo động đỏ"" nào sau đây KHÔNG có ở bệnh nhân này, giúp củng cố chẩn đoán bệnh lý chức năng?",Chướng bụng.,Sụt cân không chủ ý và tiêu chảy ban đêm.,Thay đổi thói quen đi ngoài.,Đau bụng.,,b,"Sụt cân không chủ ý, thiếu máu, đi ngoài ra máu, và đặc biệt là các triệu chứng ban đêm (tiêu chảy, đau bụng) làm bệnh nhân thức giấc là những dấu hiệu báo động đỏ, gợi ý một bệnh lý thực thể (như viêm ruột, ung thư) hơn là một rối loạn chức năng như IBS. Bệnh nhân này không có các dấu hiệu đó."
noi-hoi-chung-ruot-kich-thich-mcq-004,noi,Hội chứng ruột kích thích - IBS,Tiêu hoá,,"Bệnh nhân nữ 22 tuổi, sinh viên năm cuối, đến khám vì đau bụng và tiêu chảy tái phát trong khoảng 1 năm nay. Bệnh nhân mô tả các cơn đau quặn bụng vùng hố chậu trái, thường xuất hiện sau khi ăn hoặc khi căng thẳng (đặc biệt trong mùa thi), và giảm đi sau khi đi ngoài được. Bệnh nhân đi ngoài phân lỏng 3-4 lần/ngày, không có máu, thường vào buổi sáng sau khi ngủ dậy, không có tiêu chảy ban đêm làm bệnh nhân thức giấc. Tình trạng này xen kẽ với những giai đoạn đi ngoài phân bình thường. Bệnh nhân cũng thường xuyên cảm thấy chướng bụng, đầy hơi, ợ hơi nhiều. Bệnh nhân không sốt, không sụt cân, ăn uống không kiêng khem gì đặc biệt nhưng để ý thấy triệu chứng nặng hơn khi uống sữa. Tiền sử hoàn toàn khỏe mạnh, không có ai trong gia đình mắc bệnh đường ruột. Khám lâm sàng bệnh nhân tỉnh, tiếp xúc tốt, vẻ mặt hơi lo lắng, sinh hiệu ổn định, SpO₂ 99% khí trời, BMI 20 kg/m². Bụng mềm, ấn đau tức nhẹ vùng hố chậu trái, không có phản ứng thành bụng hay cảm ứng phúc mạc. Khám các cơ quan khác chưa phát hiện bất thường. Các xét nghiệm cận lâm sàng cơ bản bao gồm công thức máu, tốc độ máu lắng (VS), C-reactive protein (CRP), chức năng tuyến giáp và xét nghiệm phân tìm máu ẩn đều cho kết quả trong giới hạn bình thường.

Can thiệp không dùng thuốc nào là lựa chọn đầu tay cho bệnh nhân này?",Chế độ ăn hạn chế các carbohydrate chuỗi ngắn dễ lên men (low-FODMAP).,Ăn chế độ giàu chất béo.,Uống nhiều cà phê để kích thích đi ngoài.,Nằm nghỉ ngơi tuyệt đối.,,a,"Chế độ ăn low- FODMAP (Fermentable Oligo-, Di-, Mono-saccharides And Polyols) đã được chứng minh là rất hiệu quả trong việc giảm các triệu chứng chướng bụng, đầy hơi và đau bụng ở bệnh nhân IBS do làm giảm lượng khí và dịch được tạo ra trong lòng ruột."
noi-hoi-chung-ruot-kich-thich-mcq-005,noi,Hội chứng ruột kích thích - IBS,Tiêu hoá,,"Bệnh nhân nữ 22 tuổi, sinh viên năm cuối, đến khám vì đau bụng và tiêu chảy tái phát trong khoảng 1 năm nay. Bệnh nhân mô tả các cơn đau quặn bụng vùng hố chậu trái, thường xuất hiện sau khi ăn hoặc khi căng thẳng (đặc biệt trong mùa thi), và giảm đi sau khi đi ngoài được. Bệnh nhân đi ngoài phân lỏng 3-4 lần/ngày, không có máu, thường vào buổi sáng sau khi ngủ dậy, không có tiêu chảy ban đêm làm bệnh nhân thức giấc. Tình trạng này xen kẽ với những giai đoạn đi ngoài phân bình thường. Bệnh nhân cũng thường xuyên cảm thấy chướng bụng, đầy hơi, ợ hơi nhiều. Bệnh nhân không sốt, không sụt cân, ăn uống không kiêng khem gì đặc biệt nhưng để ý thấy triệu chứng nặng hơn khi uống sữa. Tiền sử hoàn toàn khỏe mạnh, không có ai trong gia đình mắc bệnh đường ruột. Khám lâm sàng bệnh nhân tỉnh, tiếp xúc tốt, vẻ mặt hơi lo lắng, sinh hiệu ổn định, SpO₂ 99% khí trời, BMI 20 kg/m². Bụng mềm, ấn đau tức nhẹ vùng hố chậu trái, không có phản ứng thành bụng hay cảm ứng phúc mạc. Khám các cơ quan khác chưa phát hiện bất thường. Các xét nghiệm cận lâm sàng cơ bản bao gồm công thức máu, tốc độ máu lắng (VS), C-reactive protein (CRP), chức năng tuyến giáp và xét nghiệm phân tìm máu ẩn đều cho kết quả trong giới hạn bình thường.

Nếu triệu chứng tiêu chảy ảnh hưởng nhiều đến sinh hoạt, thuốc nào sau đây có thể được sử dụng để điều trị triệu chứng?",Metformin.,Bisacodyl.,Macrogol (PEG).,Loperamide.,,d,"Loperamide là một thuốc chủ vận thụ thể opioid ở ruột, có tác dụng làm chậm nhu động ruột và tăng tái hấp thu nước, từ đó làm giảm số lần đi ngoài và cải thiện độ đặc của phân. Nó rất hiệu quả để kiểm soát triệu chứng tiêu chảy trong IBS-D, đặc biệt khi cần dùng trước các tình huống dự đoán sẽ gây căng thẳng."
noi-hoi-chung-ruot-kich-thich-mcq-006,noi,Hội chứng ruột kích thích - IBS,Tiêu hoá,,"Bệnh nhân nữ 40 tuổi, là giáo viên, đến khám vì đau bụng và táo bón mạn tính. Bệnh nhân cho biết trong nhiều năm nay, cô thường xuyên bị đau quặn bụng vùng dưới rốn, cơn đau giảm sau khi đi ngoài được. Bệnh nhân đi ngoài rất khó khăn, tần suất khoảng 2 lần/tuần, phân thường khô cứng, vón cục (độ 1-2 theo thang Bristol), luôn có cảm giác đi không hết và phải rặn nhiều. Các triệu chứng này không liên tục, có những giai đoạn ổn định xen kẽ với các đợt bùng phát, đặc biệt khi cô bị stress trong công việc. Bệnh nhân không đi ngoài ra máu, không sụt cân. Khám lâm sàng và các xét nghiệm máu cơ bản, bao gồm cả chức năng tuyến giáp, đều bình thường. Nội soi đại tràng cách đây 1 năm cho kết quả bình thường.

Chẩn đoán phù hợp nhất cho bệnh nhân là gì?",Ung thư đại tràng.,Bệnh túi thừa đại tràng.,Hội chứng ruột kích thích thể táo bón (IBS-C).,Táo bón chức năng.,,c,"Bệnh nhân có đau bụng tái phát liên quan đến đi ngoài và thay đổi thói quen đại tiện, với phân chủ yếu là dạng táo bón. Các triệu chứng này đáp ứng tiêu chuẩn Rome IV cho IBS-C."
noi-hoi-chung-ruot-kich-thich-mcq-007,noi,Hội chứng ruột kích thích - IBS,Tiêu hoá,,"Bệnh nhân nữ 40 tuổi, là giáo viên, đến khám vì đau bụng và táo bón mạn tính. Bệnh nhân cho biết trong nhiều năm nay, cô thường xuyên bị đau quặn bụng vùng dưới rốn, cơn đau giảm sau khi đi ngoài được. Bệnh nhân đi ngoài rất khó khăn, tần suất khoảng 2 lần/tuần, phân thường khô cứng, vón cục (độ 1-2 theo thang Bristol), luôn có cảm giác đi không hết và phải rặn nhiều. Các triệu chứng này không liên tục, có những giai đoạn ổn định xen kẽ với các đợt bùng phát, đặc biệt khi cô bị stress trong công việc. Bệnh nhân không đi ngoài ra máu, không sụt cân. Khám lâm sàng và các xét nghiệm máu cơ bản, bao gồm cả chức năng tuyến giáp, đều bình thường. Nội soi đại tràng cách đây 1 năm cho kết quả bình thường.

Cơ chế nào sau đây góp phần gây ra tình trạng phân cứng và khó đi ngoài ở bệnh nhân này?",Nhu động đại tràng quá nhanh làm giảm thời gian hấp thu nước.,Tắc nghẽn cơ học do polyp.,Tăng tiết dịch quá mức vào lòng ruột.,"Nhu động đại tràng chậm lại làm tăng thời gian vận chuyển phân, khiến nước bị tái hấp thu nhiều hơn.",,d,"Trong IBS-C, một trong những rối loạn nhu động chính là thời gian vận chuyển phân qua đại tràng bị kéo dài (slow transit). Điều này cho phép đại tràng có nhiều thời gian hơn để tái hấp thu nước từ phân, làm cho phân trở nên khô, cứng và khó tống ra ngoài."
noi-hoi-chung-ruot-kich-thich-mcq-008,noi,Hội chứng ruột kích thích - IBS,Tiêu hoá,,"Bệnh nhân nữ 40 tuổi, là giáo viên, đến khám vì đau bụng và táo bón mạn tính. Bệnh nhân cho biết trong nhiều năm nay, cô thường xuyên bị đau quặn bụng vùng dưới rốn, cơn đau giảm sau khi đi ngoài được. Bệnh nhân đi ngoài rất khó khăn, tần suất khoảng 2 lần/tuần, phân thường khô cứng, vón cục (độ 1-2 theo thang Bristol), luôn có cảm giác đi không hết và phải rặn nhiều. Các triệu chứng này không liên tục, có những giai đoạn ổn định xen kẽ với các đợt bùng phát, đặc biệt khi cô bị stress trong công việc. Bệnh nhân không đi ngoài ra máu, không sụt cân. Khám lâm sàng và các xét nghiệm máu cơ bản, bao gồm cả chức năng tuyến giáp, đều bình thường. Nội soi đại tràng cách đây 1 năm cho kết quả bình thường.

Triệu chứng nào là mấu chốt để phân biệt IBS-C với Táo bón chức năng theo tiêu chuẩn Rome IV?",Hình dạng của phân.,Cảm giác đi ngoài không hết.,Sự hiện diện của đau bụng là triệu chứng nổi bật và có liên quan đến đi đại tiện.,Tần suất đi ngoài.,,c,"Đây là điểm khác biệt quan trọng. Để chẩn đoán IBS, đau bụng phải là triệu chứng cốt lõi. Trong Táo bón chức năng, triệu chứng chính là táo bón, và đau bụng nếu có cũng không phải là triệu chứng nổi bật. Ở bệnh nhân này, đau bụng liên quan đến đi ngoài là một đặc điểm rõ ràng."
noi-hoi-chung-ruot-kich-thich-mcq-009,noi,Hội chứng ruột kích thích - IBS,Tiêu hoá,,"Bệnh nhân nữ 40 tuổi, là giáo viên, đến khám vì đau bụng và táo bón mạn tính. Bệnh nhân cho biết trong nhiều năm nay, cô thường xuyên bị đau quặn bụng vùng dưới rốn, cơn đau giảm sau khi đi ngoài được. Bệnh nhân đi ngoài rất khó khăn, tần suất khoảng 2 lần/tuần, phân thường khô cứng, vón cục (độ 1-2 theo thang Bristol), luôn có cảm giác đi không hết và phải rặn nhiều. Các triệu chứng này không liên tục, có những giai đoạn ổn định xen kẽ với các đợt bùng phát, đặc biệt khi cô bị stress trong công việc. Bệnh nhân không đi ngoài ra máu, không sụt cân. Khám lâm sàng và các xét nghiệm máu cơ bản, bao gồm cả chức năng tuyến giáp, đều bình thường. Nội soi đại tràng cách đây 1 năm cho kết quả bình thường.

Ngoài việc tăng cường chất xơ và uống đủ nước, loại thuốc nhuận tràng nào thường được xem là lựa chọn đầu tay, an toàn và hiệu quả cho IBS-C?",Thuốc nhuận tràng kích thích (ví dụ: Bisacodyl).,Thuốc xổ dầu khoáng.,Thuốc thụt tháo.,Thuốc nhuận tràng thẩm thấu (ví dụ: Polyethylene glycol - PEG).,,d,"PEG là một thuốc nhuận tràng thẩm thấu, hoạt động bằng cách giữ nước trong lòng đại tràng một cách an toàn, làm mềm phân và tăng số lần đi ngoài. Nó không bị hấp thu, không gây rối loạn điện giải và được khuyến cáo là lựa chọn hàng đầu cho táo bón mạn tính và IBS-C."
noi-hoi-chung-ruot-kich-thich-mcq-010,noi,Hội chứng ruột kích thích - IBS,Tiêu hoá,,"Bệnh nhân nữ 40 tuổi, là giáo viên, đến khám vì đau bụng và táo bón mạn tính. Bệnh nhân cho biết trong nhiều năm nay, cô thường xuyên bị đau quặn bụng vùng dưới rốn, cơn đau giảm sau khi đi ngoài được. Bệnh nhân đi ngoài rất khó khăn, tần suất khoảng 2 lần/tuần, phân thường khô cứng, vón cục (độ 1-2 theo thang Bristol), luôn có cảm giác đi không hết và phải rặn nhiều. Các triệu chứng này không liên tục, có những giai đoạn ổn định xen kẽ với các đợt bùng phát, đặc biệt khi cô bị stress trong công việc. Bệnh nhân không đi ngoài ra máu, không sụt cân. Khám lâm sàng và các xét nghiệm máu cơ bản, bao gồm cả chức năng tuyến giáp, đều bình thường. Nội soi đại tràng cách đây 1 năm cho kết quả bình thường.

Nếu bệnh nhân không đáp ứng với các biện pháp trên, nhóm thuốc nào sau đây tác động bằng cách tăng tiết dịch vào lòng ruột và được chỉ định cho IBS- C?",Thuốc chủ vận Guanylate Cyclase-C (ví dụ: Linaclotide).,Thuốc kháng sinh (ví dụ: Rifaximin).,Thuốc chống trầm cảm ba vòng (ví dụ: Amitriptyline).,Thuốc chống co thắt (ví dụ: Hyoscine).,,a,"Các thuốc chủ vận Guanylate Cyclase-C (Linaclotide, Plecanatide) và hoạt hóa kênh clorid (Lubiprostone) là các thuốc tăng tiết (secretagogues) thế hệ mới. Chúng làm tăng tiết clorid và nước vào lòng ruột, giúp làm mềm phân và tăng tốc độ vận chuyển. Đặc biệt, Linaclotide còn có tác dụng giảm đau tạng, rất hữu ích cho bệnh nhân IBS-C."
noi-hoi-chung-ruot-kich-thich-mcq-011,noi,Hội chứng ruột kích thích - IBS,Tiêu hoá,,"Bệnh nhân nam 30 tuổi, kỹ sư xây dựng, đến khám vì rối loạn đi ngoài kéo dài. Bệnh nhân cho biết thói quen đi ngoài của anh thay đổi thất thường. Có những tuần anh bị tiêu chảy, đi ngoài phân lỏng 3-4 lần/ngày, nhưng cũng có những tuần anh lại bị táo bón, 3-4 ngày mới đi một lần, phân cứng. Tình trạng này xen kẽ nhau không theo quy luật rõ ràng. Dù tiêu chảy hay táo bón, anh đều cảm thấy đau quặn bụng và chướng bụng, cơn đau thường giảm sau khi đi ngoài. Anh không sốt, không sụt cân, không đi ngoài ra máu. Anh rất lo lắng vì tình trạng này ảnh hưởng đến công việc phải đi công tác thường xuyên. Khám và xét nghiệm cơ bản, bao gồm cả nội soi đại tràng, đều không phát hiện bất thường.

Dựa trên kiểu hình đi ngoài, bệnh nhân này được phân loại là thể nào của Hội chứng ruột kích thích?",IBS thể tiêu chảy (IBS-D).,IBS không xác định (IBS-U).,IBS thể hỗn hợp (IBS-M).,IBS thể táo bón (IBS-C).,,c,"Bệnh nhân có các đợt tiêu chảy và táo bón xen kẽ nhau, là đặc điểm của Hội chứng ruột kích thích thể hỗn hợp (IBS-M)."
noi-hoi-chung-ruot-kich-thich-mcq-012,noi,Hội chứng ruột kích thích - IBS,Tiêu hoá,,"Bệnh nhân nam 30 tuổi, kỹ sư xây dựng, đến khám vì rối loạn đi ngoài kéo dài. Bệnh nhân cho biết thói quen đi ngoài của anh thay đổi thất thường. Có những tuần anh bị tiêu chảy, đi ngoài phân lỏng 3-4 lần/ngày, nhưng cũng có những tuần anh lại bị táo bón, 3-4 ngày mới đi một lần, phân cứng. Tình trạng này xen kẽ nhau không theo quy luật rõ ràng. Dù tiêu chảy hay táo bón, anh đều cảm thấy đau quặn bụng và chướng bụng, cơn đau thường giảm sau khi đi ngoài. Anh không sốt, không sụt cân, không đi ngoài ra máu. Anh rất lo lắng vì tình trạng này ảnh hưởng đến công việc phải đi công tác thường xuyên. Khám và xét nghiệm cơ bản, bao gồm cả nội soi đại tràng, đều không phát hiện bất thường.

Cơ chế nào giải thích cho sự thay đổi luân phiên giữa tiêu chảy và táo bón?",Do tác dụng phụ của các loại thuốc bệnh nhân tự ý sử dụng.,Sự thay đổi trong chế độ ăn của bệnh nhân.,Do nhiễm các loại vi khuẩn khác nhau.,"Tình trạng rối loạn nhu động ruột không ổn định, có lúc tăng co bóp gây tiêu chảy, có lúc lại giảm co bóp gây táo bón.",,d,"Rối loạn nhu động trong IBS-M là không thể đoán trước. Trục não-ruột hoạt động một cách thất thường, lúc thì gửi tín hiệu tăng cường co bóp gây ra tiêu chảy, lúc khác lại gửi tín hiệu ức chế gây ra táo bón. Các yếu tố như stress, thức ăn, thay đổi hệ vi sinh vật có thể ảnh hưởng đến sự biến đổi này."
noi-hoi-chung-ruot-kich-thich-mcq-013,noi,Hội chứng ruột kích thích - IBS,Tiêu hoá,,"Bệnh nhân nam 30 tuổi, kỹ sư xây dựng, đến khám vì rối loạn đi ngoài kéo dài. Bệnh nhân cho biết thói quen đi ngoài của anh thay đổi thất thường. Có những tuần anh bị tiêu chảy, đi ngoài phân lỏng 3-4 lần/ngày, nhưng cũng có những tuần anh lại bị táo bón, 3-4 ngày mới đi một lần, phân cứng. Tình trạng này xen kẽ nhau không theo quy luật rõ ràng. Dù tiêu chảy hay táo bón, anh đều cảm thấy đau quặn bụng và chướng bụng, cơn đau thường giảm sau khi đi ngoài. Anh không sốt, không sụt cân, không đi ngoài ra máu. Anh rất lo lắng vì tình trạng này ảnh hưởng đến công việc phải đi công tác thường xuyên. Khám và xét nghiệm cơ bản, bao gồm cả nội soi đại tràng, đều không phát hiện bất thường.

Tiêu chuẩn Rome IV định nghĩa IBS-M như thế nào?",Bệnh nhân báo cáo có cả phân cứng (Bristol 1-2) và phân lỏng (Bristol 6-7) mỗi loại chiếm >25% số lần đi ngoài trong những ngày có bất thường.,Bệnh nhân không phù hợp với tiêu chuẩn của IBS-D hay IBS-C.,Bệnh nhân có cả tiêu chảy và táo bón trong cùng một ngày.,"Bệnh nhân có số lần đi ngoài lúc nhiều, lúc ít.",,a,"Theo Rome IV, để phân loại là IBS-M, bệnh nhân cần báo cáo rằng trong những ngày có ít nhất một lần đi ngoài bất thường, cả phân cứng (loại 1-2) và phân lỏng (loại 6-7) đều xuất hiện với tỷ lệ trên 25% mỗi loại."
noi-hoi-chung-ruot-kich-thich-mcq-014,noi,Hội chứng ruột kích thích - IBS,Tiêu hoá,,"Bệnh nhân nam 30 tuổi, kỹ sư xây dựng, đến khám vì rối loạn đi ngoài kéo dài. Bệnh nhân cho biết thói quen đi ngoài của anh thay đổi thất thường. Có những tuần anh bị tiêu chảy, đi ngoài phân lỏng 3-4 lần/ngày, nhưng cũng có những tuần anh lại bị táo bón, 3-4 ngày mới đi một lần, phân cứng. Tình trạng này xen kẽ nhau không theo quy luật rõ ràng. Dù tiêu chảy hay táo bón, anh đều cảm thấy đau quặn bụng và chướng bụng, cơn đau thường giảm sau khi đi ngoài. Anh không sốt, không sụt cân, không đi ngoài ra máu. Anh rất lo lắng vì tình trạng này ảnh hưởng đến công việc phải đi công tác thường xuyên. Khám và xét nghiệm cơ bản, bao gồm cả nội soi đại tràng, đều không phát hiện bất thường.

Việc điều trị cho bệnh nhân IBS-M thường gặp khó khăn gì?","Việc điều trị triệu chứng tiêu chảy có thể gây ra táo bón, và ngược lại.",Các thuốc điều trị thường không có hiệu quả.,Không có thuốc nào được cấp phép cho IBS-M.,Bệnh nhân thường không tuân thủ điều trị.,,a,"Đây là thách thức lớn nhất. Nếu dùng thuốc trị tiêu chảy (như Loperamide) quá liều hoặc kéo dài, bệnh nhân có thể chuyển sang giai đoạn táo bón nặng. Ngược lại, nếu dùng thuốc nhuận tràng quá mạnh, bệnh nhân có thể bị tiêu chảy. Việc cân bằng điều trị là rất khó khăn."
noi-hoi-chung-ruot-kich-thich-mcq-015,noi,Hội chứng ruột kích thích - IBS,Tiêu hoá,,"Bệnh nhân nam 30 tuổi, kỹ sư xây dựng, đến khám vì rối loạn đi ngoài kéo dài. Bệnh nhân cho biết thói quen đi ngoài của anh thay đổi thất thường. Có những tuần anh bị tiêu chảy, đi ngoài phân lỏng 3-4 lần/ngày, nhưng cũng có những tuần anh lại bị táo bón, 3-4 ngày mới đi một lần, phân cứng. Tình trạng này xen kẽ nhau không theo quy luật rõ ràng. Dù tiêu chảy hay táo bón, anh đều cảm thấy đau quặn bụng và chướng bụng, cơn đau thường giảm sau khi đi ngoài. Anh không sốt, không sụt cân, không đi ngoài ra máu. Anh rất lo lắng vì tình trạng này ảnh hưởng đến công việc phải đi công tác thường xuyên. Khám và xét nghiệm cơ bản, bao gồm cả nội soi đại tràng, đều không phát hiện bất thường.

Hướng tiếp cận điều trị nào là phù hợp nhất cho bệnh nhân này?",Phẫu thuật.,Dùng kháng sinh dài ngày.,Sử dụng đồng thời cả thuốc trị tiêu chảy và thuốc trị táo bón hàng ngày.,"Tập trung vào việc điều trị triệu chứng chiếm ưu thế tại từng thời điểm và các biện pháp chung như điều chỉnh lối sống, giảm stress.",,d,"Hướng tiếp cận hợp lý là điều trị theo triệu chứng trội. Khi bệnh nhân đang trong đợt tiêu chảy, có thể dùng Loperamide khi cần. Khi đang trong đợt táo bón, có thể dùng thuốc nhuận tràng thẩm thấu. Đồng thời, cần áp dụng các biện pháp nền tảng như chế độ ăn (low-FODMAP), quản lý stress, tập thể dục và có thể xem xét các thuốc điều hòa thần kinh ruột (neuromodulators) liều thấp."
noi-hoi-chung-ruot-kich-thich-mcq-016,noi,Hội chứng ruột kích thích - IBS,Tiêu hoá,,"Bệnh nhân nam 28 tuổi, đến khám vì tiêu chảy và chướng bụng kéo dài 6 tháng. Bệnh nhân kể rằng các triệu chứng bắt đầu xuất hiện khoảng 1 tháng sau một đợt bị ngộ độc thực phẩm nặng khi đi du lịch, với biểu hiện sốt, nôn và tiêu chảy cấp dữ dội kéo dài 5 ngày. Kể từ đó, mặc dù đã khỏi đợt nhiễm trùng cấp, bệnh nhân vẫn tiếp tục bị đau bụng âm ỉ, đi ngoài phân lỏng 2-3 lần mỗi ngày, và đặc biệt là chướng bụng, đầy hơi rất khó chịu. Bệnh nhân chưa từng có các triệu chứng này trước đây. Khám lâm sàng và các xét nghiệm máu, xét nghiệm phân (tìm vi khuẩn, ký sinh trùng) đều bình thường. Nội soi đại tràng hoàn toàn bình thường.

Tình trạng của bệnh nhân rất có thể là dạng nào của Hội chứng ruột kích thích?",Bệnh Celiac.,Hội chứng ruột kích thích sau nhiễm trùng (Post-infectious IBS - PI-IBS).,IBS thể táo bón.,IBS di truyền.,,b,"PI-IBS được chẩn đoán khi một bệnh nhân có các triệu chứng thỏa mãn tiêu chuẩn Rome IV của IBS, và các triệu chứng này khởi phát ngay sau một đợt viêm dạ dày-ruột cấp do vi khuẩn, virus hoặc ký sinh trùng, ở một người trước đó hoàn toàn không có triệu chứng."
noi-hoi-chung-ruot-kich-thich-mcq-017,noi,Hội chứng ruột kích thích - IBS,Tiêu hoá,,"Bệnh nhân nam 28 tuổi, đến khám vì tiêu chảy và chướng bụng kéo dài 6 tháng. Bệnh nhân kể rằng các triệu chứng bắt đầu xuất hiện khoảng 1 tháng sau một đợt bị ngộ độc thực phẩm nặng khi đi du lịch, với biểu hiện sốt, nôn và tiêu chảy cấp dữ dội kéo dài 5 ngày. Kể từ đó, mặc dù đã khỏi đợt nhiễm trùng cấp, bệnh nhân vẫn tiếp tục bị đau bụng âm ỉ, đi ngoài phân lỏng 2-3 lần mỗi ngày, và đặc biệt là chướng bụng, đầy hơi rất khó chịu. Bệnh nhân chưa từng có các triệu chứng này trước đây. Khám lâm sàng và các xét nghiệm máu, xét nghiệm phân (tìm vi khuẩn, ký sinh trùng) đều bình thường. Nội soi đại tràng hoàn toàn bình thường.

Cơ chế nào được cho là đóng vai trò quan trọng trong sự phát triển của PI- IBS?","Do lo lắng, căng thẳng sau khi bị bệnh.",Do tác dụng phụ của kháng sinh đã dùng để điều trị đợt cấp.,Tình trạng viêm niêm mạc ruột mức độ thấp kéo dài và sự thay đổi hệ vi sinh vật đường ruột sau đợt viêm ruột cấp.,Do độc tố của vi khuẩn vẫn còn tồn tại trong ruột.,,c,"Đợt viêm ruột cấp có thể gây ra những thay đổi dai dẳng. Nó làm tổn thương hàng rào niêm mạc ruột, gây ra tình trạng viêm mức độ vi thể kéo dài, hoạt hóa các tế bào miễn dịch (như tế bào mast), và làm thay đổi thành phần cũng như chức năng của hệ vi sinh vật đường ruột (loạn khuẩn). Tất cả những yếu tố này góp phần gây ra tăng nhạy cảm tạng và rối loạn nhu động."
noi-hoi-chung-ruot-kich-thich-mcq-018,noi,Hội chứng ruột kích thích - IBS,Tiêu hoá,,"Bệnh nhân nam 28 tuổi, đến khám vì tiêu chảy và chướng bụng kéo dài 6 tháng. Bệnh nhân kể rằng các triệu chứng bắt đầu xuất hiện khoảng 1 tháng sau một đợt bị ngộ độc thực phẩm nặng khi đi du lịch, với biểu hiện sốt, nôn và tiêu chảy cấp dữ dội kéo dài 5 ngày. Kể từ đó, mặc dù đã khỏi đợt nhiễm trùng cấp, bệnh nhân vẫn tiếp tục bị đau bụng âm ỉ, đi ngoài phân lỏng 2-3 lần mỗi ngày, và đặc biệt là chướng bụng, đầy hơi rất khó chịu. Bệnh nhân chưa từng có các triệu chứng này trước đây. Khám lâm sàng và các xét nghiệm máu, xét nghiệm phân (tìm vi khuẩn, ký sinh trùng) đều bình thường. Nội soi đại tràng hoàn toàn bình thường.

Yếu tố nào sau đây là một yếu tố nguy cơ đã được chứng minh cho việc phát triển PI-IBS sau một đợt viêm ruột cấp?",Giới tính nam.,Ăn nhiều chất xơ.,Tuổi cao.,Mức độ nặng và kéo dài của đợt bệnh cấp tính.,,d,"Nhiều nghiên cứu đã chỉ ra các yếu tố nguy cơ, bao gồm: độc lực của tác nhân gây bệnh, mức độ nặng của đợt viêm cấp, giới tính nữ, và các yếu tố tâm lý như lo âu, trầm cảm tại thời điểm nhiễm trùng."
noi-hoi-chung-ruot-kich-thich-mcq-019,noi,Hội chứng ruột kích thích - IBS,Tiêu hoá,,"Bệnh nhân nam 28 tuổi, đến khám vì tiêu chảy và chướng bụng kéo dài 6 tháng. Bệnh nhân kể rằng các triệu chứng bắt đầu xuất hiện khoảng 1 tháng sau một đợt bị ngộ độc thực phẩm nặng khi đi du lịch, với biểu hiện sốt, nôn và tiêu chảy cấp dữ dội kéo dài 5 ngày. Kể từ đó, mặc dù đã khỏi đợt nhiễm trùng cấp, bệnh nhân vẫn tiếp tục bị đau bụng âm ỉ, đi ngoài phân lỏng 2-3 lần mỗi ngày, và đặc biệt là chướng bụng, đầy hơi rất khó chịu. Bệnh nhân chưa từng có các triệu chứng này trước đây. Khám lâm sàng và các xét nghiệm máu, xét nghiệm phân (tìm vi khuẩn, ký sinh trùng) đều bình thường. Nội soi đại tràng hoàn toàn bình thường.

So với các thể IBS khác, PI-IBS thường có đặc điểm gì?",Không đáp ứng với bất kỳ loại thuốc nào.,Thường là thể táo bón chiếm ưu thế.,Tiên lượng thường tốt hơn và có khả năng tự thuyên giảm theo thời gian.,Luôn đi kèm với sốt.,,c,"PI-IBS thường biểu hiện dưới dạng tiêu chảy chiếm ưu thế (IBS-D). Một đặc điểm đáng chú ý là một tỷ lệ đáng kể bệnh nhân PI-IBS có thể có sự cải thiện hoặc thậm chí khỏi bệnh hoàn toàn sau vài năm, do đó tiên lượng có vẻ tốt hơn so với các dạng IBS khác."
noi-hoi-chung-ruot-kich-thich-mcq-020,noi,Hội chứng ruột kích thích - IBS,Tiêu hoá,,"Bệnh nhân nam 28 tuổi, đến khám vì tiêu chảy và chướng bụng kéo dài 6 tháng. Bệnh nhân kể rằng các triệu chứng bắt đầu xuất hiện khoảng 1 tháng sau một đợt bị ngộ độc thực phẩm nặng khi đi du lịch, với biểu hiện sốt, nôn và tiêu chảy cấp dữ dội kéo dài 5 ngày. Kể từ đó, mặc dù đã khỏi đợt nhiễm trùng cấp, bệnh nhân vẫn tiếp tục bị đau bụng âm ỉ, đi ngoài phân lỏng 2-3 lần mỗi ngày, và đặc biệt là chướng bụng, đầy hơi rất khó chịu. Bệnh nhân chưa từng có các triệu chứng này trước đây. Khám lâm sàng và các xét nghiệm máu, xét nghiệm phân (tìm vi khuẩn, ký sinh trùng) đều bình thường. Nội soi đại tràng hoàn toàn bình thường.

Loại kháng sinh không hấp thu nào đã được chứng minh là có hiệu quả trong việc cải thiện triệu chứng (đặc biệt là chướng bụng) ở một số bệnh nhân IBS thể tiêu chảy và PI-IBS?",Ciprofloxacin.,Metronidazole.,Vancomycin.,Rifaximin.,,d,"Rifaximin là một kháng sinh có hoạt phổ rộng, tác động tại chỗ trong lòng ruột và hầu như không hấp thu vào máu. Nó được cho là có tác dụng điều chỉnh lại tình trạng loạn khuẩn ruột và giảm sản xuất khí. Nhiều thử nghiệm lâm sàng đã cho thấy các liệu trình ngắn ngày Rifaximin có thể giúp cải thiện đáng kể triệu chứng chướng bụng và tiêu chảy ở bệnh nhân IBS-D không táo bón."
noi-hoi-chung-ruot-kich-thich-mcq-021,noi,Hội chứng ruột kích thích - IBS,Tiêu hoá,,"Bệnh nhân nữ 45 tuổi, đến khám vì đau bụng lan tỏa và đầy hơi mạn tính. Bệnh nhân được chẩn đoán IBS thể hỗn hợp cách đây nhiều năm. Ngoài các triệu chứng đường ruột, bệnh nhân còn thường xuyên cảm thấy đau mỏi cơ xương khớp lan tỏa, mệt mỏi rã rời, ngủ không sâu giấc và hay đau đầu. Các triệu chứng này làm bệnh nhân rất khó chịu, ảnh hưởng đến cả công việc và cuộc sống gia đình, khiến bà trở nên lo âu và có phần trầm cảm. Khám lâm sàng không có dấu hiệu thực thể đặc biệt ngoài việc ấn đau nhiều điểm trên cơ thể. Tất cả các xét nghiệm sàng lọc đều bình thường.

Tình trạng đau mỏi cơ xương khớp lan tỏa và mệt mỏi của bệnh nhân là biểu hiện của hội chứng gì thường đi kèm với IBS?",Đau xơ cơ (Fibromyalgia).,Thoái hóa khớp.,Viêm khớp dạng thấp.,Lupus ban đỏ hệ thống.,,a,"IBS thường đi kèm với các rối loạn chức năng khác ngoài đường tiêu hóa, được gọi là các rối loạn tâm thể (somatic comorbidities). Đau xơ cơ, hội chứng mệt mỏi mạn tính, đau vùng chậu mạn tính, viêm bàng quang kẽ là những bệnh lý thường gặp cùng với IBS."
noi-hoi-chung-ruot-kich-thich-mcq-022,noi,Hội chứng ruột kích thích - IBS,Tiêu hoá,,"Bệnh nhân nữ 45 tuổi, đến khám vì đau bụng lan tỏa và đầy hơi mạn tính. Bệnh nhân được chẩn đoán IBS thể hỗn hợp cách đây nhiều năm. Ngoài các triệu chứng đường ruột, bệnh nhân còn thường xuyên cảm thấy đau mỏi cơ xương khớp lan tỏa, mệt mỏi rã rời, ngủ không sâu giấc và hay đau đầu. Các triệu chứng này làm bệnh nhân rất khó chịu, ảnh hưởng đến cả công việc và cuộc sống gia đình, khiến bà trở nên lo âu và có phần trầm cảm. Khám lâm sàng không có dấu hiệu thực thể đặc biệt ngoài việc ấn đau nhiều điểm trên cơ thể. Tất cả các xét nghiệm sàng lọc đều bình thường.

Cơ chế bệnh sinh nào được cho là nền tảng chung của cả IBS và các rối loạn đi kèm như đau xơ cơ?",Thiếu hụt vitamin D.,Nhiễm một loại virus mạn tính.,"Rối loạn xử lý cảm giác đau ở hệ thần kinh trung ương (hiện tượng ""nhạy cảm hóa trung ương"").",Tình trạng viêm hệ thống mức độ cao.,,c,"""Nhạy cảm hóa trung ương"" được xem là cơ chế chung cho nhiều hội chứng đau mạn tính chức năng. Nó giải thích tại sao bệnh nhân IBS không chỉ bị tăng nhạy cảm ở ruột (đau bụng) mà còn có thể bị đau ở nhiều vị trí khác trên cơ thể (đau cơ, đau đầu) và có ngưỡng chịu đau thấp hơn người bình thường."
noi-hoi-chung-ruot-kich-thich-mcq-023,noi,Hội chứng ruột kích thích - IBS,Tiêu hoá,,"Bệnh nhân nữ 45 tuổi, đến khám vì đau bụng lan tỏa và đầy hơi mạn tính. Bệnh nhân được chẩn đoán IBS thể hỗn hợp cách đây nhiều năm. Ngoài các triệu chứng đường ruột, bệnh nhân còn thường xuyên cảm thấy đau mỏi cơ xương khớp lan tỏa, mệt mỏi rã rời, ngủ không sâu giấc và hay đau đầu. Các triệu chứng này làm bệnh nhân rất khó chịu, ảnh hưởng đến cả công việc và cuộc sống gia đình, khiến bà trở nên lo âu và có phần trầm cảm. Khám lâm sàng không có dấu hiệu thực thể đặc biệt ngoài việc ấn đau nhiều điểm trên cơ thể. Tất cả các xét nghiệm sàng lọc đều bình thường.

Hiện tượng ""nhạy cảm hóa trung ương"" có nghĩa là gì?","Hệ thần kinh trở nên quá nhạy cảm, khiến các kích thích thông thường (như nhu động ruột, áp lực nhẹ lên cơ) cũng được cảm nhận là đau.",Hệ miễn dịch phản ứng quá mức với các tác nhân bên ngoài.,Trục dưới đồi-tuyến yên-thượng thận hoạt động kém.,Các dây thần kinh ngoại biên bị tổn thương.,,a,"Đây là định nghĩa cốt lõi của nhạy cảm hóa trung ương. Do sự thay đổi trong cách não bộ và tủy sống xử lý các tín hiệu cảm giác, hệ thống ""báo động"" của cơ thể trở nên quá nhạy, khuếch đại các tín hiệu và diễn giải chúng thành cảm giác đau đớn, ngay cả khi không có tổn thương mô thực sự."
noi-hoi-chung-ruot-kich-thich-mcq-024,noi,Hội chứng ruột kích thích - IBS,Tiêu hoá,,"Bệnh nhân nữ 45 tuổi, đến khám vì đau bụng lan tỏa và đầy hơi mạn tính. Bệnh nhân được chẩn đoán IBS thể hỗn hợp cách đây nhiều năm. Ngoài các triệu chứng đường ruột, bệnh nhân còn thường xuyên cảm thấy đau mỏi cơ xương khớp lan tỏa, mệt mỏi rã rời, ngủ không sâu giấc và hay đau đầu. Các triệu chứng này làm bệnh nhân rất khó chịu, ảnh hưởng đến cả công việc và cuộc sống gia đình, khiến bà trở nên lo âu và có phần trầm cảm. Khám lâm sàng không có dấu hiệu thực thể đặc biệt ngoài việc ấn đau nhiều điểm trên cơ thể. Tất cả các xét nghiệm sàng lọc đều bình thường.

Đối với bệnh nhân có triệu chứng đau bụng nổi bật và các rối loạn tâm thể đi kèm không đáp ứng với các điều trị thông thường, nhóm thuốc nào sau đây có thể được xem xét?",Thuốc kháng histamin.,Thuốc điều hòa thần kinh ruột (neuromodulators) như thuốc chống trầm cảm ba vòng (TCA) liều thấp.,Thuốc nhuận tràng.,Thuốc ức chế bơm proton (PPI).,,b,"Các thuốc điều hòa thần kinh ruột, chủ yếu là các thuốc chống trầm cảm dùng ở liều thấp hơn liều điều trị trầm cảm, là một lựa chọn quan trọng. Chúng không chỉ tác động lên tâm trạng mà còn có tác dụng giảm đau trực tiếp và điều hòa nhu động ruột thông qua tác động lên các chất dẫn truyền thần kinh (serotonin, norepinephrine) trên trục não-ruột."
noi-hoi-chung-ruot-kich-thich-mcq-025,noi,Hội chứng ruột kích thích - IBS,Tiêu hoá,,"Bệnh nhân nữ 45 tuổi, đến khám vì đau bụng lan tỏa và đầy hơi mạn tính. Bệnh nhân được chẩn đoán IBS thể hỗn hợp cách đây nhiều năm. Ngoài các triệu chứng đường ruột, bệnh nhân còn thường xuyên cảm thấy đau mỏi cơ xương khớp lan tỏa, mệt mỏi rã rời, ngủ không sâu giấc và hay đau đầu. Các triệu chứng này làm bệnh nhân rất khó chịu, ảnh hưởng đến cả công việc và cuộc sống gia đình, khiến bà trở nên lo âu và có phần trầm cảm. Khám lâm sàng không có dấu hiệu thực thể đặc biệt ngoài việc ấn đau nhiều điểm trên cơ thể. Tất cả các xét nghiệm sàng lọc đều bình thường.

Amitriptyline, một loại TCA, giúp cải thiện triệu chứng đau ở bệnh nhân IBS bằng cơ chế nào?",Có tác dụng giảm đau nội tại ở cấp độ thần kinh trung ương và làm chậm nhu động ruột.,Chỉ có tác dụng chống trầm cảm.,Làm tăng tốc độ vận chuyển của ruột.,Có tác dụng kháng viêm mạnh.,,a,"Amitriptyline ở liều thấp (10-25mg/ngày) có nhiều tác dụng hữu ích trong IBS. Nó có tác dụng giảm đau trung ương mạnh (analgesic effect) độc lập với tác dụng chống trầm cảm, và tác dụng kháng cholinergic của nó giúp làm chậm nhu động ruột, rất phù hợp cho bệnh nhân IBS-D hoặc IBS-M có triệu chứng đau nổi bật."
noi-hoi-chung-ruot-kich-thich-mcq-026,noi,Hội chứng ruột kích thích - IBS,Tiêu hoá,,"Bệnh nhân nữ 28 tuổi, đến khám vì tiêu chảy mạn tính và chướng bụng. Bệnh nhân có các triệu chứng của IBS-D, nhưng điều làm cô lo lắng nhất là tiền sử mẹ cô được chẩn đoán bệnh Celiac. Bác sĩ nghi ngờ bệnh nhân cũng có thể mắc bệnh Celiac và cần phải làm xét nghiệm để loại trừ. Bệnh nhân không có thiếu máu hay sụt cân.

Bệnh Celiac là một bệnh lý có cơ chế gì?",Rối loạn chức năng vận động của ruột non.,Nhiễm một loại ký sinh trùng.,Dị ứng với lúa mì.,"Một bệnh tự miễn dịch do không dung nạp gluten, gây viêm và teo nhung mao ruột non.",,d,"Bệnh Celiac là một bệnh tự miễn toàn thân, khởi phát do việc ăn gluten (một loại protein có trong lúa mì, lúa mạch, lúa mạch đen) ở những người có cơ địa di truyền nhạy cảm. Phản ứng miễn dịch này gây tổn thương niêm mạc ruột non."
noi-hoi-chung-ruot-kich-thich-mcq-027,noi,Hội chứng ruột kích thích - IBS,Tiêu hoá,,"Bệnh nhân nữ 28 tuổi, đến khám vì tiêu chảy mạn tính và chướng bụng. Bệnh nhân có các triệu chứng của IBS-D, nhưng điều làm cô lo lắng nhất là tiền sử mẹ cô được chẩn đoán bệnh Celiac. Bác sĩ nghi ngờ bệnh nhân cũng có thể mắc bệnh Celiac và cần phải làm xét nghiệm để loại trừ. Bệnh nhân không có thiếu máu hay sụt cân.

Xét nghiệm huyết thanh học nào là bước đầu tiên để sàng lọc bệnh Celiac?",Kháng thể kháng tissue transglutaminase (anti-tTG) IgA.,Kháng thể kháng ty thể (AMA).,Nồng độ IgE toàn phần.,Kháng thể kháng nhân (ANA).,,a,"Xét nghiệm anti-tTG IgA là xét nghiệm sàng lọc có độ nhạy và độ đặc hiệu cao nhất. Cần đo đồng thời nồng độ IgA toàn phần để loại trừ trường hợp thiếu hụt IgA bẩm sinh, có thể cho kết quả anti- tTG IgA âm tính giả."
noi-hoi-chung-ruot-kich-thich-mcq-028,noi,Hội chứng ruột kích thích - IBS,Tiêu hoá,,"Bệnh nhân nữ 28 tuổi, đến khám vì tiêu chảy mạn tính và chướng bụng. Bệnh nhân có các triệu chứng của IBS-D, nhưng điều làm cô lo lắng nhất là tiền sử mẹ cô được chẩn đoán bệnh Celiac. Bác sĩ nghi ngờ bệnh nhân cũng có thể mắc bệnh Celiac và cần phải làm xét nghiệm để loại trừ. Bệnh nhân không có thiếu máu hay sụt cân.

Tại sao việc chẩn đoán phân biệt giữa IBS và bệnh Celiac lại quan trọng?",Vì bệnh Celiac có thể tự khỏi.,Vì cả hai bệnh đều có triệu chứng giống hệt nhau.,"Vì bệnh Celiac là một bệnh có tổn thương thực thể, có thể dẫn đến các biến chứng nghiêm trọng (suy dinh dưỡng, loãng xương, ung thư) nếu không được điều trị bằng chế độ ăn không gluten.",Vì thuốc điều trị IBS không có tác dụng với bệnh Celiac.,,c,"Triệu chứng của bệnh Celiac (đau bụng, tiêu chảy, chướng bụng) có thể rất giống với IBS. Tuy nhiên, việc bỏ sót chẩn đoán Celiac là rất nguy hiểm, vì tình trạng viêm và teo nhung mao kéo dài sẽ làm giảm hấp thu các chất dinh dưỡng quan trọng, dẫn đến thiếu máu, loãng xương, và tăng nguy cơ mắc một số loại ung thư như u lympho ruột."
noi-hoi-chung-ruot-kich-thich-mcq-029,noi,Hội chứng ruột kích thích - IBS,Tiêu hoá,,"Bệnh nhân nữ 28 tuổi, đến khám vì tiêu chảy mạn tính và chướng bụng. Bệnh nhân có các triệu chứng của IBS-D, nhưng điều làm cô lo lắng nhất là tiền sử mẹ cô được chẩn đoán bệnh Celiac. Bác sĩ nghi ngờ bệnh nhân cũng có thể mắc bệnh Celiac và cần phải làm xét nghiệm để loại trừ. Bệnh nhân không có thiếu máu hay sụt cân.

Thăm dò nào là tiêu chuẩn vàng để chẩn đoán xác định bệnh Celiac?",Nội soi viên nang.,Xét nghiệm hơi thở.,Nội soi dạ dày-tá tràng và sinh thiết tá tràng.,Chụp CT bụng.,,c,"Tiêu chuẩn vàng là sinh thiết. Nội soi sẽ cho thấy hình ảnh niêm mạc tá tràng có các nếp gấp dẹt, hình vỏ sò. Mẫu sinh thiết sau đó được phân tích dưới kính hiển vi để tìm các tổn thương đặc trưng, được phân loại theo thang điểm Marsh."
noi-hoi-chung-ruot-kich-thich-mcq-030,noi,Hội chứng ruột kích thích - IBS,Tiêu hoá,,"Bệnh nhân nữ 28 tuổi, đến khám vì tiêu chảy mạn tính và chướng bụng. Bệnh nhân có các triệu chứng của IBS-D, nhưng điều làm cô lo lắng nhất là tiền sử mẹ cô được chẩn đoán bệnh Celiac. Bác sĩ nghi ngờ bệnh nhân cũng có thể mắc bệnh Celiac và cần phải làm xét nghiệm để loại trừ. Bệnh nhân không có thiếu máu hay sụt cân.

Đặc điểm mô bệnh học kinh điển của bệnh Celiac là gì?","Teo các nhung mao, tăng sản các hốc tuyến và tăng tế bào lympho nội biểu mô ở niêm mạc tá tràng.",Thâm nhiễm tương bào ở đại tràng.,Tăng sản các tuyến ở dạ dày.,Niêm mạc hoàn toàn bình thường.,,a,"Đây là bộ ba tổn thương mô bệnh học kinh điển của bệnh Celiac, phản ánh quá trình phá hủy cấu trúc và viêm mạn tính của niêm mạc ruột non do phản ứng với gluten."
noi-hoi-chung-ruot-kich-thich-mcq-031,noi,Hội chứng ruột kích thích - IBS,Tiêu hoá,,"Bệnh nhân nam 42 tuổi, bị IBS-D từ nhiều năm, đến khám vì triệu chứng chướng bụng và đầy hơi rất nặng. Bệnh nhân mô tả bụng anh phình to lên như cái trống sau mỗi bữa ăn, kèm theo trung tiện rất nhiều. Anh đã thử nhiều loại thuốc nhưng không đỡ. Bác sĩ nghi ngờ bệnh nhân có thể có tình trạng quá phát vi khuẩn ruột non (SIBO) đi kèm.

SIBO (Small Intestinal Bacterial Overgrowth) là tình trạng gì?",Không có vi khuẩn nào trong ruột non.,Loạn khuẩn ở đại tràng.,Sự hiện diện của một số lượng vi khuẩn quá mức và/hoặc loại vi khuẩn bất thường trong ruột non.,Nhiễm trùng ruột non do vi khuẩn tả.,,c,Ruột non bình thường chỉ chứa một lượng vi khuẩn tương đối nhỏ. SIBO xảy ra khi số lượng vi khuẩn ở đây tăng lên quá mức (>10³-10⁵ CFU/mL) hoặc khi các loại vi khuẩn thường trú ở đại tràng di chuyển ngược lên ruột non.
noi-hoi-chung-ruot-kich-thich-mcq-032,noi,Hội chứng ruột kích thích - IBS,Tiêu hoá,,"Bệnh nhân nam 42 tuổi, bị IBS-D từ nhiều năm, đến khám vì triệu chứng chướng bụng và đầy hơi rất nặng. Bệnh nhân mô tả bụng anh phình to lên như cái trống sau mỗi bữa ăn, kèm theo trung tiện rất nhiều. Anh đã thử nhiều loại thuốc nhưng không đỡ. Bác sĩ nghi ngờ bệnh nhân có thể có tình trạng quá phát vi khuẩn ruột non (SIBO) đi kèm.

Cơ chế nào giải thích tại sao SIBO lại gây ra chướng bụng và đầy hơi?",Vi khuẩn làm giảm hấp thu nước.,"Vi khuẩn trong ruột non lên men các carbohydrate từ thức ăn và tạo ra một lượng lớn khí (hydro, metan).",Vi khuẩn gây ra tình trạng viêm loét niêm mạc.,Vi khuẩn sản xuất ra các độc tố gây liệt ruột.,,b,"Khi thức ăn (đặc biệt là carbohydrate) đi đến ruột non, đám vi khuẩn quá phát này sẽ lên men chúng từ rất sớm, tạo ra một lượng khí lớn. Lượng khí này làm căng chướng ruột non, gây ra các triệu chứng chướng bụng, đầy hơi, đau bụng và thay đổi thói quen đi ngoài."
noi-hoi-chung-ruot-kich-thich-mcq-033,noi,Hội chứng ruột kích thích - IBS,Tiêu hoá,,"Bệnh nhân nam 42 tuổi, bị IBS-D từ nhiều năm, đến khám vì triệu chứng chướng bụng và đầy hơi rất nặng. Bệnh nhân mô tả bụng anh phình to lên như cái trống sau mỗi bữa ăn, kèm theo trung tiện rất nhiều. Anh đã thử nhiều loại thuốc nhưng không đỡ. Bác sĩ nghi ngờ bệnh nhân có thể có tình trạng quá phát vi khuẩn ruột non (SIBO) đi kèm.

Thăm dò không xâm lấn nào thường được sử dụng để chẩn đoán SIBO?",Nội soi đại tràng.,Xét nghiệm máu.,Xét nghiệm hơi thở hydro/metan (Hydrogen/Methane Breath Test).,Xét nghiệm phân.,,c,"Test hơi thở là một phương pháp chẩn đoán gián tiếp. Bệnh nhân sẽ uống một loại đường (lactulose hoặc glucose). Nếu có SIBO, vi khuẩn trong ruột non sẽ lên men đường này và tạo ra khí hydro hoặc metan. Các khí này được hấp thu vào máu, đưa đến phổi và được thải ra qua hơi thở. Việc đo nồng độ khí trong hơi thở sẽ cho thấy sự gia tăng sớm và đáng kể."
noi-hoi-chung-ruot-kich-thich-mcq-034,noi,Hội chứng ruột kích thích - IBS,Tiêu hoá,,"Bệnh nhân nam 42 tuổi, bị IBS-D từ nhiều năm, đến khám vì triệu chứng chướng bụng và đầy hơi rất nặng. Bệnh nhân mô tả bụng anh phình to lên như cái trống sau mỗi bữa ăn, kèm theo trung tiện rất nhiều. Anh đã thử nhiều loại thuốc nhưng không đỡ. Bác sĩ nghi ngờ bệnh nhân có thể có tình trạng quá phát vi khuẩn ruột non (SIBO) đi kèm.

Mối liên quan giữa SIBO và IBS là gì?",SIBO là một biến chứng của điều trị IBS.,SIBO được cho là một trong những nguyên nhân hoặc yếu tố góp phần gây ra các triệu chứng ở một bộ phận bệnh nhân IBS.,Tất cả bệnh nhân IBS đều có SIBO.,Không có mối liên quan.,,b,"Mối liên quan này khá phức tạp và còn nhiều tranh cãi, nhưng có một sự chồng chéo đáng kể về triệu chứng. Nhiều nghiên cứu cho thấy tỷ lệ SIBO ở bệnh nhân IBS cao hơn so với dân số chung. Người ta cho rằng SIBO có thể là một yếu tố nền gây ra các triệu chứng giống IBS ở một số người."
noi-hoi-chung-ruot-kich-thich-mcq-035,noi,Hội chứng ruột kích thích - IBS,Tiêu hoá,,"Bệnh nhân nam 42 tuổi, bị IBS-D từ nhiều năm, đến khám vì triệu chứng chướng bụng và đầy hơi rất nặng. Bệnh nhân mô tả bụng anh phình to lên như cái trống sau mỗi bữa ăn, kèm theo trung tiện rất nhiều. Anh đã thử nhiều loại thuốc nhưng không đỡ. Bác sĩ nghi ngờ bệnh nhân có thể có tình trạng quá phát vi khuẩn ruột non (SIBO) đi kèm.

Hướng điều trị chính cho SIBO là gì?",Dùng men vi sinh (probiotics) liều cao.,Sử dụng một đợt kháng sinh (thường là Rifaximin) để làm giảm số lượng vi khuẩn trong ruột non.,Chế độ ăn không có carbohydrate.,Dùng thuốc nhuận tràng để tống vi khuẩn ra ngoài.,,b,"Mục tiêu điều trị là làm giảm bớt số lượng vi khuẩn trong ruột non. Các liệu trình kháng sinh ngắn ngày, đặc biệt là Rifaximin (một kháng sinh không hấp thu, tác động tại chỗ), là phương pháp điều trị hiệu quả nhất. Điều trị cũng có thể bao gồm việc giải quyết các nguyên nhân nền (nếu có) và điều chỉnh chế độ ăn."
noi-hoi-chung-ruot-kich-thich-mcq-036,noi,Hội chứng ruột kích thích - IBS,Tiêu hoá,,"Bệnh nhân nữ 32 tuổi, bị IBS-M, đến khám vì lo lắng về chế độ ăn. Bệnh nhân đọc trên mạng và thấy có nhiều lời khuyên khác nhau về thực phẩm nên và không nên ăn. Cô nhận thấy các triệu chứng chướng bụng, đau bụng của mình dường như nặng hơn sau khi ăn một số loại trái cây (táo, lê), rau (hành, tỏi) và các sản phẩm từ sữa.

Các loại thực phẩm mà bệnh nhân kể trên có đặc điểm chung là gì?",Chứa nhiều loại carbohydrate chuỗi ngắn dễ lên men (FODMAPs).,Chứa nhiều chất béo.,Chứa nhiều protein.,Chứa nhiều gluten.,,a,"Táo, lê (chứa nhiều fructose và sorbitol), hành, tỏi (chứa fructan), và sữa (chứa lactose) đều là những ví dụ điển hình của các thực phẩm có hàm lượng FODMAP cao."
noi-hoi-chung-ruot-kich-thich-mcq-037,noi,Hội chứng ruột kích thích - IBS,Tiêu hoá,,"Bệnh nhân nữ 32 tuổi, bị IBS-M, đến khám vì lo lắng về chế độ ăn. Bệnh nhân đọc trên mạng và thấy có nhiều lời khuyên khác nhau về thực phẩm nên và không nên ăn. Cô nhận thấy các triệu chứng chướng bụng, đau bụng của mình dường như nặng hơn sau khi ăn một số loại trái cây (táo, lê), rau (hành, tỏi) và các sản phẩm từ sữa.

FODMAPs gây ra triệu chứng ở bệnh nhân IBS nhạy cảm bằng cơ chế nào?",Có tính thẩm thấu (kéo nước vào lòng ruột) và bị vi khuẩn đường ruột lên men nhanh chóng (sinh khí).,Làm chậm quá trình làm rỗng dạ dày.,Gây ra một phản ứng dị ứng qua trung gian IgE.,Gây kích ứng trực tiếp niêm mạc ruột.,,a,"FODMAPs là các carbohydrate khó hấp thu ở ruột non. Khi chúng đi xuống các đoạn ruột sau, chúng sẽ: (1) Kéo nước vào lòng ruột do hiệu ứng thẩm thấu, gây tiêu chảy; và (2) Bị hệ vi sinh vật đường ruột lên men rất nhanh, tạo ra một lượng lớn khí (hydro, metan, CO₂), gây chướng bụng, đầy hơi và đau bụng do căng giãn thành ruột."
noi-hoi-chung-ruot-kich-thich-mcq-038,noi,Hội chứng ruột kích thích - IBS,Tiêu hoá,,"Bệnh nhân nữ 32 tuổi, bị IBS-M, đến khám vì lo lắng về chế độ ăn. Bệnh nhân đọc trên mạng và thấy có nhiều lời khuyên khác nhau về thực phẩm nên và không nên ăn. Cô nhận thấy các triệu chứng chướng bụng, đau bụng của mình dường như nặng hơn sau khi ăn một số loại trái cây (táo, lê), rau (hành, tỏi) và các sản phẩm từ sữa.

Chế độ ăn low-FODMAP bao gồm những bước nào?",Chỉ cần loại bỏ hoàn toàn các thực phẩm chứa FODMAP suốt đời.,"Bao gồm 3 giai đoạn: Loại bỏ (elimination), Thử lại (reintroduction), và Cá nhân hóa (personalization).",Ăn càng nhiều FODMAP càng tốt để tập làm quen.,Chỉ cần tránh các sản phẩm từ sữa.,,b,"Đây là cách tiếp cận chuẩn của chế độ ăn low- FODMAP dưới sự hướng dẫn của chuyên gia dinh dưỡng. Giai đoạn loại bỏ (2-6 tuần) để xem triệu chứng có cải thiện không. Giai đoạn thử lại từng nhóm FODMAP để xác định độ nhạy cảm. Giai đoạn cá nhân hóa để xây dựng một chế độ ăn lâu dài, chỉ hạn chế những loại thực phẩm thực sự gây triệu chứng."
noi-hoi-chung-ruot-kich-thich-mcq-039,noi,Hội chứng ruột kích thích - IBS,Tiêu hoá,,"Bệnh nhân nữ 32 tuổi, bị IBS-M, đến khám vì lo lắng về chế độ ăn. Bệnh nhân đọc trên mạng và thấy có nhiều lời khuyên khác nhau về thực phẩm nên và không nên ăn. Cô nhận thấy các triệu chứng chướng bụng, đau bụng của mình dường như nặng hơn sau khi ăn một số loại trái cây (táo, lê), rau (hành, tỏi) và các sản phẩm từ sữa.

Tại sao giai đoạn ""Thử lại"" lại quan trọng?",Để giảm cân.,"Để xác định chính xác loại FODMAP và ngưỡng dung nạp của từng cá nhân, từ đó xây dựng một chế độ ăn đa dạng nhất có thể.",Vì chế độ ăn loại bỏ quá nghiêm ngặt.,Để chứng minh rằng bệnh nhân không thực sự nhạy cảm với FODMAP.,,b,"Hầu hết mọi người không nhạy cảm với tất cả các nhóm FODMAP. Giai đoạn thử lại một cách có hệ thống giúp bệnh nhân và chuyên gia dinh dưỡng xác định được ""thủ phạm"" chính và liều lượng có thể dung nạp. Điều này giúp tránh việc kiêng khem không cần thiết, đảm bảo chế độ ăn đa dạng và bền vững hơn về lâu dài."
noi-hoi-chung-ruot-kich-thich-mcq-040,noi,Hội chứng ruột kích thích - IBS,Tiêu hoá,,"Bệnh nhân nữ 32 tuổi, bị IBS-M, đến khám vì lo lắng về chế độ ăn. Bệnh nhân đọc trên mạng và thấy có nhiều lời khuyên khác nhau về thực phẩm nên và không nên ăn. Cô nhận thấy các triệu chứng chướng bụng, đau bụng của mình dường như nặng hơn sau khi ăn một số loại trái cây (táo, lê), rau (hành, tỏi) và các sản phẩm từ sữa.

Ngoài chế độ ăn, lời khuyên nào về lối sống ăn uống cũng rất quan trọng cho bệnh nhân IBS?","Ăn các bữa ăn nhỏ, đều đặn, nhai kỹ và tránh các chất kích thích như caffeine, rượu.","Ăn các bữa ăn lớn, không thường xuyên.",Ăn thật nhanh để tiết kiệm thời gian.,Bỏ bữa sáng.,,a,"Cách thức ăn uống cũng quan trọng như loại thực phẩm. Ăn các bữa ăn lớn có thể làm quá tải hệ tiêu hóa. Ăn vội vàng, không nhai kỹ làm tăng lượng khí nuốt vào. Caffeine và rượu là những chất kích thích có thể làm tăng nhu động ruột. Do đó, việc áp dụng các thói quen ăn uống lành mạnh là một phần quan trọng trong quản lý IBS."
noi-hoi-chung-ruot-kich-thich-mcq-041,noi,Hội chứng ruột kích thích - IBS,Tiêu hoá,,"Bệnh nhân nữ 24 tuổi, được chẩn đoán IBS-D, có triệu chứng đau bụng và lo âu nổi bật. Bệnh nhân rất sợ ra ngoài vì lo lắng sẽ bị đau bụng và phải tìm nhà vệ sinh gấp. Nỗi lo này ảnh hưởng đến việc học và giao tiếp xã hội của cô. Bệnh nhân đã thử điều chỉnh chế độ ăn và dùng loperamide khi cần nhưng vẫn không kiểm soát được triệu chứng đau và sự lo lắng.

Mối liên quan giữa stress, lo âu và các triệu chứng IBS là gì?","Không có mối liên quan, đây là hai vấn đề riêng biệt.","IBS gây ra stress, nhưng stress không ảnh hưởng đến IBS.",Chỉ những người bị lo âu mới mắc IBS.,Stress và lo âu có thể làm trầm trọng thêm các triệu chứng của IBS thông qua trục não-ruột.,,d,"Đây là một mối quan hệ hai chiều. IBS có thể gây ra stress và lo âu, và ngược lại, các yếu tố tâm lý xã hội này là những tác nhân mạnh mẽ có thể khởi phát hoặc làm trầm trọng thêm các triệu chứng của IBS. Đây là một ví dụ điển hình của sự tương tác trên trục não-ruột."
noi-hoi-chung-ruot-kich-thich-mcq-042,noi,Hội chứng ruột kích thích - IBS,Tiêu hoá,,"Bệnh nhân nữ 24 tuổi, được chẩn đoán IBS-D, có triệu chứng đau bụng và lo âu nổi bật. Bệnh nhân rất sợ ra ngoài vì lo lắng sẽ bị đau bụng và phải tìm nhà vệ sinh gấp. Nỗi lo này ảnh hưởng đến việc học và giao tiếp xã hội của cô. Bệnh nhân đã thử điều chỉnh chế độ ăn và dùng loperamide khi cần nhưng vẫn không kiểm soát được triệu chứng đau và sự lo lắng.

Cơ chế nào giải thích việc stress làm nặng thêm triệu chứng tiêu chảy và đau bụng?",Stress làm tăng hấp thu nước ở đại tràng.,Stress làm giảm lưu lượng máu đến ruột.,"Stress kích hoạt hệ thần kinh giao cảm và giải phóng các hormone như cortisol, có thể làm tăng nhu động ruột và tăng nhạy cảm tạng.",Stress làm giảm tiết acid dạ dày.,,c,"Khi bị stress, não bộ sẽ gửi các tín hiệu xuống ruột thông qua hệ thần kinh tự chủ và trục nội tiết. Phản ứng ""chiến đấu hay bỏ chạy"" làm tăng giải phóng catecholamine và cortisol, có thể làm tăng co bóp của đại tràng (gây tiêu chảy) và làm giảm ngưỡng cảm nhận đau (tăng nhạy cảm tạng)."
noi-hoi-chung-ruot-kich-thich-mcq-043,noi,Hội chứng ruột kích thích - IBS,Tiêu hoá,,"Bệnh nhân nữ 24 tuổi, được chẩn đoán IBS-D, có triệu chứng đau bụng và lo âu nổi bật. Bệnh nhân rất sợ ra ngoài vì lo lắng sẽ bị đau bụng và phải tìm nhà vệ sinh gấp. Nỗi lo này ảnh hưởng đến việc học và giao tiếp xã hội của cô. Bệnh nhân đã thử điều chỉnh chế độ ăn và dùng loperamide khi cần nhưng vẫn không kiểm soát được triệu chứng đau và sự lo lắng.

Liệu pháp tâm lý nào đã được chứng minh là có hiệu quả trong việc quản lý các triệu chứng của IBS?",Chỉ có dùng thuốc an thần.,Phân tâm học.,Liệu pháp nhận thức-hành vi (CBT) và liệu pháp thôi miên hướng ruột (gut- directed hypnotherapy).,Liệu pháp sốc điện.,,c,"Cả CBT và liệu pháp thôi miên hướng ruột đều có bằng chứng mạnh mẽ cho thấy hiệu quả trong việc cải thiện các triệu chứng toàn thể, đau bụng và chất lượng cuộc sống ở bệnh nhân IBS, đặc biệt là những người không đáp ứng với các điều trị thông thường."
noi-hoi-chung-ruot-kich-thich-mcq-044,noi,Hội chứng ruột kích thích - IBS,Tiêu hoá,,"Bệnh nhân nữ 24 tuổi, được chẩn đoán IBS-D, có triệu chứng đau bụng và lo âu nổi bật. Bệnh nhân rất sợ ra ngoài vì lo lắng sẽ bị đau bụng và phải tìm nhà vệ sinh gấp. Nỗi lo này ảnh hưởng đến việc học và giao tiếp xã hội của cô. Bệnh nhân đã thử điều chỉnh chế độ ăn và dùng loperamide khi cần nhưng vẫn không kiểm soát được triệu chứng đau và sự lo lắng.

Đối với bệnh nhân có triệu chứng đau và tiêu chảy nổi bật liên quan đến lo âu, loại thuốc điều hòa thần kinh nào thường được ưu tiên lựa chọn?",Thuốc chống loạn thần.,Thuốc chống trầm cảm ba vòng (TCA) liều thấp.,Thuốc ức chế tái hấp thu serotonin chọn lọc (SSRI).,Benzodiazepines.,,b,"TCA (như Amitriptyline, Nortriptyline) ở liều thấp có tác dụng giảm đau trung ương và làm chậm thời gian vận chuyển của ruột do tác dụng kháng cholinergic. Do đó, chúng rất phù hợp cho bệnh nhân IBS-D có triệu chứng đau nổi bật. SSRI có thể làm tăng nhu động ruột nên thường được ưu tiên hơn cho bệnh nhân IBS-C."
noi-hoi-chung-ruot-kich-thich-mcq-045,noi,Hội chứng ruột kích thích - IBS,Tiêu hoá,,"Bệnh nhân nữ 24 tuổi, được chẩn đoán IBS-D, có triệu chứng đau bụng và lo âu nổi bật. Bệnh nhân rất sợ ra ngoài vì lo lắng sẽ bị đau bụng và phải tìm nhà vệ sinh gấp. Nỗi lo này ảnh hưởng đến việc học và giao tiếp xã hội của cô. Bệnh nhân đã thử điều chỉnh chế độ ăn và dùng loperamide khi cần nhưng vẫn không kiểm soát được triệu chứng đau và sự lo lắng.

Mục tiêu của Liệu pháp nhận thức-hành vi (CBT) trong điều trị IBS là gì?",Để tìm ra nguyên nhân gây bệnh trong quá khứ.,Để bệnh nhân chấp nhận sống chung với bệnh mà không cần thay đổi gì.,Để chữa khỏi bệnh hoàn toàn.,"Giúp bệnh nhân thay đổi các suy nghĩ, cảm xúc và hành vi tiêu cực liên quan đến các triệu chứng, và phát triển các chiến lược đối phó hiệu quả hơn.",,d,"CBT là một liệu pháp tâm lý tập trung vào việc giải quyết các vấn đề hiện tại. Đối với IBS, CBT giúp bệnh nhân nhận diện và thay đổi những suy nghĩ ""thảm họa hóa"" về các triệu chứng (ví dụ: ""cơn đau này sẽ không bao giờ hết""), giảm các hành vi né tránh (ví dụ: không dám ra khỏi nhà), và học các kỹ năng thư giãn, đối phó với stress để giảm tác động của nó lên các triệu chứng ruột."
noi-hoi-chung-ruot-kich-thich-mcq-046,noi,Hội chứng ruột kích thích - IBS,Tiêu hoá,,"Bệnh nhân nam 50 tuổi, đến khám vì chướng bụng và đi ngoài phân lỏng. Bệnh nhân khai rằng các triệu chứng này đã có từ lâu, nhưng gần đây nặng hơn sau khi ông được chẩn đoán và điều trị ung thư đại tràng giai đoạn II bằng phẫu thuật cắt đại tràng phải. Bệnh nhân không còn đau bụng nhiều, nhưng tình trạng đi ngoài phân lỏng nhiều lần trong ngày và chướng bụng làm ông rất khó chịu. Bệnh nhân không sốt, không sụt cân thêm sau mổ.

Tình trạng tiêu chảy và chướng bụng của bệnh nhân sau phẫu thuật cắt đại tràng phải có thể do nguyên nhân gì?",Tái phát ung thư.,Tác dụng phụ của hóa trị.,Nhiễm trùng Clostridium difficile.,Tiêu chảy do kém hấp thu acid mật (Bile Acid Malabsorption - BAM).,,d,"Nhiều bệnh nhân có các triệu chứng giống IBS-D thực chất là do tình trạng kém hấp thu acid mật. Đây là một nguyên nhân quan trọng cần được xem xét, đặc biệt ở những bệnh nhân đã có phẫu thuật cắt bỏ hồi tràng cuối hoặc bệnh lý ở vùng này (như bệnh Crohn)."
noi-hoi-chung-ruot-kich-thich-mcq-047,noi,Hội chứng ruột kích thích - IBS,Tiêu hoá,,"Bệnh nhân nam 50 tuổi, đến khám vì chướng bụng và đi ngoài phân lỏng. Bệnh nhân khai rằng các triệu chứng này đã có từ lâu, nhưng gần đây nặng hơn sau khi ông được chẩn đoán và điều trị ung thư đại tràng giai đoạn II bằng phẫu thuật cắt đại tràng phải. Bệnh nhân không còn đau bụng nhiều, nhưng tình trạng đi ngoài phân lỏng nhiều lần trong ngày và chướng bụng làm ông rất khó chịu. Bệnh nhân không sốt, không sụt cân thêm sau mổ.

Cơ chế gây ra tiêu chảy do kém hấp thu acid mật là gì?",Do vi khuẩn phân giải acid mật thành các chất độc.,"Acid mật không được tái hấp thu đủ ở hồi tràng cuối, sẽ tràn xuống đại tràng và kích thích niêm mạc đại tràng tăng tiết nước và điện giải.",Acid mật gây ra phản ứng dị ứng.,Thiếu hụt acid mật gây kém hấp thu mỡ.,,b,"Acid mật sau khi giúp tiêu hóa mỡ ở ruột non sẽ được tái hấp thu gần như hoàn toàn ở đoạn cuối hồi tràng để quay trở lại gan. Khi quá trình này bị gián đoạn, một lượng lớn acid mật sẽ đi xuống đại tràng. Tại đây, chúng hoạt động như một chất ""nhuận tràng"" thẩm thấu và kích thích, làm đại tràng tăng tiết nước và co bóp, gây ra tiêu chảy."
noi-hoi-chung-ruot-kich-thich-mcq-048,noi,Hội chứng ruột kích thích - IBS,Tiêu hoá,,"Bệnh nhân nam 50 tuổi, đến khám vì chướng bụng và đi ngoài phân lỏng. Bệnh nhân khai rằng các triệu chứng này đã có từ lâu, nhưng gần đây nặng hơn sau khi ông được chẩn đoán và điều trị ung thư đại tràng giai đoạn II bằng phẫu thuật cắt đại tràng phải. Bệnh nhân không còn đau bụng nhiều, nhưng tình trạng đi ngoài phân lỏng nhiều lần trong ngày và chướng bụng làm ông rất khó chịu. Bệnh nhân không sốt, không sụt cân thêm sau mổ.

Tại sao phẫu thuật cắt đại tràng phải (bao gồm cả hồi tràng cuối) lại gây ra tình trạng này?",Vì hồi tràng cuối là vị trí chính để tái hấp thu acid mật trong chu trình gan- ruột.,Vì phẫu thuật làm tổn thương thần kinh chi phối cho ruột.,Vì đại tràng phải là nơi hấp thu nước chính.,Vì phẫu thuật làm thay đổi hệ vi sinh vật.,,a,Phẫu thuật cắt đại tràng phải thường bao gồm cả việc cắt bỏ một đoạn cuối của hồi tràng. Việc mất đi vị trí tái hấp thu acid mật chuyên biệt này chính là nguyên nhân trực tiếp gây ra BAM sau phẫu thuật.
noi-hoi-chung-ruot-kich-thich-mcq-049,noi,Hội chứng ruột kích thích - IBS,Tiêu hoá,,"Bệnh nhân nam 50 tuổi, đến khám vì chướng bụng và đi ngoài phân lỏng. Bệnh nhân khai rằng các triệu chứng này đã có từ lâu, nhưng gần đây nặng hơn sau khi ông được chẩn đoán và điều trị ung thư đại tràng giai đoạn II bằng phẫu thuật cắt đại tràng phải. Bệnh nhân không còn đau bụng nhiều, nhưng tình trạng đi ngoài phân lỏng nhiều lần trong ngày và chướng bụng làm ông rất khó chịu. Bệnh nhân không sốt, không sụt cân thêm sau mổ.

Triệu chứng lâm sàng nào là điển hình của tiêu chảy do acid mật?",Tiêu chảy phân nhầy máu.,"Tiêu chảy phân nước, màu vàng, xảy ra đột ngột, cấp bách.",Phân có váng mỡ.,Táo bón.,,b,"Tiêu chảy do acid mật thường được mô tả là tiêu chảy phân nước, màu vàng hoặc xanh, có tính chất ""bùng nổ"", xảy ra rất khẩn cấp, đôi khi gây són phân. Các triệu chứng khác bao gồm chướng bụng, đầy hơi và đau bụng."
noi-hoi-chung-ruot-kich-thich-mcq-050,noi,Hội chứng ruột kích thích - IBS,Tiêu hoá,,"Bệnh nhân nam 50 tuổi, đến khám vì chướng bụng và đi ngoài phân lỏng. Bệnh nhân khai rằng các triệu chứng này đã có từ lâu, nhưng gần đây nặng hơn sau khi ông được chẩn đoán và điều trị ung thư đại tràng giai đoạn II bằng phẫu thuật cắt đại tràng phải. Bệnh nhân không còn đau bụng nhiều, nhưng tình trạng đi ngoài phân lỏng nhiều lần trong ngày và chướng bụng làm ông rất khó chịu. Bệnh nhân không sốt, không sụt cân thêm sau mổ.

Nhóm thuốc nào là lựa chọn điều trị hiệu quả cho tình trạng này?",Men vi sinh (Probiotics).,Thuốc gắn acid mật (Bile acid sequestrants) như Cholestyramine.,Thuốc ức chế bơm proton.,Loperamide.,,b,"Các thuốc gắn acid mật như Cholestyramine, Colestipol, Colesevelam là nền tảng của điều trị. Chúng hoạt động như một ""miếng bọt biển"" trong lòng ruột, gắn với các acid mật dư thừa và ngăn không cho chúng kích thích đại tràng, từ đó làm giảm tiêu chảy một cách hiệu quả."
noi-hoi-chung-ruot-kich-thich-mcq-051,noi,Hội chứng ruột kích thích - IBS,Tiêu hoá,,"Bệnh nhân nữ 24 tuổi, sinh viên, đến khám vì đau quặn vùng bụng dưới nhiều đợt trong 6 tháng nay, đau tăng khi căng thẳng mùa thi. Cơn đau thường giảm rõ rệt sau khi đi đại tiện. Bệnh nhân đi tiêu phân lỏng nát, khoảng 3-4 lần/ngày, không có máu trong phân. Bệnh nhân không sụt cân, không sốt, không thức giấc ban đêm để đi tiêu. Khám lâm sàng: mạch 80 lần/phút, huyết áp 110/70 mmHg, nhiệt độ 36,8°C, BMI 21 kg/m². Bụng mềm, ấn tức nhẹ hố chậu trái, không sờ thấy khối u, gan lách không to. Thăm trực tràng rút găng không có máu. Cận lâm sàng: Hemoglobin 130 g/L, Bạch cầu 6,5 G/L, CRP 2 mg/L.

Định hướng chẩn đoán phù hợp nhất trên bệnh nhân này là gì?",Viêm loét đại trực tràng chảy máu.,Bệnh Celiac nhạy cảm gluten.,Viêm đại tràng vi thể mạn tính.,Hội chứng ruột kích thích thể tiêu chảy.,,d,"Bệnh cảnh nữ trẻ tuổi, đau bụng giảm sau đi tiêu, phân lỏng, liên quan đến căng thẳng, không có triệu chứng báo động (không sụt cân, không tiêu máu, không triệu chứng ban đêm, CRP và Hb bình thường) là điển hình của IBS thể tiêu chảy (IBS-D)."
noi-hoi-chung-ruot-kich-thich-mcq-052,noi,Hội chứng ruột kích thích - IBS,Tiêu hoá,,"Bệnh nhân nữ 24 tuổi, sinh viên, đến khám vì đau quặn vùng bụng dưới nhiều đợt trong 6 tháng nay, đau tăng khi căng thẳng mùa thi. Cơn đau thường giảm rõ rệt sau khi đi đại tiện. Bệnh nhân đi tiêu phân lỏng nát, khoảng 3-4 lần/ngày, không có máu trong phân. Bệnh nhân không sụt cân, không sốt, không thức giấc ban đêm để đi tiêu. Khám lâm sàng: mạch 80 lần/phút, huyết áp 110/70 mmHg, nhiệt độ 36,8°C, BMI 21 kg/m². Bụng mềm, ấn tức nhẹ hố chậu trái, không sờ thấy khối u, gan lách không to. Thăm trực tràng rút găng không có máu. Cận lâm sàng: Hemoglobin 130 g/L, Bạch cầu 6,5 G/L, CRP 2 mg/L.

Tiêu chuẩn Rome IV chẩn đoán bệnh lý này yêu cầu đau bụng xuất hiện trung bình ít nhất bao nhiêu ngày trong một tuần?",Ba ngày.,Một ngày.,Hai ngày.,Bốn ngày.,,b,"Theo tiêu chuẩn Rome IV, chẩn đoán IBS đòi hỏi triệu chứng đau bụng tái phát trung bình ít nhất 1 ngày/tuần trong 3 tháng gần đây, kèm theo ít nhất 2 trong 3 đặc điểm: liên quan đến đi tiêu, thay đổi số lần đi tiêu, thay đổi hình thái phân."
noi-hoi-chung-ruot-kich-thich-mcq-053,noi,Hội chứng ruột kích thích - IBS,Tiêu hoá,,"Bệnh nhân nữ 24 tuổi, sinh viên, đến khám vì đau quặn vùng bụng dưới nhiều đợt trong 6 tháng nay, đau tăng khi căng thẳng mùa thi. Cơn đau thường giảm rõ rệt sau khi đi đại tiện. Bệnh nhân đi tiêu phân lỏng nát, khoảng 3-4 lần/ngày, không có máu trong phân. Bệnh nhân không sụt cân, không sốt, không thức giấc ban đêm để đi tiêu. Khám lâm sàng: mạch 80 lần/phút, huyết áp 110/70 mmHg, nhiệt độ 36,8°C, BMI 21 kg/m². Bụng mềm, ấn tức nhẹ hố chậu trái, không sờ thấy khối u, gan lách không to. Thăm trực tràng rút găng không có máu. Cận lâm sàng: Hemoglobin 130 g/L, Bạch cầu 6,5 G/L, CRP 2 mg/L.

Xét nghiệm nào có giá trị cao nhất để phân biệt tình trạng của bệnh nhân với bệnh lý viêm ruột (IBD)?",Chụp cắt lớp vi tính ổ bụng.,Cấy phân tìm vi khuẩn.,Calprotectin trong phân.,Nội soi đại tràng toàn bộ.,,c,"Calprotectin phân là một marker viêm niêm mạc ruột rất nhạy. Ở bệnh nhân nghi ngờ IBS ở người trẻ không có triệu chứng báo động, Calprotectin phân bình thường giúp loại trừ bệnh lý viêm ruột (IBD) một cách đáng tin cậy mà không cần nội soi xâm lấn."
noi-hoi-chung-ruot-kich-thich-mcq-054,noi,Hội chứng ruột kích thích - IBS,Tiêu hoá,,"Bệnh nhân nữ 24 tuổi, sinh viên, đến khám vì đau quặn vùng bụng dưới nhiều đợt trong 6 tháng nay, đau tăng khi căng thẳng mùa thi. Cơn đau thường giảm rõ rệt sau khi đi đại tiện. Bệnh nhân đi tiêu phân lỏng nát, khoảng 3-4 lần/ngày, không có máu trong phân. Bệnh nhân không sụt cân, không sốt, không thức giấc ban đêm để đi tiêu. Khám lâm sàng: mạch 80 lần/phút, huyết áp 110/70 mmHg, nhiệt độ 36,8°C, BMI 21 kg/m². Bụng mềm, ấn tức nhẹ hố chậu trái, không sờ thấy khối u, gan lách không to. Thăm trực tràng rút găng không có máu. Cận lâm sàng: Hemoglobin 130 g/L, Bạch cầu 6,5 G/L, CRP 2 mg/L.

Lựa chọn thuốc điều trị khởi đầu phù hợp nhất cho triệu chứng đau bụng của bệnh nhân là gì?",Thuốc chống co thắt cơ trơn.,Thuốc chống trầm cảm ba vòng.,Thuốc kháng sinh đường ruột.,Thuốc đồng vận thụ thể opioid.,,a,"Thuốc chống co thắt cơ trơn (như Mebeverine, Alverine, Otilonium bromide) là lựa chọn đầu tay hiệu quả và an toàn để kiểm soát triệu chứng đau quặn bụng do tăng co thắt ruột trong IBS."
noi-hoi-chung-ruot-kich-thich-mcq-055,noi,Hội chứng ruột kích thích - IBS,Tiêu hoá,,"Bệnh nhân nữ 24 tuổi, sinh viên, đến khám vì đau quặn vùng bụng dưới nhiều đợt trong 6 tháng nay, đau tăng khi căng thẳng mùa thi. Cơn đau thường giảm rõ rệt sau khi đi đại tiện. Bệnh nhân đi tiêu phân lỏng nát, khoảng 3-4 lần/ngày, không có máu trong phân. Bệnh nhân không sụt cân, không sốt, không thức giấc ban đêm để đi tiêu. Khám lâm sàng: mạch 80 lần/phút, huyết áp 110/70 mmHg, nhiệt độ 36,8°C, BMI 21 kg/m². Bụng mềm, ấn tức nhẹ hố chậu trái, không sờ thấy khối u, gan lách không to. Thăm trực tràng rút găng không có máu. Cận lâm sàng: Hemoglobin 130 g/L, Bạch cầu 6,5 G/L, CRP 2 mg/L.

Nếu bệnh nhân tiếp tục tiêu chảy nhiều dù đã dùng thuốc khởi đầu, thuốc nào sau đây được bổ sung?",Loperamide.,Mesalamine.,Lubiprostone.,Linaclotide.,,a,"Loperamide là chất chủ vận thụ thể opioid tại ruột, giúp giảm nhu động ruột và kéo dài thời gian vận chuyển phân. Đây là thuốc bổ sung an toàn cho IBS-D khi tiêu chảy là triệu chứng nổi trội không đáp ứng với các biện pháp cơ bản. Nguồn tham khảo: Phác đồ ACG về quản lý Hội chứng ruột kích thích."
noi-hoi-chung-ruot-kich-thich-mcq-056,noi,Hội chứng ruột kích thích - IBS,Tiêu hoá,,"Bệnh nhân nam 55 tuổi, nhân viên văn phòng, đến khám vì tình trạng táo bón kéo dài 1 năm nay. Bệnh nhân thường 3-4 ngày mới đi tiêu một lần, phân khô cứng thành từng cục nhỏ (phân dê), phải rặn nhiều. Kèm theo đó là cảm giác chướng bụng và đau âm ỉ dọc khung đại tràng, đau giảm nhẹ sau khi đi tiêu được. Bệnh nhân không sụt cân, ăn uống bình thường. Tiền sử tăng huyết áp đang dùng Amlodipine 5 mg/ngày. Khám: mạch 75 lần/phút, huyết áp 130/80 mmHg. Bụng chướng nhẹ, không điểm đau khu trú, không sờ thấy khối bất thường. Cận lâm sàng: Công thức máu bình thường, Glucose đói 5,5 mmol/L, TSH 2,1 mIU/L.

Vấn đề lâm sàng ưu tiên cần tầm soát ở bệnh nhân này trước khi kết luận bệnh lý chức năng là gì?",Đái tháo đường type 2.,Ung thư đại trực tràng.,Suy giáp trạng nguyên phát.,Viêm túi thừa đại tràng.,,b,Bệnh nhân nam 55 tuổi mới khởi phát triệu chứng thay đổi thói quen đi tiêu (táo bón) là một triệu chứng báo động quan trọng. Việc tầm soát ung thư đại trực tràng (bằng nội soi đại tràng) là bắt buộc trước khi chẩn đoán IBS thể táo bón (IBS-C).
noi-hoi-chung-ruot-kich-thich-mcq-057,noi,Hội chứng ruột kích thích - IBS,Tiêu hoá,,"Bệnh nhân nam 55 tuổi, nhân viên văn phòng, đến khám vì tình trạng táo bón kéo dài 1 năm nay. Bệnh nhân thường 3-4 ngày mới đi tiêu một lần, phân khô cứng thành từng cục nhỏ (phân dê), phải rặn nhiều. Kèm theo đó là cảm giác chướng bụng và đau âm ỉ dọc khung đại tràng, đau giảm nhẹ sau khi đi tiêu được. Bệnh nhân không sụt cân, ăn uống bình thường. Tiền sử tăng huyết áp đang dùng Amlodipine 5 mg/ngày. Khám: mạch 75 lần/phút, huyết áp 130/80 mmHg. Bụng chướng nhẹ, không điểm đau khu trú, không sờ thấy khối bất thường. Cận lâm sàng: Công thức máu bình thường, Glucose đói 5,5 mmol/L, TSH 2,1 mIU/L.

Nhóm dấu hiệu nào là triệu chứng báo động cần loại trừ bệnh thực thể trước khi chẩn đoán IBS?",Triệu chứng kéo dài trên sáu tháng và xét nghiệm cơ bản bình thường.,"Đau liên quan đại tiện, táo bón xen tiêu chảy và căng thẳng tâm lý.","Khởi phát muộn, sụt cân không chủ ý và triệu chứng đánh thức người bệnh về đêm.","Đau giảm sau đại tiện, đầy hơi sau ăn và thay đổi hình dạng phân.",,c,"Khởi phát ở tuổi lớn, sụt cân, thiếu máu, xuất huyết, tiền sử gia đình ung thư/IBD/celiac và triệu chứng về đêm là các dấu hiệu báo động. Đau liên quan đại tiện và thay đổi thói quen đi tiêu là đặc điểm của IBS chứ không phải red flag."
noi-hoi-chung-ruot-kich-thich-mcq-058,noi,Hội chứng ruột kích thích - IBS,Tiêu hoá,,"Bệnh nhân nam 55 tuổi, nhân viên văn phòng, đến khám vì tình trạng táo bón kéo dài 1 năm nay. Bệnh nhân thường 3-4 ngày mới đi tiêu một lần, phân khô cứng thành từng cục nhỏ (phân dê), phải rặn nhiều. Kèm theo đó là cảm giác chướng bụng và đau âm ỉ dọc khung đại tràng, đau giảm nhẹ sau khi đi tiêu được. Bệnh nhân không sụt cân, ăn uống bình thường. Tiền sử tăng huyết áp đang dùng Amlodipine 5 mg/ngày. Khám: mạch 75 lần/phút, huyết áp 130/80 mmHg. Bụng chướng nhẹ, không điểm đau khu trú, không sờ thấy khối bất thường. Cận lâm sàng: Công thức máu bình thường, Glucose đói 5,5 mmol/L, TSH 2,1 mIU/L.

Cơ chế sinh lý bệnh nào góp phần gây ra tình trạng phân cứng ở bệnh nhân này?",Tăng nhu động đẩy của đại tràng.,Giảm trương lực cơ thắt hậu môn.,Kéo dài thời gian lưu chuyển phân.,Tăng xuất tiết dịch nhầy niêm mạc.,,c,"Trong IBS-C, sự rối loạn nhu động đại tràng dẫn đến thời gian lưu chuyển phân (transit time) bị kéo dài. Phân nằm lâu trong đại tràng khiến nước bị tái hấp thu quá mức, dẫn đến phân khô cứng (type 1 hoặc 2 theo thang điểm Bristol)."
noi-hoi-chung-ruot-kich-thich-mcq-059,noi,Hội chứng ruột kích thích - IBS,Tiêu hoá,,"Bệnh nhân nam 55 tuổi, nhân viên văn phòng, đến khám vì tình trạng táo bón kéo dài 1 năm nay. Bệnh nhân thường 3-4 ngày mới đi tiêu một lần, phân khô cứng thành từng cục nhỏ (phân dê), phải rặn nhiều. Kèm theo đó là cảm giác chướng bụng và đau âm ỉ dọc khung đại tràng, đau giảm nhẹ sau khi đi tiêu được. Bệnh nhân không sụt cân, ăn uống bình thường. Tiền sử tăng huyết áp đang dùng Amlodipine 5 mg/ngày. Khám: mạch 75 lần/phút, huyết áp 130/80 mmHg. Bụng chướng nhẹ, không điểm đau khu trú, không sờ thấy khối bất thường. Cận lâm sàng: Công thức máu bình thường, Glucose đói 5,5 mmol/L, TSH 2,1 mIU/L.

Lựa chọn thuốc nhuận tràng nào được khuyến cáo ưu tiên cho bệnh nhân này?",Nhuận tràng kích thích.,Nhuận tràng làm trơn.,Nhuận tràng thụt tháo.,Nhuận tràng thẩm thấu.,,d,"Nhuận tràng thẩm thấu (như Polyethylene glycol - PEG hoặc Lactulose) là lựa chọn đầu tay cho IBS-C nhờ hiệu quả làm mềm phân tốt, an toàn khi sử dụng dài ngày và không gây tình trạng lệ thuộc ruột như nhuận tràng kích thích."
noi-hoi-chung-ruot-kich-thich-mcq-060,noi,Hội chứng ruột kích thích - IBS,Tiêu hoá,,"Bệnh nhân nam 55 tuổi, nhân viên văn phòng, đến khám vì tình trạng táo bón kéo dài 1 năm nay. Bệnh nhân thường 3-4 ngày mới đi tiêu một lần, phân khô cứng thành từng cục nhỏ (phân dê), phải rặn nhiều. Kèm theo đó là cảm giác chướng bụng và đau âm ỉ dọc khung đại tràng, đau giảm nhẹ sau khi đi tiêu được. Bệnh nhân không sụt cân, ăn uống bình thường. Tiền sử tăng huyết áp đang dùng Amlodipine 5 mg/ngày. Khám: mạch 75 lần/phút, huyết áp 130/80 mmHg. Bụng chướng nhẹ, không điểm đau khu trú, không sờ thấy khối bất thường. Cận lâm sàng: Công thức máu bình thường, Glucose đói 5,5 mmol/L, TSH 2,1 mIU/L.

Nếu bệnh nhân không đáp ứng với thuốc nhuận tràng thông thường, nhóm thuốc nào sau đây là lựa chọn tiếp theo?",Kháng sinh tác dụng tại chỗ.,Chất đối kháng thụ thể 5-HT3.,Chất kích thích bài tiết dịch ruột.,Thuốc ức chế bơm proton.,,c,"Khi IBS-C kháng trị với nhuận tràng thẩm thấu, các chất kích thích bài tiết dịch ruột (Secretagogues) như Linaclotide hoặc Lubiprostone được chỉ định. Chúng làm tăng tiết dịch chloride và bicarbonate vào lòng ruột, giúp tăng vận chuyển phân và giảm đau nội tạng. Nguồn tham khảo: Phác đồ ACG về quản lý Hội chứng ruột kích thích."
noi-hoi-chung-ruot-kich-thich-mcq-061,noi,Hội chứng ruột kích thích - IBS,Tiêu hoá,,"Bệnh nhân nam 30 tuổi, hướng dẫn viên du lịch, đến khám vì đi ngoài phân lỏng và đau quặn bụng kéo dài 4 tháng nay. Bệnh nhân kể lại 4 tháng trước có một đợt tiêu chảy cấp tính kèm sốt nhẹ sau khi ăn hải sản, đã tự khỏi sau 5 ngày. Tuy nhiên từ đó đến nay, bụng thường xuyên sôi, đi tiêu 2-3 lần/ngày phân nát, không lẫn máu. Bệnh nhân cảm thấy mệt mỏi, hay lo âu về bệnh. Khám: mạch 82 lần/phút, huyết áp 120/75 mmHg. Bụng mềm, không có phản ứng thành bụng. Xét nghiệm: Bạch cầu 7,0 G/L, Calprotectin phân < 50 μg/g, Cấy phân âm tính với vi khuẩn gây bệnh.

Tình trạng hiện tại của bệnh nhân được gọi tên là hội chứng gì?",Loạn khuẩn ruột do lạm dụng kháng sinh.,Hội chứng ruột kích thích hậu nhiễm trùng.,Hội chứng kém hấp thu sau nhiễm trùng.,Viêm loét đại trực tràng khởi phát muộn.,,b,"Sự khởi phát các triệu chứng thỏa mãn tiêu chuẩn IBS (đau bụng liên quan đến đi tiêu, thay đổi phân) ngay sau một đợt viêm dạ dày ruột cấp tính đã hồi phục được gọi là Hội chứng ruột kích thích hậu nhiễm trùng (Post-infectious IBS - PI-IBS)."
noi-hoi-chung-ruot-kich-thich-mcq-062,noi,Hội chứng ruột kích thích - IBS,Tiêu hoá,,"Bệnh nhân nam 30 tuổi, hướng dẫn viên du lịch, đến khám vì đi ngoài phân lỏng và đau quặn bụng kéo dài 4 tháng nay. Bệnh nhân kể lại 4 tháng trước có một đợt tiêu chảy cấp tính kèm sốt nhẹ sau khi ăn hải sản, đã tự khỏi sau 5 ngày. Tuy nhiên từ đó đến nay, bụng thường xuyên sôi, đi tiêu 2-3 lần/ngày phân nát, không lẫn máu. Bệnh nhân cảm thấy mệt mỏi, hay lo âu về bệnh. Khám: mạch 82 lần/phút, huyết áp 120/75 mmHg. Bụng mềm, không có phản ứng thành bụng. Xét nghiệm: Bạch cầu 7,0 G/L, Calprotectin phân < 50 μg/g, Cấy phân âm tính với vi khuẩn gây bệnh.

Yếu tố nguy cơ nào sau đây đóng vai trò lớn nhất dẫn đến sự phát triển của hội chứng này?",Rối loạn chuyển hóa lipid máu mạn tính.,Mức độ nặng của đợt viêm ruột cấp tính ban đầu.,Tiền sử sử dụng thuốc giảm đau NSAIDs.,Tình trạng trào ngược dạ dày thực quản cũ.,,b,"Các yếu tố nguy cơ phát triển PI-IBS bao gồm: mức độ nặng và thời gian kéo dài của đợt viêm ruột cấp ban đầu, độc lực của vi khuẩn (VD: Campylobacter, Salmonella), giới tính nữ, và các yếu tố tâm lý đi kèm (lo âu, trầm cảm, stress)."
noi-hoi-chung-ruot-kich-thich-mcq-063,noi,Hội chứng ruột kích thích - IBS,Tiêu hoá,,"Bệnh nhân nam 30 tuổi, hướng dẫn viên du lịch, đến khám vì đi ngoài phân lỏng và đau quặn bụng kéo dài 4 tháng nay. Bệnh nhân kể lại 4 tháng trước có một đợt tiêu chảy cấp tính kèm sốt nhẹ sau khi ăn hải sản, đã tự khỏi sau 5 ngày. Tuy nhiên từ đó đến nay, bụng thường xuyên sôi, đi tiêu 2-3 lần/ngày phân nát, không lẫn máu. Bệnh nhân cảm thấy mệt mỏi, hay lo âu về bệnh. Khám: mạch 82 lần/phút, huyết áp 120/75 mmHg. Bụng mềm, không có phản ứng thành bụng. Xét nghiệm: Bạch cầu 7,0 G/L, Calprotectin phân < 50 μg/g, Cấy phân âm tính với vi khuẩn gây bệnh.

Cơ chế bệnh sinh cốt lõi được cho là gây ra tình trạng kéo dài ở bệnh nhân này là gì?",Tắc nghẽn cơ học do dính ruột sau viêm.,Hoại tử mạn tính các nhung mao ruột non.,Hình thành các u hạt bã đậu trong thành ruột.,Viêm niêm mạc mức độ thấp và rối loạn hệ vi sinh.,,d,"PI-IBS không phải là bệnh lý tâm lý đơn thuần. Cơ chế bệnh sinh bao gồm tình trạng viêm niêm mạc đại tràng mức độ thấp dai dẳng (tăng tế bào mast, tế bào lympho), tăng tính thấm niêm mạc ruột và sự thay đổi vĩnh viễn của hệ vi sinh vật đường ruột (dysbiosis)."
noi-hoi-chung-ruot-kich-thich-mcq-064,noi,Hội chứng ruột kích thích - IBS,Tiêu hoá,,"Bệnh nhân nam 30 tuổi, hướng dẫn viên du lịch, đến khám vì đi ngoài phân lỏng và đau quặn bụng kéo dài 4 tháng nay. Bệnh nhân kể lại 4 tháng trước có một đợt tiêu chảy cấp tính kèm sốt nhẹ sau khi ăn hải sản, đã tự khỏi sau 5 ngày. Tuy nhiên từ đó đến nay, bụng thường xuyên sôi, đi tiêu 2-3 lần/ngày phân nát, không lẫn máu. Bệnh nhân cảm thấy mệt mỏi, hay lo âu về bệnh. Khám: mạch 82 lần/phút, huyết áp 120/75 mmHg. Bụng mềm, không có phản ứng thành bụng. Xét nghiệm: Bạch cầu 7,0 G/L, Calprotectin phân < 50 μg/g, Cấy phân âm tính với vi khuẩn gây bệnh.

Liệu pháp kháng sinh nào sau đây được FDA công nhận để điều trị triệu chứng không táo bón của bệnh lý này?",Ciprofloxacin.,Metronidazole.,Azithromycin.,Rifaximin.,,d,"Rifaximin là kháng sinh đường ruột không hấp thu, được FDA cấp phép điều trị IBS không táo bón (IBS-D) để điều hòa lại hệ vi sinh vật đường ruột, làm giảm triệu chứng chướng bụng, đau bụng và tiêu chảy."
noi-hoi-chung-ruot-kich-thich-mcq-065,noi,Hội chứng ruột kích thích - IBS,Tiêu hoá,,"Bệnh nhân nam 30 tuổi, hướng dẫn viên du lịch, đến khám vì đi ngoài phân lỏng và đau quặn bụng kéo dài 4 tháng nay. Bệnh nhân kể lại 4 tháng trước có một đợt tiêu chảy cấp tính kèm sốt nhẹ sau khi ăn hải sản, đã tự khỏi sau 5 ngày. Tuy nhiên từ đó đến nay, bụng thường xuyên sôi, đi tiêu 2-3 lần/ngày phân nát, không lẫn máu. Bệnh nhân cảm thấy mệt mỏi, hay lo âu về bệnh. Khám: mạch 82 lần/phút, huyết áp 120/75 mmHg. Bụng mềm, không có phản ứng thành bụng. Xét nghiệm: Bạch cầu 7,0 G/L, Calprotectin phân < 50 μg/g, Cấy phân âm tính với vi khuẩn gây bệnh.

Bệnh lý nào sau đây KHÔNG ĐÚNG khi được xem là chẩn đoán phân biệt cần loại trừ ở bệnh nhân này?",Bệnh nhạy cảm Gluten.,Nhiễm Giardia lamblia mạn.,Viêm tụy cấp thể hoại tử.,Bệnh viêm ruột IBD.,,c,"Viêm tụy cấp thể hoại tử là một cấp cứu nội ngoại khoa rầm rộ với đau thượng vị dữ dội và amylase/lipase tăng cao, không thể nhầm lẫn với bệnh cảnh mạn tính, nhẹ nhàng của IBS. Các bệnh còn lại (IBD, Giardia mạn, Celiac) đều gây tiêu chảy mạn tính cần chẩn đoán phân biệt. Nguồn tham khảo: Hướng dẫn thực hành lâm sàng về chẩn đoán IBS."
noi-hoi-chung-ruot-kich-thich-mcq-066,noi,Hội chứng ruột kích thích - IBS,Tiêu hoá,,"Bệnh nhân nữ 42 tuổi, thợ may, phàn nàn về tình trạng đau tức vùng hạ vị và quanh rốn đã 3 năm nay. Thói quen đi tiêu của bệnh nhân rất thất thường: có đợt táo bón 4-5 ngày/lần phân cứng, xen kẽ với những đợt tiêu chảy 3 lần/ngày phân nát, mỗi đợt kéo dài vài tuần. Bệnh nhân hay mất ngủ, được chẩn đoán rối loạn lo âu lan tỏa đang dùng Alprazolam khi cần. Khám: mạch 88 lần/phút, huyết áp 110/70 mmHg. Bụng ấn tức nhẹ nhiều vùng, không có phản ứng thành bụng. Nội soi dạ dày và nội soi đại tràng 6 tháng trước hoàn toàn bình thường. Chức năng tuyến giáp bình thường.

Phân loại dưới nhóm lâm sàng nào chính xác nhất cho bệnh nhân này?",Hội chứng ruột kích thích thể táo bón.,Hội chứng ruột kích thích thể tiêu chảy.,Hội chứng ruột kích thích thể hỗn hợp.,Hội chứng ruột kích thích không phân loại.,,c,"Bệnh nhân có sự luân phiên giữa các đợt tiêu chảy (phân type 6, 7) và táo bón (phân type 1, 2), mỗi loại chiếm > 25% số lần đi tiêu bất thường, đáp ứng tiêu chuẩn của IBS thể hỗn hợp (IBS-M)."
noi-hoi-chung-ruot-kich-thich-mcq-067,noi,Hội chứng ruột kích thích - IBS,Tiêu hoá,,"Bệnh nhân nữ 42 tuổi, thợ may, phàn nàn về tình trạng đau tức vùng hạ vị và quanh rốn đã 3 năm nay. Thói quen đi tiêu của bệnh nhân rất thất thường: có đợt táo bón 4-5 ngày/lần phân cứng, xen kẽ với những đợt tiêu chảy 3 lần/ngày phân nát, mỗi đợt kéo dài vài tuần. Bệnh nhân hay mất ngủ, được chẩn đoán rối loạn lo âu lan tỏa đang dùng Alprazolam khi cần. Khám: mạch 88 lần/phút, huyết áp 110/70 mmHg. Bụng ấn tức nhẹ nhiều vùng, không có phản ứng thành bụng. Nội soi dạ dày và nội soi đại tràng 6 tháng trước hoàn toàn bình thường. Chức năng tuyến giáp bình thường.

Trục thần kinh nào đóng vai trò then chốt trong sinh lý bệnh của các triệu chứng trên?",Trục não - ruột và hệ thần kinh ruột.,Trục dưới đồi - tuyến yên - thượng thận.,Trục giao cảm - tủy thượng thận.,Trục renin - angiotensin - aldosterone.,,a,"Trục Não - Ruột (Brain- Gut Axis) là cơ chế trung tâm giải thích IBS. Sự giao tiếp hai chiều giữa hệ thần kinh trung ương và hệ thần kinh ruột (ENS) bị rối loạn dẫn đến tăng nhạy cảm nội tạng, thay đổi nhu động ruột và phản ứng quá mức với stress."
noi-hoi-chung-ruot-kich-thich-mcq-068,noi,Hội chứng ruột kích thích - IBS,Tiêu hoá,,"Bệnh nhân nữ 42 tuổi, thợ may, phàn nàn về tình trạng đau tức vùng hạ vị và quanh rốn đã 3 năm nay. Thói quen đi tiêu của bệnh nhân rất thất thường: có đợt táo bón 4-5 ngày/lần phân cứng, xen kẽ với những đợt tiêu chảy 3 lần/ngày phân nát, mỗi đợt kéo dài vài tuần. Bệnh nhân hay mất ngủ, được chẩn đoán rối loạn lo âu lan tỏa đang dùng Alprazolam khi cần. Khám: mạch 88 lần/phút, huyết áp 110/70 mmHg. Bụng ấn tức nhẹ nhiều vùng, không có phản ứng thành bụng. Nội soi dạ dày và nội soi đại tràng 6 tháng trước hoàn toàn bình thường. Chức năng tuyến giáp bình thường.

Bệnh lý đồng mắc nào thường xuyên xuất hiện nhất ở nhóm bệnh nhân này?",Xơ gan ứ mật tiên phát.,Suy tim sung huyết mạn tính.,Bệnh phổi tắc nghẽn mạn tính.,Hội chứng đau cơ xơ hóa.,,d,"Bệnh nhân IBS (đặc biệt ở nữ có yếu tố tâm lý) rất thường đồng mắc các hội chứng đau mạn tính chức năng khác như Hội chứng đau cơ xơ hóa (Fibromyalgia), đau vùng chậu mạn tính, hội chứng mệt mỏi mạn tính, đau nửa đầu (Migraine)."
noi-hoi-chung-ruot-kich-thich-mcq-069,noi,Hội chứng ruột kích thích - IBS,Tiêu hoá,,"Bệnh nhân nữ 42 tuổi, thợ may, phàn nàn về tình trạng đau tức vùng hạ vị và quanh rốn đã 3 năm nay. Thói quen đi tiêu của bệnh nhân rất thất thường: có đợt táo bón 4-5 ngày/lần phân cứng, xen kẽ với những đợt tiêu chảy 3 lần/ngày phân nát, mỗi đợt kéo dài vài tuần. Bệnh nhân hay mất ngủ, được chẩn đoán rối loạn lo âu lan tỏa đang dùng Alprazolam khi cần. Khám: mạch 88 lần/phút, huyết áp 110/70 mmHg. Bụng ấn tức nhẹ nhiều vùng, không có phản ứng thành bụng. Nội soi dạ dày và nội soi đại tràng 6 tháng trước hoàn toàn bình thường. Chức năng tuyến giáp bình thường.

Lựa chọn thuốc điều trị nào vừa giúp giảm đau nội tạng, vừa cải thiện giấc ngủ và điều hòa thói quen ruột?",Thuốc ức chế men chuyển.,Thuốc kháng histamine H2.,Thuốc chống trầm cảm ba vòng.,Thuốc điều hòa thụ thể dopamine.,,c,"Thuốc chống trầm cảm ba vòng (TCA) như Amitriptyline liều thấp có tác dụng giảm đau thần kinh, giảm tăng nhạy cảm nội tạng, an thần nhẹ giúp ngủ ngon và có đặc tính kháng cholinergic làm chậm nhu động ruột, rất phù hợp cho IBS-M hoặc IBS-D có đau/lo âu nhiều."
noi-hoi-chung-ruot-kich-thich-mcq-070,noi,Hội chứng ruột kích thích - IBS,Tiêu hoá,,"Bệnh nhân nữ 42 tuổi, thợ may, phàn nàn về tình trạng đau tức vùng hạ vị và quanh rốn đã 3 năm nay. Thói quen đi tiêu của bệnh nhân rất thất thường: có đợt táo bón 4-5 ngày/lần phân cứng, xen kẽ với những đợt tiêu chảy 3 lần/ngày phân nát, mỗi đợt kéo dài vài tuần. Bệnh nhân hay mất ngủ, được chẩn đoán rối loạn lo âu lan tỏa đang dùng Alprazolam khi cần. Khám: mạch 88 lần/phút, huyết áp 110/70 mmHg. Bụng ấn tức nhẹ nhiều vùng, không có phản ứng thành bụng. Nội soi dạ dày và nội soi đại tràng 6 tháng trước hoàn toàn bình thường. Chức năng tuyến giáp bình thường.

Khuyến cáo nào về chế độ ăn có bằng chứng tốt nhất để giảm chướng bụng và đau trong giai đoạn cấp?",Chế độ ăn Low FODMAP.,Chế độ ăn thuần chay hoàn toàn.,Chế độ ăn giàu Gluten.,Chế độ ăn Keto nhiều chất béo.,,a,"Chế độ ăn Low FODMAP (hạn chế carbohydrate chuỗi ngắn có khả năng lên men như oligosaccharides, disaccharides, monosaccharides và polyols) được chứng minh làm giảm sinh hơi trong ruột, qua đó cải thiện rõ rệt triệu chứng chướng bụng và đau ở bệnh nhân IBS. Nguồn tham khảo: Phác đồ quản lý dinh dưỡng và tâm lý trong IBS."
noi-hoi-chung-ruot-kich-thich-mcq-071,noi,Hội chứng ruột kích thích - IBS,Tiêu hoá,,"Bệnh nhân nam 62 tuổi, tiền sử viêm khớp gối đang dùng Ibuprofen 400mg/ngày, đến khám vì tiêu chảy mạn tính 8 tháng nay. Bệnh nhân đi phân lỏng nhiều nước 4-6 lần/ngày, thỉnh thoảng có đi tiêu ban đêm, không sụt cân, không đau quặn bụng rõ rệt. Khám lâm sàng bình thường. Cận lâm sàng: Hb 140 g/L, Bạch cầu 6,2 G/L, Albumin máu 40 g/L, CRP bình thường. Nội soi đại tràng đại thể thấy niêm mạc hồng hào, nhẵn bóng, không có loét hay u cục.

Dấu hiệu lâm sàng nào trên bệnh nhân này làm giảm khả năng chẩn đoán IBS nhất?",Đi tiêu phân lỏng nhiều nước.,Thời gian mắc bệnh 8 tháng.,Xuất hiện đi tiêu vào ban đêm.,Không có tình trạng sụt cân.,,c,"Đi tiêu ban đêm làm đánh thức bệnh nhân là một ""triệu chứng báo động"" kinh điển. IBS là một rối loạn chức năng, triệu chứng hiếm khi xuất hiện trong lúc ngủ say. Nếu có tiêu chảy ban đêm, phải nghĩ đến nguyên nhân thực thể."
noi-hoi-chung-ruot-kich-thich-mcq-072,noi,Hội chứng ruột kích thích - IBS,Tiêu hoá,,"Bệnh nhân nam 62 tuổi, tiền sử viêm khớp gối đang dùng Ibuprofen 400mg/ngày, đến khám vì tiêu chảy mạn tính 8 tháng nay. Bệnh nhân đi phân lỏng nhiều nước 4-6 lần/ngày, thỉnh thoảng có đi tiêu ban đêm, không sụt cân, không đau quặn bụng rõ rệt. Khám lâm sàng bình thường. Cận lâm sàng: Hb 140 g/L, Bạch cầu 6,2 G/L, Albumin máu 40 g/L, CRP bình thường. Nội soi đại tràng đại thể thấy niêm mạc hồng hào, nhẵn bóng, không có loét hay u cục.

Bệnh lý nào là chẩn đoán phân biệt quan trọng nhất cần nghĩ đến ở bệnh nhân này?",Bệnh trĩ nội độ III.,Viêm đại tràng vi thể.,Viêm loét đại trực tràng chảy máu.,Ung thư đại tràng phải.,,b,"Bệnh nhân lớn tuổi, tiêu chảy phân nước mạn tính, có triệu chứng ban đêm, nội soi đại tràng đại thể bình thường và tiền sử dùng NSAIDs rất gợi ý bệnh Viêm đại tràng vi thể (Microscopic colitis). IBD hay ung thư thường gây tổn thương đại thể rõ ràng hoặc tiêu máu."
noi-hoi-chung-ruot-kich-thich-mcq-073,noi,Hội chứng ruột kích thích - IBS,Tiêu hoá,,"Bệnh nhân nam 62 tuổi, tiền sử viêm khớp gối đang dùng Ibuprofen 400mg/ngày, đến khám vì tiêu chảy mạn tính 8 tháng nay. Bệnh nhân đi phân lỏng nhiều nước 4-6 lần/ngày, thỉnh thoảng có đi tiêu ban đêm, không sụt cân, không đau quặn bụng rõ rệt. Khám lâm sàng bình thường. Cận lâm sàng: Hb 140 g/L, Bạch cầu 6,2 G/L, Albumin máu 40 g/L, CRP bình thường. Nội soi đại tràng đại thể thấy niêm mạc hồng hào, nhẵn bóng, không có loét hay u cục.

Bước cận lâm sàng bắt buộc nào trong khi nội soi đại tràng để chẩn đoán xác định bệnh lý trên?",Bơm rửa sạch toàn bộ đại tràng.,Nhuộm màu niêm mạc bằng indigo carmine.,Sinh thiết nhiều mảnh niêm mạc.,Cắt bỏ các polyp nhỏ nếu có.,,c,"Vì viêm đại tràng vi thể có niêm mạc đại thể hoàn toàn bình thường khi nhìn bằng mắt thường qua camera nội soi, nên việc sinh thiết niêm mạc ngẫu nhiên nhiều mảnh dọc theo đại tràng là bắt buộc để chẩn đoán mô bệnh học."
noi-hoi-chung-ruot-kich-thich-mcq-074,noi,Hội chứng ruột kích thích - IBS,Tiêu hoá,,"Bệnh nhân nam 62 tuổi, tiền sử viêm khớp gối đang dùng Ibuprofen 400mg/ngày, đến khám vì tiêu chảy mạn tính 8 tháng nay. Bệnh nhân đi phân lỏng nhiều nước 4-6 lần/ngày, thỉnh thoảng có đi tiêu ban đêm, không sụt cân, không đau quặn bụng rõ rệt. Khám lâm sàng bình thường. Cận lâm sàng: Hb 140 g/L, Bạch cầu 6,2 G/L, Albumin máu 40 g/L, CRP bình thường. Nội soi đại tràng đại thể thấy niêm mạc hồng hào, nhẵn bóng, không có loét hay u cục.

Loại thuốc nào đang dùng có khả năng cao nhất là yếu tố khởi phát bệnh lý phân biệt này?",Vitamin D3 tổng hợp.,Thuốc ức chế bơm proton.,Thuốc giảm đau NSAIDs.,Paracetamol.,,c,NSAIDs (như Ibuprofen) và thuốc ức chế bơm proton (PPI) là những nhóm thuốc có nguy cơ cao nhất liên quan đến việc khởi phát hoặc làm nặng thêm tình trạng viêm đại tràng vi thể.
noi-hoi-chung-ruot-kich-thich-mcq-075,noi,Hội chứng ruột kích thích - IBS,Tiêu hoá,,"Bệnh nhân nam 62 tuổi, tiền sử viêm khớp gối đang dùng Ibuprofen 400mg/ngày, đến khám vì tiêu chảy mạn tính 8 tháng nay. Bệnh nhân đi phân lỏng nhiều nước 4-6 lần/ngày, thỉnh thoảng có đi tiêu ban đêm, không sụt cân, không đau quặn bụng rõ rệt. Khám lâm sàng bình thường. Cận lâm sàng: Hb 140 g/L, Bạch cầu 6,2 G/L, Albumin máu 40 g/L, CRP bình thường. Nội soi đại tràng đại thể thấy niêm mạc hồng hào, nhẵn bóng, không có loét hay u cục.

Đặc điểm mô bệnh học nào KHÔNG thuộc về bệnh lý viêm đại tràng vi thể?",Dày dải collagen dưới biểu mô.,Ổ loét sâu phá hủy lớp cơ niêm.,Thâm nhiễm tế bào lympho biểu mô.,Niêm mạc đại thể bình thường.,,b,"Viêm đại tràng vi thể được chia làm 2 thể: thể collagen (dày dải collagen dưới biểu mô) và thể lympho (thâm nhiễm tế bào lympho). Đặc điểm chung là không có tổn thương cấu trúc loét sâu, viêm hoại tử hay phá hủy lớp cơ như IBD. Nguồn tham khảo: Phác đồ chẩn đoán phân biệt Tiêu chảy mạn tính."
noi-hoi-chung-ruot-kich-thich-mcq-076,noi,Hội chứng ruột kích thích - IBS,Tiêu hoá,,"Bệnh nhân nữ 35 tuổi, làm kế toán, phàn nàn về việc chướng bụng và đầy hơi liên tục mỗi ngày. Bệnh nhân đi tiêu bình thường 1 lần/ngày, phân mềm khuôn (type 4), không đau bụng. Bệnh nhân cảm thấy bụng to ra rõ rệt vào cuối ngày, phải nới lỏng thắt lưng, sáng ngủ dậy bụng xẹp lại. Bệnh nhân đã tự uống men vi sinh và thuốc chống co thắt 1 tháng nay nhưng không đỡ. Khám: sinh hiệu bình thường, bụng chướng nhẹ lan tỏa, gõ trong, không có dịch ổ bụng. Cận lâm sàng: siêu âm bụng bình thường, X-quang bụng không sửa soạn thấy nhiều hơi trong đại tràng.

Phân loại chẩn đoán chức năng nào phù hợp nhất với bệnh nhân này theo Rome IV?",Tiêu chảy chức năng vô căn.,Chướng bụng/Đầy hơi chức năng.,Hội chứng đau vùng bụng chức năng.,Hội chứng ruột kích thích thể táo bón.,,b,"Bệnh nhân chỉ có triệu chứng chướng bụng/đầy hơi chủ yếu, không có đau bụng liên quan đến đi tiêu, thói quen đi tiêu hoàn toàn bình thường (không táo bón, không tiêu chảy). Điều này không thỏa mãn tiêu chuẩn IBS, mà thuộc nhóm Chướng bụng/ Đầy hơi chức năng (Functional Bloating/Distension)."
noi-hoi-chung-ruot-kich-thich-mcq-077,noi,Hội chứng ruột kích thích - IBS,Tiêu hoá,,"Bệnh nhân nữ 35 tuổi, làm kế toán, phàn nàn về việc chướng bụng và đầy hơi liên tục mỗi ngày. Bệnh nhân đi tiêu bình thường 1 lần/ngày, phân mềm khuôn (type 4), không đau bụng. Bệnh nhân cảm thấy bụng to ra rõ rệt vào cuối ngày, phải nới lỏng thắt lưng, sáng ngủ dậy bụng xẹp lại. Bệnh nhân đã tự uống men vi sinh và thuốc chống co thắt 1 tháng nay nhưng không đỡ. Khám: sinh hiệu bình thường, bụng chướng nhẹ lan tỏa, gõ trong, không có dịch ổ bụng. Cận lâm sàng: siêu âm bụng bình thường, X-quang bụng không sửa soạn thấy nhiều hơi trong đại tràng.

Sinh lý bệnh cốt lõi giải thích hiện tượng bụng to ra vào cuối ngày nhưng thực tế thể tích khí trong ruột không tăng đáng kể là gì?",Co thắt cơ hoành và dãn cơ thành bụng.,Phù nề tổ chức mô mỡ dưới da bụng.,Dãn cơ hoành và co cơ thành bụng.,Tích tụ dịch rỉ viêm trong khoang phúc mạc.,,a,"Hiện tượng bụng to ra thấy rõ vào cuối ngày (abdominophrenic dyssynergia) chủ yếu do phản xạ thần kinh cơ bất thường: cơ hoành co thắt đẩy xuống dưới và các cơ thành bụng trước dãn ra quá mức, làm nội tạng bị đẩy ra trước, dù thể tích khí đo được trong ruột là bình thường."
noi-hoi-chung-ruot-kich-thich-mcq-078,noi,Hội chứng ruột kích thích - IBS,Tiêu hoá,,"Bệnh nhân nữ 35 tuổi, làm kế toán, phàn nàn về việc chướng bụng và đầy hơi liên tục mỗi ngày. Bệnh nhân đi tiêu bình thường 1 lần/ngày, phân mềm khuôn (type 4), không đau bụng. Bệnh nhân cảm thấy bụng to ra rõ rệt vào cuối ngày, phải nới lỏng thắt lưng, sáng ngủ dậy bụng xẹp lại. Bệnh nhân đã tự uống men vi sinh và thuốc chống co thắt 1 tháng nay nhưng không đỡ. Khám: sinh hiệu bình thường, bụng chướng nhẹ lan tỏa, gõ trong, không có dịch ổ bụng. Cận lâm sàng: siêu âm bụng bình thường, X-quang bụng không sửa soạn thấy nhiều hơi trong đại tràng.

Phương pháp thăm dò nào có thể giúp chẩn đoán nguyên nhân sinh hơi quá mức do vi khuẩn?",Nội soi viên nang ruột non.,Test hơi thở kiểm tra loạn khuẩn ruột non.,Chụp cắt lớp vi tính tiểu khung.,Test hơi thở tìm vi khuẩn H. pylori.,,b,Test hơi thở hydrogen/methane (với glucose hoặc lactulose) là tiêu chuẩn để chẩn đoán Hội chứng quá phát vi khuẩn ruột non (SIBO) - một nguyên nhân gây lên men tạo khí sớm và chướng bụng.
noi-hoi-chung-ruot-kich-thich-mcq-079,noi,Hội chứng ruột kích thích - IBS,Tiêu hoá,,"Bệnh nhân nữ 35 tuổi, làm kế toán, phàn nàn về việc chướng bụng và đầy hơi liên tục mỗi ngày. Bệnh nhân đi tiêu bình thường 1 lần/ngày, phân mềm khuôn (type 4), không đau bụng. Bệnh nhân cảm thấy bụng to ra rõ rệt vào cuối ngày, phải nới lỏng thắt lưng, sáng ngủ dậy bụng xẹp lại. Bệnh nhân đã tự uống men vi sinh và thuốc chống co thắt 1 tháng nay nhưng không đỡ. Khám: sinh hiệu bình thường, bụng chướng nhẹ lan tỏa, gõ trong, không có dịch ổ bụng. Cận lâm sàng: siêu âm bụng bình thường, X-quang bụng không sửa soạn thấy nhiều hơi trong đại tràng.

Biện pháp điều trị không dùng thuốc nào là phù hợp nhất cho triệu chứng của bệnh nhân?",Bổ sung lượng lớn chất xơ không hòa tan.,"Tăng cường ăn các loại đậu, đỗ.",Hạn chế thực phẩm Low FODMAP.,Áp dụng chế độ ăn Low FODMAP.,,d,"Chế độ ăn Low FODMAP cắt giảm các loại carbohydrate dễ sinh hơi, qua đó giảm lượng khí sinh ra do lên men của vi khuẩn đại tràng, là can thiệp dinh dưỡng hiệu quả nhất cho chướng bụng chức năng. Bổ sung chất xơ không hòa tan hay ăn đậu đỗ sẽ làm chướng bụng nặng thêm."
noi-hoi-chung-ruot-kich-thich-mcq-080,noi,Hội chứng ruột kích thích - IBS,Tiêu hoá,,"Bệnh nhân nữ 35 tuổi, làm kế toán, phàn nàn về việc chướng bụng và đầy hơi liên tục mỗi ngày. Bệnh nhân đi tiêu bình thường 1 lần/ngày, phân mềm khuôn (type 4), không đau bụng. Bệnh nhân cảm thấy bụng to ra rõ rệt vào cuối ngày, phải nới lỏng thắt lưng, sáng ngủ dậy bụng xẹp lại. Bệnh nhân đã tự uống men vi sinh và thuốc chống co thắt 1 tháng nay nhưng không đỡ. Khám: sinh hiệu bình thường, bụng chướng nhẹ lan tỏa, gõ trong, không có dịch ổ bụng. Cận lâm sàng: siêu âm bụng bình thường, X-quang bụng không sửa soạn thấy nhiều hơi trong đại tràng.

Nếu nghi ngờ bệnh nhân có quá phát vi khuẩn ruột non (SIBO), kháng sinh nào thường được lựa chọn điều trị kinh nghiệm?",Ceftriaxone tiêm tĩnh mạch.,Rifaximin đường uống.,Levofloxacin tiêm tĩnh mạch.,Vancomycin đường uống.,,b,"Rifaximin (kháng sinh không hấp thu) là điều trị đầu tay rất hiệu quả cho SIBO, giúp tiêu diệt vi khuẩn quá phát trong ruột non mà ít gây tác dụng phụ toàn thân hay kháng thuốc. Nguồn tham khảo: Phác đồ điều trị Chướng bụng và SIBO."
noi-hoi-chung-ruot-kich-thich-mcq-081,noi,Hội chứng ruột kích thích - IBS,Tiêu hoá,,"Bệnh nhân nữ 28 tuổi, đến khám vì đau bụng âm ỉ, đầy hơi và hay bị tiêu chảy phân nát. Bệnh nhân có tiền sử thiếu máu hồng cầu nhỏ nhược sắc đã 2 năm, đang bổ sung sắt đường uống nhưng đáp ứng kém. Bệnh nhân nhận thấy triệu chứng tiêu hóa nặng hơn sau khi ăn các loại bánh mì, mì Ý. Khám lâm sàng: niêm mạc nhợt, BMI 19 kg/m², bụng mềm. Mạch 85 lần/phút. Xét nghiệm: Hb 105 g/L, MCV 72 fL, Ferritin 8 ng/mL. Nội soi dạ dày test HP âm tính.

Triệu chứng thiếu máu thiếu sắt kháng trị ở bệnh nhân này gợi ý tình trạng bệnh lý nội khoa nào ẩn dưới biểu hiện giống IBS?",Nhiễm giun sán mạn tính.,Bệnh Celiac nhạy cảm gluten.,Viêm loét đại trực tràng.,Bệnh Crohn hồi tràng.,,b,"Bệnh cảnh đau bụng, tiêu chảy giống IBS nhưng kèm theo triệu chứng báo động là thiếu máu thiếu sắt kháng trị, liên quan đến thực phẩm chứa lúa mì (bánh mì, mì Ý) là dấu hiệu lâm sàng kinh điển của Bệnh Celiac."
noi-hoi-chung-ruot-kich-thich-mcq-082,noi,Hội chứng ruột kích thích - IBS,Tiêu hoá,,"Bệnh nhân nữ 28 tuổi, đến khám vì đau bụng âm ỉ, đầy hơi và hay bị tiêu chảy phân nát. Bệnh nhân có tiền sử thiếu máu hồng cầu nhỏ nhược sắc đã 2 năm, đang bổ sung sắt đường uống nhưng đáp ứng kém. Bệnh nhân nhận thấy triệu chứng tiêu hóa nặng hơn sau khi ăn các loại bánh mì, mì Ý. Khám lâm sàng: niêm mạc nhợt, BMI 19 kg/m², bụng mềm. Mạch 85 lần/phút. Xét nghiệm: Hb 105 g/L, MCV 72 fL, Ferritin 8 ng/mL. Nội soi dạ dày test HP âm tính.

Cơ chế bệnh sinh của thiếu máu ở bệnh lý này chủ yếu là do tổn thương vùng giải phẫu nào?",Viêm teo niêm mạc hang vị dạ dày.,Giảm tổng hợp yếu tố nội tại tại đáy vị.,Chảy máu rỉ rả từ các ổ loét đại tràng.,Phá hủy nhung mao đoạn tá - hổng tràng.,,d,"Bệnh Celiac là bệnh tự miễn gây viêm và phá hủy teo các nhung mao ruột non, đặc biệt nặng ở đoạn tá tràng và hổng tràng trên. Đây chính là vị trí hấp thu sắt tự nhiên, do đó dẫn đến kém hấp thu sắt và thiếu máu thiếu sắt mạn tính."
noi-hoi-chung-ruot-kich-thich-mcq-083,noi,Hội chứng ruột kích thích - IBS,Tiêu hoá,,"Bệnh nhân nữ 28 tuổi, đến khám vì đau bụng âm ỉ, đầy hơi và hay bị tiêu chảy phân nát. Bệnh nhân có tiền sử thiếu máu hồng cầu nhỏ nhược sắc đã 2 năm, đang bổ sung sắt đường uống nhưng đáp ứng kém. Bệnh nhân nhận thấy triệu chứng tiêu hóa nặng hơn sau khi ăn các loại bánh mì, mì Ý. Khám lâm sàng: niêm mạc nhợt, BMI 19 kg/m², bụng mềm. Mạch 85 lần/phút. Xét nghiệm: Hb 105 g/L, MCV 72 fL, Ferritin 8 ng/mL. Nội soi dạ dày test HP âm tính.

Xét nghiệm huyết thanh học nào là chỉ định đầu tay để sàng lọc bệnh lý này?",Kháng thể kháng ty thể AMA.,Kháng thể kháng tế bào thành dạ dày.,Kháng thể kháng nhân ANA.,Kháng thể kháng transglutaminase mô (anti-tTG) IgA.,,d,"Kháng thể kháng transglutaminase mô (anti- tTG) lớp IgA là xét nghiệm có độ nhạy và độ đặc hiệu cao nhất, được khuyến cáo là test sàng lọc đầu tay cho bệnh Celiac."
noi-hoi-chung-ruot-kich-thich-mcq-084,noi,Hội chứng ruột kích thích - IBS,Tiêu hoá,,"Bệnh nhân nữ 28 tuổi, đến khám vì đau bụng âm ỉ, đầy hơi và hay bị tiêu chảy phân nát. Bệnh nhân có tiền sử thiếu máu hồng cầu nhỏ nhược sắc đã 2 năm, đang bổ sung sắt đường uống nhưng đáp ứng kém. Bệnh nhân nhận thấy triệu chứng tiêu hóa nặng hơn sau khi ăn các loại bánh mì, mì Ý. Khám lâm sàng: niêm mạc nhợt, BMI 19 kg/m², bụng mềm. Mạch 85 lần/phút. Xét nghiệm: Hb 105 g/L, MCV 72 fL, Ferritin 8 ng/mL. Nội soi dạ dày test HP âm tính.

Nếu xét nghiệm huyết thanh dương tính, bước tiếp theo để chẩn đoán xác định là gì?",Bắt đầu ngay chế độ ăn Low FODMAP.,Nội soi dạ dày và sinh thiết tá tràng.,Đo nồng độ vitamin B12 trong máu.,Chụp cắt lớp vi tính ruột non.,,b,Tiêu chuẩn vàng để chẩn đoán xác định bệnh Celiac ở người lớn là nội soi dạ dày - tá tràng và sinh thiết niêm mạc D2 tá tràng. Kết quả mô bệnh học sẽ cho thấy hình ảnh tăng lympho bào nội biểu mô và teo nhung mao (phân độ Marsh).
noi-hoi-chung-ruot-kich-thich-mcq-085,noi,Hội chứng ruột kích thích - IBS,Tiêu hoá,,"Bệnh nhân nữ 28 tuổi, đến khám vì đau bụng âm ỉ, đầy hơi và hay bị tiêu chảy phân nát. Bệnh nhân có tiền sử thiếu máu hồng cầu nhỏ nhược sắc đã 2 năm, đang bổ sung sắt đường uống nhưng đáp ứng kém. Bệnh nhân nhận thấy triệu chứng tiêu hóa nặng hơn sau khi ăn các loại bánh mì, mì Ý. Khám lâm sàng: niêm mạc nhợt, BMI 19 kg/m², bụng mềm. Mạch 85 lần/phút. Xét nghiệm: Hb 105 g/L, MCV 72 fL, Ferritin 8 ng/mL. Nội soi dạ dày test HP âm tính.

Nguyên tắc điều trị cốt lõi duy nhất có hiệu quả lâu dài cho bệnh lý này là gì?",Chế độ ăn kiêng Gluten suốt đời.,Phẫu thuật cắt bỏ đoạn ruột tổn thương.,Dùng corticoid đường uống kéo dài.,Truyền máu và truyền sắt định kỳ.,,a,"Điều trị duy nhất và bắt buộc cho bệnh Celiac là tuân thủ chế độ ăn hoàn toàn không có gluten (Gluten-free diet) suốt đời. Điều này giúp phục hồi niêm mạc ruột, cải thiện triệu chứng và ngăn ngừa biến chứng ung thư lympho ruột non. Nguồn tham khảo: Guideline ACG về chẩn đoán và quản lý bệnh Celiac."
noi-hoi-chung-ruot-kich-thich-mcq-086,noi,Hội chứng ruột kích thích - IBS,Tiêu hoá,,"Bệnh nhân nam 45 tuổi, quản lý dự án, thường xuyên căng thẳng, bị hội chứng ruột kích thích thể tiêu chảy (IBS-D) đã 5 năm. Dạo gần đây bệnh nhân bị đau quặn bụng rất nhiều, đi tiêu lỏng 5-6 lần mỗi ngày, thường phải chạy gấp vào nhà vệ sinh ngay sau khi ăn sáng. Bệnh nhân đã ăn kiêng, dùng Mebeverine và Loperamide liều tối đa nhưng không kiểm soát được triệu chứng, ảnh hưởng nghiêm trọng đến công việc. Bệnh nhân không có bệnh lý gan mật hay tim mạch nào. Xét nghiệm máu bình thường.

Tình trạng bệnh nhân phải đi tiêu gấp ngay sau khi ăn sáng phản ánh phản xạ sinh lý nào hoạt động quá mức?",Phản xạ thần kinh phế vị.,Phản xạ dạ dày - đại tràng.,Phản xạ ruột - ruột.,Phản xạ trực tràng - hậu môn.,,b,"Phản xạ dạ dày - đại tràng (Gastrocolic reflex) là phản xạ sinh lý giúp tăng nhu động đại tràng khi dạ dày căng giãn do thức ăn. Ở bệnh nhân IBS-D, phản xạ này bị khuếch đại quá mức (tăng nhạy cảm nội tạng), gây đau quặn và mót tiêu gấp ngay sau bữa ăn."
noi-hoi-chung-ruot-kich-thich-mcq-087,noi,Hội chứng ruột kích thích - IBS,Tiêu hoá,,"Bệnh nhân nam 45 tuổi, quản lý dự án, thường xuyên căng thẳng, bị hội chứng ruột kích thích thể tiêu chảy (IBS-D) đã 5 năm. Dạo gần đây bệnh nhân bị đau quặn bụng rất nhiều, đi tiêu lỏng 5-6 lần mỗi ngày, thường phải chạy gấp vào nhà vệ sinh ngay sau khi ăn sáng. Bệnh nhân đã ăn kiêng, dùng Mebeverine và Loperamide liều tối đa nhưng không kiểm soát được triệu chứng, ảnh hưởng nghiêm trọng đến công việc. Bệnh nhân không có bệnh lý gan mật hay tim mạch nào. Xét nghiệm máu bình thường.

Một trong những cơ chế bệnh sinh mới được công nhận ở một nhóm nhỏ bệnh nhân IBS-D kháng trị là tình trạng gì?",Tăng tiết acid dạ dày quá mức.,Suy tuyến tụy ngoại tiết mạn tính.,Liệt dạ dày do đái tháo đường.,Kém hấp thu acid mật nguyên phát.,,d,"Khoảng 25-30% bệnh nhân được chẩn đoán IBS-D thực chất có tình trạng Kém hấp thu acid mật (Bile acid malabsorption). Acid mật không được hấp thu hết ở hồi tràng đi xuống đại tràng, kích thích bài tiết dịch và tăng nhu động ruột gây tiêu chảy phân nước."
noi-hoi-chung-ruot-kich-thich-mcq-088,noi,Hội chứng ruột kích thích - IBS,Tiêu hoá,,"Bệnh nhân nam 45 tuổi, quản lý dự án, thường xuyên căng thẳng, bị hội chứng ruột kích thích thể tiêu chảy (IBS-D) đã 5 năm. Dạo gần đây bệnh nhân bị đau quặn bụng rất nhiều, đi tiêu lỏng 5-6 lần mỗi ngày, thường phải chạy gấp vào nhà vệ sinh ngay sau khi ăn sáng. Bệnh nhân đã ăn kiêng, dùng Mebeverine và Loperamide liều tối đa nhưng không kiểm soát được triệu chứng, ảnh hưởng nghiêm trọng đến công việc. Bệnh nhân không có bệnh lý gan mật hay tim mạch nào. Xét nghiệm máu bình thường.

Loại thuốc nào sau đây hoạt động bằng cách gắn và giữ acid mật trong lòng ruột, có thể được thử nghiệm điều trị kinh nghiệm ở bệnh nhân này?",Cholestyramine.,Loperamide.,Bismuth subsalicylate.,Ursodeoxycholic acid.,,a,"Cholestyramine (hoặc Colesevelam) là nhựa gắn acid mật (Bile acid sequestrant). Nó liên kết với acid mật dư thừa trong đại tràng, ngăn chặn tác dụng gây tiêu chảy của acid mật, là một ""therapeutic trial"" rất tốt cho IBS-D kháng trị."
noi-hoi-chung-ruot-kich-thich-mcq-089,noi,Hội chứng ruột kích thích - IBS,Tiêu hoá,,"Bệnh nhân nam 45 tuổi, quản lý dự án, thường xuyên căng thẳng, bị hội chứng ruột kích thích thể tiêu chảy (IBS-D) đã 5 năm. Dạo gần đây bệnh nhân bị đau quặn bụng rất nhiều, đi tiêu lỏng 5-6 lần mỗi ngày, thường phải chạy gấp vào nhà vệ sinh ngay sau khi ăn sáng. Bệnh nhân đã ăn kiêng, dùng Mebeverine và Loperamide liều tối đa nhưng không kiểm soát được triệu chứng, ảnh hưởng nghiêm trọng đến công việc. Bệnh nhân không có bệnh lý gan mật hay tim mạch nào. Xét nghiệm máu bình thường.

Nếu sử dụng nhóm thuốc chủ vận thụ thể opioid trung ương và ngoại vi (như Eluxadoline) cho IBS-D nặng, cần chống chỉ định tuyệt đối trên đối tượng nào?",Bệnh nhân tăng huyết áp vô căn.,Bệnh nhân hen phế quản mạn tính.,Bệnh nhân đái tháo đường type 2.,Bệnh nhân đã cắt bỏ túi mật.,,d,"Eluxadoline chống chỉ định tuyệt đối ở bệnh nhân không có túi mật (đã phẫu thuật cắt túi mật), người có bệnh lý đường mật hoặc viêm tụy, vì thuốc gây co thắt cơ vòng Oddi làm tăng nguy cơ viêm tụy cấp nặng."
noi-hoi-chung-ruot-kich-thich-mcq-090,noi,Hội chứng ruột kích thích - IBS,Tiêu hoá,,"Bệnh nhân nam 45 tuổi, quản lý dự án, thường xuyên căng thẳng, bị hội chứng ruột kích thích thể tiêu chảy (IBS-D) đã 5 năm. Dạo gần đây bệnh nhân bị đau quặn bụng rất nhiều, đi tiêu lỏng 5-6 lần mỗi ngày, thường phải chạy gấp vào nhà vệ sinh ngay sau khi ăn sáng. Bệnh nhân đã ăn kiêng, dùng Mebeverine và Loperamide liều tối đa nhưng không kiểm soát được triệu chứng, ảnh hưởng nghiêm trọng đến công việc. Bệnh nhân không có bệnh lý gan mật hay tim mạch nào. Xét nghiệm máu bình thường.

Thuốc đối kháng thụ thể 5-HT3 (như Alosetron) rất hiệu quả cho IBS-D nặng nhưng bị hạn chế sử dụng nghiêm ngặt do nguy cơ gây ra biến chứng nguy hiểm nào?",Viêm đại tràng thiếu máu cục bộ.,Xuất huyết não màng não.,Nhồi máu cơ tim cấp.,Thủng dạ dày cấp tính.,,a,"Alosetron là thuốc đặc trị rất mạnh cho IBS-D nặng ở phụ nữ, nhưng FDA yêu cầu quản lý cực kỳ chặt chẽ vì nguy cơ biến chứng hiếm gặp nhưng nghiêm trọng: Viêm đại tràng thiếu máu cục bộ (Ischemic colitis) và táo bón nặng gây tắc ruột. Nguồn tham khảo: Phác đồ ACG về điều trị IBS-D kháng trị."
noi-hoi-chung-ruot-kich-thich-mcq-091,noi,Hội chứng ruột kích thích - IBS,Tiêu hoá,,"Bệnh nhân nữ 38 tuổi, có tiền sử trầm cảm đang dùng Sertraline, phàn nàn vì táo bón kéo dài nhiều tháng, 1 tuần chỉ đi tiêu 1 lần. Bệnh nhân có cảm giác mót rặn, đi tiêu rất khó khăn, phân nhỏ dẹt, hay có cảm giác đi không hết phân, phải dùng tay ép quanh tầng sinh môn để hỗ trợ tống phân. Bệnh nhân không sụt cân, không tiêu máu. Nội soi đại tràng cách đây 1 tháng hoàn toàn bình thường, lòng đại tràng không hẹp. Dùng thuốc nhuận tràng PEG 2 gói/ngày phân mềm nát nhưng bệnh nhân vẫn rặn rất khó và đau tức hậu môn.

Triệu chứng rặn khó, cảm giác tắc nghẽn, phải hỗ trợ bằng tay gợi ý chẩn đoán rối loạn chức năng nào?",Rối loạn đồng vận cơ sàn chậu.,Hội chứng ruột kích thích đơn thuần.,Táo bón do thời gian lưu chuyển chậm.,Bệnh phình đại tràng bẩm sinh Hirschsprung.,,a,"Mặc dù bệnh nhân có táo bón, nhưng các triệu chứng: cảm giác tắc nghẽn đường ra, đi tiêu không hết, rặn khó dù phân mềm và đặc biệt là phải thao tác bằng tay là đặc trưng của Táo bón do rối loạn tống phân (Defecatory disorder) hay Rối loạn đồng vận cơ sàn chậu (Pelvic floor dyssynergia)."
noi-hoi-chung-ruot-kich-thich-mcq-092,noi,Hội chứng ruột kích thích - IBS,Tiêu hoá,,"Bệnh nhân nữ 38 tuổi, có tiền sử trầm cảm đang dùng Sertraline, phàn nàn vì táo bón kéo dài nhiều tháng, 1 tuần chỉ đi tiêu 1 lần. Bệnh nhân có cảm giác mót rặn, đi tiêu rất khó khăn, phân nhỏ dẹt, hay có cảm giác đi không hết phân, phải dùng tay ép quanh tầng sinh môn để hỗ trợ tống phân. Bệnh nhân không sụt cân, không tiêu máu. Nội soi đại tràng cách đây 1 tháng hoàn toàn bình thường, lòng đại tràng không hẹp. Dùng thuốc nhuận tràng PEG 2 gói/ngày phân mềm nát nhưng bệnh nhân vẫn rặn rất khó và đau tức hậu môn.

Cơ chế sinh lý của tình trạng này xảy ra tại vùng cơ thắt hậu môn là gì?",Giãn cơ thắt trong hậu môn quá mức khi rặn.,Cơ mu trực tràng và cơ thắt ngoài co thắt nghịch thường khi rặn.,Mất phản xạ trực tràng - hậu môn ức chế.,Yếu liệt hoàn toàn nhóm cơ nâng hậu môn.,,b,"Sinh lý bình thường khi rặn: tăng áp lực ổ bụng kết hợp với giãn cơ sàn chậu (cơ mu trực tràng) và cơ thắt hậu môn. Trong rối loạn đồng vận sàn chậu, bệnh nhân co thắt nghịch thường (hoặc không giãn được) các cơ này trong lúc rặn, tạo ra lực cản chặn phân lại."
noi-hoi-chung-ruot-kich-thich-mcq-093,noi,Hội chứng ruột kích thích - IBS,Tiêu hoá,,"Bệnh nhân nữ 38 tuổi, có tiền sử trầm cảm đang dùng Sertraline, phàn nàn vì táo bón kéo dài nhiều tháng, 1 tuần chỉ đi tiêu 1 lần. Bệnh nhân có cảm giác mót rặn, đi tiêu rất khó khăn, phân nhỏ dẹt, hay có cảm giác đi không hết phân, phải dùng tay ép quanh tầng sinh môn để hỗ trợ tống phân. Bệnh nhân không sụt cân, không tiêu máu. Nội soi đại tràng cách đây 1 tháng hoàn toàn bình thường, lòng đại tràng không hẹp. Dùng thuốc nhuận tràng PEG 2 gói/ngày phân mềm nát nhưng bệnh nhân vẫn rặn rất khó và đau tức hậu môn.

Thăm dò chức năng nào là tiêu chuẩn vàng để chẩn đoán xác định bệnh lý này?",Siêu âm nội soi trực tràng.,Nội soi đại tràng Sigma bằng ống cứng.,Chụp cắt lớp vi tính tiểu khung.,Đo áp lực và vận động hậu môn trực tràng.,,d,"Đo áp lực hậu môn trực tràng (Anorectal manometry) kết hợp với test tống bóng (Balloon expulsion test) là tiêu chuẩn vàng. Nó đo đạc chính xác sự thay đổi áp lực, giúp phát hiện sự co thắt nghịch thường của cơ sàn chậu khi bệnh nhân làm động tác rặn."
noi-hoi-chung-ruot-kich-thich-mcq-094,noi,Hội chứng ruột kích thích - IBS,Tiêu hoá,,"Bệnh nhân nữ 38 tuổi, có tiền sử trầm cảm đang dùng Sertraline, phàn nàn vì táo bón kéo dài nhiều tháng, 1 tuần chỉ đi tiêu 1 lần. Bệnh nhân có cảm giác mót rặn, đi tiêu rất khó khăn, phân nhỏ dẹt, hay có cảm giác đi không hết phân, phải dùng tay ép quanh tầng sinh môn để hỗ trợ tống phân. Bệnh nhân không sụt cân, không tiêu máu. Nội soi đại tràng cách đây 1 tháng hoàn toàn bình thường, lòng đại tràng không hẹp. Dùng thuốc nhuận tràng PEG 2 gói/ngày phân mềm nát nhưng bệnh nhân vẫn rặn rất khó và đau tức hậu môn.

Phương pháp điều trị có mức độ bằng chứng cao nhất, được xem là đầu tay cho tình trạng này là gì?",Phẫu thuật cắt bỏ một phần cơ thắt hậu môn.,Sử dụng thuốc nhuận tràng thẩm thấu liều cao.,Liệu pháp phản hồi sinh học (Biofeedback).,Tiêm Botulinum toxin vào cơ thắt trong.,,c,"Liệu pháp phản hồi sinh học (Biofeedback therapy) là điều trị đặc hiệu và hiệu quả nhất. Bệnh nhân được nhìn thấy/nghe thấy biểu đồ áp lực cơ của chính mình trên màn hình, từ đó tập luyện lại cách giãn cơ sàn chậu đúng cách khi rặn."
noi-hoi-chung-ruot-kich-thich-mcq-095,noi,Hội chứng ruột kích thích - IBS,Tiêu hoá,,"Bệnh nhân nữ 38 tuổi, có tiền sử trầm cảm đang dùng Sertraline, phàn nàn vì táo bón kéo dài nhiều tháng, 1 tuần chỉ đi tiêu 1 lần. Bệnh nhân có cảm giác mót rặn, đi tiêu rất khó khăn, phân nhỏ dẹt, hay có cảm giác đi không hết phân, phải dùng tay ép quanh tầng sinh môn để hỗ trợ tống phân. Bệnh nhân không sụt cân, không tiêu máu. Nội soi đại tràng cách đây 1 tháng hoàn toàn bình thường, lòng đại tràng không hẹp. Dùng thuốc nhuận tràng PEG 2 gói/ngày phân mềm nát nhưng bệnh nhân vẫn rặn rất khó và đau tức hậu môn.

Nhóm thuốc nào bệnh nhân đang sử dụng có thể góp phần làm chậm nhu động ruột, làm nặng thêm tình trạng táo bón?",Thuốc nhuận tràng thẩm thấu.,Các loại vitamin tổng hợp.,Thuốc giảm đau Paracetamol.,Thuốc ức chế tái hấp thu chọn lọc serotonin (SSRI).,,d,"Thuốc chống trầm cảm (đặc biệt là TCA, nhưng SSRI như Sertraline cũng có thể ảnh hưởng) có thể tác động lên thụ thể serotonin ở thần kinh ruột, làm thay đổi nhu động và có thể làm nặng thêm triệu chứng táo bón trên một số cơ địa nhạy cảm. Nguồn tham khảo: Guideline AGA về Táo bón và rối loạn tống phân."
noi-hoi-chung-ruot-kich-thich-mcq-096,noi,Hội chứng ruột kích thích - IBS,Tiêu hoá,,"Bệnh nhân nam 50 tuổi, là tài xế đường dài, đến khám do đau âm ỉ hố chậu trái, chướng bụng và thỉnh thoảng đi tiêu phân lỏng lẫn ít nhầy, không có máu. Triệu chứng đã có 3 năm, hay bị lúc lái xe căng thẳng. Bệnh nhân hút thuốc lá 15 bao.năm, thỉnh thoảng có uống rượu. Khám bụng: béo bụng (BMI 28 kg/m²), ấn đau nhẹ hố chậu trái, không sờ thấy khối u. Xét nghiệm công thức máu bình thường, CRP bình thường. Nội soi đại tràng toàn bộ thấy niêm mạc bình thường, tuy nhiên ở đại tràng Sigma có vài túi nhỏ kích thước 5-10 mm trồi ra ngoài vách đại tràng, không có dấu hiệu viêm đỏ hay chảy máu xung quanh.

Sự hiện diện của các cấu trúc dạng túi không viêm trên nội soi được gọi là gì?",Viêm túi thừa cấp tính.,Viêm loét đại tràng khu trú.,Bệnh túi thừa đại tràng không triệu chứng.,Polyp tuyến đại tràng.,,c,"Sự hiện diện của các túi thoát vị niêm mạc qua lớp cơ đại tràng (phát hiện tình cờ qua nội soi) mà không có dấu hiệu viêm nhiễm, chảy máu được gọi là Bệnh túi thừa đại tràng (Diverticulosis)."
noi-hoi-chung-ruot-kich-thich-mcq-097,noi,Hội chứng ruột kích thích - IBS,Tiêu hoá,,"Bệnh nhân nam 50 tuổi, là tài xế đường dài, đến khám do đau âm ỉ hố chậu trái, chướng bụng và thỉnh thoảng đi tiêu phân lỏng lẫn ít nhầy, không có máu. Triệu chứng đã có 3 năm, hay bị lúc lái xe căng thẳng. Bệnh nhân hút thuốc lá 15 bao.năm, thỉnh thoảng có uống rượu. Khám bụng: béo bụng (BMI 28 kg/m²), ấn đau nhẹ hố chậu trái, không sờ thấy khối u. Xét nghiệm công thức máu bình thường, CRP bình thường. Nội soi đại tràng toàn bộ thấy niêm mạc bình thường, tuy nhiên ở đại tràng Sigma có vài túi nhỏ kích thước 5-10 mm trồi ra ngoài vách đại tràng, không có dấu hiệu viêm đỏ hay chảy máu xung quanh.

Triệu chứng đau hố chậu trái kéo dài ở bệnh nhân này nhiều khả năng nhất là do tình trạng nào kết hợp?",Xuất huyết vi thể liên tục từ mạch máu túi thừa.,Khối u ác tính tiềm ẩn bên trong túi thừa.,Viêm phúc mạc mạn tính do rò rỉ túi thừa.,Hội chứng ruột kích thích đồng mắc bệnh túi thừa.,,d,"Bệnh túi thừa đơn thuần không gây đau mạn tính. Tình trạng đau quặn, chướng bụng, thay đổi thói quen đi tiêu mạn tính của bệnh nhân phù hợp với chẩn đoán Hội chứng ruột kích thích (IBS). Tình trạng IBS đồng mắc trên nền có túi thừa đại tràng được gọi là SUDD (Symptomatic Uncomplicated Diverticular Disease)."
noi-hoi-chung-ruot-kich-thich-mcq-098,noi,Hội chứng ruột kích thích - IBS,Tiêu hoá,,"Bệnh nhân nam 50 tuổi, là tài xế đường dài, đến khám do đau âm ỉ hố chậu trái, chướng bụng và thỉnh thoảng đi tiêu phân lỏng lẫn ít nhầy, không có máu. Triệu chứng đã có 3 năm, hay bị lúc lái xe căng thẳng. Bệnh nhân hút thuốc lá 15 bao.năm, thỉnh thoảng có uống rượu. Khám bụng: béo bụng (BMI 28 kg/m²), ấn đau nhẹ hố chậu trái, không sờ thấy khối u. Xét nghiệm công thức máu bình thường, CRP bình thường. Nội soi đại tràng toàn bộ thấy niêm mạc bình thường, tuy nhiên ở đại tràng Sigma có vài túi nhỏ kích thước 5-10 mm trồi ra ngoài vách đại tràng, không có dấu hiệu viêm đỏ hay chảy máu xung quanh.

Cơ chế sinh bệnh học chính tạo ra các cấu trúc túi này ở đại tràng Sigma là gì?",Bẩm sinh do khuyết tật ống thần kinh.,Nhiễm trùng mạn tính do vi khuẩn kỵ khí.,Phì đại ác tính của lớp cơ trơn vách ruột.,Tăng áp lực trong lòng đại tràng đẩy niêm mạc qua điểm yếu cơ.,,d,"Đại tràng Sigma có đường kính hẹp nhất nên áp lực lòng ruột tại đây cao nhất (định luật Laplace). Sự tăng co bóp, tăng áp lực lòng ruột lâu ngày đẩy lớp niêm mạc và dưới niêm mạc chui qua các điểm yếu của vách thành ruột (nơi mạch máu xuyên qua lớp cơ), tạo thành túi thừa giả."
noi-hoi-chung-ruot-kich-thich-mcq-099,noi,Hội chứng ruột kích thích - IBS,Tiêu hoá,,"Bệnh nhân nam 50 tuổi, là tài xế đường dài, đến khám do đau âm ỉ hố chậu trái, chướng bụng và thỉnh thoảng đi tiêu phân lỏng lẫn ít nhầy, không có máu. Triệu chứng đã có 3 năm, hay bị lúc lái xe căng thẳng. Bệnh nhân hút thuốc lá 15 bao.năm, thỉnh thoảng có uống rượu. Khám bụng: béo bụng (BMI 28 kg/m²), ấn đau nhẹ hố chậu trái, không sờ thấy khối u. Xét nghiệm công thức máu bình thường, CRP bình thường. Nội soi đại tràng toàn bộ thấy niêm mạc bình thường, tuy nhiên ở đại tràng Sigma có vài túi nhỏ kích thước 5-10 mm trồi ra ngoài vách đại tràng, không có dấu hiệu viêm đỏ hay chảy máu xung quanh.

Để duy trì sức khỏe đại tràng và giảm nguy cơ biến chứng viêm cho bệnh nhân này, lời khuyên dinh dưỡng nào là quan trọng nhất?",Tăng cường lượng chất xơ và uống nhiều nước.,"Tuyệt đối không ăn các loại hạt (mè, dưa, ổi).","Chế độ ăn lỏng, mềm, nghiền nát suốt đời.",Ăn chế độ ăn hoàn toàn không có chất béo.,,a,"Trước đây có quan niệm sai lầm là cấm ăn các loại hạt vì sợ rơi vào túi thừa gây viêm. Các guideline hiện tại khẳng định việc ăn hạt là an toàn. Lời khuyên quan trọng nhất là ăn chế độ ăn giàu chất xơ để làm phân mềm, tăng thể tích, giảm áp lực trong lòng đại tràng."
noi-hoi-chung-ruot-kich-thich-mcq-100,noi,Hội chứng ruột kích thích - IBS,Tiêu hoá,,"Bệnh nhân nam 50 tuổi, là tài xế đường dài, đến khám do đau âm ỉ hố chậu trái, chướng bụng và thỉnh thoảng đi tiêu phân lỏng lẫn ít nhầy, không có máu. Triệu chứng đã có 3 năm, hay bị lúc lái xe căng thẳng. Bệnh nhân hút thuốc lá 15 bao.năm, thỉnh thoảng có uống rượu. Khám bụng: béo bụng (BMI 28 kg/m²), ấn đau nhẹ hố chậu trái, không sờ thấy khối u. Xét nghiệm công thức máu bình thường, CRP bình thường. Nội soi đại tràng toàn bộ thấy niêm mạc bình thường, tuy nhiên ở đại tràng Sigma có vài túi nhỏ kích thước 5-10 mm trồi ra ngoài vách đại tràng, không có dấu hiệu viêm đỏ hay chảy máu xung quanh.

Nếu bệnh nhân đột ngột đau dữ dội hố chậu trái, sốt 39°C và CRP tăng cao > 100 mg/L, chẩn đoán nào phải nghĩ đến đầu tiên?",Thủng ổ loét dạ dày tá tràng.,Nhồi máu mạc treo ruột cấp.,Viêm túi thừa đại tràng cấp tính.,Viêm tụy cấp do sỏi mật.,,c,"Đau hố chậu trái cấp tính dữ dội kèm hội chứng nhiễm trùng rõ (sốt cao, CRP tăng mạnh) trên một bệnh nhân đã biết có túi thừa là dấu hiệu kinh điển của biến chứng Viêm túi thừa cấp tính (Acute diverticulitis). Lúc này chống chỉ định nội soi đại tràng vì nguy cơ thủng. Nguồn tham khảo: Phác đồ quản lý Bệnh lý túi thừa đại tràng."
noi-hoi-chung-ruot-kich-thich-case-1-1,noi,Hội chứng ruột kích thích - IBS,Tiêu hoá,"Bệnh nhân nữ 22 tuổi, sinh viên năm cuối, đến khám vì đau bụng và tiêu chảy tái phát trong khoảng 1 năm nay. Bệnh nhân mô tả các cơn đau quặn bụng vùng hố chậu trái, thường xuất hiện sau khi ăn hoặc khi căng thẳng (đặc biệt trong mùa thi), và giảm đi sau khi đi ngoài được. Bệnh nhân đi ngoài phân lỏng 3-4 lần/ngày, không có máu, thường vào buổi sáng sau khi ngủ dậy, không có tiêu chảy ban đêm làm bệnh nhân thức giấc. Tình trạng này xen kẽ với những giai đoạn đi ngoài phân bình thường. Bệnh nhân cũng thường xuyên cảm thấy chướng bụng, đầy hơi, ợ hơi nhiều. Bệnh nhân không sốt, không sụt cân, ăn uống không kiêng khem gì đặc biệt nhưng để ý thấy triệu chứng nặng hơn khi uống sữa. Tiền sử hoàn toàn khỏe mạnh, không có ai trong gia đình mắc bệnh đường ruột. Khám lâm sàng bệnh nhân tỉnh, tiếp xúc tốt, vẻ mặt hơi lo lắng, sinh hiệu ổn định, SpO₂ 99% khí trời, BMI 20 kg/m². Bụng mềm, ấn đau tức nhẹ vùng hố chậu trái, không có phản ứng thành bụng hay cảm ứng phúc mạc. Khám các cơ quan khác chưa phát hiện bất thường. Các xét nghiệm cận lâm sàng cơ bản bao gồm công thức máu, tốc độ máu lắng (VS), C-reactive protein (CRP), chức năng tuyến giáp và xét nghiệm phân tìm máu ẩn đều cho kết quả trong giới hạn bình thường.","Dựa trên tiêu chuẩn Rome IV, chẩn đoán phù hợp nhất cho bệnh nhân này là gì?",Hội chứng ruột kích thích thể tiêu chảy chiếm ưu thế (IBS-D).,Viêm loét đại tràng.,Táo bón chức năng.,Bệnh Crohn.,,a,"Bệnh nhân có đau bụng tái phát, liên quan đến đi ngoài, kèm theo thay đổi hình dạng và tần suất phân, kéo dài trên 6 tháng. Các triệu chứng này thỏa mãn tiêu chuẩn Rome IV cho Hội chứng ruột kích thích (IBS). Do tiêu chảy là chủ yếu, bệnh được phân loại là IBS-D. Sự vắng mặt của các dấu hiệu báo động đỏ càng củng cố chẩn đoán."
noi-hoi-chung-ruot-kich-thich-case-1-2,noi,Hội chứng ruột kích thích - IBS,Tiêu hoá,"Bệnh nhân nữ 22 tuổi, sinh viên năm cuối, đến khám vì đau bụng và tiêu chảy tái phát trong khoảng 1 năm nay. Bệnh nhân mô tả các cơn đau quặn bụng vùng hố chậu trái, thường xuất hiện sau khi ăn hoặc khi căng thẳng (đặc biệt trong mùa thi), và giảm đi sau khi đi ngoài được. Bệnh nhân đi ngoài phân lỏng 3-4 lần/ngày, không có máu, thường vào buổi sáng sau khi ngủ dậy, không có tiêu chảy ban đêm làm bệnh nhân thức giấc. Tình trạng này xen kẽ với những giai đoạn đi ngoài phân bình thường. Bệnh nhân cũng thường xuyên cảm thấy chướng bụng, đầy hơi, ợ hơi nhiều. Bệnh nhân không sốt, không sụt cân, ăn uống không kiêng khem gì đặc biệt nhưng để ý thấy triệu chứng nặng hơn khi uống sữa. Tiền sử hoàn toàn khỏe mạnh, không có ai trong gia đình mắc bệnh đường ruột. Khám lâm sàng bệnh nhân tỉnh, tiếp xúc tốt, vẻ mặt hơi lo lắng, sinh hiệu ổn định, SpO₂ 99% khí trời, BMI 20 kg/m². Bụng mềm, ấn đau tức nhẹ vùng hố chậu trái, không có phản ứng thành bụng hay cảm ứng phúc mạc. Khám các cơ quan khác chưa phát hiện bất thường. Các xét nghiệm cận lâm sàng cơ bản bao gồm công thức máu, tốc độ máu lắng (VS), C-reactive protein (CRP), chức năng tuyến giáp và xét nghiệm phân tìm máu ẩn đều cho kết quả trong giới hạn bình thường.",Cơ chế bệnh sinh nào giải thích cho tình trạng đau bụng và rối loạn đi ngoài ở bệnh nhân này?,"Rối loạn phức tạp của trục não-ruột, dẫn đến tăng nhạy cảm tạng và rối loạn nhu động.",Tình trạng viêm loét lan tỏa niêm mạc đại tràng.,Nhiễm trùng mạn tính đường ruột do vi khuẩn.,Tắc nghẽn cơ học lòng ruột.,,a,"IBS là một rối loạn chức năng tiêu hóa, không có tổn thương thực thể. Cơ chế cốt lõi là sự rối loạn trong giao tiếp hai chiều giữa hệ thần kinh trung ương (não) và hệ thần kinh ruột. Điều này dẫn đến tăng nhạy cảm tạng (cảm nhận đau ở ngưỡng kích thích thấp hơn bình thường) và rối loạn nhu động ruột (co bóp quá nhanh gây tiêu chảy hoặc quá chậm gây táo bón)."
noi-hoi-chung-ruot-kich-thich-case-1-3,noi,Hội chứng ruột kích thích - IBS,Tiêu hoá,"Bệnh nhân nữ 22 tuổi, sinh viên năm cuối, đến khám vì đau bụng và tiêu chảy tái phát trong khoảng 1 năm nay. Bệnh nhân mô tả các cơn đau quặn bụng vùng hố chậu trái, thường xuất hiện sau khi ăn hoặc khi căng thẳng (đặc biệt trong mùa thi), và giảm đi sau khi đi ngoài được. Bệnh nhân đi ngoài phân lỏng 3-4 lần/ngày, không có máu, thường vào buổi sáng sau khi ngủ dậy, không có tiêu chảy ban đêm làm bệnh nhân thức giấc. Tình trạng này xen kẽ với những giai đoạn đi ngoài phân bình thường. Bệnh nhân cũng thường xuyên cảm thấy chướng bụng, đầy hơi, ợ hơi nhiều. Bệnh nhân không sốt, không sụt cân, ăn uống không kiêng khem gì đặc biệt nhưng để ý thấy triệu chứng nặng hơn khi uống sữa. Tiền sử hoàn toàn khỏe mạnh, không có ai trong gia đình mắc bệnh đường ruột. Khám lâm sàng bệnh nhân tỉnh, tiếp xúc tốt, vẻ mặt hơi lo lắng, sinh hiệu ổn định, SpO₂ 99% khí trời, BMI 20 kg/m². Bụng mềm, ấn đau tức nhẹ vùng hố chậu trái, không có phản ứng thành bụng hay cảm ứng phúc mạc. Khám các cơ quan khác chưa phát hiện bất thường. Các xét nghiệm cận lâm sàng cơ bản bao gồm công thức máu, tốc độ máu lắng (VS), C-reactive protein (CRP), chức năng tuyến giáp và xét nghiệm phân tìm máu ẩn đều cho kết quả trong giới hạn bình thường.","""Dấu hiệu báo động đỏ"" nào sau đây KHÔNG có ở bệnh nhân này, giúp củng cố chẩn đoán bệnh lý chức năng?",Chướng bụng.,Sụt cân không chủ ý và tiêu chảy ban đêm.,Thay đổi thói quen đi ngoài.,Đau bụng.,,b,"Sụt cân không chủ ý, thiếu máu, đi ngoài ra máu, và đặc biệt là các triệu chứng ban đêm (tiêu chảy, đau bụng) làm bệnh nhân thức giấc là những dấu hiệu báo động đỏ, gợi ý một bệnh lý thực thể (như viêm ruột, ung thư) hơn là một rối loạn chức năng như IBS. Bệnh nhân này không có các dấu hiệu đó."
noi-hoi-chung-ruot-kich-thich-case-1-4,noi,Hội chứng ruột kích thích - IBS,Tiêu hoá,"Bệnh nhân nữ 22 tuổi, sinh viên năm cuối, đến khám vì đau bụng và tiêu chảy tái phát trong khoảng 1 năm nay. Bệnh nhân mô tả các cơn đau quặn bụng vùng hố chậu trái, thường xuất hiện sau khi ăn hoặc khi căng thẳng (đặc biệt trong mùa thi), và giảm đi sau khi đi ngoài được. Bệnh nhân đi ngoài phân lỏng 3-4 lần/ngày, không có máu, thường vào buổi sáng sau khi ngủ dậy, không có tiêu chảy ban đêm làm bệnh nhân thức giấc. Tình trạng này xen kẽ với những giai đoạn đi ngoài phân bình thường. Bệnh nhân cũng thường xuyên cảm thấy chướng bụng, đầy hơi, ợ hơi nhiều. Bệnh nhân không sốt, không sụt cân, ăn uống không kiêng khem gì đặc biệt nhưng để ý thấy triệu chứng nặng hơn khi uống sữa. Tiền sử hoàn toàn khỏe mạnh, không có ai trong gia đình mắc bệnh đường ruột. Khám lâm sàng bệnh nhân tỉnh, tiếp xúc tốt, vẻ mặt hơi lo lắng, sinh hiệu ổn định, SpO₂ 99% khí trời, BMI 20 kg/m². Bụng mềm, ấn đau tức nhẹ vùng hố chậu trái, không có phản ứng thành bụng hay cảm ứng phúc mạc. Khám các cơ quan khác chưa phát hiện bất thường. Các xét nghiệm cận lâm sàng cơ bản bao gồm công thức máu, tốc độ máu lắng (VS), C-reactive protein (CRP), chức năng tuyến giáp và xét nghiệm phân tìm máu ẩn đều cho kết quả trong giới hạn bình thường.",Can thiệp không dùng thuốc nào là lựa chọn đầu tay cho bệnh nhân này?,Chế độ ăn hạn chế các carbohydrate chuỗi ngắn dễ lên men (low-FODMAP).,Ăn chế độ giàu chất béo.,Uống nhiều cà phê để kích thích đi ngoài.,Nằm nghỉ ngơi tuyệt đối.,,a,"Chế độ ăn low- FODMAP (Fermentable Oligo-, Di-, Mono-saccharides And Polyols) đã được chứng minh là rất hiệu quả trong việc giảm các triệu chứng chướng bụng, đầy hơi và đau bụng ở bệnh nhân IBS do làm giảm lượng khí và dịch được tạo ra trong lòng ruột."
noi-hoi-chung-ruot-kich-thich-case-1-5,noi,Hội chứng ruột kích thích - IBS,Tiêu hoá,"Bệnh nhân nữ 22 tuổi, sinh viên năm cuối, đến khám vì đau bụng và tiêu chảy tái phát trong khoảng 1 năm nay. Bệnh nhân mô tả các cơn đau quặn bụng vùng hố chậu trái, thường xuất hiện sau khi ăn hoặc khi căng thẳng (đặc biệt trong mùa thi), và giảm đi sau khi đi ngoài được. Bệnh nhân đi ngoài phân lỏng 3-4 lần/ngày, không có máu, thường vào buổi sáng sau khi ngủ dậy, không có tiêu chảy ban đêm làm bệnh nhân thức giấc. Tình trạng này xen kẽ với những giai đoạn đi ngoài phân bình thường. Bệnh nhân cũng thường xuyên cảm thấy chướng bụng, đầy hơi, ợ hơi nhiều. Bệnh nhân không sốt, không sụt cân, ăn uống không kiêng khem gì đặc biệt nhưng để ý thấy triệu chứng nặng hơn khi uống sữa. Tiền sử hoàn toàn khỏe mạnh, không có ai trong gia đình mắc bệnh đường ruột. Khám lâm sàng bệnh nhân tỉnh, tiếp xúc tốt, vẻ mặt hơi lo lắng, sinh hiệu ổn định, SpO₂ 99% khí trời, BMI 20 kg/m². Bụng mềm, ấn đau tức nhẹ vùng hố chậu trái, không có phản ứng thành bụng hay cảm ứng phúc mạc. Khám các cơ quan khác chưa phát hiện bất thường. Các xét nghiệm cận lâm sàng cơ bản bao gồm công thức máu, tốc độ máu lắng (VS), C-reactive protein (CRP), chức năng tuyến giáp và xét nghiệm phân tìm máu ẩn đều cho kết quả trong giới hạn bình thường.","Nếu triệu chứng tiêu chảy ảnh hưởng nhiều đến sinh hoạt, thuốc nào sau đây có thể được sử dụng để điều trị triệu chứng?",Metformin.,Bisacodyl.,Macrogol (PEG).,Loperamide.,,d,"Loperamide là một thuốc chủ vận thụ thể opioid ở ruột, có tác dụng làm chậm nhu động ruột và tăng tái hấp thu nước, từ đó làm giảm số lần đi ngoài và cải thiện độ đặc của phân. Nó rất hiệu quả để kiểm soát triệu chứng tiêu chảy trong IBS-D, đặc biệt khi cần dùng trước các tình huống dự đoán sẽ gây căng thẳng."
noi-hoi-chung-ruot-kich-thich-case-2-1,noi,Hội chứng ruột kích thích - IBS,Tiêu hoá,"Bệnh nhân nữ 40 tuổi, là giáo viên, đến khám vì đau bụng và táo bón mạn tính. Bệnh nhân cho biết trong nhiều năm nay, cô thường xuyên bị đau quặn bụng vùng dưới rốn, cơn đau giảm sau khi đi ngoài được. Bệnh nhân đi ngoài rất khó khăn, tần suất khoảng 2 lần/tuần, phân thường khô cứng, vón cục (độ 1-2 theo thang Bristol), luôn có cảm giác đi không hết và phải rặn nhiều. Các triệu chứng này không liên tục, có những giai đoạn ổn định xen kẽ với các đợt bùng phát, đặc biệt khi cô bị stress trong công việc. Bệnh nhân không đi ngoài ra máu, không sụt cân. Khám lâm sàng và các xét nghiệm máu cơ bản, bao gồm cả chức năng tuyến giáp, đều bình thường. Nội soi đại tràng cách đây 1 năm cho kết quả bình thường.",Chẩn đoán phù hợp nhất cho bệnh nhân là gì?,Ung thư đại tràng.,Bệnh túi thừa đại tràng.,Hội chứng ruột kích thích thể táo bón (IBS-C).,Táo bón chức năng.,,c,"Bệnh nhân có đau bụng tái phát liên quan đến đi ngoài và thay đổi thói quen đại tiện, với phân chủ yếu là dạng táo bón. Các triệu chứng này đáp ứng tiêu chuẩn Rome IV cho IBS-C."
noi-hoi-chung-ruot-kich-thich-case-2-2,noi,Hội chứng ruột kích thích - IBS,Tiêu hoá,"Bệnh nhân nữ 40 tuổi, là giáo viên, đến khám vì đau bụng và táo bón mạn tính. Bệnh nhân cho biết trong nhiều năm nay, cô thường xuyên bị đau quặn bụng vùng dưới rốn, cơn đau giảm sau khi đi ngoài được. Bệnh nhân đi ngoài rất khó khăn, tần suất khoảng 2 lần/tuần, phân thường khô cứng, vón cục (độ 1-2 theo thang Bristol), luôn có cảm giác đi không hết và phải rặn nhiều. Các triệu chứng này không liên tục, có những giai đoạn ổn định xen kẽ với các đợt bùng phát, đặc biệt khi cô bị stress trong công việc. Bệnh nhân không đi ngoài ra máu, không sụt cân. Khám lâm sàng và các xét nghiệm máu cơ bản, bao gồm cả chức năng tuyến giáp, đều bình thường. Nội soi đại tràng cách đây 1 năm cho kết quả bình thường.",Cơ chế nào sau đây góp phần gây ra tình trạng phân cứng và khó đi ngoài ở bệnh nhân này?,Nhu động đại tràng quá nhanh làm giảm thời gian hấp thu nước.,Tắc nghẽn cơ học do polyp.,Tăng tiết dịch quá mức vào lòng ruột.,"Nhu động đại tràng chậm lại làm tăng thời gian vận chuyển phân, khiến nước bị tái hấp thu nhiều hơn.",,d,"Trong IBS-C, một trong những rối loạn nhu động chính là thời gian vận chuyển phân qua đại tràng bị kéo dài (slow transit). Điều này cho phép đại tràng có nhiều thời gian hơn để tái hấp thu nước từ phân, làm cho phân trở nên khô, cứng và khó tống ra ngoài."
noi-hoi-chung-ruot-kich-thich-case-2-3,noi,Hội chứng ruột kích thích - IBS,Tiêu hoá,"Bệnh nhân nữ 40 tuổi, là giáo viên, đến khám vì đau bụng và táo bón mạn tính. Bệnh nhân cho biết trong nhiều năm nay, cô thường xuyên bị đau quặn bụng vùng dưới rốn, cơn đau giảm sau khi đi ngoài được. Bệnh nhân đi ngoài rất khó khăn, tần suất khoảng 2 lần/tuần, phân thường khô cứng, vón cục (độ 1-2 theo thang Bristol), luôn có cảm giác đi không hết và phải rặn nhiều. Các triệu chứng này không liên tục, có những giai đoạn ổn định xen kẽ với các đợt bùng phát, đặc biệt khi cô bị stress trong công việc. Bệnh nhân không đi ngoài ra máu, không sụt cân. Khám lâm sàng và các xét nghiệm máu cơ bản, bao gồm cả chức năng tuyến giáp, đều bình thường. Nội soi đại tràng cách đây 1 năm cho kết quả bình thường.",Triệu chứng nào là mấu chốt để phân biệt IBS-C với Táo bón chức năng theo tiêu chuẩn Rome IV?,Hình dạng của phân. https://onedrive.live.com/personal/2672550e42ddc7d4/_layouts/15/Doc.,Cảm giác đi ngoài không hết.,Sự hiện diện của đau bụng là triệu chứng nổi bật và có liên quan đến đi đại tiện.,Tần suất đi ngoài.,,c,"Đây là điểm khác biệt quan trọng. Để chẩn đoán IBS, spx?sourcedoc={186352b6-90cf-40c9-ba19-ae84e248ef20}&action=vie… 1/13 đau bụng phải là triệu chứng cốt lõi. Trong Táo bón chức năng, triệu chứng chính là táo bón, và đau bụng nếu có cũng không phải là triệu chứng nổi bật. Ở bệnh nhân này, đau bụng liên quan đến đi ngoài là một đặc điểm rõ ràng."
noi-hoi-chung-ruot-kich-thich-case-2-4,noi,Hội chứng ruột kích thích - IBS,Tiêu hoá,"Bệnh nhân nữ 40 tuổi, là giáo viên, đến khám vì đau bụng và táo bón mạn tính. Bệnh nhân cho biết trong nhiều năm nay, cô thường xuyên bị đau quặn bụng vùng dưới rốn, cơn đau giảm sau khi đi ngoài được. Bệnh nhân đi ngoài rất khó khăn, tần suất khoảng 2 lần/tuần, phân thường khô cứng, vón cục (độ 1-2 theo thang Bristol), luôn có cảm giác đi không hết và phải rặn nhiều. Các triệu chứng này không liên tục, có những giai đoạn ổn định xen kẽ với các đợt bùng phát, đặc biệt khi cô bị stress trong công việc. Bệnh nhân không đi ngoài ra máu, không sụt cân. Khám lâm sàng và các xét nghiệm máu cơ bản, bao gồm cả chức năng tuyến giáp, đều bình thường. Nội soi đại tràng cách đây 1 năm cho kết quả bình thường.","Ngoài việc tăng cường chất xơ và uống đủ nước, loại thuốc nhuận tràng nào thường được xem là lựa chọn đầu tay, an toàn và hiệu quả cho IBS-C?",Thuốc nhuận tràng kích thích (ví dụ: Bisacodyl).,Thuốc xổ dầu khoáng.,Thuốc thụt tháo.,Thuốc nhuận tràng thẩm thấu (ví dụ: Polyethylene glycol - PEG).,,d,"PEG là một thuốc nhuận tràng thẩm thấu, hoạt động bằng cách giữ nước trong lòng đại tràng một cách an toàn, làm mềm phân và tăng số lần đi ngoài. Nó không bị hấp thu, không gây rối loạn điện giải và được khuyến cáo là lựa chọn hàng đầu cho táo bón mạn tính và IBS-C."
noi-hoi-chung-ruot-kich-thich-case-2-5,noi,Hội chứng ruột kích thích - IBS,Tiêu hoá,"Bệnh nhân nữ 40 tuổi, là giáo viên, đến khám vì đau bụng và táo bón mạn tính. Bệnh nhân cho biết trong nhiều năm nay, cô thường xuyên bị đau quặn bụng vùng dưới rốn, cơn đau giảm sau khi đi ngoài được. Bệnh nhân đi ngoài rất khó khăn, tần suất khoảng 2 lần/tuần, phân thường khô cứng, vón cục (độ 1-2 theo thang Bristol), luôn có cảm giác đi không hết và phải rặn nhiều. Các triệu chứng này không liên tục, có những giai đoạn ổn định xen kẽ với các đợt bùng phát, đặc biệt khi cô bị stress trong công việc. Bệnh nhân không đi ngoài ra máu, không sụt cân. Khám lâm sàng và các xét nghiệm máu cơ bản, bao gồm cả chức năng tuyến giáp, đều bình thường. Nội soi đại tràng cách đây 1 năm cho kết quả bình thường.","Nếu bệnh nhân không đáp ứng với các biện pháp trên, nhóm thuốc nào sau đây tác động bằng cách tăng tiết dịch vào lòng ruột và được chỉ định cho IBS- C?",Thuốc chủ vận Guanylate Cyclase-C (ví dụ: Linaclotide).,Thuốc kháng sinh (ví dụ: Rifaximin).,Thuốc chống trầm cảm ba vòng (ví dụ: Amitriptyline).,Thuốc chống co thắt (ví dụ: Hyoscine).,,a,"Các thuốc chủ vận Guanylate Cyclase-C (Linaclotide, Plecanatide) và hoạt hóa kênh clorid (Lubiprostone) là các thuốc tăng tiết (secretagogues) thế hệ mới. Chúng làm tăng tiết clorid và nước vào lòng ruột, giúp làm mềm phân và tăng tốc độ vận chuyển. Đặc biệt, Linaclotide còn có tác dụng giảm đau tạng, rất hữu ích cho bệnh nhân IBS-C."
noi-hoi-chung-ruot-kich-thich-case-3-1,noi,Hội chứng ruột kích thích - IBS,Tiêu hoá,"Bệnh nhân nam 30 tuổi, kỹ sư xây dựng, đến khám vì rối loạn đi ngoài kéo dài. Bệnh nhân cho biết thói quen đi ngoài của anh thay đổi thất thường. Có những tuần anh bị tiêu chảy, đi ngoài phân lỏng 3-4 lần/ngày, nhưng cũng có những tuần anh lại bị táo bón, 3-4 ngày mới đi một lần, phân cứng. Tình trạng này xen kẽ nhau không theo quy luật rõ ràng. Dù tiêu chảy hay táo bón, anh đều cảm thấy đau quặn bụng và chướng bụng, cơn đau thường giảm sau khi đi ngoài. Anh không sốt, không sụt cân, không đi ngoài ra máu. Anh rất lo lắng vì tình trạng này ảnh hưởng đến công việc phải đi công tác thường xuyên. Khám và xét nghiệm cơ bản, bao gồm cả nội soi đại tràng, đều không phát hiện bất thường.","Dựa trên kiểu hình đi ngoài, bệnh nhân này được phân loại là thể nào của Hội chứng ruột kích thích?",IBS thể tiêu chảy (IBS-D).,IBS không xác định (IBS-U).,IBS thể hỗn hợp (IBS-M).,IBS thể táo bón (IBS-C).,,c,"Bệnh nhân có các đợt tiêu chảy và táo bón xen kẽ nhau, là đặc điểm của Hội chứng ruột kích thích thể hỗn hợp (IBS-M)."
noi-hoi-chung-ruot-kich-thich-case-3-2,noi,Hội chứng ruột kích thích - IBS,Tiêu hoá,"Bệnh nhân nam 30 tuổi, kỹ sư xây dựng, đến khám vì rối loạn đi ngoài kéo dài. Bệnh nhân cho biết thói quen đi ngoài của anh thay đổi thất thường. Có những tuần anh bị tiêu chảy, đi ngoài phân lỏng 3-4 lần/ngày, nhưng cũng có những tuần anh lại bị táo bón, 3-4 ngày mới đi một lần, phân cứng. Tình trạng này xen kẽ nhau không theo quy luật rõ ràng. Dù tiêu chảy hay táo bón, anh đều cảm thấy đau quặn bụng và chướng bụng, cơn đau thường giảm sau khi đi ngoài. Anh không sốt, không sụt cân, không đi ngoài ra máu. Anh rất lo lắng vì tình trạng này ảnh hưởng đến công việc phải đi công tác thường xuyên. Khám và xét nghiệm cơ bản, bao gồm cả nội soi đại tràng, đều không phát hiện bất thường.",Cơ chế nào giải thích cho sự thay đổi luân phiên giữa tiêu chảy và táo bón?,Do tác dụng phụ của các loại thuốc bệnh nhân tự ý sử dụng.,Sự thay đổi trong chế độ ăn của bệnh nhân.,Do nhiễm các loại vi khuẩn khác nhau.,"Tình trạng rối loạn nhu động ruột không ổn định, có lúc tăng co bóp gây tiêu chảy, có lúc lại giảm co bóp gây táo bón.",,d,"Rối loạn nhu động trong IBS-M là không thể đoán trước. Trục não-ruột hoạt động một cách thất thường, lúc thì gửi tín hiệu tăng cường co bóp gây ra tiêu chảy, lúc khác lại gửi tín hiệu ức chế gây ra táo bón. Các yếu tố như stress, thức ăn, thay đổi hệ vi sinh vật có thể ảnh hưởng đến sự biến đổi này."
noi-hoi-chung-ruot-kich-thich-case-3-3,noi,Hội chứng ruột kích thích - IBS,Tiêu hoá,"Bệnh nhân nam 30 tuổi, kỹ sư xây dựng, đến khám vì rối loạn đi ngoài kéo dài. Bệnh nhân cho biết thói quen đi ngoài của anh thay đổi thất thường. Có những tuần anh bị tiêu chảy, đi ngoài phân lỏng 3-4 lần/ngày, nhưng cũng có những tuần anh lại bị táo bón, 3-4 ngày mới đi một lần, phân cứng. Tình trạng này xen kẽ nhau không theo quy luật rõ ràng. Dù tiêu chảy hay táo bón, anh đều cảm thấy đau quặn bụng và chướng bụng, cơn đau thường giảm sau khi đi ngoài. Anh không sốt, không sụt cân, không đi ngoài ra máu. Anh rất lo lắng vì tình trạng này ảnh hưởng đến công việc phải đi công tác thường xuyên. Khám và xét nghiệm cơ bản, bao gồm cả nội soi đại tràng, đều không phát hiện bất thường.",Tiêu chuẩn Rome IV định nghĩa IBS-M như thế nào?,Bệnh nhân báo cáo có cả phân cứng (Bristol 1-2) và phân lỏng (Bristol 6-7) mỗi loại chiếm >25% số lần đi ngoài trong những ngày có bất thường.,Bệnh nhân không phù hợp với tiêu chuẩn của IBS-D hay IBS-C.,Bệnh nhân có cả tiêu chảy và táo bón trong cùng một ngày.,"Bệnh nhân có số lần đi ngoài lúc nhiều, lúc ít.",,a,"Theo Rome IV, để phân loại là IBS-M, bệnh nhân cần báo cáo rằng trong những ngày có ít nhất một lần đi ngoài bất thường, cả phân cứng (loại 1-2) và phân lỏng (loại 6-7) đều xuất hiện với tỷ lệ trên 25% mỗi loại."
noi-hoi-chung-ruot-kich-thich-case-3-4,noi,Hội chứng ruột kích thích - IBS,Tiêu hoá,"Bệnh nhân nam 30 tuổi, kỹ sư xây dựng, đến khám vì rối loạn đi ngoài kéo dài. Bệnh nhân cho biết thói quen đi ngoài của anh thay đổi thất thường. Có những tuần anh bị tiêu chảy, đi ngoài phân lỏng 3-4 lần/ngày, nhưng cũng có những tuần anh lại bị táo bón, 3-4 ngày mới đi một lần, phân cứng. Tình trạng này xen kẽ nhau không theo quy luật rõ ràng. Dù tiêu chảy hay táo bón, anh đều cảm thấy đau quặn bụng và chướng bụng, cơn đau thường giảm sau khi đi ngoài. Anh không sốt, không sụt cân, không đi ngoài ra máu. Anh rất lo lắng vì tình trạng này ảnh hưởng đến công việc phải đi công tác thường xuyên. Khám và xét nghiệm cơ bản, bao gồm cả nội soi đại tràng, đều không phát hiện bất thường.",Việc điều trị cho bệnh nhân IBS-M thường gặp khó khăn gì?,"Việc điều trị triệu chứng tiêu chảy có thể gây ra táo bón, và ngược lại.",Các thuốc điều trị thường không có hiệu quả.,Không có thuốc nào được cấp phép cho IBS-M.,Bệnh nhân thường không tuân thủ điều trị.,,a,"Đây là thách thức lớn nhất. Nếu dùng thuốc trị tiêu chảy (như Loperamide) quá liều hoặc kéo dài, bệnh nhân có thể chuyển sang giai đoạn táo bón nặng. Ngược lại, nếu dùng thuốc nhuận tràng quá mạnh, bệnh nhân có thể bị tiêu chảy. Việc cân bằng điều trị là rất khó khăn."
noi-hoi-chung-ruot-kich-thich-case-3-5,noi,Hội chứng ruột kích thích - IBS,Tiêu hoá,"Bệnh nhân nam 30 tuổi, kỹ sư xây dựng, đến khám vì rối loạn đi ngoài kéo dài. Bệnh nhân cho biết thói quen đi ngoài của anh thay đổi thất thường. Có những tuần anh bị tiêu chảy, đi ngoài phân lỏng 3-4 lần/ngày, nhưng cũng có những tuần anh lại bị táo bón, 3-4 ngày mới đi một lần, phân cứng. Tình trạng này xen kẽ nhau không theo quy luật rõ ràng. Dù tiêu chảy hay táo bón, anh đều cảm thấy đau quặn bụng và chướng bụng, cơn đau thường giảm sau khi đi ngoài. Anh không sốt, không sụt cân, không đi ngoài ra máu. Anh rất lo lắng vì tình trạng này ảnh hưởng đến công việc phải đi công tác thường xuyên. Khám và xét nghiệm cơ bản, bao gồm cả nội soi đại tràng, đều không phát hiện bất thường.",Hướng tiếp cận điều trị nào là phù hợp nhất cho bệnh nhân này?,Phẫu thuật.,Dùng kháng sinh dài ngày.,Sử dụng đồng thời cả thuốc trị tiêu chảy và thuốc trị táo bón hàng ngày.,"Tập trung vào việc điều trị triệu chứng chiếm ưu thế tại từng thời điểm và các biện pháp chung như điều chỉnh lối sống, giảm stress.",,d,"Hướng tiếp cận hợp lý là điều trị theo triệu chứng trội. Khi bệnh nhân đang trong đợt tiêu chảy, có thể dùng Loperamide khi cần. Khi đang trong đợt táo bón, có thể dùng thuốc nhuận tràng thẩm thấu. Đồng thời, cần áp dụng các biện pháp nền tảng như chế độ ăn (low-FODMAP), quản lý stress, tập thể dục và có thể xem xét các thuốc điều hòa thần kinh ruột (neuromodulators) liều thấp."
noi-hoi-chung-ruot-kich-thich-case-4-1,noi,Hội chứng ruột kích thích - IBS,Tiêu hoá,"Bệnh nhân nam 28 tuổi, đến khám vì tiêu chảy và chướng bụng kéo dài 6 tháng. Bệnh nhân kể rằng các triệu chứng bắt đầu xuất hiện khoảng 1 tháng sau một đợt bị ngộ độc thực phẩm nặng khi đi du lịch, với biểu hiện sốt, nôn và tiêu chảy cấp dữ dội kéo dài 5 ngày. Kể từ đó, mặc dù đã khỏi đợt nhiễm trùng cấp, bệnh nhân vẫn tiếp tục bị đau bụng âm ỉ, đi ngoài phân lỏng 2-3 lần mỗi ngày, và đặc biệt là chướng bụng, đầy hơi rất khó chịu. Bệnh nhân chưa từng có các triệu chứng này trước đây. Khám lâm sàng và các xét nghiệm máu, xét nghiệm phân (tìm vi khuẩn, ký sinh trùng) đều bình thường. Nội soi đại tràng hoàn toàn bình thường.",Tình trạng của bệnh nhân rất có thể là dạng nào của Hội chứng ruột kích thích?,Bệnh Celiac.,Hội chứng ruột kích thích sau nhiễm trùng (Post-infectious IBS - PI-IBS).,IBS thể táo bón.,IBS di truyền.,,b,"PI-IBS được chẩn đoán khi một bệnh nhân có các triệu chứng thỏa mãn tiêu spx?sourcedoc={186352b6-90cf-40c9-ba19-ae84e248ef20}&action=vie… 2/13 chuẩn Rome IV của IBS, và các triệu chứng này khởi phát ngay sau một đợt viêm dạ dày-ruột cấp do vi khuẩn, virus hoặc ký sinh trùng, ở một người trước đó hoàn toàn không có triệu chứng."
noi-hoi-chung-ruot-kich-thich-case-4-2,noi,Hội chứng ruột kích thích - IBS,Tiêu hoá,"Bệnh nhân nam 28 tuổi, đến khám vì tiêu chảy và chướng bụng kéo dài 6 tháng. Bệnh nhân kể rằng các triệu chứng bắt đầu xuất hiện khoảng 1 tháng sau một đợt bị ngộ độc thực phẩm nặng khi đi du lịch, với biểu hiện sốt, nôn và tiêu chảy cấp dữ dội kéo dài 5 ngày. Kể từ đó, mặc dù đã khỏi đợt nhiễm trùng cấp, bệnh nhân vẫn tiếp tục bị đau bụng âm ỉ, đi ngoài phân lỏng 2-3 lần mỗi ngày, và đặc biệt là chướng bụng, đầy hơi rất khó chịu. Bệnh nhân chưa từng có các triệu chứng này trước đây. Khám lâm sàng và các xét nghiệm máu, xét nghiệm phân (tìm vi khuẩn, ký sinh trùng) đều bình thường. Nội soi đại tràng hoàn toàn bình thường.",Cơ chế nào được cho là đóng vai trò quan trọng trong sự phát triển của PI- IBS?,"Do lo lắng, căng thẳng sau khi bị bệnh.",Do tác dụng phụ của kháng sinh đã dùng để điều trị đợt cấp.,Tình trạng viêm niêm mạc ruột mức độ thấp kéo dài và sự thay đổi hệ vi sinh vật đường ruột sau đợt viêm ruột cấp.,Do độc tố của vi khuẩn vẫn còn tồn tại trong ruột.,,c,"Đợt viêm ruột cấp có thể gây ra những thay đổi dai dẳng. Nó làm tổn thương hàng rào niêm mạc ruột, gây ra tình trạng viêm mức độ vi thể kéo dài, hoạt hóa các tế bào miễn dịch (như tế bào mast), và làm thay đổi thành phần cũng như chức năng của hệ vi sinh vật đường ruột (loạn khuẩn). Tất cả những yếu tố này góp phần gây ra tăng nhạy cảm tạng và rối loạn nhu động."
noi-hoi-chung-ruot-kich-thich-case-4-3,noi,Hội chứng ruột kích thích - IBS,Tiêu hoá,"Bệnh nhân nam 28 tuổi, đến khám vì tiêu chảy và chướng bụng kéo dài 6 tháng. Bệnh nhân kể rằng các triệu chứng bắt đầu xuất hiện khoảng 1 tháng sau một đợt bị ngộ độc thực phẩm nặng khi đi du lịch, với biểu hiện sốt, nôn và tiêu chảy cấp dữ dội kéo dài 5 ngày. Kể từ đó, mặc dù đã khỏi đợt nhiễm trùng cấp, bệnh nhân vẫn tiếp tục bị đau bụng âm ỉ, đi ngoài phân lỏng 2-3 lần mỗi ngày, và đặc biệt là chướng bụng, đầy hơi rất khó chịu. Bệnh nhân chưa từng có các triệu chứng này trước đây. Khám lâm sàng và các xét nghiệm máu, xét nghiệm phân (tìm vi khuẩn, ký sinh trùng) đều bình thường. Nội soi đại tràng hoàn toàn bình thường.",Yếu tố nào sau đây là một yếu tố nguy cơ đã được chứng minh cho việc phát triển PI-IBS sau một đợt viêm ruột cấp?,Giới tính nam.,Ăn nhiều chất xơ.,Tuổi cao.,Mức độ nặng và kéo dài của đợt bệnh cấp tính.,,d,"Nhiều nghiên cứu đã chỉ ra các yếu tố nguy cơ, bao gồm: độc lực của tác nhân gây bệnh, mức độ nặng của đợt viêm cấp, giới tính nữ, và các yếu tố tâm lý như lo âu, trầm cảm tại thời điểm nhiễm trùng."
noi-hoi-chung-ruot-kich-thich-case-4-4,noi,Hội chứng ruột kích thích - IBS,Tiêu hoá,"Bệnh nhân nam 28 tuổi, đến khám vì tiêu chảy và chướng bụng kéo dài 6 tháng. Bệnh nhân kể rằng các triệu chứng bắt đầu xuất hiện khoảng 1 tháng sau một đợt bị ngộ độc thực phẩm nặng khi đi du lịch, với biểu hiện sốt, nôn và tiêu chảy cấp dữ dội kéo dài 5 ngày. Kể từ đó, mặc dù đã khỏi đợt nhiễm trùng cấp, bệnh nhân vẫn tiếp tục bị đau bụng âm ỉ, đi ngoài phân lỏng 2-3 lần mỗi ngày, và đặc biệt là chướng bụng, đầy hơi rất khó chịu. Bệnh nhân chưa từng có các triệu chứng này trước đây. Khám lâm sàng và các xét nghiệm máu, xét nghiệm phân (tìm vi khuẩn, ký sinh trùng) đều bình thường. Nội soi đại tràng hoàn toàn bình thường.","So với các thể IBS khác, PI-IBS thường có đặc điểm gì?",Không đáp ứng với bất kỳ loại thuốc nào.,Thường là thể táo bón chiếm ưu thế.,Tiên lượng thường tốt hơn và có khả năng tự thuyên giảm theo thời gian.,Luôn đi kèm với sốt.,,c,"PI-IBS thường biểu hiện dưới dạng tiêu chảy chiếm ưu thế (IBS-D). Một đặc điểm đáng chú ý là một tỷ lệ đáng kể bệnh nhân PI-IBS có thể có sự cải thiện hoặc thậm chí khỏi bệnh hoàn toàn sau vài năm, do đó tiên lượng có vẻ tốt hơn so với các dạng IBS khác."
noi-hoi-chung-ruot-kich-thich-case-4-5,noi,Hội chứng ruột kích thích - IBS,Tiêu hoá,"Bệnh nhân nam 28 tuổi, đến khám vì tiêu chảy và chướng bụng kéo dài 6 tháng. Bệnh nhân kể rằng các triệu chứng bắt đầu xuất hiện khoảng 1 tháng sau một đợt bị ngộ độc thực phẩm nặng khi đi du lịch, với biểu hiện sốt, nôn và tiêu chảy cấp dữ dội kéo dài 5 ngày. Kể từ đó, mặc dù đã khỏi đợt nhiễm trùng cấp, bệnh nhân vẫn tiếp tục bị đau bụng âm ỉ, đi ngoài phân lỏng 2-3 lần mỗi ngày, và đặc biệt là chướng bụng, đầy hơi rất khó chịu. Bệnh nhân chưa từng có các triệu chứng này trước đây. Khám lâm sàng và các xét nghiệm máu, xét nghiệm phân (tìm vi khuẩn, ký sinh trùng) đều bình thường. Nội soi đại tràng hoàn toàn bình thường.",Loại kháng sinh không hấp thu nào đã được chứng minh là có hiệu quả trong việc cải thiện triệu chứng (đặc biệt là chướng bụng) ở một số bệnh nhân IBS thể tiêu chảy và PI-IBS?,Ciprofloxacin.,Metronidazole.,Vancomycin.,Rifaximin.,,d,"Rifaximin là một kháng sinh có hoạt phổ rộng, tác động tại chỗ trong lòng ruột và hầu như không hấp thu vào máu. Nó được cho là có tác dụng điều chỉnh lại tình trạng loạn khuẩn ruột và giảm sản xuất khí. Nhiều thử nghiệm lâm sàng đã cho thấy các liệu trình ngắn ngày Rifaximin có thể giúp cải thiện đáng kể triệu chứng chướng bụng và tiêu chảy ở bệnh nhân IBS-D không táo bón."
noi-hoi-chung-ruot-kich-thich-case-5-1,noi,Hội chứng ruột kích thích - IBS,Tiêu hoá,"Bệnh nhân nữ 45 tuổi, đến khám vì đau bụng lan tỏa và đầy hơi mạn tính. Bệnh nhân được chẩn đoán IBS thể hỗn hợp cách đây nhiều năm. Ngoài các triệu chứng đường ruột, bệnh nhân còn thường xuyên cảm thấy đau mỏi cơ xương khớp lan tỏa, mệt mỏi rã rời, ngủ không sâu giấc và hay đau đầu. Các triệu chứng này làm bệnh nhân rất khó chịu, ảnh hưởng đến cả công việc và cuộc sống gia đình, khiến bà trở nên lo âu và có phần trầm cảm. Khám lâm sàng không có dấu hiệu thực thể đặc biệt ngoài việc ấn đau nhiều điểm trên cơ thể. Tất cả các xét nghiệm sàng lọc đều bình thường.",Tình trạng đau mỏi cơ xương khớp lan tỏa và mệt mỏi của bệnh nhân là biểu hiện của hội chứng gì thường đi kèm với IBS?,Đau xơ cơ (Fibromyalgia).,Thoái hóa khớp.,Viêm khớp dạng thấp.,Lupus ban đỏ hệ thống.,,a,"IBS thường đi kèm với các rối loạn chức năng khác ngoài đường tiêu hóa, được gọi là các rối loạn tâm thể (somatic comorbidities). Đau xơ cơ, hội chứng mệt mỏi mạn tính, đau vùng chậu mạn tính, viêm bàng quang kẽ là những bệnh lý thường gặp cùng với IBS."
noi-hoi-chung-ruot-kich-thich-case-5-2,noi,Hội chứng ruột kích thích - IBS,Tiêu hoá,"Bệnh nhân nữ 45 tuổi, đến khám vì đau bụng lan tỏa và đầy hơi mạn tính. Bệnh nhân được chẩn đoán IBS thể hỗn hợp cách đây nhiều năm. Ngoài các triệu chứng đường ruột, bệnh nhân còn thường xuyên cảm thấy đau mỏi cơ xương khớp lan tỏa, mệt mỏi rã rời, ngủ không sâu giấc và hay đau đầu. Các triệu chứng này làm bệnh nhân rất khó chịu, ảnh hưởng đến cả công việc và cuộc sống gia đình, khiến bà trở nên lo âu và có phần trầm cảm. Khám lâm sàng không có dấu hiệu thực thể đặc biệt ngoài việc ấn đau nhiều điểm trên cơ thể. Tất cả các xét nghiệm sàng lọc đều bình thường.",Cơ chế bệnh sinh nào được cho là nền tảng chung của cả IBS và các rối loạn đi kèm như đau xơ cơ?,Thiếu hụt vitamin D.,Nhiễm một loại virus mạn tính.,"Rối loạn xử lý cảm giác đau ở hệ thần kinh trung ương (hiện tượng ""nhạy cảm hóa trung ương"").",Tình trạng viêm hệ thống mức độ cao.,,c,"""Nhạy cảm hóa trung ương"" được xem là cơ chế chung cho nhiều hội chứng đau mạn tính chức năng. Nó giải thích tại sao bệnh nhân IBS không chỉ bị tăng nhạy cảm ở ruột (đau bụng) mà còn có thể bị đau ở nhiều vị trí khác trên cơ thể (đau cơ, đau đầu) và có ngưỡng chịu đau thấp hơn người bình thường."
noi-hoi-chung-ruot-kich-thich-case-5-3,noi,Hội chứng ruột kích thích - IBS,Tiêu hoá,"Bệnh nhân nữ 45 tuổi, đến khám vì đau bụng lan tỏa và đầy hơi mạn tính. Bệnh nhân được chẩn đoán IBS thể hỗn hợp cách đây nhiều năm. Ngoài các triệu chứng đường ruột, bệnh nhân còn thường xuyên cảm thấy đau mỏi cơ xương khớp lan tỏa, mệt mỏi rã rời, ngủ không sâu giấc và hay đau đầu. Các triệu chứng này làm bệnh nhân rất khó chịu, ảnh hưởng đến cả công việc và cuộc sống gia đình, khiến bà trở nên lo âu và có phần trầm cảm. Khám lâm sàng không có dấu hiệu thực thể đặc biệt ngoài việc ấn đau nhiều điểm trên cơ thể. Tất cả các xét nghiệm sàng lọc đều bình thường.","Hiện tượng ""nhạy cảm hóa trung ương"" có nghĩa là gì?","Hệ thần kinh trở nên quá nhạy cảm, khiến các kích thích thông thường (như nhu động ruột, áp lực nhẹ lên cơ) cũng được cảm nhận là đau.",Hệ miễn dịch phản ứng quá mức với các tác nhân bên ngoài.,Trục dưới đồi-tuyến yên-thượng thận hoạt động kém.,Các dây thần kinh ngoại biên bị tổn thương.,,a,"Đây là định nghĩa cốt lõi của nhạy cảm hóa trung ương. Do sự thay đổi trong cách não bộ và tủy sống xử lý các tín hiệu cảm giác, hệ thống ""báo động"" của cơ thể trở nên quá nhạy, khuếch đại các tín hiệu và diễn giải chúng thành cảm giác đau đớn, ngay cả khi không có tổn thương mô thực sự."
noi-hoi-chung-ruot-kich-thich-case-5-4,noi,Hội chứng ruột kích thích - IBS,Tiêu hoá,"Bệnh nhân nữ 45 tuổi, đến khám vì đau bụng lan tỏa và đầy hơi mạn tính. Bệnh nhân được chẩn đoán IBS thể hỗn hợp cách đây nhiều năm. Ngoài các triệu chứng đường ruột, bệnh nhân còn thường xuyên cảm thấy đau mỏi cơ xương khớp lan tỏa, mệt mỏi rã rời, ngủ không sâu giấc và hay đau đầu. Các triệu chứng này làm bệnh nhân rất khó chịu, ảnh hưởng đến cả công việc và cuộc sống gia đình, khiến bà trở nên lo âu và có phần trầm cảm. Khám lâm sàng không có dấu hiệu thực thể đặc biệt ngoài việc ấn đau nhiều điểm trên cơ thể. Tất cả các xét nghiệm sàng lọc đều bình thường.","Đối với bệnh nhân có triệu chứng đau bụng nổi bật và các rối loạn tâm thể đi kèm không đáp ứng với các điều trị thông thường, nhóm thuốc nào sau đây có thể được xem xét?",Thuốc kháng histamin.,Thuốc điều hòa thần kinh ruột (neuromodulators) như thuốc chống trầm cảm ba vòng (TCA) liều thấp.,Thuốc nhuận tràng.,Thuốc ức chế bơm proton (PPI).,,b,"Các thuốc điều hòa thần kinh ruột, chủ yếu là các thuốc chống trầm cảm dùng ở liều thấp hơn liều điều trị trầm cảm, là một lựa chọn spx?sourcedoc={186352b6-90cf-40c9-ba19-ae84e248ef20}&action=vie… 3/13 quan trọng. Chúng không chỉ tác động lên tâm trạng mà còn có tác dụng giảm đau trực tiếp và điều hòa nhu động ruột thông qua tác động lên các chất dẫn truyền thần kinh (serotonin, norepinephrine) trên trục não-ruột."
noi-hoi-chung-ruot-kich-thich-case-5-5,noi,Hội chứng ruột kích thích - IBS,Tiêu hoá,"Bệnh nhân nữ 45 tuổi, đến khám vì đau bụng lan tỏa và đầy hơi mạn tính. Bệnh nhân được chẩn đoán IBS thể hỗn hợp cách đây nhiều năm. Ngoài các triệu chứng đường ruột, bệnh nhân còn thường xuyên cảm thấy đau mỏi cơ xương khớp lan tỏa, mệt mỏi rã rời, ngủ không sâu giấc và hay đau đầu. Các triệu chứng này làm bệnh nhân rất khó chịu, ảnh hưởng đến cả công việc và cuộc sống gia đình, khiến bà trở nên lo âu và có phần trầm cảm. Khám lâm sàng không có dấu hiệu thực thể đặc biệt ngoài việc ấn đau nhiều điểm trên cơ thể. Tất cả các xét nghiệm sàng lọc đều bình thường.","Amitriptyline, một loại TCA, giúp cải thiện triệu chứng đau ở bệnh nhân IBS bằng cơ chế nào?",Có tác dụng giảm đau nội tại ở cấp độ thần kinh trung ương và làm chậm nhu động ruột.,Chỉ có tác dụng chống trầm cảm.,Làm tăng tốc độ vận chuyển của ruột.,Có tác dụng kháng viêm mạnh. https://onedrive.live.com/personal/2672550e42ddc7d4/_layouts/15/Doc.,,a,"Amitriptyline ở liều thấp (10-25mg/ngày) có nhiều tác dụng hữu ích trong IBS. Nó có tác dụng giảm đau trung ương mạnh (analgesic effect) độc lập với tác dụng chống trầm cảm, và tác dụng kháng cholinergic của nó giúp làm chậm nhu động ruột, rất phù hợp cho bệnh nhân IBS-D hoặc IBS-M có triệu chứng đau nổi bật."
noi-hoi-chung-ruot-kich-thich-case-6-1,noi,Hội chứng ruột kích thích - IBS,Tiêu hoá,"Bệnh nhân nữ 28 tuổi, đến khám vì tiêu chảy mạn tính và chướng bụng. Bệnh nhân có các triệu chứng của IBS-D, nhưng điều làm cô lo lắng nhất là tiền sử mẹ cô được chẩn đoán bệnh Celiac. Bác sĩ nghi ngờ bệnh nhân cũng có thể mắc bệnh Celiac và cần phải làm xét nghiệm để loại trừ. Bệnh nhân không có thiếu máu hay sụt cân.",Bệnh Celiac là một bệnh lý có cơ chế gì?,Rối loạn chức năng vận động của ruột non.,Nhiễm một loại ký sinh trùng.,Dị ứng với lúa mì.,"Một bệnh tự miễn dịch do không dung nạp gluten, gây viêm và teo nhung mao ruột non.",,d,"Bệnh Celiac là một bệnh tự miễn toàn thân, khởi phát do việc ăn gluten (một loại protein có trong lúa mì, lúa mạch, lúa mạch đen) ở những người có cơ địa di truyền nhạy cảm. Phản ứng miễn dịch này gây tổn thương niêm mạc ruột non."
noi-hoi-chung-ruot-kich-thich-case-6-2,noi,Hội chứng ruột kích thích - IBS,Tiêu hoá,"Bệnh nhân nữ 28 tuổi, đến khám vì tiêu chảy mạn tính và chướng bụng. Bệnh nhân có các triệu chứng của IBS-D, nhưng điều làm cô lo lắng nhất là tiền sử mẹ cô được chẩn đoán bệnh Celiac. Bác sĩ nghi ngờ bệnh nhân cũng có thể mắc bệnh Celiac và cần phải làm xét nghiệm để loại trừ. Bệnh nhân không có thiếu máu hay sụt cân.",Xét nghiệm huyết thanh học nào là bước đầu tiên để sàng lọc bệnh Celiac?,Kháng thể kháng tissue transglutaminase (anti-tTG) IgA.,Kháng thể kháng ty thể (AMA).,Nồng độ IgE toàn phần.,Kháng thể kháng nhân (ANA).,,a,"Xét nghiệm anti-tTG IgA là xét nghiệm sàng lọc có độ nhạy và độ đặc hiệu cao nhất. Cần đo đồng thời nồng độ IgA toàn phần để loại trừ trường hợp thiếu hụt IgA bẩm sinh, có thể cho kết quả anti- tTG IgA âm tính giả."
noi-hoi-chung-ruot-kich-thich-case-6-3,noi,Hội chứng ruột kích thích - IBS,Tiêu hoá,"Bệnh nhân nữ 28 tuổi, đến khám vì tiêu chảy mạn tính và chướng bụng. Bệnh nhân có các triệu chứng của IBS-D, nhưng điều làm cô lo lắng nhất là tiền sử mẹ cô được chẩn đoán bệnh Celiac. Bác sĩ nghi ngờ bệnh nhân cũng có thể mắc bệnh Celiac và cần phải làm xét nghiệm để loại trừ. Bệnh nhân không có thiếu máu hay sụt cân.",Tại sao việc chẩn đoán phân biệt giữa IBS và bệnh Celiac lại quan trọng?,Vì bệnh Celiac có thể tự khỏi.,Vì cả hai bệnh đều có triệu chứng giống hệt nhau.,"Vì bệnh Celiac là một bệnh có tổn thương thực thể, có thể dẫn đến các biến chứng nghiêm trọng (suy dinh dưỡng, loãng xương, ung thư) nếu không được điều trị bằng chế độ ăn không gluten.",Vì thuốc điều trị IBS không có tác dụng với bệnh Celiac.,,c,"Triệu chứng của bệnh Celiac (đau bụng, tiêu chảy, chướng bụng) có thể rất giống với IBS. Tuy nhiên, việc bỏ sót chẩn đoán Celiac là rất nguy hiểm, vì tình trạng viêm và teo nhung mao kéo dài sẽ làm giảm hấp thu các chất dinh dưỡng quan trọng, dẫn đến thiếu máu, loãng xương, và tăng nguy cơ mắc một số loại ung thư như u lympho ruột."
noi-hoi-chung-ruot-kich-thich-case-6-4,noi,Hội chứng ruột kích thích - IBS,Tiêu hoá,"Bệnh nhân nữ 28 tuổi, đến khám vì tiêu chảy mạn tính và chướng bụng. Bệnh nhân có các triệu chứng của IBS-D, nhưng điều làm cô lo lắng nhất là tiền sử mẹ cô được chẩn đoán bệnh Celiac. Bác sĩ nghi ngờ bệnh nhân cũng có thể mắc bệnh Celiac và cần phải làm xét nghiệm để loại trừ. Bệnh nhân không có thiếu máu hay sụt cân.",Thăm dò nào là tiêu chuẩn vàng để chẩn đoán xác định bệnh Celiac?,Nội soi viên nang.,Xét nghiệm hơi thở.,Nội soi dạ dày-tá tràng và sinh thiết tá tràng.,Chụp CT bụng.,,c,"Tiêu chuẩn vàng là sinh thiết. Nội soi sẽ cho thấy hình ảnh niêm mạc tá tràng có các nếp gấp dẹt, hình vỏ sò. Mẫu sinh thiết sau đó được phân tích dưới kính hiển vi để tìm các tổn thương đặc trưng, được phân loại theo thang điểm Marsh."
noi-hoi-chung-ruot-kich-thich-case-6-5,noi,Hội chứng ruột kích thích - IBS,Tiêu hoá,"Bệnh nhân nữ 28 tuổi, đến khám vì tiêu chảy mạn tính và chướng bụng. Bệnh nhân có các triệu chứng của IBS-D, nhưng điều làm cô lo lắng nhất là tiền sử mẹ cô được chẩn đoán bệnh Celiac. Bác sĩ nghi ngờ bệnh nhân cũng có thể mắc bệnh Celiac và cần phải làm xét nghiệm để loại trừ. Bệnh nhân không có thiếu máu hay sụt cân.",Đặc điểm mô bệnh học kinh điển của bệnh Celiac là gì?,"Teo các nhung mao, tăng sản các hốc tuyến và tăng tế bào lympho nội biểu mô ở niêm mạc tá tràng.",Thâm nhiễm tương bào ở đại tràng.,Tăng sản các tuyến ở dạ dày.,Niêm mạc hoàn toàn bình thường.,,a,"Đây là bộ ba tổn thương mô bệnh học kinh điển của bệnh Celiac, phản ánh quá trình phá hủy cấu trúc và viêm mạn tính của niêm mạc ruột non do phản ứng với gluten."
noi-hoi-chung-ruot-kich-thich-case-7-1,noi,Hội chứng ruột kích thích - IBS,Tiêu hoá,"Bệnh nhân nam 42 tuổi, bị IBS-D từ nhiều năm, đến khám vì triệu chứng chướng bụng và đầy hơi rất nặng. Bệnh nhân mô tả bụng anh phình to lên như cái trống sau mỗi bữa ăn, kèm theo trung tiện rất nhiều. Anh đã thử nhiều loại thuốc nhưng không đỡ. Bác sĩ nghi ngờ bệnh nhân có thể có tình trạng quá phát vi khuẩn ruột non (SIBO) đi kèm.",SIBO (Small Intestinal Bacterial Overgrowth) là tình trạng gì?,Không có vi khuẩn nào trong ruột non.,Loạn khuẩn ở đại tràng.,Sự hiện diện của một số lượng vi khuẩn quá mức và/hoặc loại vi khuẩn bất thường trong ruột non.,Nhiễm trùng ruột non do vi khuẩn tả.,,c,Ruột non bình thường chỉ chứa một lượng vi khuẩn tương đối nhỏ. SIBO xảy ra khi số lượng vi khuẩn ở đây tăng lên quá mức (>10³-10⁵ CFU/mL) hoặc khi các loại vi khuẩn thường trú ở đại tràng di chuyển ngược lên ruột non.
noi-hoi-chung-ruot-kich-thich-case-7-2,noi,Hội chứng ruột kích thích - IBS,Tiêu hoá,"Bệnh nhân nam 42 tuổi, bị IBS-D từ nhiều năm, đến khám vì triệu chứng chướng bụng và đầy hơi rất nặng. Bệnh nhân mô tả bụng anh phình to lên như cái trống sau mỗi bữa ăn, kèm theo trung tiện rất nhiều. Anh đã thử nhiều loại thuốc nhưng không đỡ. Bác sĩ nghi ngờ bệnh nhân có thể có tình trạng quá phát vi khuẩn ruột non (SIBO) đi kèm.",Cơ chế nào giải thích tại sao SIBO lại gây ra chướng bụng và đầy hơi?,Vi khuẩn làm giảm hấp thu nước.,"Vi khuẩn trong ruột non lên men các carbohydrate từ thức ăn và tạo ra một lượng lớn khí (hydro, metan).",Vi khuẩn gây ra tình trạng viêm loét niêm mạc.,Vi khuẩn sản xuất ra các độc tố gây liệt ruột.,,b,"Khi thức ăn (đặc biệt là carbohydrate) đi đến ruột non, đám vi khuẩn quá phát này sẽ lên men chúng từ rất sớm, tạo ra một lượng khí lớn. Lượng khí này làm căng chướng ruột non, gây ra các triệu chứng chướng bụng, đầy spx?sourcedoc={186352b6-90cf-40c9-ba19-ae84e248ef20}&action=vie… 4/13 hơi, đau bụng và thay đổi thói quen đi ngoài."
noi-hoi-chung-ruot-kich-thich-case-7-3,noi,Hội chứng ruột kích thích - IBS,Tiêu hoá,"Bệnh nhân nam 42 tuổi, bị IBS-D từ nhiều năm, đến khám vì triệu chứng chướng bụng và đầy hơi rất nặng. Bệnh nhân mô tả bụng anh phình to lên như cái trống sau mỗi bữa ăn, kèm theo trung tiện rất nhiều. Anh đã thử nhiều loại thuốc nhưng không đỡ. Bác sĩ nghi ngờ bệnh nhân có thể có tình trạng quá phát vi khuẩn ruột non (SIBO) đi kèm.",Thăm dò không xâm lấn nào thường được sử dụng để chẩn đoán SIBO?,Nội soi đại tràng.,Xét nghiệm máu.,Xét nghiệm hơi thở hydro/metan (Hydrogen/Methane Breath Test).,Xét nghiệm phân.,,c,"Test hơi thở là một phương pháp chẩn đoán gián tiếp. Bệnh nhân sẽ uống một loại đường (lactulose hoặc glucose). Nếu có SIBO, vi khuẩn trong ruột non sẽ lên men đường này và tạo ra khí hydro hoặc metan. Các khí này được hấp thu vào máu, đưa đến phổi và được thải ra qua hơi thở. Việc đo nồng độ khí trong hơi thở sẽ cho thấy sự gia tăng sớm và đáng kể."
noi-hoi-chung-ruot-kich-thich-case-7-4,noi,Hội chứng ruột kích thích - IBS,Tiêu hoá,"Bệnh nhân nam 42 tuổi, bị IBS-D từ nhiều năm, đến khám vì triệu chứng chướng bụng và đầy hơi rất nặng. Bệnh nhân mô tả bụng anh phình to lên như cái trống sau mỗi bữa ăn, kèm theo trung tiện rất nhiều. Anh đã thử nhiều loại thuốc nhưng không đỡ. Bác sĩ nghi ngờ bệnh nhân có thể có tình trạng quá phát vi khuẩn ruột non (SIBO) đi kèm.",Mối liên quan giữa SIBO và IBS là gì? https://onedrive.live.com/personal/2672550e42ddc7d4/_layouts/15/Doc.,SIBO là một biến chứng của điều trị IBS.,SIBO được cho là một trong những nguyên nhân hoặc yếu tố góp phần gây ra các triệu chứng ở một bộ phận bệnh nhân IBS.,Tất cả bệnh nhân IBS đều có SIBO.,Không có mối liên quan.,,b,"Mối liên quan này khá phức tạp và còn nhiều tranh cãi, nhưng có một sự chồng chéo đáng kể về triệu chứng. Nhiều nghiên cứu cho thấy tỷ lệ SIBO ở bệnh nhân IBS cao hơn so với dân số chung. Người ta cho rằng SIBO có thể là một yếu tố nền gây ra các triệu chứng giống IBS ở một số người."
noi-hoi-chung-ruot-kich-thich-case-7-5,noi,Hội chứng ruột kích thích - IBS,Tiêu hoá,"Bệnh nhân nam 42 tuổi, bị IBS-D từ nhiều năm, đến khám vì triệu chứng chướng bụng và đầy hơi rất nặng. Bệnh nhân mô tả bụng anh phình to lên như cái trống sau mỗi bữa ăn, kèm theo trung tiện rất nhiều. Anh đã thử nhiều loại thuốc nhưng không đỡ. Bác sĩ nghi ngờ bệnh nhân có thể có tình trạng quá phát vi khuẩn ruột non (SIBO) đi kèm.",Hướng điều trị chính cho SIBO là gì?,Dùng men vi sinh (probiotics) liều cao.,Sử dụng một đợt kháng sinh (thường là Rifaximin) để làm giảm số lượng vi khuẩn trong ruột non.,Chế độ ăn không có carbohydrate.,Dùng thuốc nhuận tràng để tống vi khuẩn ra ngoài.,,b,"Mục tiêu điều trị là làm giảm bớt số lượng vi khuẩn trong ruột non. Các liệu trình kháng sinh ngắn ngày, đặc biệt là Rifaximin (một kháng sinh không hấp thu, tác động tại chỗ), là phương pháp điều trị hiệu quả nhất. Điều trị cũng có thể bao gồm việc giải quyết các nguyên nhân nền (nếu có) và điều chỉnh chế độ ăn."
noi-hoi-chung-ruot-kich-thich-case-8-1,noi,Hội chứng ruột kích thích - IBS,Tiêu hoá,"Bệnh nhân nữ 32 tuổi, bị IBS-M, đến khám vì lo lắng về chế độ ăn. Bệnh nhân đọc trên mạng và thấy có nhiều lời khuyên khác nhau về thực phẩm nên và không nên ăn. Cô nhận thấy các triệu chứng chướng bụng, đau bụng của mình dường như nặng hơn sau khi ăn một số loại trái cây (táo, lê), rau (hành, tỏi) và các sản phẩm từ sữa.",Các loại thực phẩm mà bệnh nhân kể trên có đặc điểm chung là gì?,Chứa nhiều loại carbohydrate chuỗi ngắn dễ lên men (FODMAPs).,Chứa nhiều chất béo.,Chứa nhiều protein.,Chứa nhiều gluten.,,a,"Táo, lê (chứa nhiều fructose và sorbitol), hành, tỏi (chứa fructan), và sữa (chứa lactose) đều là những ví dụ điển hình của các thực phẩm có hàm lượng FODMAP cao."
noi-hoi-chung-ruot-kich-thich-case-8-2,noi,Hội chứng ruột kích thích - IBS,Tiêu hoá,"Bệnh nhân nữ 32 tuổi, bị IBS-M, đến khám vì lo lắng về chế độ ăn. Bệnh nhân đọc trên mạng và thấy có nhiều lời khuyên khác nhau về thực phẩm nên và không nên ăn. Cô nhận thấy các triệu chứng chướng bụng, đau bụng của mình dường như nặng hơn sau khi ăn một số loại trái cây (táo, lê), rau (hành, tỏi) và các sản phẩm từ sữa.",FODMAPs gây ra triệu chứng ở bệnh nhân IBS nhạy cảm bằng cơ chế nào?,Có tính thẩm thấu (kéo nước vào lòng ruột) và bị vi khuẩn đường ruột lên men nhanh chóng (sinh khí).,Làm chậm quá trình làm rỗng dạ dày.,Gây ra một phản ứng dị ứng qua trung gian IgE.,Gây kích ứng trực tiếp niêm mạc ruột.,,a,"FODMAPs là các carbohydrate khó hấp thu ở ruột non. Khi chúng đi xuống các đoạn ruột sau, chúng sẽ: (1) Kéo nước vào lòng ruột do hiệu ứng thẩm thấu, gây tiêu chảy; và (2) Bị hệ vi sinh vật đường ruột lên men rất nhanh, tạo ra một lượng lớn khí (hydro, metan, CO₂), gây chướng bụng, đầy hơi và đau bụng do căng giãn thành ruột."
noi-hoi-chung-ruot-kich-thich-case-8-3,noi,Hội chứng ruột kích thích - IBS,Tiêu hoá,"Bệnh nhân nữ 32 tuổi, bị IBS-M, đến khám vì lo lắng về chế độ ăn. Bệnh nhân đọc trên mạng và thấy có nhiều lời khuyên khác nhau về thực phẩm nên và không nên ăn. Cô nhận thấy các triệu chứng chướng bụng, đau bụng của mình dường như nặng hơn sau khi ăn một số loại trái cây (táo, lê), rau (hành, tỏi) và các sản phẩm từ sữa.",Chế độ ăn low-FODMAP bao gồm những bước nào?,Chỉ cần loại bỏ hoàn toàn các thực phẩm chứa FODMAP suốt đời.,"Bao gồm 3 giai đoạn: Loại bỏ (elimination), Thử lại (reintroduction), và Cá nhân hóa (personalization).",Ăn càng nhiều FODMAP càng tốt để tập làm quen.,Chỉ cần tránh các sản phẩm từ sữa.,,b,"Đây là cách tiếp cận chuẩn của chế độ ăn low- FODMAP dưới sự hướng dẫn của chuyên gia dinh dưỡng. Giai đoạn loại bỏ (2-6 tuần) để xem triệu chứng có cải thiện không. Giai đoạn thử lại từng nhóm FODMAP để xác định độ nhạy cảm. Giai đoạn cá nhân hóa để xây dựng một chế độ ăn lâu dài, chỉ hạn chế những loại thực phẩm thực sự gây triệu chứng."
noi-hoi-chung-ruot-kich-thich-case-8-4,noi,Hội chứng ruột kích thích - IBS,Tiêu hoá,"Bệnh nhân nữ 32 tuổi, bị IBS-M, đến khám vì lo lắng về chế độ ăn. Bệnh nhân đọc trên mạng và thấy có nhiều lời khuyên khác nhau về thực phẩm nên và không nên ăn. Cô nhận thấy các triệu chứng chướng bụng, đau bụng của mình dường như nặng hơn sau khi ăn một số loại trái cây (táo, lê), rau (hành, tỏi) và các sản phẩm từ sữa.","Tại sao giai đoạn ""Thử lại"" lại quan trọng?",Để giảm cân.,"Để xác định chính xác loại FODMAP và ngưỡng dung nạp của từng cá nhân, từ đó xây dựng một chế độ ăn đa dạng nhất có thể.",Vì chế độ ăn loại bỏ quá nghiêm ngặt.,Để chứng minh rằng bệnh nhân không thực sự nhạy cảm với FODMAP.,,b,"Hầu hết mọi người không nhạy cảm với tất cả các nhóm FODMAP. Giai đoạn thử lại một cách có hệ thống giúp bệnh nhân và chuyên gia dinh dưỡng xác định được ""thủ phạm"" chính và liều lượng có thể dung nạp. Điều này giúp tránh việc kiêng khem không cần thiết, đảm bảo chế độ ăn đa dạng và bền vững hơn về lâu dài."
noi-hoi-chung-ruot-kich-thich-case-8-5,noi,Hội chứng ruột kích thích - IBS,Tiêu hoá,"Bệnh nhân nữ 32 tuổi, bị IBS-M, đến khám vì lo lắng về chế độ ăn. Bệnh nhân đọc trên mạng và thấy có nhiều lời khuyên khác nhau về thực phẩm nên và không nên ăn. Cô nhận thấy các triệu chứng chướng bụng, đau bụng của mình dường như nặng hơn sau khi ăn một số loại trái cây (táo, lê), rau (hành, tỏi) và các sản phẩm từ sữa.","Ngoài chế độ ăn, lời khuyên nào về lối sống ăn uống cũng rất quan trọng cho bệnh nhân IBS?","Ăn các bữa ăn nhỏ, đều đặn, nhai kỹ và tránh các chất kích thích như caffeine, rượu.","Ăn các bữa ăn lớn, không thường xuyên.",Ăn thật nhanh để tiết kiệm thời gian.,Bỏ bữa sáng. https://onedrive.live.com/personal/2672550e42ddc7d4/_layouts/15/Doc.,,a,"Cách thức ăn uống cũng quan trọng như loại thực phẩm. Ăn các bữa ăn lớn có thể làm quá tải hệ tiêu hóa. Ăn vội vàng, không nhai kỹ làm tăng lượng khí nuốt vào. Caffeine và rượu là những chất kích thích có thể làm tăng nhu động ruột. Do đó, việc áp dụng các thói quen ăn uống spx?sourcedoc={186352b6-90cf-40c9-ba19-ae84e248ef20}&action=vie… 5/13 lành mạnh là một phần quan trọng trong quản lý IBS."
noi-hoi-chung-ruot-kich-thich-case-9-1,noi,Hội chứng ruột kích thích - IBS,Tiêu hoá,"Bệnh nhân nữ 24 tuổi, được chẩn đoán IBS-D, có triệu chứng đau bụng và lo âu nổi bật. Bệnh nhân rất sợ ra ngoài vì lo lắng sẽ bị đau bụng và phải tìm nhà vệ sinh gấp. Nỗi lo này ảnh hưởng đến việc học và giao tiếp xã hội của cô. Bệnh nhân đã thử điều chỉnh chế độ ăn và dùng loperamide khi cần nhưng vẫn không kiểm soát được triệu chứng đau và sự lo lắng.","Mối liên quan giữa stress, lo âu và các triệu chứng IBS là gì?","Không có mối liên quan, đây là hai vấn đề riêng biệt.","IBS gây ra stress, nhưng stress không ảnh hưởng đến IBS.",Chỉ những người bị lo âu mới mắc IBS.,Stress và lo âu có thể làm trầm trọng thêm các triệu chứng của IBS thông qua trục não-ruột.,,d,"Đây là một mối quan hệ hai chiều. IBS có thể gây ra stress và lo âu, và ngược lại, các yếu tố tâm lý xã hội này là những tác nhân mạnh mẽ có thể khởi phát hoặc làm trầm trọng thêm các triệu chứng của IBS. Đây là một ví dụ điển hình của sự tương tác trên trục não-ruột."
noi-hoi-chung-ruot-kich-thich-case-9-2,noi,Hội chứng ruột kích thích - IBS,Tiêu hoá,"Bệnh nhân nữ 24 tuổi, được chẩn đoán IBS-D, có triệu chứng đau bụng và lo âu nổi bật. Bệnh nhân rất sợ ra ngoài vì lo lắng sẽ bị đau bụng và phải tìm nhà vệ sinh gấp. Nỗi lo này ảnh hưởng đến việc học và giao tiếp xã hội của cô. Bệnh nhân đã thử điều chỉnh chế độ ăn và dùng loperamide khi cần nhưng vẫn không kiểm soát được triệu chứng đau và sự lo lắng.",Cơ chế nào giải thích việc stress làm nặng thêm triệu chứng tiêu chảy và đau bụng?,Stress làm tăng hấp thu nước ở đại tràng.,Stress làm giảm lưu lượng máu đến ruột.,"Stress kích hoạt hệ thần kinh giao cảm và giải phóng các hormone như cortisol, có thể làm tăng nhu động ruột và tăng nhạy cảm tạng.",Stress làm giảm tiết acid dạ dày.,,c,"Khi bị stress, não bộ sẽ gửi các tín hiệu xuống ruột thông qua hệ thần kinh tự chủ và trục nội tiết. Phản ứng ""chiến đấu hay bỏ chạy"" làm tăng giải phóng catecholamine và cortisol, có thể làm tăng co bóp của đại tràng (gây tiêu chảy) và làm giảm ngưỡng cảm nhận đau (tăng nhạy cảm tạng)."
noi-hoi-chung-ruot-kich-thich-case-9-3,noi,Hội chứng ruột kích thích - IBS,Tiêu hoá,"Bệnh nhân nữ 24 tuổi, được chẩn đoán IBS-D, có triệu chứng đau bụng và lo âu nổi bật. Bệnh nhân rất sợ ra ngoài vì lo lắng sẽ bị đau bụng và phải tìm nhà vệ sinh gấp. Nỗi lo này ảnh hưởng đến việc học và giao tiếp xã hội của cô. Bệnh nhân đã thử điều chỉnh chế độ ăn và dùng loperamide khi cần nhưng vẫn không kiểm soát được triệu chứng đau và sự lo lắng.",Liệu pháp tâm lý nào đã được chứng minh là có hiệu quả trong việc quản lý các triệu chứng của IBS?,Chỉ có dùng thuốc an thần.,Phân tâm học.,Liệu pháp nhận thức-hành vi (CBT) và liệu pháp thôi miên hướng ruột (gut- directed hypnotherapy).,Liệu pháp sốc điện.,,c,"Cả CBT và liệu pháp thôi miên hướng ruột đều có bằng chứng mạnh mẽ cho thấy hiệu quả trong việc cải thiện các triệu chứng toàn thể, đau bụng và chất lượng cuộc sống ở bệnh nhân IBS, đặc biệt là những người không đáp ứng với các điều trị thông thường."
noi-hoi-chung-ruot-kich-thich-case-9-4,noi,Hội chứng ruột kích thích - IBS,Tiêu hoá,"Bệnh nhân nữ 24 tuổi, được chẩn đoán IBS-D, có triệu chứng đau bụng và lo âu nổi bật. Bệnh nhân rất sợ ra ngoài vì lo lắng sẽ bị đau bụng và phải tìm nhà vệ sinh gấp. Nỗi lo này ảnh hưởng đến việc học và giao tiếp xã hội của cô. Bệnh nhân đã thử điều chỉnh chế độ ăn và dùng loperamide khi cần nhưng vẫn không kiểm soát được triệu chứng đau và sự lo lắng.","Đối với bệnh nhân có triệu chứng đau và tiêu chảy nổi bật liên quan đến lo âu, loại thuốc điều hòa thần kinh nào thường được ưu tiên lựa chọn?",Thuốc chống loạn thần.,Thuốc chống trầm cảm ba vòng (TCA) liều thấp.,Thuốc ức chế tái hấp thu serotonin chọn lọc (SSRI).,Benzodiazepines.,,b,"TCA (như Amitriptyline, Nortriptyline) ở liều thấp có tác dụng giảm đau trung ương và làm chậm thời gian vận chuyển của ruột do tác dụng kháng cholinergic. Do đó, chúng rất phù hợp cho bệnh nhân IBS-D có triệu chứng đau nổi bật. SSRI có thể làm tăng nhu động ruột nên thường được ưu tiên hơn cho bệnh nhân IBS-C."
noi-hoi-chung-ruot-kich-thich-case-9-5,noi,Hội chứng ruột kích thích - IBS,Tiêu hoá,"Bệnh nhân nữ 24 tuổi, được chẩn đoán IBS-D, có triệu chứng đau bụng và lo âu nổi bật. Bệnh nhân rất sợ ra ngoài vì lo lắng sẽ bị đau bụng và phải tìm nhà vệ sinh gấp. Nỗi lo này ảnh hưởng đến việc học và giao tiếp xã hội của cô. Bệnh nhân đã thử điều chỉnh chế độ ăn và dùng loperamide khi cần nhưng vẫn không kiểm soát được triệu chứng đau và sự lo lắng.",Mục tiêu của Liệu pháp nhận thức-hành vi (CBT) trong điều trị IBS là gì?,Để tìm ra nguyên nhân gây bệnh trong quá khứ.,Để bệnh nhân chấp nhận sống chung với bệnh mà không cần thay đổi gì.,Để chữa khỏi bệnh hoàn toàn.,"Giúp bệnh nhân thay đổi các suy nghĩ, cảm xúc và hành vi tiêu cực liên quan đến các triệu chứng, và phát triển các chiến lược đối phó hiệu quả hơn.",,d,"CBT là một liệu pháp tâm lý tập trung vào việc giải quyết các vấn đề hiện tại. Đối với IBS, CBT giúp bệnh nhân nhận diện và thay đổi những suy nghĩ ""thảm họa hóa"" về các triệu chứng (ví dụ: ""cơn đau này sẽ không bao giờ hết""), giảm các hành vi né tránh (ví dụ: không dám ra khỏi nhà), và học các kỹ năng thư giãn, đối phó với stress để giảm tác động của nó lên các triệu chứng ruột."
noi-hoi-chung-ruot-kich-thich-case-10-1,noi,Hội chứng ruột kích thích - IBS,Tiêu hoá,"Bệnh nhân nam 50 tuổi, đến khám vì chướng bụng và đi ngoài phân lỏng. Bệnh nhân khai rằng các triệu chứng này đã có từ lâu, nhưng gần đây nặng hơn sau khi ông được chẩn đoán và điều trị ung thư đại tràng giai đoạn II bằng phẫu thuật cắt đại tràng phải. Bệnh nhân không còn đau bụng nhiều, nhưng tình trạng đi ngoài phân lỏng nhiều lần trong ngày và chướng bụng làm ông rất khó chịu. Bệnh nhân không sốt, không sụt cân thêm sau mổ.",Tình trạng tiêu chảy và chướng bụng của bệnh nhân sau phẫu thuật cắt đại tràng phải có thể do nguyên nhân gì?,Tái phát ung thư.,Tác dụng phụ của hóa trị.,Nhiễm trùng Clostridium difficile.,Tiêu chảy do kém hấp thu acid mật (Bile Acid Malabsorption - BAM).,,d,"Nhiều bệnh nhân có các triệu chứng giống IBS-D thực chất là do tình trạng kém hấp thu acid mật. Đây là một nguyên nhân quan trọng cần được xem xét, đặc biệt ở những bệnh nhân đã có phẫu thuật cắt bỏ hồi tràng cuối hoặc bệnh lý ở vùng này (như bệnh Crohn)."
noi-hoi-chung-ruot-kich-thich-case-10-2,noi,Hội chứng ruột kích thích - IBS,Tiêu hoá,"Bệnh nhân nam 50 tuổi, đến khám vì chướng bụng và đi ngoài phân lỏng. Bệnh nhân khai rằng các triệu chứng này đã có từ lâu, nhưng gần đây nặng hơn sau khi ông được chẩn đoán và điều trị ung thư đại tràng giai đoạn II bằng phẫu thuật cắt đại tràng phải. Bệnh nhân không còn đau bụng nhiều, nhưng tình trạng đi ngoài phân lỏng nhiều lần trong ngày và chướng bụng làm ông rất khó chịu. Bệnh nhân không sốt, không sụt cân thêm sau mổ.",Cơ chế gây ra tiêu chảy do kém hấp thu acid mật là gì?,Do vi khuẩn phân giải acid mật thành các chất độc.,"Acid mật không được tái hấp thu đủ ở hồi tràng cuối, sẽ tràn xuống đại tràng và kích thích niêm mạc đại tràng tăng tiết nước và điện giải.",Acid mật gây ra phản ứng dị ứng.,Thiếu hụt acid mật gây kém hấp thu mỡ.,,b,"Acid mật sau khi giúp tiêu hóa mỡ ở ruột non sẽ được tái hấp thu gần như hoàn toàn ở đoạn cuối hồi tràng để quay trở lại gan. Khi quá trình này bị gián đoạn, một lượng lớn acid mật sẽ đi xuống đại tràng. Tại đây, chúng hoạt động như một chất ""nhuận tràng"" thẩm thấu và kích thích, làm đại tràng tăng tiết nước và co bóp, gây ra tiêu chảy. spx?sourcedoc={186352b6-90cf-40c9-ba19-ae84e248ef20}&action=vie… 6/13"
noi-hoi-chung-ruot-kich-thich-case-10-3,noi,Hội chứng ruột kích thích - IBS,Tiêu hoá,"Bệnh nhân nam 50 tuổi, đến khám vì chướng bụng và đi ngoài phân lỏng. Bệnh nhân khai rằng các triệu chứng này đã có từ lâu, nhưng gần đây nặng hơn sau khi ông được chẩn đoán và điều trị ung thư đại tràng giai đoạn II bằng phẫu thuật cắt đại tràng phải. Bệnh nhân không còn đau bụng nhiều, nhưng tình trạng đi ngoài phân lỏng nhiều lần trong ngày và chướng bụng làm ông rất khó chịu. Bệnh nhân không sốt, không sụt cân thêm sau mổ.",Tại sao phẫu thuật cắt đại tràng phải (bao gồm cả hồi tràng cuối) lại gây ra tình trạng này?,Vì hồi tràng cuối là vị trí chính để tái hấp thu acid mật trong chu trình gan- ruột.,Vì phẫu thuật làm tổn thương thần kinh chi phối cho ruột.,Vì đại tràng phải là nơi hấp thu nước chính.,Vì phẫu thuật làm thay đổi hệ vi sinh vật.,,a,Phẫu thuật cắt đại tràng phải thường bao gồm cả việc cắt bỏ một đoạn cuối của hồi tràng. Việc mất đi vị trí tái hấp thu acid mật chuyên biệt này chính là nguyên nhân trực tiếp gây ra BAM sau phẫu thuật.
noi-hoi-chung-ruot-kich-thich-case-10-4,noi,Hội chứng ruột kích thích - IBS,Tiêu hoá,"Bệnh nhân nam 50 tuổi, đến khám vì chướng bụng và đi ngoài phân lỏng. Bệnh nhân khai rằng các triệu chứng này đã có từ lâu, nhưng gần đây nặng hơn sau khi ông được chẩn đoán và điều trị ung thư đại tràng giai đoạn II bằng phẫu thuật cắt đại tràng phải. Bệnh nhân không còn đau bụng nhiều, nhưng tình trạng đi ngoài phân lỏng nhiều lần trong ngày và chướng bụng làm ông rất khó chịu. Bệnh nhân không sốt, không sụt cân thêm sau mổ.",Triệu chứng lâm sàng nào là điển hình của tiêu chảy do acid mật?,Tiêu chảy phân nhầy máu.,"Tiêu chảy phân nước, màu vàng, xảy ra đột ngột, cấp bách.",Phân có váng mỡ.,Táo bón. https://onedrive.live.com/personal/2672550e42ddc7d4/_layouts/15/Doc.,,b,"Tiêu chảy do acid mật thường được mô tả là tiêu chảy phân nước, màu vàng hoặc xanh, có tính chất ""bùng nổ"", xảy ra rất khẩn cấp, đôi khi gây són phân. Các triệu chứng khác bao gồm chướng bụng, đầy hơi và đau bụng."
noi-hoi-chung-ruot-kich-thich-case-10-5,noi,Hội chứng ruột kích thích - IBS,Tiêu hoá,"Bệnh nhân nam 50 tuổi, đến khám vì chướng bụng và đi ngoài phân lỏng. Bệnh nhân khai rằng các triệu chứng này đã có từ lâu, nhưng gần đây nặng hơn sau khi ông được chẩn đoán và điều trị ung thư đại tràng giai đoạn II bằng phẫu thuật cắt đại tràng phải. Bệnh nhân không còn đau bụng nhiều, nhưng tình trạng đi ngoài phân lỏng nhiều lần trong ngày và chướng bụng làm ông rất khó chịu. Bệnh nhân không sốt, không sụt cân thêm sau mổ.",Nhóm thuốc nào là lựa chọn điều trị hiệu quả cho tình trạng này?,Men vi sinh (Probiotics).,Thuốc gắn acid mật (Bile acid sequestrants) như Cholestyramine.,Thuốc ức chế bơm proton.,Loperamide.,,b,"Các thuốc gắn acid mật như Cholestyramine, Colestipol, Colesevelam là nền tảng của điều trị. Chúng hoạt động như một ""miếng bọt biển"" trong lòng ruột, gắn với các acid mật dư thừa và ngăn không cho chúng kích thích đại tràng, từ đó làm giảm tiêu chảy một cách hiệu quả."
noi-hoi-chung-ruot-kich-thich-case-11-1,noi,Hội chứng ruột kích thích - IBS,Tiêu hoá,"Bệnh nhân nữ 24 tuổi, sinh viên, đến khám vì đau quặn vùng bụng dưới nhiều đợt trong 6 tháng nay, đau tăng khi căng thẳng mùa thi. Cơn đau thường giảm rõ rệt sau khi đi đại tiện. Bệnh nhân đi tiêu phân lỏng nát, khoảng 3-4 lần/ngày, không có máu trong phân. Bệnh nhân không sụt cân, không sốt, không thức giấc ban đêm để đi tiêu. Khám lâm sàng: mạch 80 lần/phút, huyết áp 110/70 mmHg, nhiệt độ 36,8°C, BMI 21 kg/m². Bụng mềm, ấn tức nhẹ hố chậu trái, không sờ thấy khối u, gan lách không to. Thăm trực tràng rút găng không có máu. Cận lâm sàng: Hemoglobin 130 g/L, Bạch cầu 6,5 G/L, CRP 2 mg/L.",Định hướng chẩn đoán phù hợp nhất trên bệnh nhân này là gì?,Viêm loét đại trực tràng chảy máu.,Bệnh Celiac nhạy cảm gluten.,Viêm đại tràng vi thể mạn tính.,Hội chứng ruột kích thích thể tiêu chảy.,,d,"Bệnh cảnh nữ trẻ tuổi, đau bụng giảm sau đi tiêu, phân lỏng, liên quan đến căng thẳng, không có triệu chứng báo động (không sụt cân, không tiêu máu, không triệu chứng ban đêm, CRP và Hb bình thường) là điển hình của IBS thể tiêu chảy (IBS-D)."
noi-hoi-chung-ruot-kich-thich-case-11-2,noi,Hội chứng ruột kích thích - IBS,Tiêu hoá,"Bệnh nhân nữ 24 tuổi, sinh viên, đến khám vì đau quặn vùng bụng dưới nhiều đợt trong 6 tháng nay, đau tăng khi căng thẳng mùa thi. Cơn đau thường giảm rõ rệt sau khi đi đại tiện. Bệnh nhân đi tiêu phân lỏng nát, khoảng 3-4 lần/ngày, không có máu trong phân. Bệnh nhân không sụt cân, không sốt, không thức giấc ban đêm để đi tiêu. Khám lâm sàng: mạch 80 lần/phút, huyết áp 110/70 mmHg, nhiệt độ 36,8°C, BMI 21 kg/m². Bụng mềm, ấn tức nhẹ hố chậu trái, không sờ thấy khối u, gan lách không to. Thăm trực tràng rút găng không có máu. Cận lâm sàng: Hemoglobin 130 g/L, Bạch cầu 6,5 G/L, CRP 2 mg/L.",Tiêu chuẩn Rome IV chẩn đoán bệnh lý này yêu cầu đau bụng xuất hiện trung bình ít nhất bao nhiêu ngày trong một tuần?,Ba ngày.,Một ngày.,Hai ngày.,Bốn ngày.,,b,"Theo tiêu chuẩn Rome IV, chẩn đoán IBS đòi hỏi triệu chứng đau bụng tái phát trung bình ít nhất 1 ngày/tuần trong 3 tháng gần đây, kèm theo ít nhất 2 trong 3 đặc điểm: liên quan đến đi tiêu, thay đổi số lần đi tiêu, thay đổi hình thái phân."
noi-hoi-chung-ruot-kich-thich-case-11-3,noi,Hội chứng ruột kích thích - IBS,Tiêu hoá,"Bệnh nhân nữ 24 tuổi, sinh viên, đến khám vì đau quặn vùng bụng dưới nhiều đợt trong 6 tháng nay, đau tăng khi căng thẳng mùa thi. Cơn đau thường giảm rõ rệt sau khi đi đại tiện. Bệnh nhân đi tiêu phân lỏng nát, khoảng 3-4 lần/ngày, không có máu trong phân. Bệnh nhân không sụt cân, không sốt, không thức giấc ban đêm để đi tiêu. Khám lâm sàng: mạch 80 lần/phút, huyết áp 110/70 mmHg, nhiệt độ 36,8°C, BMI 21 kg/m². Bụng mềm, ấn tức nhẹ hố chậu trái, không sờ thấy khối u, gan lách không to. Thăm trực tràng rút găng không có máu. Cận lâm sàng: Hemoglobin 130 g/L, Bạch cầu 6,5 G/L, CRP 2 mg/L.",Xét nghiệm nào có giá trị cao nhất để phân biệt tình trạng của bệnh nhân với bệnh lý viêm ruột (IBD)?,Chụp cắt lớp vi tính ổ bụng.,Cấy phân tìm vi khuẩn.,Calprotectin trong phân.,Nội soi đại tràng toàn bộ.,,c,"Calprotectin phân là một marker viêm niêm mạc ruột rất nhạy. Ở bệnh nhân nghi ngờ IBS ở người trẻ không có triệu chứng báo động, Calprotectin phân bình thường giúp loại trừ bệnh lý viêm ruột (IBD) một cách đáng tin cậy mà không cần nội soi xâm lấn."
noi-hoi-chung-ruot-kich-thich-case-11-4,noi,Hội chứng ruột kích thích - IBS,Tiêu hoá,"Bệnh nhân nữ 24 tuổi, sinh viên, đến khám vì đau quặn vùng bụng dưới nhiều đợt trong 6 tháng nay, đau tăng khi căng thẳng mùa thi. Cơn đau thường giảm rõ rệt sau khi đi đại tiện. Bệnh nhân đi tiêu phân lỏng nát, khoảng 3-4 lần/ngày, không có máu trong phân. Bệnh nhân không sụt cân, không sốt, không thức giấc ban đêm để đi tiêu. Khám lâm sàng: mạch 80 lần/phút, huyết áp 110/70 mmHg, nhiệt độ 36,8°C, BMI 21 kg/m². Bụng mềm, ấn tức nhẹ hố chậu trái, không sờ thấy khối u, gan lách không to. Thăm trực tràng rút găng không có máu. Cận lâm sàng: Hemoglobin 130 g/L, Bạch cầu 6,5 G/L, CRP 2 mg/L.",Lựa chọn thuốc điều trị khởi đầu phù hợp nhất cho triệu chứng đau bụng của bệnh nhân là gì?,Thuốc chống co thắt cơ trơn.,Thuốc chống trầm cảm ba vòng.,Thuốc kháng sinh đường ruột.,Thuốc đồng vận thụ thể opioid.,,a,"Thuốc chống co thắt cơ trơn (như Mebeverine, Alverine, Otilonium bromide) là lựa chọn đầu tay hiệu quả và an toàn để kiểm soát triệu chứng đau quặn bụng do tăng co thắt ruột trong IBS."
noi-hoi-chung-ruot-kich-thich-case-11-5,noi,Hội chứng ruột kích thích - IBS,Tiêu hoá,"Bệnh nhân nữ 24 tuổi, sinh viên, đến khám vì đau quặn vùng bụng dưới nhiều đợt trong 6 tháng nay, đau tăng khi căng thẳng mùa thi. Cơn đau thường giảm rõ rệt sau khi đi đại tiện. Bệnh nhân đi tiêu phân lỏng nát, khoảng 3-4 lần/ngày, không có máu trong phân. Bệnh nhân không sụt cân, không sốt, không thức giấc ban đêm để đi tiêu. Khám lâm sàng: mạch 80 lần/phút, huyết áp 110/70 mmHg, nhiệt độ 36,8°C, BMI 21 kg/m². Bụng mềm, ấn tức nhẹ hố chậu trái, không sờ thấy khối u, gan lách không to. Thăm trực tràng rút găng không có máu. Cận lâm sàng: Hemoglobin 130 g/L, Bạch cầu 6,5 G/L, CRP 2 mg/L.","Nếu bệnh nhân tiếp tục tiêu chảy nhiều dù đã dùng thuốc khởi đầu, thuốc nào sau đây được bổ sung?",Loperamide.,Mesalamine.,Lubiprostone.,Linaclotide.,,a,"Loperamide là chất chủ vận thụ thể opioid tại ruột, giúp giảm nhu động ruột và kéo dài thời gian vận chuyển phân. Đây là thuốc bổ sung an toàn cho IBS-D khi tiêu chảy là triệu chứng nổi trội không đáp ứng với các biện pháp cơ bản. Nguồn tham khảo: Phác đồ ACG về quản lý Hội chứng ruột kích thích."
noi-hoi-chung-ruot-kich-thich-case-12-1,noi,Hội chứng ruột kích thích - IBS,Tiêu hoá,"Bệnh nhân nam 55 tuổi, nhân viên văn phòng, đến khám vì tình trạng táo bón kéo dài 1 năm nay. Bệnh nhân thường 3-4 ngày mới đi tiêu một lần, phân khô cứng thành từng cục nhỏ (phân dê), phải rặn nhiều. Kèm theo đó là cảm giác chướng bụng và đau âm ỉ dọc khung đại tràng, đau giảm nhẹ sau khi đi tiêu được. Bệnh nhân không sụt cân, ăn uống bình thường. Tiền sử tăng huyết áp đang dùng Amlodipine 5 mg/ngày. Khám: mạch 75 lần/phút, huyết áp 130/80 mmHg. Bụng chướng nhẹ, không điểm đau khu trú, không sờ thấy khối bất thường. Cận lâm sàng: Công thức máu bình thường, Glucose đói 5,5 mmol/L, TSH 2,1 mIU/L.",Vấn đề lâm sàng ưu tiên cần tầm soát ở bệnh nhân này trước khi kết luận bệnh lý chức năng là gì?,Đái tháo đường type 2.,Ung thư đại trực tràng.,Suy giáp trạng nguyên phát.,Viêm túi thừa đại tràng. https://onedrive.live.com/personal/2672550e42ddc7d4/_layouts/15/Doc.,,b,Bệnh nhân nam 55 tuổi mới khởi phát triệu chứng thay đổi thói quen đi tiêu (táo bón) là một triệu chứng báo động quan trọng. Việc tầm soát ung thư đại trực tràng (bằng nội soi đại tràng) là bắt buộc trước khi chẩn đoán IBS thể táo bón (IBS-C). spx?sourcedoc={186352b6-90cf-40c9-ba19-ae84e248ef20}&action=vie… 7/13
noi-hoi-chung-ruot-kich-thich-case-12-2,noi,Hội chứng ruột kích thích - IBS,Tiêu hoá,"Bệnh nhân nam 55 tuổi, nhân viên văn phòng, đến khám vì tình trạng táo bón kéo dài 1 năm nay. Bệnh nhân thường 3-4 ngày mới đi tiêu một lần, phân khô cứng thành từng cục nhỏ (phân dê), phải rặn nhiều. Kèm theo đó là cảm giác chướng bụng và đau âm ỉ dọc khung đại tràng, đau giảm nhẹ sau khi đi tiêu được. Bệnh nhân không sụt cân, ăn uống bình thường. Tiền sử tăng huyết áp đang dùng Amlodipine 5 mg/ngày. Khám: mạch 75 lần/phút, huyết áp 130/80 mmHg. Bụng chướng nhẹ, không điểm đau khu trú, không sờ thấy khối bất thường. Cận lâm sàng: Công thức máu bình thường, Glucose đói 5,5 mmol/L, TSH 2,1 mIU/L.",Nhóm dấu hiệu nào là triệu chứng báo động cần loại trừ bệnh thực thể trước khi chẩn đoán IBS?,Triệu chứng kéo dài trên sáu tháng và xét nghiệm cơ bản bình thường.,"Đau liên quan đại tiện, táo bón xen tiêu chảy và căng thẳng tâm lý.","Khởi phát muộn, sụt cân không chủ ý và triệu chứng đánh thức người bệnh về đêm.","Đau giảm sau đại tiện, đầy hơi sau ăn và thay đổi hình dạng phân.",,c,"Khởi phát ở tuổi lớn, sụt cân, thiếu máu, xuất huyết, tiền sử gia đình ung thư/IBD/celiac và triệu chứng về đêm là các dấu hiệu báo động. Đau liên quan đại tiện và thay đổi thói quen đi tiêu là đặc điểm của IBS chứ không phải red flag."
noi-hoi-chung-ruot-kich-thich-case-12-3,noi,Hội chứng ruột kích thích - IBS,Tiêu hoá,"Bệnh nhân nam 55 tuổi, nhân viên văn phòng, đến khám vì tình trạng táo bón kéo dài 1 năm nay. Bệnh nhân thường 3-4 ngày mới đi tiêu một lần, phân khô cứng thành từng cục nhỏ (phân dê), phải rặn nhiều. Kèm theo đó là cảm giác chướng bụng và đau âm ỉ dọc khung đại tràng, đau giảm nhẹ sau khi đi tiêu được. Bệnh nhân không sụt cân, ăn uống bình thường. Tiền sử tăng huyết áp đang dùng Amlodipine 5 mg/ngày. Khám: mạch 75 lần/phút, huyết áp 130/80 mmHg. Bụng chướng nhẹ, không điểm đau khu trú, không sờ thấy khối bất thường. Cận lâm sàng: Công thức máu bình thường, Glucose đói 5,5 mmol/L, TSH 2,1 mIU/L.",Cơ chế sinh lý bệnh nào góp phần gây ra tình trạng phân cứng ở bệnh nhân này?,Tăng nhu động đẩy của đại tràng.,Giảm trương lực cơ thắt hậu môn.,Kéo dài thời gian lưu chuyển phân.,Tăng xuất tiết dịch nhầy niêm mạc.,,c,"Trong IBS-C, sự rối loạn nhu động đại tràng dẫn đến thời gian lưu chuyển phân (transit time) bị kéo dài. Phân nằm lâu trong đại tràng khiến nước bị tái hấp thu quá mức, dẫn đến phân khô cứng (type 1 hoặc 2 theo thang điểm Bristol)."
noi-hoi-chung-ruot-kich-thich-case-12-4,noi,Hội chứng ruột kích thích - IBS,Tiêu hoá,"Bệnh nhân nam 55 tuổi, nhân viên văn phòng, đến khám vì tình trạng táo bón kéo dài 1 năm nay. Bệnh nhân thường 3-4 ngày mới đi tiêu một lần, phân khô cứng thành từng cục nhỏ (phân dê), phải rặn nhiều. Kèm theo đó là cảm giác chướng bụng và đau âm ỉ dọc khung đại tràng, đau giảm nhẹ sau khi đi tiêu được. Bệnh nhân không sụt cân, ăn uống bình thường. Tiền sử tăng huyết áp đang dùng Amlodipine 5 mg/ngày. Khám: mạch 75 lần/phút, huyết áp 130/80 mmHg. Bụng chướng nhẹ, không điểm đau khu trú, không sờ thấy khối bất thường. Cận lâm sàng: Công thức máu bình thường, Glucose đói 5,5 mmol/L, TSH 2,1 mIU/L.",Lựa chọn thuốc nhuận tràng nào được khuyến cáo ưu tiên cho bệnh nhân này?,Nhuận tràng kích thích.,Nhuận tràng làm trơn.,Nhuận tràng thụt tháo.,Nhuận tràng thẩm thấu.,,d,"Nhuận tràng thẩm thấu (như Polyethylene glycol - PEG hoặc Lactulose) là lựa chọn đầu tay cho IBS-C nhờ hiệu quả làm mềm phân tốt, an toàn khi sử dụng dài ngày và không gây tình trạng lệ thuộc ruột như nhuận tràng kích thích."
noi-hoi-chung-ruot-kich-thich-case-12-5,noi,Hội chứng ruột kích thích - IBS,Tiêu hoá,"Bệnh nhân nam 55 tuổi, nhân viên văn phòng, đến khám vì tình trạng táo bón kéo dài 1 năm nay. Bệnh nhân thường 3-4 ngày mới đi tiêu một lần, phân khô cứng thành từng cục nhỏ (phân dê), phải rặn nhiều. Kèm theo đó là cảm giác chướng bụng và đau âm ỉ dọc khung đại tràng, đau giảm nhẹ sau khi đi tiêu được. Bệnh nhân không sụt cân, ăn uống bình thường. Tiền sử tăng huyết áp đang dùng Amlodipine 5 mg/ngày. Khám: mạch 75 lần/phút, huyết áp 130/80 mmHg. Bụng chướng nhẹ, không điểm đau khu trú, không sờ thấy khối bất thường. Cận lâm sàng: Công thức máu bình thường, Glucose đói 5,5 mmol/L, TSH 2,1 mIU/L.","Nếu bệnh nhân không đáp ứng với thuốc nhuận tràng thông thường, nhóm thuốc nào sau đây là lựa chọn tiếp theo?",Kháng sinh tác dụng tại chỗ.,Chất đối kháng thụ thể 5-HT3.,Chất kích thích bài tiết dịch ruột.,Thuốc ức chế bơm proton.,,c,"Khi IBS-C kháng trị với nhuận tràng thẩm thấu, các chất kích thích bài tiết dịch ruột (Secretagogues) như Linaclotide hoặc Lubiprostone được chỉ định. Chúng làm tăng tiết dịch chloride và bicarbonate vào lòng ruột, giúp tăng vận chuyển phân và giảm đau nội tạng. Nguồn tham khảo: Phác đồ ACG về quản lý Hội chứng ruột kích thích."
noi-hoi-chung-ruot-kich-thich-case-13-1,noi,Hội chứng ruột kích thích - IBS,Tiêu hoá,"Bệnh nhân nam 30 tuổi, hướng dẫn viên du lịch, đến khám vì đi ngoài phân lỏng và đau quặn bụng kéo dài 4 tháng nay. Bệnh nhân kể lại 4 tháng trước có một đợt tiêu chảy cấp tính kèm sốt nhẹ sau khi ăn hải sản, đã tự khỏi sau 5 ngày. Tuy nhiên từ đó đến nay, bụng thường xuyên sôi, đi tiêu 2-3 lần/ngày phân nát, không lẫn máu. Bệnh nhân cảm thấy mệt mỏi, hay lo âu về bệnh. Khám: mạch 82 lần/phút, huyết áp 120/75 mmHg. Bụng mềm, không có phản ứng thành bụng. Xét nghiệm: Bạch cầu 7,0 G/L, Calprotectin phân < 50 μg/g, Cấy phân âm tính với vi khuẩn gây bệnh.",Tình trạng hiện tại của bệnh nhân được gọi tên là hội chứng gì?,Loạn khuẩn ruột do lạm dụng kháng sinh.,Hội chứng ruột kích thích hậu nhiễm trùng.,Hội chứng kém hấp thu sau nhiễm trùng.,Viêm loét đại trực tràng khởi phát muộn.,,b,"Sự khởi phát các triệu chứng thỏa mãn tiêu chuẩn IBS (đau bụng liên quan đến đi tiêu, thay đổi phân) ngay sau một đợt viêm dạ dày ruột cấp tính đã hồi phục được gọi là Hội chứng ruột kích thích hậu nhiễm trùng (Post-infectious IBS - PI-IBS)."
noi-hoi-chung-ruot-kich-thich-case-13-2,noi,Hội chứng ruột kích thích - IBS,Tiêu hoá,"Bệnh nhân nam 30 tuổi, hướng dẫn viên du lịch, đến khám vì đi ngoài phân lỏng và đau quặn bụng kéo dài 4 tháng nay. Bệnh nhân kể lại 4 tháng trước có một đợt tiêu chảy cấp tính kèm sốt nhẹ sau khi ăn hải sản, đã tự khỏi sau 5 ngày. Tuy nhiên từ đó đến nay, bụng thường xuyên sôi, đi tiêu 2-3 lần/ngày phân nát, không lẫn máu. Bệnh nhân cảm thấy mệt mỏi, hay lo âu về bệnh. Khám: mạch 82 lần/phút, huyết áp 120/75 mmHg. Bụng mềm, không có phản ứng thành bụng. Xét nghiệm: Bạch cầu 7,0 G/L, Calprotectin phân < 50 μg/g, Cấy phân âm tính với vi khuẩn gây bệnh.",Yếu tố nguy cơ nào sau đây đóng vai trò lớn nhất dẫn đến sự phát triển của hội chứng này?,Rối loạn chuyển hóa lipid máu mạn tính.,Mức độ nặng của đợt viêm ruột cấp tính ban đầu.,Tiền sử sử dụng thuốc giảm đau NSAIDs.,Tình trạng trào ngược dạ dày thực quản cũ.,,b,"Các yếu tố nguy cơ phát triển PI-IBS bao gồm: mức độ nặng và thời gian kéo dài của đợt viêm ruột cấp ban đầu, độc lực của vi khuẩn (VD: Campylobacter, Salmonella), giới tính nữ, và các yếu tố tâm lý đi kèm (lo âu, trầm cảm, stress)."
noi-hoi-chung-ruot-kich-thich-case-13-3,noi,Hội chứng ruột kích thích - IBS,Tiêu hoá,"Bệnh nhân nam 30 tuổi, hướng dẫn viên du lịch, đến khám vì đi ngoài phân lỏng và đau quặn bụng kéo dài 4 tháng nay. Bệnh nhân kể lại 4 tháng trước có một đợt tiêu chảy cấp tính kèm sốt nhẹ sau khi ăn hải sản, đã tự khỏi sau 5 ngày. Tuy nhiên từ đó đến nay, bụng thường xuyên sôi, đi tiêu 2-3 lần/ngày phân nát, không lẫn máu. Bệnh nhân cảm thấy mệt mỏi, hay lo âu về bệnh. Khám: mạch 82 lần/phút, huyết áp 120/75 mmHg. Bụng mềm, không có phản ứng thành bụng. Xét nghiệm: Bạch cầu 7,0 G/L, Calprotectin phân < 50 μg/g, Cấy phân âm tính với vi khuẩn gây bệnh.",Cơ chế bệnh sinh cốt lõi được cho là gây ra tình trạng kéo dài ở bệnh nhân này là gì?,Tắc nghẽn cơ học do dính ruột sau viêm.,Hoại tử mạn tính các nhung mao ruột non.,Hình thành các u hạt bã đậu trong thành ruột.,Viêm niêm mạc mức độ thấp và rối loạn hệ vi sinh.,,d,"PI-IBS không phải là bệnh lý tâm lý đơn thuần. Cơ chế bệnh sinh bao gồm tình trạng viêm niêm mạc đại tràng mức độ thấp dai dẳng (tăng tế bào mast, tế bào lympho), tăng tính thấm niêm mạc ruột và sự thay đổi vĩnh viễn của hệ vi sinh vật đường ruột (dysbiosis)."
noi-hoi-chung-ruot-kich-thich-case-13-4,noi,Hội chứng ruột kích thích - IBS,Tiêu hoá,"Bệnh nhân nam 30 tuổi, hướng dẫn viên du lịch, đến khám vì đi ngoài phân lỏng và đau quặn bụng kéo dài 4 tháng nay. Bệnh nhân kể lại 4 tháng trước có một đợt tiêu chảy cấp tính kèm sốt nhẹ sau khi ăn hải sản, đã tự khỏi sau 5 ngày. Tuy nhiên từ đó đến nay, bụng thường xuyên sôi, đi tiêu 2-3 lần/ngày phân nát, không lẫn máu. Bệnh nhân cảm thấy mệt mỏi, hay lo âu về bệnh. Khám: mạch 82 lần/phút, huyết áp 120/75 mmHg. Bụng mềm, không có phản ứng thành bụng. Xét nghiệm: Bạch cầu 7,0 G/L, Calprotectin phân < 50 μg/g, Cấy phân âm tính với vi khuẩn gây bệnh.",Liệu pháp kháng sinh nào sau đây được FDA công nhận để điều trị triệu chứng không táo bón của bệnh lý này?,Ciprofloxacin.,Metronidazole.,Azithromycin.,Rifaximin.,,d,"Rifaximin là kháng sinh đường ruột không hấp thu, được FDA cấp phép điều trị IBS không táo bón (IBS-D) để điều hòa lại hệ vi sinh vật đường ruột, làm giảm triệu chứng chướng bụng, đau bụng và tiêu chảy."
noi-hoi-chung-ruot-kich-thich-case-13-5,noi,Hội chứng ruột kích thích - IBS,Tiêu hoá,"Bệnh nhân nam 30 tuổi, hướng dẫn viên du lịch, đến khám vì đi ngoài phân lỏng và đau quặn bụng kéo dài 4 tháng nay. Bệnh nhân kể lại 4 tháng trước có một đợt tiêu chảy cấp tính kèm sốt nhẹ sau khi ăn hải sản, đã tự khỏi sau 5 ngày. Tuy nhiên từ đó đến nay, bụng thường xuyên sôi, đi tiêu 2-3 lần/ngày phân nát, không lẫn máu. Bệnh nhân cảm thấy mệt mỏi, hay lo âu về bệnh. Khám: mạch 82 lần/phút, huyết áp 120/75 mmHg. Bụng mềm, không có phản ứng thành bụng. Xét nghiệm: Bạch cầu 7,0 G/L, Calprotectin phân < 50 μg/g, Cấy phân âm tính với vi khuẩn gây bệnh.",Bệnh lý nào sau đây KHÔNG ĐÚNG khi được xem là chẩn đoán phân biệt cần loại trừ ở bệnh nhân này?,Bệnh nhạy cảm Gluten.,Nhiễm Giardia lamblia mạn.,Viêm tụy cấp thể hoại tử.,Bệnh viêm ruột IBD. https://onedrive.live.com/personal/2672550e42ddc7d4/_layouts/15/Doc.,,c,"Viêm tụy cấp thể hoại tử là một cấp cứu nội ngoại khoa rầm rộ với đau thượng vị dữ dội và amylase/lipase tăng cao, không thể nhầm lẫn với bệnh cảnh mạn tính, nhẹ nhàng của IBS. Các bệnh còn lại (IBD, Giardia mạn, Celiac) đều gây tiêu chảy mạn tính cần chẩn đoán phân biệt. Nguồn tham khảo: Hướng dẫn thực hành lâm sàng về chẩn đoán IBS. spx?sourcedoc={186352b6-90cf-40c9-ba19-ae84e248ef20}&action=vie… 8/13"
noi-hoi-chung-ruot-kich-thich-case-14-1,noi,Hội chứng ruột kích thích - IBS,Tiêu hoá,"Bệnh nhân nữ 42 tuổi, thợ may, phàn nàn về tình trạng đau tức vùng hạ vị và quanh rốn đã 3 năm nay. Thói quen đi tiêu của bệnh nhân rất thất thường: có đợt táo bón 4-5 ngày/lần phân cứng, xen kẽ với những đợt tiêu chảy 3 lần/ngày phân nát, mỗi đợt kéo dài vài tuần. Bệnh nhân hay mất ngủ, được chẩn đoán rối loạn lo âu lan tỏa đang dùng Alprazolam khi cần. Khám: mạch 88 lần/phút, huyết áp 110/70 mmHg. Bụng ấn tức nhẹ nhiều vùng, không có phản ứng thành bụng. Nội soi dạ dày và nội soi đại tràng 6 tháng trước hoàn toàn bình thường. Chức năng tuyến giáp bình thường.",Phân loại dưới nhóm lâm sàng nào chính xác nhất cho bệnh nhân này?,Hội chứng ruột kích thích thể táo bón.,Hội chứng ruột kích thích thể tiêu chảy.,Hội chứng ruột kích thích thể hỗn hợp.,Hội chứng ruột kích thích không phân loại.,,c,"Bệnh nhân có sự luân phiên giữa các đợt tiêu chảy (phân type 6, 7) và táo bón (phân type 1, 2), mỗi loại chiếm > 25% số lần đi tiêu bất thường, đáp ứng tiêu chuẩn của IBS thể hỗn hợp (IBS-M)."
noi-hoi-chung-ruot-kich-thich-case-14-2,noi,Hội chứng ruột kích thích - IBS,Tiêu hoá,"Bệnh nhân nữ 42 tuổi, thợ may, phàn nàn về tình trạng đau tức vùng hạ vị và quanh rốn đã 3 năm nay. Thói quen đi tiêu của bệnh nhân rất thất thường: có đợt táo bón 4-5 ngày/lần phân cứng, xen kẽ với những đợt tiêu chảy 3 lần/ngày phân nát, mỗi đợt kéo dài vài tuần. Bệnh nhân hay mất ngủ, được chẩn đoán rối loạn lo âu lan tỏa đang dùng Alprazolam khi cần. Khám: mạch 88 lần/phút, huyết áp 110/70 mmHg. Bụng ấn tức nhẹ nhiều vùng, không có phản ứng thành bụng. Nội soi dạ dày và nội soi đại tràng 6 tháng trước hoàn toàn bình thường. Chức năng tuyến giáp bình thường.",Trục thần kinh nào đóng vai trò then chốt trong sinh lý bệnh của các triệu chứng trên?,Trục não - ruột và hệ thần kinh ruột.,Trục dưới đồi - tuyến yên - thượng thận.,Trục giao cảm - tủy thượng thận.,Trục renin - angiotensin - aldosterone.,,a,"Trục Não - Ruột (Brain- Gut Axis) là cơ chế trung tâm giải thích IBS. Sự giao tiếp hai chiều giữa hệ thần kinh trung ương và hệ thần kinh ruột (ENS) bị rối loạn dẫn đến tăng nhạy cảm nội tạng, thay đổi nhu động ruột và phản ứng quá mức với stress."
noi-hoi-chung-ruot-kich-thich-case-14-3,noi,Hội chứng ruột kích thích - IBS,Tiêu hoá,"Bệnh nhân nữ 42 tuổi, thợ may, phàn nàn về tình trạng đau tức vùng hạ vị và quanh rốn đã 3 năm nay. Thói quen đi tiêu của bệnh nhân rất thất thường: có đợt táo bón 4-5 ngày/lần phân cứng, xen kẽ với những đợt tiêu chảy 3 lần/ngày phân nát, mỗi đợt kéo dài vài tuần. Bệnh nhân hay mất ngủ, được chẩn đoán rối loạn lo âu lan tỏa đang dùng Alprazolam khi cần. Khám: mạch 88 lần/phút, huyết áp 110/70 mmHg. Bụng ấn tức nhẹ nhiều vùng, không có phản ứng thành bụng. Nội soi dạ dày và nội soi đại tràng 6 tháng trước hoàn toàn bình thường. Chức năng tuyến giáp bình thường.",Bệnh lý đồng mắc nào thường xuyên xuất hiện nhất ở nhóm bệnh nhân này?,Xơ gan ứ mật tiên phát.,Suy tim sung huyết mạn tính.,Bệnh phổi tắc nghẽn mạn tính.,Hội chứng đau cơ xơ hóa.,,d,"Bệnh nhân IBS (đặc biệt ở nữ có yếu tố tâm lý) rất thường đồng mắc các hội chứng đau mạn tính chức năng khác như Hội chứng đau cơ xơ hóa (Fibromyalgia), đau vùng chậu mạn tính, hội chứng mệt mỏi mạn tính, đau nửa đầu (Migraine)."
noi-hoi-chung-ruot-kich-thich-case-14-4,noi,Hội chứng ruột kích thích - IBS,Tiêu hoá,"Bệnh nhân nữ 42 tuổi, thợ may, phàn nàn về tình trạng đau tức vùng hạ vị và quanh rốn đã 3 năm nay. Thói quen đi tiêu của bệnh nhân rất thất thường: có đợt táo bón 4-5 ngày/lần phân cứng, xen kẽ với những đợt tiêu chảy 3 lần/ngày phân nát, mỗi đợt kéo dài vài tuần. Bệnh nhân hay mất ngủ, được chẩn đoán rối loạn lo âu lan tỏa đang dùng Alprazolam khi cần. Khám: mạch 88 lần/phút, huyết áp 110/70 mmHg. Bụng ấn tức nhẹ nhiều vùng, không có phản ứng thành bụng. Nội soi dạ dày và nội soi đại tràng 6 tháng trước hoàn toàn bình thường. Chức năng tuyến giáp bình thường.","Lựa chọn thuốc điều trị nào vừa giúp giảm đau nội tạng, vừa cải thiện giấc ngủ và điều hòa thói quen ruột?",Thuốc ức chế men chuyển.,Thuốc kháng histamine H2.,Thuốc chống trầm cảm ba vòng.,Thuốc điều hòa thụ thể dopamine.,,c,"Thuốc chống trầm cảm ba vòng (TCA) như Amitriptyline liều thấp có tác dụng giảm đau thần kinh, giảm tăng nhạy cảm nội tạng, an thần nhẹ giúp ngủ ngon và có đặc tính kháng cholinergic làm chậm nhu động ruột, rất phù hợp cho IBS-M hoặc IBS-D có đau/lo âu nhiều."
noi-hoi-chung-ruot-kich-thich-case-14-5,noi,Hội chứng ruột kích thích - IBS,Tiêu hoá,"Bệnh nhân nữ 42 tuổi, thợ may, phàn nàn về tình trạng đau tức vùng hạ vị và quanh rốn đã 3 năm nay. Thói quen đi tiêu của bệnh nhân rất thất thường: có đợt táo bón 4-5 ngày/lần phân cứng, xen kẽ với những đợt tiêu chảy 3 lần/ngày phân nát, mỗi đợt kéo dài vài tuần. Bệnh nhân hay mất ngủ, được chẩn đoán rối loạn lo âu lan tỏa đang dùng Alprazolam khi cần. Khám: mạch 88 lần/phút, huyết áp 110/70 mmHg. Bụng ấn tức nhẹ nhiều vùng, không có phản ứng thành bụng. Nội soi dạ dày và nội soi đại tràng 6 tháng trước hoàn toàn bình thường. Chức năng tuyến giáp bình thường.",Khuyến cáo nào về chế độ ăn có bằng chứng tốt nhất để giảm chướng bụng và đau trong giai đoạn cấp?,Chế độ ăn Low FODMAP.,Chế độ ăn thuần chay hoàn toàn.,Chế độ ăn giàu Gluten.,Chế độ ăn Keto nhiều chất béo.,,a,"Chế độ ăn Low FODMAP (hạn chế carbohydrate chuỗi ngắn có khả năng lên men như oligosaccharides, disaccharides, monosaccharides và polyols) được chứng minh làm giảm sinh hơi trong ruột, qua đó cải thiện rõ rệt triệu chứng chướng bụng và đau ở bệnh nhân IBS. Nguồn tham khảo: Phác đồ quản lý dinh dưỡng và tâm lý trong IBS."
noi-hoi-chung-ruot-kich-thich-case-15-1,noi,Hội chứng ruột kích thích - IBS,Tiêu hoá,"Bệnh nhân nam 62 tuổi, tiền sử viêm khớp gối đang dùng Ibuprofen 400mg/ngày, đến khám vì tiêu chảy mạn tính 8 tháng nay. Bệnh nhân đi phân lỏng nhiều nước 4-6 lần/ngày, thỉnh thoảng có đi tiêu ban đêm, không sụt cân, không đau quặn bụng rõ rệt. Khám lâm sàng bình thường. Cận lâm sàng: Hb 140 g/L, Bạch cầu 6,2 G/L, Albumin máu 40 g/L, CRP bình thường. Nội soi đại tràng đại thể thấy niêm mạc hồng hào, nhẵn bóng, không có loét hay u cục.",Dấu hiệu lâm sàng nào trên bệnh nhân này làm giảm khả năng chẩn đoán IBS nhất?,Đi tiêu phân lỏng nhiều nước.,Thời gian mắc bệnh 8 tháng.,Xuất hiện đi tiêu vào ban đêm.,Không có tình trạng sụt cân.,,c,"Đi tiêu ban đêm làm đánh thức bệnh nhân là một ""triệu chứng báo động"" kinh điển. IBS là một rối loạn chức năng, triệu chứng hiếm khi xuất hiện trong lúc ngủ say. Nếu có tiêu chảy ban đêm, phải nghĩ đến nguyên nhân thực thể."
noi-hoi-chung-ruot-kich-thich-case-15-2,noi,Hội chứng ruột kích thích - IBS,Tiêu hoá,"Bệnh nhân nam 62 tuổi, tiền sử viêm khớp gối đang dùng Ibuprofen 400mg/ngày, đến khám vì tiêu chảy mạn tính 8 tháng nay. Bệnh nhân đi phân lỏng nhiều nước 4-6 lần/ngày, thỉnh thoảng có đi tiêu ban đêm, không sụt cân, không đau quặn bụng rõ rệt. Khám lâm sàng bình thường. Cận lâm sàng: Hb 140 g/L, Bạch cầu 6,2 G/L, Albumin máu 40 g/L, CRP bình thường. Nội soi đại tràng đại thể thấy niêm mạc hồng hào, nhẵn bóng, không có loét hay u cục.",Bệnh lý nào là chẩn đoán phân biệt quan trọng nhất cần nghĩ đến ở bệnh nhân này?,Bệnh trĩ nội độ III.,Viêm đại tràng vi thể.,Viêm loét đại trực tràng chảy máu.,Ung thư đại tràng phải.,,b,"Bệnh nhân lớn tuổi, tiêu chảy phân nước mạn tính, có triệu chứng ban đêm, nội soi đại tràng đại thể bình thường và tiền sử dùng NSAIDs rất gợi ý bệnh Viêm đại tràng vi thể (Microscopic colitis). IBD hay ung thư thường gây tổn thương đại thể rõ ràng hoặc tiêu máu."
noi-hoi-chung-ruot-kich-thich-case-15-3,noi,Hội chứng ruột kích thích - IBS,Tiêu hoá,"Bệnh nhân nam 62 tuổi, tiền sử viêm khớp gối đang dùng Ibuprofen 400mg/ngày, đến khám vì tiêu chảy mạn tính 8 tháng nay. Bệnh nhân đi phân lỏng nhiều nước 4-6 lần/ngày, thỉnh thoảng có đi tiêu ban đêm, không sụt cân, không đau quặn bụng rõ rệt. Khám lâm sàng bình thường. Cận lâm sàng: Hb 140 g/L, Bạch cầu 6,2 G/L, Albumin máu 40 g/L, CRP bình thường. Nội soi đại tràng đại thể thấy niêm mạc hồng hào, nhẵn bóng, không có loét hay u cục.",Bước cận lâm sàng bắt buộc nào trong khi nội soi đại tràng để chẩn đoán xác định bệnh lý trên?,Bơm rửa sạch toàn bộ đại tràng.,Nhuộm màu niêm mạc bằng indigo carmine.,Sinh thiết nhiều mảnh niêm mạc.,Cắt bỏ các polyp nhỏ nếu có.,,c,"Vì viêm đại tràng vi thể có niêm mạc đại thể hoàn toàn bình thường khi nhìn bằng mắt thường qua camera nội soi, nên việc sinh thiết niêm mạc ngẫu nhiên nhiều mảnh dọc theo đại tràng là bắt buộc để chẩn đoán mô bệnh học."
noi-hoi-chung-ruot-kich-thich-case-15-4,noi,Hội chứng ruột kích thích - IBS,Tiêu hoá,"Bệnh nhân nam 62 tuổi, tiền sử viêm khớp gối đang dùng Ibuprofen 400mg/ngày, đến khám vì tiêu chảy mạn tính 8 tháng nay. Bệnh nhân đi phân lỏng nhiều nước 4-6 lần/ngày, thỉnh thoảng có đi tiêu ban đêm, không sụt cân, không đau quặn bụng rõ rệt. Khám lâm sàng bình thường. Cận lâm sàng: Hb 140 g/L, Bạch cầu 6,2 G/L, Albumin máu 40 g/L, CRP bình thường. Nội soi đại tràng đại thể thấy niêm mạc hồng hào, nhẵn bóng, không có loét hay u cục.",Loại thuốc nào đang dùng có khả năng cao nhất là yếu tố khởi phát bệnh lý phân biệt này?,Vitamin D3 tổng hợp.,Thuốc ức chế bơm proton.,Thuốc giảm đau NSAIDs.,Paracetamol.,,c,NSAIDs (như Ibuprofen) và thuốc ức chế bơm proton (PPI) là những nhóm thuốc có nguy cơ cao nhất liên quan đến việc khởi spx?sourcedoc={186352b6-90cf-40c9-ba19-ae84e248ef20}&action=vie… 9/13 phát hoặc làm nặng thêm tình trạng viêm đại tràng vi thể.
noi-hoi-chung-ruot-kich-thich-case-15-5,noi,Hội chứng ruột kích thích - IBS,Tiêu hoá,"Bệnh nhân nam 62 tuổi, tiền sử viêm khớp gối đang dùng Ibuprofen 400mg/ngày, đến khám vì tiêu chảy mạn tính 8 tháng nay. Bệnh nhân đi phân lỏng nhiều nước 4-6 lần/ngày, thỉnh thoảng có đi tiêu ban đêm, không sụt cân, không đau quặn bụng rõ rệt. Khám lâm sàng bình thường. Cận lâm sàng: Hb 140 g/L, Bạch cầu 6,2 G/L, Albumin máu 40 g/L, CRP bình thường. Nội soi đại tràng đại thể thấy niêm mạc hồng hào, nhẵn bóng, không có loét hay u cục.",Đặc điểm mô bệnh học nào KHÔNG thuộc về bệnh lý viêm đại tràng vi thể?,Dày dải collagen dưới biểu mô.,Ổ loét sâu phá hủy lớp cơ niêm.,Thâm nhiễm tế bào lympho biểu mô.,Niêm mạc đại thể bình thường. https://onedrive.live.com/personal/2672550e42ddc7d4/_layouts/15/Doc.,,b,"Viêm đại tràng vi thể được chia làm 2 thể: thể collagen (dày dải collagen dưới biểu mô) và thể lympho (thâm nhiễm tế bào lympho). Đặc điểm chung là không có tổn thương cấu trúc loét sâu, viêm hoại tử hay phá hủy lớp cơ như IBD. Nguồn tham khảo: Phác đồ chẩn đoán phân biệt Tiêu chảy mạn tính."
noi-hoi-chung-ruot-kich-thich-case-16-1,noi,Hội chứng ruột kích thích - IBS,Tiêu hoá,"Bệnh nhân nữ 35 tuổi, làm kế toán, phàn nàn về việc chướng bụng và đầy hơi liên tục mỗi ngày. Bệnh nhân đi tiêu bình thường 1 lần/ngày, phân mềm khuôn (type 4), không đau bụng. Bệnh nhân cảm thấy bụng to ra rõ rệt vào cuối ngày, phải nới lỏng thắt lưng, sáng ngủ dậy bụng xẹp lại. Bệnh nhân đã tự uống men vi sinh và thuốc chống co thắt 1 tháng nay nhưng không đỡ. Khám: sinh hiệu bình thường, bụng chướng nhẹ lan tỏa, gõ trong, không có dịch ổ bụng. Cận lâm sàng: siêu âm bụng bình thường, X-quang bụng không sửa soạn thấy nhiều hơi trong đại tràng.",Phân loại chẩn đoán chức năng nào phù hợp nhất với bệnh nhân này theo Rome IV?,Tiêu chảy chức năng vô căn.,Chướng bụng/Đầy hơi chức năng.,Hội chứng đau vùng bụng chức năng.,Hội chứng ruột kích thích thể táo bón.,,b,"Bệnh nhân chỉ có triệu chứng chướng bụng/đầy hơi chủ yếu, không có đau bụng liên quan đến đi tiêu, thói quen đi tiêu hoàn toàn bình thường (không táo bón, không tiêu chảy). Điều này không thỏa mãn tiêu chuẩn IBS, mà thuộc nhóm Chướng bụng/ Đầy hơi chức năng (Functional Bloating/Distension)."
noi-hoi-chung-ruot-kich-thich-case-16-2,noi,Hội chứng ruột kích thích - IBS,Tiêu hoá,"Bệnh nhân nữ 35 tuổi, làm kế toán, phàn nàn về việc chướng bụng và đầy hơi liên tục mỗi ngày. Bệnh nhân đi tiêu bình thường 1 lần/ngày, phân mềm khuôn (type 4), không đau bụng. Bệnh nhân cảm thấy bụng to ra rõ rệt vào cuối ngày, phải nới lỏng thắt lưng, sáng ngủ dậy bụng xẹp lại. Bệnh nhân đã tự uống men vi sinh và thuốc chống co thắt 1 tháng nay nhưng không đỡ. Khám: sinh hiệu bình thường, bụng chướng nhẹ lan tỏa, gõ trong, không có dịch ổ bụng. Cận lâm sàng: siêu âm bụng bình thường, X-quang bụng không sửa soạn thấy nhiều hơi trong đại tràng.",Sinh lý bệnh cốt lõi giải thích hiện tượng bụng to ra vào cuối ngày nhưng thực tế thể tích khí trong ruột không tăng đáng kể là gì?,Co thắt cơ hoành và dãn cơ thành bụng.,Phù nề tổ chức mô mỡ dưới da bụng.,Dãn cơ hoành và co cơ thành bụng.,Tích tụ dịch rỉ viêm trong khoang phúc mạc.,,a,"Hiện tượng bụng to ra thấy rõ vào cuối ngày (abdominophrenic dyssynergia) chủ yếu do phản xạ thần kinh cơ bất thường: cơ hoành co thắt đẩy xuống dưới và các cơ thành bụng trước dãn ra quá mức, làm nội tạng bị đẩy ra trước, dù thể tích khí đo được trong ruột là bình thường."
noi-hoi-chung-ruot-kich-thich-case-16-3,noi,Hội chứng ruột kích thích - IBS,Tiêu hoá,"Bệnh nhân nữ 35 tuổi, làm kế toán, phàn nàn về việc chướng bụng và đầy hơi liên tục mỗi ngày. Bệnh nhân đi tiêu bình thường 1 lần/ngày, phân mềm khuôn (type 4), không đau bụng. Bệnh nhân cảm thấy bụng to ra rõ rệt vào cuối ngày, phải nới lỏng thắt lưng, sáng ngủ dậy bụng xẹp lại. Bệnh nhân đã tự uống men vi sinh và thuốc chống co thắt 1 tháng nay nhưng không đỡ. Khám: sinh hiệu bình thường, bụng chướng nhẹ lan tỏa, gõ trong, không có dịch ổ bụng. Cận lâm sàng: siêu âm bụng bình thường, X-quang bụng không sửa soạn thấy nhiều hơi trong đại tràng.",Phương pháp thăm dò nào có thể giúp chẩn đoán nguyên nhân sinh hơi quá mức do vi khuẩn?,Nội soi viên nang ruột non.,Test hơi thở kiểm tra loạn khuẩn ruột non.,Chụp cắt lớp vi tính tiểu khung.,Test hơi thở tìm vi khuẩn H. pylori.,,b,Test hơi thở hydrogen/methane (với glucose hoặc lactulose) là tiêu chuẩn để chẩn đoán Hội chứng quá phát vi khuẩn ruột non (SIBO) - một nguyên nhân gây lên men tạo khí sớm và chướng bụng.
noi-hoi-chung-ruot-kich-thich-case-16-4,noi,Hội chứng ruột kích thích - IBS,Tiêu hoá,"Bệnh nhân nữ 35 tuổi, làm kế toán, phàn nàn về việc chướng bụng và đầy hơi liên tục mỗi ngày. Bệnh nhân đi tiêu bình thường 1 lần/ngày, phân mềm khuôn (type 4), không đau bụng. Bệnh nhân cảm thấy bụng to ra rõ rệt vào cuối ngày, phải nới lỏng thắt lưng, sáng ngủ dậy bụng xẹp lại. Bệnh nhân đã tự uống men vi sinh và thuốc chống co thắt 1 tháng nay nhưng không đỡ. Khám: sinh hiệu bình thường, bụng chướng nhẹ lan tỏa, gõ trong, không có dịch ổ bụng. Cận lâm sàng: siêu âm bụng bình thường, X-quang bụng không sửa soạn thấy nhiều hơi trong đại tràng.",Biện pháp điều trị không dùng thuốc nào là phù hợp nhất cho triệu chứng của bệnh nhân?,Bổ sung lượng lớn chất xơ không hòa tan.,"Tăng cường ăn các loại đậu, đỗ.",Hạn chế thực phẩm Low FODMAP.,Áp dụng chế độ ăn Low FODMAP.,,d,"Chế độ ăn Low FODMAP cắt giảm các loại carbohydrate dễ sinh hơi, qua đó giảm lượng khí sinh ra do lên men của vi khuẩn đại tràng, là can thiệp dinh dưỡng hiệu quả nhất cho chướng bụng chức năng. Bổ sung chất xơ không hòa tan hay ăn đậu đỗ sẽ làm chướng bụng nặng thêm."
noi-hoi-chung-ruot-kich-thich-case-16-5,noi,Hội chứng ruột kích thích - IBS,Tiêu hoá,"Bệnh nhân nữ 35 tuổi, làm kế toán, phàn nàn về việc chướng bụng và đầy hơi liên tục mỗi ngày. Bệnh nhân đi tiêu bình thường 1 lần/ngày, phân mềm khuôn (type 4), không đau bụng. Bệnh nhân cảm thấy bụng to ra rõ rệt vào cuối ngày, phải nới lỏng thắt lưng, sáng ngủ dậy bụng xẹp lại. Bệnh nhân đã tự uống men vi sinh và thuốc chống co thắt 1 tháng nay nhưng không đỡ. Khám: sinh hiệu bình thường, bụng chướng nhẹ lan tỏa, gõ trong, không có dịch ổ bụng. Cận lâm sàng: siêu âm bụng bình thường, X-quang bụng không sửa soạn thấy nhiều hơi trong đại tràng.","Nếu nghi ngờ bệnh nhân có quá phát vi khuẩn ruột non (SIBO), kháng sinh nào thường được lựa chọn điều trị kinh nghiệm?",Ceftriaxone tiêm tĩnh mạch.,Rifaximin đường uống.,Levofloxacin tiêm tĩnh mạch.,Vancomycin đường uống.,,b,"Rifaximin (kháng sinh không hấp thu) là điều trị đầu tay rất hiệu quả cho SIBO, giúp tiêu diệt vi khuẩn quá phát trong ruột non mà ít gây tác dụng phụ toàn thân hay kháng thuốc. Nguồn tham khảo: Phác đồ điều trị Chướng bụng và SIBO."
noi-hoi-chung-ruot-kich-thich-case-17-1,noi,Hội chứng ruột kích thích - IBS,Tiêu hoá,"Bệnh nhân nữ 28 tuổi, đến khám vì đau bụng âm ỉ, đầy hơi và hay bị tiêu chảy phân nát. Bệnh nhân có tiền sử thiếu máu hồng cầu nhỏ nhược sắc đã 2 năm, đang bổ sung sắt đường uống nhưng đáp ứng kém. Bệnh nhân nhận thấy triệu chứng tiêu hóa nặng hơn sau khi ăn các loại bánh mì, mì Ý. Khám lâm sàng: niêm mạc nhợt, BMI 19 kg/m², bụng mềm. Mạch 85 lần/phút. Xét nghiệm: Hb 105 g/L, MCV 72 fL, Ferritin 8 ng/mL. Nội soi dạ dày test HP âm tính.",Triệu chứng thiếu máu thiếu sắt kháng trị ở bệnh nhân này gợi ý tình trạng bệnh lý nội khoa nào ẩn dưới biểu hiện giống IBS?,Nhiễm giun sán mạn tính.,Bệnh Celiac nhạy cảm gluten.,Viêm loét đại trực tràng.,Bệnh Crohn hồi tràng.,,b,"Bệnh cảnh đau bụng, tiêu chảy giống IBS nhưng kèm theo triệu chứng báo động là thiếu máu thiếu sắt kháng trị, liên quan đến thực phẩm chứa lúa mì (bánh mì, mì Ý) là dấu hiệu lâm sàng kinh điển của Bệnh Celiac."
noi-hoi-chung-ruot-kich-thich-case-17-2,noi,Hội chứng ruột kích thích - IBS,Tiêu hoá,"Bệnh nhân nữ 28 tuổi, đến khám vì đau bụng âm ỉ, đầy hơi và hay bị tiêu chảy phân nát. Bệnh nhân có tiền sử thiếu máu hồng cầu nhỏ nhược sắc đã 2 năm, đang bổ sung sắt đường uống nhưng đáp ứng kém. Bệnh nhân nhận thấy triệu chứng tiêu hóa nặng hơn sau khi ăn các loại bánh mì, mì Ý. Khám lâm sàng: niêm mạc nhợt, BMI 19 kg/m², bụng mềm. Mạch 85 lần/phút. Xét nghiệm: Hb 105 g/L, MCV 72 fL, Ferritin 8 ng/mL. Nội soi dạ dày test HP âm tính.",Cơ chế bệnh sinh của thiếu máu ở bệnh lý này chủ yếu là do tổn thương vùng giải phẫu nào?,Viêm teo niêm mạc hang vị dạ dày.,Giảm tổng hợp yếu tố nội tại tại đáy vị.,Chảy máu rỉ rả từ các ổ loét đại tràng.,Phá hủy nhung mao đoạn tá - hổng tràng.,,d,"Bệnh Celiac là bệnh tự miễn gây viêm và phá hủy teo các nhung mao ruột non, đặc biệt nặng ở đoạn tá tràng và hổng tràng trên. Đây chính là vị trí hấp thu sắt tự nhiên, do đó dẫn đến kém hấp thu sắt và thiếu máu thiếu sắt mạn tính. spx?sourcedoc={186352b6-90cf-40c9-ba19-ae84e248ef20}&action=vi… 10/13"
noi-hoi-chung-ruot-kich-thich-case-17-3,noi,Hội chứng ruột kích thích - IBS,Tiêu hoá,"Bệnh nhân nữ 28 tuổi, đến khám vì đau bụng âm ỉ, đầy hơi và hay bị tiêu chảy phân nát. Bệnh nhân có tiền sử thiếu máu hồng cầu nhỏ nhược sắc đã 2 năm, đang bổ sung sắt đường uống nhưng đáp ứng kém. Bệnh nhân nhận thấy triệu chứng tiêu hóa nặng hơn sau khi ăn các loại bánh mì, mì Ý. Khám lâm sàng: niêm mạc nhợt, BMI 19 kg/m², bụng mềm. Mạch 85 lần/phút. Xét nghiệm: Hb 105 g/L, MCV 72 fL, Ferritin 8 ng/mL. Nội soi dạ dày test HP âm tính.",Xét nghiệm huyết thanh học nào là chỉ định đầu tay để sàng lọc bệnh lý này?,Kháng thể kháng ty thể AMA.,Kháng thể kháng tế bào thành dạ dày.,Kháng thể kháng nhân ANA. https://onedrive.live.com/personal/2672550e42ddc7d4/_layouts/15/Doc.,Kháng thể kháng transglutaminase mô (anti-tTG) IgA.,,d,"Kháng thể kháng transglutaminase mô (anti- tTG) lớp IgA là xét nghiệm có độ nhạy và độ đặc hiệu cao nhất, được khuyến cáo là test sàng lọc đầu tay cho bệnh Celiac."
noi-hoi-chung-ruot-kich-thich-case-17-4,noi,Hội chứng ruột kích thích - IBS,Tiêu hoá,"Bệnh nhân nữ 28 tuổi, đến khám vì đau bụng âm ỉ, đầy hơi và hay bị tiêu chảy phân nát. Bệnh nhân có tiền sử thiếu máu hồng cầu nhỏ nhược sắc đã 2 năm, đang bổ sung sắt đường uống nhưng đáp ứng kém. Bệnh nhân nhận thấy triệu chứng tiêu hóa nặng hơn sau khi ăn các loại bánh mì, mì Ý. Khám lâm sàng: niêm mạc nhợt, BMI 19 kg/m², bụng mềm. Mạch 85 lần/phút. Xét nghiệm: Hb 105 g/L, MCV 72 fL, Ferritin 8 ng/mL. Nội soi dạ dày test HP âm tính.","Nếu xét nghiệm huyết thanh dương tính, bước tiếp theo để chẩn đoán xác định là gì?",Bắt đầu ngay chế độ ăn Low FODMAP.,Nội soi dạ dày và sinh thiết tá tràng.,Đo nồng độ vitamin B12 trong máu.,Chụp cắt lớp vi tính ruột non.,,b,Tiêu chuẩn vàng để chẩn đoán xác định bệnh Celiac ở người lớn là nội soi dạ dày - tá tràng và sinh thiết niêm mạc D2 tá tràng. Kết quả mô bệnh học sẽ cho thấy hình ảnh tăng lympho bào nội biểu mô và teo nhung mao (phân độ Marsh).
noi-hoi-chung-ruot-kich-thich-case-17-5,noi,Hội chứng ruột kích thích - IBS,Tiêu hoá,"Bệnh nhân nữ 28 tuổi, đến khám vì đau bụng âm ỉ, đầy hơi và hay bị tiêu chảy phân nát. Bệnh nhân có tiền sử thiếu máu hồng cầu nhỏ nhược sắc đã 2 năm, đang bổ sung sắt đường uống nhưng đáp ứng kém. Bệnh nhân nhận thấy triệu chứng tiêu hóa nặng hơn sau khi ăn các loại bánh mì, mì Ý. Khám lâm sàng: niêm mạc nhợt, BMI 19 kg/m², bụng mềm. Mạch 85 lần/phút. Xét nghiệm: Hb 105 g/L, MCV 72 fL, Ferritin 8 ng/mL. Nội soi dạ dày test HP âm tính.",Nguyên tắc điều trị cốt lõi duy nhất có hiệu quả lâu dài cho bệnh lý này là gì?,Chế độ ăn kiêng Gluten suốt đời.,Phẫu thuật cắt bỏ đoạn ruột tổn thương.,Dùng corticoid đường uống kéo dài.,Truyền máu và truyền sắt định kỳ.,,a,"Điều trị duy nhất và bắt buộc cho bệnh Celiac là tuân thủ chế độ ăn hoàn toàn không có gluten (Gluten-free diet) suốt đời. Điều này giúp phục hồi niêm mạc ruột, cải thiện triệu chứng và ngăn ngừa biến chứng ung thư lympho ruột non. Nguồn tham khảo: Guideline ACG về chẩn đoán và quản lý bệnh Celiac."
noi-hoi-chung-ruot-kich-thich-case-18-1,noi,Hội chứng ruột kích thích - IBS,Tiêu hoá,"Bệnh nhân nam 45 tuổi, quản lý dự án, thường xuyên căng thẳng, bị hội chứng ruột kích thích thể tiêu chảy (IBS-D) đã 5 năm. Dạo gần đây bệnh nhân bị đau quặn bụng rất nhiều, đi tiêu lỏng 5-6 lần mỗi ngày, thường phải chạy gấp vào nhà vệ sinh ngay sau khi ăn sáng. Bệnh nhân đã ăn kiêng, dùng Mebeverine và Loperamide liều tối đa nhưng không kiểm soát được triệu chứng, ảnh hưởng nghiêm trọng đến công việc. Bệnh nhân không có bệnh lý gan mật hay tim mạch nào. Xét nghiệm máu bình thường.",Tình trạng bệnh nhân phải đi tiêu gấp ngay sau khi ăn sáng phản ánh phản xạ sinh lý nào hoạt động quá mức?,Phản xạ thần kinh phế vị.,Phản xạ dạ dày - đại tràng.,Phản xạ ruột - ruột.,Phản xạ trực tràng - hậu môn.,,b,"Phản xạ dạ dày - đại tràng (Gastrocolic reflex) là phản xạ sinh lý giúp tăng nhu động đại tràng khi dạ dày căng giãn do thức ăn. Ở bệnh nhân IBS-D, phản xạ này bị khuếch đại quá mức (tăng nhạy cảm nội tạng), gây đau quặn và mót tiêu gấp ngay sau bữa ăn."
noi-hoi-chung-ruot-kich-thich-case-18-2,noi,Hội chứng ruột kích thích - IBS,Tiêu hoá,"Bệnh nhân nam 45 tuổi, quản lý dự án, thường xuyên căng thẳng, bị hội chứng ruột kích thích thể tiêu chảy (IBS-D) đã 5 năm. Dạo gần đây bệnh nhân bị đau quặn bụng rất nhiều, đi tiêu lỏng 5-6 lần mỗi ngày, thường phải chạy gấp vào nhà vệ sinh ngay sau khi ăn sáng. Bệnh nhân đã ăn kiêng, dùng Mebeverine và Loperamide liều tối đa nhưng không kiểm soát được triệu chứng, ảnh hưởng nghiêm trọng đến công việc. Bệnh nhân không có bệnh lý gan mật hay tim mạch nào. Xét nghiệm máu bình thường.",Một trong những cơ chế bệnh sinh mới được công nhận ở một nhóm nhỏ bệnh nhân IBS-D kháng trị là tình trạng gì?,Tăng tiết acid dạ dày quá mức.,Suy tuyến tụy ngoại tiết mạn tính.,Liệt dạ dày do đái tháo đường.,Kém hấp thu acid mật nguyên phát.,,d,"Khoảng 25-30% bệnh nhân được chẩn đoán IBS-D thực chất có tình trạng Kém hấp thu acid mật (Bile acid malabsorption). Acid mật không được hấp thu hết ở hồi tràng đi xuống đại tràng, kích thích bài tiết dịch và tăng nhu động ruột gây tiêu chảy phân nước."
noi-hoi-chung-ruot-kich-thich-case-18-3,noi,Hội chứng ruột kích thích - IBS,Tiêu hoá,"Bệnh nhân nam 45 tuổi, quản lý dự án, thường xuyên căng thẳng, bị hội chứng ruột kích thích thể tiêu chảy (IBS-D) đã 5 năm. Dạo gần đây bệnh nhân bị đau quặn bụng rất nhiều, đi tiêu lỏng 5-6 lần mỗi ngày, thường phải chạy gấp vào nhà vệ sinh ngay sau khi ăn sáng. Bệnh nhân đã ăn kiêng, dùng Mebeverine và Loperamide liều tối đa nhưng không kiểm soát được triệu chứng, ảnh hưởng nghiêm trọng đến công việc. Bệnh nhân không có bệnh lý gan mật hay tim mạch nào. Xét nghiệm máu bình thường.","Loại thuốc nào sau đây hoạt động bằng cách gắn và giữ acid mật trong lòng ruột, có thể được thử nghiệm điều trị kinh nghiệm ở bệnh nhân này?",Cholestyramine.,Loperamide.,Bismuth subsalicylate.,Ursodeoxycholic acid.,,a,"Cholestyramine (hoặc Colesevelam) là nhựa gắn acid mật (Bile acid sequestrant). Nó liên kết với acid mật dư thừa trong đại tràng, ngăn chặn tác dụng gây tiêu chảy của acid mật, là một ""therapeutic trial"" rất tốt cho IBS-D kháng trị."
noi-hoi-chung-ruot-kich-thich-case-18-4,noi,Hội chứng ruột kích thích - IBS,Tiêu hoá,"Bệnh nhân nam 45 tuổi, quản lý dự án, thường xuyên căng thẳng, bị hội chứng ruột kích thích thể tiêu chảy (IBS-D) đã 5 năm. Dạo gần đây bệnh nhân bị đau quặn bụng rất nhiều, đi tiêu lỏng 5-6 lần mỗi ngày, thường phải chạy gấp vào nhà vệ sinh ngay sau khi ăn sáng. Bệnh nhân đã ăn kiêng, dùng Mebeverine và Loperamide liều tối đa nhưng không kiểm soát được triệu chứng, ảnh hưởng nghiêm trọng đến công việc. Bệnh nhân không có bệnh lý gan mật hay tim mạch nào. Xét nghiệm máu bình thường.","Nếu sử dụng nhóm thuốc chủ vận thụ thể opioid trung ương và ngoại vi (như Eluxadoline) cho IBS-D nặng, cần chống chỉ định tuyệt đối trên đối tượng nào?",Bệnh nhân tăng huyết áp vô căn.,Bệnh nhân hen phế quản mạn tính.,Bệnh nhân đái tháo đường type 2.,Bệnh nhân đã cắt bỏ túi mật.,,d,"Eluxadoline chống chỉ định tuyệt đối ở bệnh nhân không có túi mật (đã phẫu thuật cắt túi mật), người có bệnh lý đường mật hoặc viêm tụy, vì thuốc gây co thắt cơ vòng Oddi làm tăng nguy cơ viêm tụy cấp nặng."
noi-hoi-chung-ruot-kich-thich-case-18-5,noi,Hội chứng ruột kích thích - IBS,Tiêu hoá,"Bệnh nhân nam 45 tuổi, quản lý dự án, thường xuyên căng thẳng, bị hội chứng ruột kích thích thể tiêu chảy (IBS-D) đã 5 năm. Dạo gần đây bệnh nhân bị đau quặn bụng rất nhiều, đi tiêu lỏng 5-6 lần mỗi ngày, thường phải chạy gấp vào nhà vệ sinh ngay sau khi ăn sáng. Bệnh nhân đã ăn kiêng, dùng Mebeverine và Loperamide liều tối đa nhưng không kiểm soát được triệu chứng, ảnh hưởng nghiêm trọng đến công việc. Bệnh nhân không có bệnh lý gan mật hay tim mạch nào. Xét nghiệm máu bình thường.",Thuốc đối kháng thụ thể 5-HT3 (như Alosetron) rất hiệu quả cho IBS-D nặng nhưng bị hạn chế sử dụng nghiêm ngặt do nguy cơ gây ra biến chứng nguy hiểm nào?,Viêm đại tràng thiếu máu cục bộ.,Xuất huyết não màng não.,Nhồi máu cơ tim cấp.,Thủng dạ dày cấp tính.,,a,"Alosetron là thuốc đặc trị rất mạnh cho IBS-D nặng ở phụ nữ, nhưng FDA yêu cầu quản lý cực kỳ chặt chẽ vì nguy cơ biến chứng hiếm gặp nhưng nghiêm trọng: Viêm đại tràng thiếu máu cục bộ (Ischemic colitis) và táo bón nặng gây tắc ruột. Nguồn tham khảo: Phác đồ ACG về điều trị IBS-D kháng trị."
noi-hoi-chung-ruot-kich-thich-case-19-1,noi,Hội chứng ruột kích thích - IBS,Tiêu hoá,"Bệnh nhân nữ 38 tuổi, có tiền sử trầm cảm đang dùng Sertraline, phàn nàn vì táo bón kéo dài nhiều tháng, 1 tuần chỉ đi tiêu 1 lần. Bệnh nhân có cảm giác mót rặn, đi tiêu rất khó khăn, phân nhỏ dẹt, hay có cảm giác đi không hết phân, phải dùng tay ép quanh tầng sinh môn để hỗ trợ tống phân. Bệnh nhân không sụt cân, không tiêu máu. Nội soi đại tràng cách đây 1 tháng hoàn toàn bình thường, lòng đại tràng không hẹp. Dùng thuốc nhuận tràng PEG 2 gói/ngày phân mềm nát nhưng bệnh nhân vẫn rặn rất khó và đau tức hậu môn.","Triệu chứng rặn khó, cảm giác tắc nghẽn, phải hỗ trợ bằng tay gợi ý chẩn đoán rối loạn chức năng nào?",Rối loạn đồng vận cơ sàn chậu. https://onedrive.live.com/personal/2672550e42ddc7d4/_layouts/15/Doc.,Hội chứng ruột kích thích đơn thuần.,Táo bón do thời gian lưu chuyển chậm.,Bệnh phình đại tràng bẩm sinh Hirschsprung.,,a,"Mặc dù bệnh nhân có táo bón, nhưng các triệu chứng: cảm giác tắc nghẽn đường ra, đi tiêu không hết, rặn khó dù phân mềm và đặc spx?sourcedoc={186352b6-90cf-40c9-ba19-ae84e248ef20}&action=vi… 11/13 biệt là phải thao tác bằng tay là đặc trưng của Táo bón do rối loạn tống phân (Defecatory disorder) hay Rối loạn đồng vận cơ sàn chậu (Pelvic floor dyssynergia)."
noi-hoi-chung-ruot-kich-thich-case-19-2,noi,Hội chứng ruột kích thích - IBS,Tiêu hoá,"Bệnh nhân nữ 38 tuổi, có tiền sử trầm cảm đang dùng Sertraline, phàn nàn vì táo bón kéo dài nhiều tháng, 1 tuần chỉ đi tiêu 1 lần. Bệnh nhân có cảm giác mót rặn, đi tiêu rất khó khăn, phân nhỏ dẹt, hay có cảm giác đi không hết phân, phải dùng tay ép quanh tầng sinh môn để hỗ trợ tống phân. Bệnh nhân không sụt cân, không tiêu máu. Nội soi đại tràng cách đây 1 tháng hoàn toàn bình thường, lòng đại tràng không hẹp. Dùng thuốc nhuận tràng PEG 2 gói/ngày phân mềm nát nhưng bệnh nhân vẫn rặn rất khó và đau tức hậu môn.",Cơ chế sinh lý của tình trạng này xảy ra tại vùng cơ thắt hậu môn là gì?,Giãn cơ thắt trong hậu môn quá mức khi rặn.,Cơ mu trực tràng và cơ thắt ngoài co thắt nghịch thường khi rặn.,Mất phản xạ trực tràng - hậu môn ức chế.,Yếu liệt hoàn toàn nhóm cơ nâng hậu môn.,,b,"Sinh lý bình thường khi rặn: tăng áp lực ổ bụng kết hợp với giãn cơ sàn chậu (cơ mu trực tràng) và cơ thắt hậu môn. Trong rối loạn đồng vận sàn chậu, bệnh nhân co thắt nghịch thường (hoặc không giãn được) các cơ này trong lúc rặn, tạo ra lực cản chặn phân lại."
noi-hoi-chung-ruot-kich-thich-case-19-3,noi,Hội chứng ruột kích thích - IBS,Tiêu hoá,"Bệnh nhân nữ 38 tuổi, có tiền sử trầm cảm đang dùng Sertraline, phàn nàn vì táo bón kéo dài nhiều tháng, 1 tuần chỉ đi tiêu 1 lần. Bệnh nhân có cảm giác mót rặn, đi tiêu rất khó khăn, phân nhỏ dẹt, hay có cảm giác đi không hết phân, phải dùng tay ép quanh tầng sinh môn để hỗ trợ tống phân. Bệnh nhân không sụt cân, không tiêu máu. Nội soi đại tràng cách đây 1 tháng hoàn toàn bình thường, lòng đại tràng không hẹp. Dùng thuốc nhuận tràng PEG 2 gói/ngày phân mềm nát nhưng bệnh nhân vẫn rặn rất khó và đau tức hậu môn.",Thăm dò chức năng nào là tiêu chuẩn vàng để chẩn đoán xác định bệnh lý này?,Siêu âm nội soi trực tràng.,Nội soi đại tràng Sigma bằng ống cứng.,Chụp cắt lớp vi tính tiểu khung.,Đo áp lực và vận động hậu môn trực tràng.,,d,"Đo áp lực hậu môn trực tràng (Anorectal manometry) kết hợp với test tống bóng (Balloon expulsion test) là tiêu chuẩn vàng. Nó đo đạc chính xác sự thay đổi áp lực, giúp phát hiện sự co thắt nghịch thường của cơ sàn chậu khi bệnh nhân làm động tác rặn."
noi-hoi-chung-ruot-kich-thich-case-19-4,noi,Hội chứng ruột kích thích - IBS,Tiêu hoá,"Bệnh nhân nữ 38 tuổi, có tiền sử trầm cảm đang dùng Sertraline, phàn nàn vì táo bón kéo dài nhiều tháng, 1 tuần chỉ đi tiêu 1 lần. Bệnh nhân có cảm giác mót rặn, đi tiêu rất khó khăn, phân nhỏ dẹt, hay có cảm giác đi không hết phân, phải dùng tay ép quanh tầng sinh môn để hỗ trợ tống phân. Bệnh nhân không sụt cân, không tiêu máu. Nội soi đại tràng cách đây 1 tháng hoàn toàn bình thường, lòng đại tràng không hẹp. Dùng thuốc nhuận tràng PEG 2 gói/ngày phân mềm nát nhưng bệnh nhân vẫn rặn rất khó và đau tức hậu môn.","Phương pháp điều trị có mức độ bằng chứng cao nhất, được xem là đầu tay cho tình trạng này là gì?",Phẫu thuật cắt bỏ một phần cơ thắt hậu môn.,Sử dụng thuốc nhuận tràng thẩm thấu liều cao.,Liệu pháp phản hồi sinh học (Biofeedback).,Tiêm Botulinum toxin vào cơ thắt trong.,,c,"Liệu pháp phản hồi sinh học (Biofeedback therapy) là điều trị đặc hiệu và hiệu quả nhất. Bệnh nhân được nhìn thấy/nghe thấy biểu đồ áp lực cơ của chính mình trên màn hình, từ đó tập luyện lại cách giãn cơ sàn chậu đúng cách khi rặn."
noi-hoi-chung-ruot-kich-thich-case-19-5,noi,Hội chứng ruột kích thích - IBS,Tiêu hoá,"Bệnh nhân nữ 38 tuổi, có tiền sử trầm cảm đang dùng Sertraline, phàn nàn vì táo bón kéo dài nhiều tháng, 1 tuần chỉ đi tiêu 1 lần. Bệnh nhân có cảm giác mót rặn, đi tiêu rất khó khăn, phân nhỏ dẹt, hay có cảm giác đi không hết phân, phải dùng tay ép quanh tầng sinh môn để hỗ trợ tống phân. Bệnh nhân không sụt cân, không tiêu máu. Nội soi đại tràng cách đây 1 tháng hoàn toàn bình thường, lòng đại tràng không hẹp. Dùng thuốc nhuận tràng PEG 2 gói/ngày phân mềm nát nhưng bệnh nhân vẫn rặn rất khó và đau tức hậu môn.","Nhóm thuốc nào bệnh nhân đang sử dụng có thể góp phần làm chậm nhu động ruột, làm nặng thêm tình trạng táo bón?",Thuốc nhuận tràng thẩm thấu.,Các loại vitamin tổng hợp.,Thuốc giảm đau Paracetamol.,Thuốc ức chế tái hấp thu chọn lọc serotonin (SSRI).,,d,"Thuốc chống trầm cảm (đặc biệt là TCA, nhưng SSRI như Sertraline cũng có thể ảnh hưởng) có thể tác động lên thụ thể serotonin ở thần kinh ruột, làm thay đổi nhu động và có thể làm nặng thêm triệu chứng táo bón trên một số cơ địa nhạy cảm. Nguồn tham khảo: Guideline AGA về Táo bón và rối loạn tống phân."
noi-hoi-chung-ruot-kich-thich-case-20-1,noi,Hội chứng ruột kích thích - IBS,Tiêu hoá,"Bệnh nhân nam 50 tuổi, là tài xế đường dài, đến khám do đau âm ỉ hố chậu trái, chướng bụng và thỉnh thoảng đi tiêu phân lỏng lẫn ít nhầy, không có máu. Triệu chứng đã có 3 năm, hay bị lúc lái xe căng thẳng. Bệnh nhân hút thuốc lá 15 bao.năm, thỉnh thoảng có uống rượu. Khám bụng: béo bụng (BMI 28 kg/m²), ấn đau nhẹ hố chậu trái, không sờ thấy khối u. Xét nghiệm công thức máu bình thường, CRP bình thường. Nội soi đại tràng toàn bộ thấy niêm mạc bình thường, tuy nhiên ở đại tràng Sigma có vài túi nhỏ kích thước 5-10 mm trồi ra ngoài vách đại tràng, không có dấu hiệu viêm đỏ hay chảy máu xung quanh.",Sự hiện diện của các cấu trúc dạng túi không viêm trên nội soi được gọi là gì?,Viêm túi thừa cấp tính.,Viêm loét đại tràng khu trú.,Bệnh túi thừa đại tràng không triệu chứng.,Polyp tuyến đại tràng.,,c,"Sự hiện diện của các túi thoát vị niêm mạc qua lớp cơ đại tràng (phát hiện tình cờ qua nội soi) mà không có dấu hiệu viêm nhiễm, chảy máu được gọi là Bệnh túi thừa đại tràng (Diverticulosis)."
noi-hoi-chung-ruot-kich-thich-case-20-2,noi,Hội chứng ruột kích thích - IBS,Tiêu hoá,"Bệnh nhân nam 50 tuổi, là tài xế đường dài, đến khám do đau âm ỉ hố chậu trái, chướng bụng và thỉnh thoảng đi tiêu phân lỏng lẫn ít nhầy, không có máu. Triệu chứng đã có 3 năm, hay bị lúc lái xe căng thẳng. Bệnh nhân hút thuốc lá 15 bao.năm, thỉnh thoảng có uống rượu. Khám bụng: béo bụng (BMI 28 kg/m²), ấn đau nhẹ hố chậu trái, không sờ thấy khối u. Xét nghiệm công thức máu bình thường, CRP bình thường. Nội soi đại tràng toàn bộ thấy niêm mạc bình thường, tuy nhiên ở đại tràng Sigma có vài túi nhỏ kích thước 5-10 mm trồi ra ngoài vách đại tràng, không có dấu hiệu viêm đỏ hay chảy máu xung quanh.",Triệu chứng đau hố chậu trái kéo dài ở bệnh nhân này nhiều khả năng nhất là do tình trạng nào kết hợp?,Xuất huyết vi thể liên tục từ mạch máu túi thừa.,Khối u ác tính tiềm ẩn bên trong túi thừa.,Viêm phúc mạc mạn tính do rò rỉ túi thừa.,Hội chứng ruột kích thích đồng mắc bệnh túi thừa.,,d,"Bệnh túi thừa đơn thuần không gây đau mạn tính. Tình trạng đau quặn, chướng bụng, thay đổi thói quen đi tiêu mạn tính của bệnh nhân phù hợp với chẩn đoán Hội chứng ruột kích thích (IBS). Tình trạng IBS đồng mắc trên nền có túi thừa đại tràng được gọi là SUDD (Symptomatic Uncomplicated Diverticular Disease)."
noi-hoi-chung-ruot-kich-thich-case-20-3,noi,Hội chứng ruột kích thích - IBS,Tiêu hoá,"Bệnh nhân nam 50 tuổi, là tài xế đường dài, đến khám do đau âm ỉ hố chậu trái, chướng bụng và thỉnh thoảng đi tiêu phân lỏng lẫn ít nhầy, không có máu. Triệu chứng đã có 3 năm, hay bị lúc lái xe căng thẳng. Bệnh nhân hút thuốc lá 15 bao.năm, thỉnh thoảng có uống rượu. Khám bụng: béo bụng (BMI 28 kg/m²), ấn đau nhẹ hố chậu trái, không sờ thấy khối u. Xét nghiệm công thức máu bình thường, CRP bình thường. Nội soi đại tràng toàn bộ thấy niêm mạc bình thường, tuy nhiên ở đại tràng Sigma có vài túi nhỏ kích thước 5-10 mm trồi ra ngoài vách đại tràng, không có dấu hiệu viêm đỏ hay chảy máu xung quanh.",Cơ chế sinh bệnh học chính tạo ra các cấu trúc túi này ở đại tràng Sigma là gì?,Bẩm sinh do khuyết tật ống thần kinh.,Nhiễm trùng mạn tính do vi khuẩn kỵ khí.,Phì đại ác tính của lớp cơ trơn vách ruột.,Tăng áp lực trong lòng đại tràng đẩy niêm mạc qua điểm yếu cơ.,,d,"Đại tràng Sigma có đường kính hẹp nhất nên áp lực lòng ruột tại đây cao nhất (định luật Laplace). Sự tăng co bóp, tăng áp lực lòng ruột lâu ngày đẩy lớp niêm mạc và dưới niêm mạc chui qua các điểm yếu của vách thành ruột (nơi mạch máu xuyên qua lớp cơ), tạo thành túi thừa giả."
noi-hoi-chung-ruot-kich-thich-case-20-4,noi,Hội chứng ruột kích thích - IBS,Tiêu hoá,"Bệnh nhân nam 50 tuổi, là tài xế đường dài, đến khám do đau âm ỉ hố chậu trái, chướng bụng và thỉnh thoảng đi tiêu phân lỏng lẫn ít nhầy, không có máu. Triệu chứng đã có 3 năm, hay bị lúc lái xe căng thẳng. Bệnh nhân hút thuốc lá 15 bao.năm, thỉnh thoảng có uống rượu. Khám bụng: béo bụng (BMI 28 kg/m²), ấn đau nhẹ hố chậu trái, không sờ thấy khối u. Xét nghiệm công thức máu bình thường, CRP bình thường. Nội soi đại tràng toàn bộ thấy niêm mạc bình thường, tuy nhiên ở đại tràng Sigma có vài túi nhỏ kích thước 5-10 mm trồi ra ngoài vách đại tràng, không có dấu hiệu viêm đỏ hay chảy máu xung quanh.","Để duy trì sức khỏe đại tràng và giảm nguy cơ biến chứng viêm cho bệnh nhân này, lời khuyên dinh dưỡng nào là quan trọng nhất?",Tăng cường lượng chất xơ và uống nhiều nước.,"Tuyệt đối không ăn các loại hạt (mè, dưa, ổi).","Chế độ ăn lỏng, mềm, nghiền nát suốt đời.",Ăn chế độ ăn hoàn toàn không có chất béo.,,a,"Trước đây có quan niệm sai lầm là cấm ăn các loại hạt vì sợ rơi vào túi thừa gây viêm. Các guideline hiện tại khẳng định việc ăn hạt là an toàn. Lời khuyên quan trọng nhất là ăn chế độ ăn giàu chất xơ để làm phân mềm, tăng thể tích, giảm áp lực trong lòng đại tràng."
noi-hoi-chung-ruot-kich-thich-case-20-5,noi,Hội chứng ruột kích thích - IBS,Tiêu hoá,"Bệnh nhân nam 50 tuổi, là tài xế đường dài, đến khám do đau âm ỉ hố chậu trái, chướng bụng và thỉnh thoảng đi tiêu phân lỏng lẫn ít nhầy, không có máu. Triệu chứng đã có 3 năm, hay bị lúc lái xe căng thẳng. Bệnh nhân hút thuốc lá 15 bao.năm, thỉnh thoảng có uống rượu. Khám bụng: béo bụng (BMI 28 kg/m²), ấn đau nhẹ hố chậu trái, không sờ thấy khối u. Xét nghiệm công thức máu bình thường, CRP bình thường. Nội soi đại tràng toàn bộ thấy niêm mạc bình thường, tuy nhiên ở đại tràng Sigma có vài túi nhỏ kích thước 5-10 mm trồi ra ngoài vách đại tràng, không có dấu hiệu viêm đỏ hay chảy máu xung quanh.","Nếu bệnh nhân đột ngột đau dữ dội hố chậu trái, sốt 39°C và CRP tăng cao > 100 mg/L, chẩn đoán nào phải nghĩ đến đầu tiên?",Thủng ổ loét dạ dày tá tràng.,Nhồi máu mạc treo ruột cấp.,Viêm túi thừa đại tràng cấp tính.,Viêm tụy cấp do sỏi mật. https://onedrive.live.com/personal/2672550e42ddc7d4/_layouts/15/Doc.,,c,"Đau hố chậu trái cấp tính dữ dội kèm hội chứng nhiễm trùng rõ (sốt cao, CRP tăng mạnh) trên một bệnh nhân đã biết có túi thừa là spx?sourcedoc={186352b6-90cf-40c9-ba19-ae84e248ef20}&action=vi… 12/13 dấu hiệu kinh điển của biến chứng Viêm túi thừa cấp tính (Acute diverticulitis). Lúc này chống chỉ định nội soi đại tràng vì nguy cơ thủng. Nguồn tham khảo: Phác đồ quản lý Bệnh lý túi thừa đại tràng. spx?sourcedoc={186352b6-90cf-40c9-ba19-ae84e248ef20}&action=vi… 13/13"
